Domain Code,Domain,Area Code (M49),Area,Element Code,Element,Item Code (FBS),Item,Year Code,Year,Unit,Value,Flag,Flag Description
"FBSH","Food Balances (-2013, old methodology and population)","050","Bangladesh","511","Total Population - Both sexes","S2501","Population","2013","2013","1000 No","156595","X","Figure from external organization"
"FBSH","Food Balances (-2013, old methodology and population)","050","Bangladesh","5511","Production","S2511","Wheat and products","2013","2013","1000 t","1255","I","Value imputed by a receiving agency"
"FBSH","Food Balances (-2013, old methodology and population)","050","Bangladesh","5611","Import Quantity","S2511","Wheat and products","2013","2013","1000 t","2882","I","Value imputed by a receiving agency"
"FBSH","Food Balances (-2013, old methodology and population)","050","Bangladesh","5074","Stock Variation","S2511","Wheat and products","2013","2013","1000 t","-627","I","Value imputed by a receiving agency"
"FBSH","Food Balances (-2013, old methodology and population)","050","Bangladesh","5911","Export quantity","S2511","Wheat and products","2013","2013","1000 t","13","I","Value imputed by a receiving agency"
"FBSH","Food Balances (-2013, old methodology and population)","050","Bangladesh","5301","Domestic supply quantity","S2511","Wheat and products","2013","2013","1000 t","3497","I","Value imputed by a receiving agency"
"FBSH","Food Balances (-2013, old methodology and population)","050","Bangladesh","5527","Seed","S2511","Wheat and products","2013","2013","1000 t","41","I","Value imputed by a receiving agency"
"FBSH","Food Balances (-2013, old methodology and population)","050","Bangladesh","5123","Losses","S2511","Wheat and products","2013","2013","1000 t","221","I","Value imputed by a receiving agency"
"FBSH","Food Balances (-2013, old methodology and population)","050","Bangladesh","5131","Processing","S2511","Wheat and products","2013","2013","1000 t","0","I","Value imputed by a receiving agency"
"FBSH","Food Balances (-2013, old methodology and population)","050","Bangladesh","5154","Other uses (non-food)","S2511","Wheat and products","2013","2013","1000 t","500","I","Value imputed by a receiving agency"
"FBSH","Food Balances (-2013, old methodology and population)","050","Bangladesh","5142","Food","S2511","Wheat and products","2013","2013","1000 t","2736","I","Value imputed by a receiving agency"
"FBSH","Food Balances (-2013, old methodology and population)","050","Bangladesh","645","Food supply quantity (kg/capita/yr)","S2511","Wheat and products","2013","2013","kg/cap","17.47","E","Estimated value"
"FBSH","Food Balances (-2013, old methodology and population)","050","Bangladesh","664","Food supply (kcal/capita/day)","S2511","Wheat and products","2013","2013","kcal/cap/d","149.6","E","Estimated value"
"FBSH","Food Balances (-2013, old methodology and population)","050","Bangladesh","674","Protein supply quantity (g/capita/day)","S2511","Wheat and products","2013","2013","g/cap/d","4.36","E","Estimated value"
"FBSH","Food Balances (-2013, old methodology and population)","050","Bangladesh","684","Fat supply quantity (g/capita/day)","S2511","Wheat and products","2013","2013","g/cap/d","0.7","E","Estimated value"
"FBSH","Food Balances (-2013, old methodology and population)","050","Bangladesh","5511","Production","S2805","Rice (Milled Equivalent)","2013","2013","1000 t","34350","I","Value imputed by a receiving agency"
"FBSH","Food Balances (-2013, old methodology and population)","050","Bangladesh","5611","Import Quantity","S2805","Rice (Milled Equivalent)","2013","2013","1000 t","260","I","Value imputed by a receiving agency"
"FBSH","Food Balances (-2013, old methodology and population)","050","Bangladesh","5074","Stock Variation","S2805","Rice (Milled Equivalent)","2013","2013","1000 t","-4177","I","Value imputed by a receiving agency"
"FBSH","Food Balances (-2013, old methodology and population)","050","Bangladesh","5911","Export quantity","S2805","Rice (Milled Equivalent)","2013","2013","1000 t","1","I","Value imputed by a receiving agency"
"FBSH","Food Balances (-2013, old methodology and population)","050","Bangladesh","5301","Domestic supply quantity","S2805","Rice (Milled Equivalent)","2013","2013","1000 t","30432","I","Value imputed by a receiving agency"
"FBSH","Food Balances (-2013, old methodology and population)","050","Bangladesh","5521","Feed","S2805","Rice (Milled Equivalent)","2013","2013","1000 t","1031","I","Value imputed by a receiving agency"
"FBSH","Food Balances (-2013, old methodology and population)","050","Bangladesh","5527","Seed","S2805","Rice (Milled Equivalent)","2013","2013","1000 t","788","I","Value imputed by a receiving agency"
"FBSH","Food Balances (-2013, old methodology and population)","050","Bangladesh","5123","Losses","S2805","Rice (Milled Equivalent)","2013","2013","1000 t","1718","I","Value imputed by a receiving agency"
"FBSH","Food Balances (-2013, old methodology and population)","050","Bangladesh","5131","Processing","S2805","Rice (Milled Equivalent)","2013","2013","1000 t","0","I","Value imputed by a receiving agency"
"FBSH","Food Balances (-2013, old methodology and population)","050","Bangladesh","5154","Other uses (non-food)","S2805","Rice (Milled Equivalent)","2013","2013","1000 t","4","I","Value imputed by a receiving agency"
"FBSH","Food Balances (-2013, old methodology and population)","050","Bangladesh","5142","Food","S2805","Rice (Milled Equivalent)","2013","2013","1000 t","26892","I","Value imputed by a receiving agency"
"FBSH","Food Balances (-2013, old methodology and population)","050","Bangladesh","645","Food supply quantity (kg/capita/yr)","S2805","Rice (Milled Equivalent)","2013","2013","kg/cap","171.73","E","Estimated value"
"FBSH","Food Balances (-2013, old methodology and population)","050","Bangladesh","664","Food supply (kcal/capita/day)","S2805","Rice (Milled Equivalent)","2013","2013","kcal/cap/d","1710.83","E","Estimated value"
"FBSH","Food Balances (-2013, old methodology and population)","050","Bangladesh","674","Protein supply quantity (g/capita/day)","S2805","Rice (Milled Equivalent)","2013","2013","g/cap/d","32.14","E","Estimated value"
"FBSH","Food Balances (-2013, old methodology and population)","050","Bangladesh","684","Fat supply quantity (g/capita/day)","S2805","Rice (Milled Equivalent)","2013","2013","g/cap/d","3.78","E","Estimated value"
"FBSH","Food Balances (-2013, old methodology and population)","050","Bangladesh","5511","Production","S2513","Barley and products","2013","2013","1000 t","0","I","Value imputed by a receiving agency"
"FBSH","Food Balances (-2013, old methodology and population)","050","Bangladesh","5611","Import Quantity","S2513","Barley and products","2013","2013","1000 t","0","I","Value imputed by a receiving agency"
"FBSH","Food Balances (-2013, old methodology and population)","050","Bangladesh","5911","Export quantity","S2513","Barley and products","2013","2013","1000 t","0","I","Value imputed by a receiving agency"
"FBSH","Food Balances (-2013, old methodology and population)","050","Bangladesh","5301","Domestic supply quantity","S2513","Barley and products","2013","2013","1000 t","0","I","Value imputed by a receiving agency"
"FBSH","Food Balances (-2013, old methodology and population)","050","Bangladesh","5521","Feed","S2513","Barley and products","2013","2013","1000 t","0","I","Value imputed by a receiving agency"
"FBSH","Food Balances (-2013, old methodology and population)","050","Bangladesh","5527","Seed","S2513","Barley and products","2013","2013","1000 t","0","I","Value imputed by a receiving agency"
"FBSH","Food Balances (-2013, old methodology and population)","050","Bangladesh","5123","Losses","S2513","Barley and products","2013","2013","1000 t","0","I","Value imputed by a receiving agency"
"FBSH","Food Balances (-2013, old methodology and population)","050","Bangladesh","5142","Food","S2513","Barley and products","2013","2013","1000 t","0","I","Value imputed by a receiving agency"
"FBSH","Food Balances (-2013, old methodology and population)","050","Bangladesh","645","Food supply quantity (kg/capita/yr)","S2513","Barley and products","2013","2013","kg/cap","0","E","Estimated value"
"FBSH","Food Balances (-2013, old methodology and population)","050","Bangladesh","664","Food supply (kcal/capita/day)","S2513","Barley and products","2013","2013","kcal/cap/d","0.01","E","Estimated value"
"FBSH","Food Balances (-2013, old methodology and population)","050","Bangladesh","674","Protein supply quantity (g/capita/day)","S2513","Barley and products","2013","2013","g/cap/d","0","E","Estimated value"
"FBSH","Food Balances (-2013, old methodology and population)","050","Bangladesh","684","Fat supply quantity (g/capita/day)","S2513","Barley and products","2013","2013","g/cap/d","0","E","Estimated value"
"FBSH","Food Balances (-2013, old methodology and population)","050","Bangladesh","5511","Production","S2514","Maize and products","2013","2013","1000 t","1485","I","Value imputed by a receiving agency"
"FBSH","Food Balances (-2013, old methodology and population)","050","Bangladesh","5611","Import Quantity","S2514","Maize and products","2013","2013","1000 t","463","I","Value imputed by a receiving agency"
"FBSH","Food Balances (-2013, old methodology and population)","050","Bangladesh","5911","Export quantity","S2514","Maize and products","2013","2013","1000 t","0","I","Value imputed by a receiving agency"
"FBSH","Food Balances (-2013, old methodology and population)","050","Bangladesh","5301","Domestic supply quantity","S2514","Maize and products","2013","2013","1000 t","1948","I","Value imputed by a receiving agency"
"FBSH","Food Balances (-2013, old methodology and population)","050","Bangladesh","5521","Feed","S2514","Maize and products","2013","2013","1000 t","1700","I","Value imputed by a receiving agency"
"FBSH","Food Balances (-2013, old methodology and population)","050","Bangladesh","5527","Seed","S2514","Maize and products","2013","2013","1000 t","13","I","Value imputed by a receiving agency"
"FBSH","Food Balances (-2013, old methodology and population)","050","Bangladesh","5123","Losses","S2514","Maize and products","2013","2013","1000 t","97","I","Value imputed by a receiving agency"
"FBSH","Food Balances (-2013, old methodology and population)","050","Bangladesh","5154","Other uses (non-food)","S2514","Maize and products","2013","2013","1000 t","13","I","Value imputed by a receiving agency"
"FBSH","Food Balances (-2013, old methodology and population)","050","Bangladesh","5142","Food","S2514","Maize and products","2013","2013","1000 t","125","I","Value imputed by a receiving agency"
"FBSH","Food Balances (-2013, old methodology and population)","050","Bangladesh","645","Food supply quantity (kg/capita/yr)","S2514","Maize and products","2013","2013","kg/cap","0.8","E","Estimated value"
"FBSH","Food Balances (-2013, old methodology and population)","050","Bangladesh","664","Food supply (kcal/capita/day)","S2514","Maize and products","2013","2013","kcal/cap/d","7.77","E","Estimated value"
"FBSH","Food Balances (-2013, old methodology and population)","050","Bangladesh","674","Protein supply quantity (g/capita/day)","S2514","Maize and products","2013","2013","g/cap/d","0.21","E","Estimated value"
"FBSH","Food Balances (-2013, old methodology and population)","050","Bangladesh","684","Fat supply quantity (g/capita/day)","S2514","Maize and products","2013","2013","g/cap/d","0.09","E","Estimated value"
"FBSH","Food Balances (-2013, old methodology and population)","050","Bangladesh","5911","Export quantity","S2515","Rye and products","2013","2013","1000 t","0","I","Value imputed by a receiving agency"
"FBSH","Food Balances (-2013, old methodology and population)","050","Bangladesh","5301","Domestic supply quantity","S2515","Rye and products","2013","2013","1000 t","0","I","Value imputed by a receiving agency"
"FBSH","Food Balances (-2013, old methodology and population)","050","Bangladesh","5611","Import Quantity","S2516","Oats","2013","2013","1000 t","0","I","Value imputed by a receiving agency"
"FBSH","Food Balances (-2013, old methodology and population)","050","Bangladesh","5301","Domestic supply quantity","S2516","Oats","2013","2013","1000 t","0","I","Value imputed by a receiving agency"
"FBSH","Food Balances (-2013, old methodology and population)","050","Bangladesh","5521","Feed","S2516","Oats","2013","2013","1000 t","0","I","Value imputed by a receiving agency"
"FBSH","Food Balances (-2013, old methodology and population)","050","Bangladesh","5142","Food","S2516","Oats","2013","2013","1000 t","0","I","Value imputed by a receiving agency"
"FBSH","Food Balances (-2013, old methodology and population)","050","Bangladesh","645","Food supply quantity (kg/capita/yr)","S2516","Oats","2013","2013","kg/cap","0","E","Estimated value"
"FBSH","Food Balances (-2013, old methodology and population)","050","Bangladesh","664","Food supply (kcal/capita/day)","S2516","Oats","2013","2013","kcal/cap/d","0.01","E","Estimated value"
"FBSH","Food Balances (-2013, old methodology and population)","050","Bangladesh","674","Protein supply quantity (g/capita/day)","S2516","Oats","2013","2013","g/cap/d","0","E","Estimated value"
"FBSH","Food Balances (-2013, old methodology and population)","050","Bangladesh","684","Fat supply quantity (g/capita/day)","S2516","Oats","2013","2013","g/cap/d","0","E","Estimated value"
"FBSH","Food Balances (-2013, old methodology and population)","050","Bangladesh","5511","Production","S2517","Millet and products","2013","2013","1000 t","13","I","Value imputed by a receiving agency"
"FBSH","Food Balances (-2013, old methodology and population)","050","Bangladesh","5301","Domestic supply quantity","S2517","Millet and products","2013","2013","1000 t","13","I","Value imputed by a receiving agency"
"FBSH","Food Balances (-2013, old methodology and population)","050","Bangladesh","5527","Seed","S2517","Millet and products","2013","2013","1000 t","1","I","Value imputed by a receiving agency"
"FBSH","Food Balances (-2013, old methodology and population)","050","Bangladesh","5142","Food","S2517","Millet and products","2013","2013","1000 t","12","I","Value imputed by a receiving agency"
"FBSH","Food Balances (-2013, old methodology and population)","050","Bangladesh","645","Food supply quantity (kg/capita/yr)","S2517","Millet and products","2013","2013","kg/cap","0.08","E","Estimated value"
"FBSH","Food Balances (-2013, old methodology and population)","050","Bangladesh","664","Food supply (kcal/capita/day)","S2517","Millet and products","2013","2013","kcal/cap/d","0.73","E","Estimated value"
"FBSH","Food Balances (-2013, old methodology and population)","050","Bangladesh","674","Protein supply quantity (g/capita/day)","S2517","Millet and products","2013","2013","g/cap/d","0.02","E","Estimated value"
"FBSH","Food Balances (-2013, old methodology and population)","050","Bangladesh","684","Fat supply quantity (g/capita/day)","S2517","Millet and products","2013","2013","g/cap/d","0.01","E","Estimated value"
"FBSH","Food Balances (-2013, old methodology and population)","050","Bangladesh","5511","Production","S2518","Sorghum and products","2013","2013","1000 t","0","I","Value imputed by a receiving agency"
"FBSH","Food Balances (-2013, old methodology and population)","050","Bangladesh","5611","Import Quantity","S2518","Sorghum and products","2013","2013","1000 t","0","I","Value imputed by a receiving agency"
"FBSH","Food Balances (-2013, old methodology and population)","050","Bangladesh","5301","Domestic supply quantity","S2518","Sorghum and products","2013","2013","1000 t","0","I","Value imputed by a receiving agency"
"FBSH","Food Balances (-2013, old methodology and population)","050","Bangladesh","5521","Feed","S2518","Sorghum and products","2013","2013","1000 t","0","I","Value imputed by a receiving agency"
"FBSH","Food Balances (-2013, old methodology and population)","050","Bangladesh","5527","Seed","S2518","Sorghum and products","2013","2013","1000 t","0","I","Value imputed by a receiving agency"
"FBSH","Food Balances (-2013, old methodology and population)","050","Bangladesh","5123","Losses","S2518","Sorghum and products","2013","2013","1000 t","0","I","Value imputed by a receiving agency"
"FBSH","Food Balances (-2013, old methodology and population)","050","Bangladesh","5142","Food","S2518","Sorghum and products","2013","2013","1000 t","0","I","Value imputed by a receiving agency"
"FBSH","Food Balances (-2013, old methodology and population)","050","Bangladesh","645","Food supply quantity (kg/capita/yr)","S2518","Sorghum and products","2013","2013","kg/cap","0","E","Estimated value"
"FBSH","Food Balances (-2013, old methodology and population)","050","Bangladesh","664","Food supply (kcal/capita/day)","S2518","Sorghum and products","2013","2013","kcal/cap/d","0.01","E","Estimated value"
"FBSH","Food Balances (-2013, old methodology and population)","050","Bangladesh","674","Protein supply quantity (g/capita/day)","S2518","Sorghum and products","2013","2013","g/cap/d","0","E","Estimated value"
"FBSH","Food Balances (-2013, old methodology and population)","050","Bangladesh","684","Fat supply quantity (g/capita/day)","S2518","Sorghum and products","2013","2013","g/cap/d","0","E","Estimated value"
"FBSH","Food Balances (-2013, old methodology and population)","050","Bangladesh","5611","Import Quantity","S2520","Cereals, Other","2013","2013","1000 t","0","I","Value imputed by a receiving agency"
"FBSH","Food Balances (-2013, old methodology and population)","050","Bangladesh","5911","Export quantity","S2520","Cereals, Other","2013","2013","1000 t","0","I","Value imputed by a receiving agency"
"FBSH","Food Balances (-2013, old methodology and population)","050","Bangladesh","5301","Domestic supply quantity","S2520","Cereals, Other","2013","2013","1000 t","0","I","Value imputed by a receiving agency"
"FBSH","Food Balances (-2013, old methodology and population)","050","Bangladesh","5142","Food","S2520","Cereals, Other","2013","2013","1000 t","0","I","Value imputed by a receiving agency"
"FBSH","Food Balances (-2013, old methodology and population)","050","Bangladesh","645","Food supply quantity (kg/capita/yr)","S2520","Cereals, Other","2013","2013","kg/cap","0","E","Estimated value"
"FBSH","Food Balances (-2013, old methodology and population)","050","Bangladesh","664","Food supply (kcal/capita/day)","S2520","Cereals, Other","2013","2013","kcal/cap/d","0.01","E","Estimated value"
"FBSH","Food Balances (-2013, old methodology and population)","050","Bangladesh","674","Protein supply quantity (g/capita/day)","S2520","Cereals, Other","2013","2013","g/cap/d","0","E","Estimated value"
"FBSH","Food Balances (-2013, old methodology and population)","050","Bangladesh","684","Fat supply quantity (g/capita/day)","S2520","Cereals, Other","2013","2013","g/cap/d","0","E","Estimated value"
"FBSH","Food Balances (-2013, old methodology and population)","050","Bangladesh","5611","Import Quantity","S2532","Cassava and products","2013","2013","1000 t","147","I","Value imputed by a receiving agency"
"FBSH","Food Balances (-2013, old methodology and population)","050","Bangladesh","5301","Domestic supply quantity","S2532","Cassava and products","2013","2013","1000 t","147","I","Value imputed by a receiving agency"
"FBSH","Food Balances (-2013, old methodology and population)","050","Bangladesh","5154","Other uses (non-food)","S2532","Cassava and products","2013","2013","1000 t","124","I","Value imputed by a receiving agency"
"FBSH","Food Balances (-2013, old methodology and population)","050","Bangladesh","5142","Food","S2532","Cassava and products","2013","2013","1000 t","23","I","Value imputed by a receiving agency"
"FBSH","Food Balances (-2013, old methodology and population)","050","Bangladesh","645","Food supply quantity (kg/capita/yr)","S2532","Cassava and products","2013","2013","kg/cap","0.15","E","Estimated value"
"FBSH","Food Balances (-2013, old methodology and population)","050","Bangladesh","664","Food supply (kcal/capita/day)","S2532","Cassava and products","2013","2013","kcal/cap/d","0.37","E","Estimated value"
"FBSH","Food Balances (-2013, old methodology and population)","050","Bangladesh","674","Protein supply quantity (g/capita/day)","S2532","Cassava and products","2013","2013","g/cap/d","0","E","Estimated value"
"FBSH","Food Balances (-2013, old methodology and population)","050","Bangladesh","684","Fat supply quantity (g/capita/day)","S2532","Cassava and products","2013","2013","g/cap/d","0","E","Estimated value"
"FBSH","Food Balances (-2013, old methodology and population)","050","Bangladesh","5511","Production","S2531","Potatoes and products","2013","2013","1000 t","8603","I","Value imputed by a receiving agency"
"FBSH","Food Balances (-2013, old methodology and population)","050","Bangladesh","5611","Import Quantity","S2531","Potatoes and products","2013","2013","1000 t","6","I","Value imputed by a receiving agency"
"FBSH","Food Balances (-2013, old methodology and population)","050","Bangladesh","5074","Stock Variation","S2531","Potatoes and products","2013","2013","1000 t","0","I","Value imputed by a receiving agency"
"FBSH","Food Balances (-2013, old methodology and population)","050","Bangladesh","5911","Export quantity","S2531","Potatoes and products","2013","2013","1000 t","37","I","Value imputed by a receiving agency"
"FBSH","Food Balances (-2013, old methodology and population)","050","Bangladesh","5301","Domestic supply quantity","S2531","Potatoes and products","2013","2013","1000 t","8572","I","Value imputed by a receiving agency"
"FBSH","Food Balances (-2013, old methodology and population)","050","Bangladesh","5527","Seed","S2531","Potatoes and products","2013","2013","1000 t","444","I","Value imputed by a receiving agency"
"FBSH","Food Balances (-2013, old methodology and population)","050","Bangladesh","5123","Losses","S2531","Potatoes and products","2013","2013","1000 t","860","I","Value imputed by a receiving agency"
"FBSH","Food Balances (-2013, old methodology and population)","050","Bangladesh","5154","Other uses (non-food)","S2531","Potatoes and products","2013","2013","1000 t","1","I","Value imputed by a receiving agency"
"FBSH","Food Balances (-2013, old methodology and population)","050","Bangladesh","5142","Food","S2531","Potatoes and products","2013","2013","1000 t","7266","I","Value imputed by a receiving agency"
"FBSH","Food Balances (-2013, old methodology and population)","050","Bangladesh","645","Food supply quantity (kg/capita/yr)","S2531","Potatoes and products","2013","2013","kg/cap","46.4","E","Estimated value"
"FBSH","Food Balances (-2013, old methodology and population)","050","Bangladesh","664","Food supply (kcal/capita/day)","S2531","Potatoes and products","2013","2013","kcal/cap/d","90.07","E","Estimated value"
"FBSH","Food Balances (-2013, old methodology and population)","050","Bangladesh","674","Protein supply quantity (g/capita/day)","S2531","Potatoes and products","2013","2013","g/cap/d","2.19","E","Estimated value"
"FBSH","Food Balances (-2013, old methodology and population)","050","Bangladesh","684","Fat supply quantity (g/capita/day)","S2531","Potatoes and products","2013","2013","g/cap/d","0.13","E","Estimated value"
"FBSH","Food Balances (-2013, old methodology and population)","050","Bangladesh","5511","Production","S2533","Sweet potatoes","2013","2013","1000 t","260","I","Value imputed by a receiving agency"
"FBSH","Food Balances (-2013, old methodology and population)","050","Bangladesh","5611","Import Quantity","S2533","Sweet potatoes","2013","2013","1000 t","0","I","Value imputed by a receiving agency"
"FBSH","Food Balances (-2013, old methodology and population)","050","Bangladesh","5911","Export quantity","S2533","Sweet potatoes","2013","2013","1000 t","0","I","Value imputed by a receiving agency"
"FBSH","Food Balances (-2013, old methodology and population)","050","Bangladesh","5301","Domestic supply quantity","S2533","Sweet potatoes","2013","2013","1000 t","260","I","Value imputed by a receiving agency"
"FBSH","Food Balances (-2013, old methodology and population)","050","Bangladesh","5123","Losses","S2533","Sweet potatoes","2013","2013","1000 t","26","I","Value imputed by a receiving agency"
"FBSH","Food Balances (-2013, old methodology and population)","050","Bangladesh","5142","Food","S2533","Sweet potatoes","2013","2013","1000 t","234","I","Value imputed by a receiving agency"
"FBSH","Food Balances (-2013, old methodology and population)","050","Bangladesh","645","Food supply quantity (kg/capita/yr)","S2533","Sweet potatoes","2013","2013","kg/cap","1.49","E","Estimated value"
"FBSH","Food Balances (-2013, old methodology and population)","050","Bangladesh","664","Food supply (kcal/capita/day)","S2533","Sweet potatoes","2013","2013","kcal/cap/d","3.89","E","Estimated value"
"FBSH","Food Balances (-2013, old methodology and population)","050","Bangladesh","674","Protein supply quantity (g/capita/day)","S2533","Sweet potatoes","2013","2013","g/cap/d","0.04","E","Estimated value"
"FBSH","Food Balances (-2013, old methodology and population)","050","Bangladesh","684","Fat supply quantity (g/capita/day)","S2533","Sweet potatoes","2013","2013","g/cap/d","0.01","E","Estimated value"
"FBSH","Food Balances (-2013, old methodology and population)","050","Bangladesh","5611","Import Quantity","S2534","Roots, Other","2013","2013","1000 t","0","I","Value imputed by a receiving agency"
"FBSH","Food Balances (-2013, old methodology and population)","050","Bangladesh","5911","Export quantity","S2534","Roots, Other","2013","2013","1000 t","0","I","Value imputed by a receiving agency"
"FBSH","Food Balances (-2013, old methodology and population)","050","Bangladesh","5301","Domestic supply quantity","S2534","Roots, Other","2013","2013","1000 t","0","I","Value imputed by a receiving agency"
"FBSH","Food Balances (-2013, old methodology and population)","050","Bangladesh","5142","Food","S2534","Roots, Other","2013","2013","1000 t","0","I","Value imputed by a receiving agency"
"FBSH","Food Balances (-2013, old methodology and population)","050","Bangladesh","645","Food supply quantity (kg/capita/yr)","S2534","Roots, Other","2013","2013","kg/cap","0","E","Estimated value"
"FBSH","Food Balances (-2013, old methodology and population)","050","Bangladesh","664","Food supply (kcal/capita/day)","S2534","Roots, Other","2013","2013","kcal/cap/d","0","E","Estimated value"
"FBSH","Food Balances (-2013, old methodology and population)","050","Bangladesh","674","Protein supply quantity (g/capita/day)","S2534","Roots, Other","2013","2013","g/cap/d","0","E","Estimated value"
"FBSH","Food Balances (-2013, old methodology and population)","050","Bangladesh","684","Fat supply quantity (g/capita/day)","S2534","Roots, Other","2013","2013","g/cap/d","0","E","Estimated value"
"FBSH","Food Balances (-2013, old methodology and population)","050","Bangladesh","5511","Production","S2536","Sugar cane","2013","2013","1000 t","4434","I","Value imputed by a receiving agency"
"FBSH","Food Balances (-2013, old methodology and population)","050","Bangladesh","5611","Import Quantity","S2536","Sugar cane","2013","2013","1000 t","0","I","Value imputed by a receiving agency"
"FBSH","Food Balances (-2013, old methodology and population)","050","Bangladesh","5074","Stock Variation","S2536","Sugar cane","2013","2013","1000 t","0","I","Value imputed by a receiving agency"
"FBSH","Food Balances (-2013, old methodology and population)","050","Bangladesh","5301","Domestic supply quantity","S2536","Sugar cane","2013","2013","1000 t","4434","I","Value imputed by a receiving agency"
"FBSH","Food Balances (-2013, old methodology and population)","050","Bangladesh","5123","Losses","S2536","Sugar cane","2013","2013","1000 t","4","I","Value imputed by a receiving agency"
"FBSH","Food Balances (-2013, old methodology and population)","050","Bangladesh","5131","Processing","S2536","Sugar cane","2013","2013","1000 t","4130","I","Value imputed by a receiving agency"
"FBSH","Food Balances (-2013, old methodology and population)","050","Bangladesh","5142","Food","S2536","Sugar cane","2013","2013","1000 t","300","I","Value imputed by a receiving agency"
"FBSH","Food Balances (-2013, old methodology and population)","050","Bangladesh","645","Food supply quantity (kg/capita/yr)","S2536","Sugar cane","2013","2013","kg/cap","1.92","E","Estimated value"
"FBSH","Food Balances (-2013, old methodology and population)","050","Bangladesh","664","Food supply (kcal/capita/day)","S2536","Sugar cane","2013","2013","kcal/cap/d","1.52","E","Estimated value"
"FBSH","Food Balances (-2013, old methodology and population)","050","Bangladesh","674","Protein supply quantity (g/capita/day)","S2536","Sugar cane","2013","2013","g/cap/d","0.01","E","Estimated value"
"FBSH","Food Balances (-2013, old methodology and population)","050","Bangladesh","684","Fat supply quantity (g/capita/day)","S2536","Sugar cane","2013","2013","g/cap/d","0.01","E","Estimated value"
"FBSH","Food Balances (-2013, old methodology and population)","050","Bangladesh","5511","Production","S2541","Sugar non-centrifugal","2013","2013","1000 t","266","I","Value imputed by a receiving agency"
"FBSH","Food Balances (-2013, old methodology and population)","050","Bangladesh","5301","Domestic supply quantity","S2541","Sugar non-centrifugal","2013","2013","1000 t","266","I","Value imputed by a receiving agency"
"FBSH","Food Balances (-2013, old methodology and population)","050","Bangladesh","5142","Food","S2541","Sugar non-centrifugal","2013","2013","1000 t","266","I","Value imputed by a receiving agency"
"FBSH","Food Balances (-2013, old methodology and population)","050","Bangladesh","645","Food supply quantity (kg/capita/yr)","S2541","Sugar non-centrifugal","2013","2013","kg/cap","1.7","E","Estimated value"
"FBSH","Food Balances (-2013, old methodology and population)","050","Bangladesh","664","Food supply (kcal/capita/day)","S2541","Sugar non-centrifugal","2013","2013","kcal/cap/d","16.33","E","Estimated value"
"FBSH","Food Balances (-2013, old methodology and population)","050","Bangladesh","674","Protein supply quantity (g/capita/day)","S2541","Sugar non-centrifugal","2013","2013","g/cap/d","0.05","E","Estimated value"
"FBSH","Food Balances (-2013, old methodology and population)","050","Bangladesh","5511","Production","S2542","Sugar (Raw Equivalent)","2013","2013","1000 t","115","I","Value imputed by a receiving agency"
"FBSH","Food Balances (-2013, old methodology and population)","050","Bangladesh","5611","Import Quantity","S2542","Sugar (Raw Equivalent)","2013","2013","1000 t","1727","I","Value imputed by a receiving agency"
"FBSH","Food Balances (-2013, old methodology and population)","050","Bangladesh","5074","Stock Variation","S2542","Sugar (Raw Equivalent)","2013","2013","1000 t","-414","I","Value imputed by a receiving agency"
"FBSH","Food Balances (-2013, old methodology and population)","050","Bangladesh","5911","Export quantity","S2542","Sugar (Raw Equivalent)","2013","2013","1000 t","31","I","Value imputed by a receiving agency"
"FBSH","Food Balances (-2013, old methodology and population)","050","Bangladesh","5301","Domestic supply quantity","S2542","Sugar (Raw Equivalent)","2013","2013","1000 t","1397","I","Value imputed by a receiving agency"
"FBSH","Food Balances (-2013, old methodology and population)","050","Bangladesh","5154","Other uses (non-food)","S2542","Sugar (Raw Equivalent)","2013","2013","1000 t","543","I","Value imputed by a receiving agency"
"FBSH","Food Balances (-2013, old methodology and population)","050","Bangladesh","5142","Food","S2542","Sugar (Raw Equivalent)","2013","2013","1000 t","853","I","Value imputed by a receiving agency"
"FBSH","Food Balances (-2013, old methodology and population)","050","Bangladesh","645","Food supply quantity (kg/capita/yr)","S2542","Sugar (Raw Equivalent)","2013","2013","kg/cap","5.45","E","Estimated value"
"FBSH","Food Balances (-2013, old methodology and population)","050","Bangladesh","664","Food supply (kcal/capita/day)","S2542","Sugar (Raw Equivalent)","2013","2013","kcal/cap/d","53.03","E","Estimated value"
"FBSH","Food Balances (-2013, old methodology and population)","050","Bangladesh","5511","Production","S2543","Sweeteners, Other","2013","2013","1000 t","336","I","Value imputed by a receiving agency"
"FBSH","Food Balances (-2013, old methodology and population)","050","Bangladesh","5611","Import Quantity","S2543","Sweeteners, Other","2013","2013","1000 t","20","I","Value imputed by a receiving agency"
"FBSH","Food Balances (-2013, old methodology and population)","050","Bangladesh","5074","Stock Variation","S2543","Sweeteners, Other","2013","2013","1000 t","0","I","Value imputed by a receiving agency"
"FBSH","Food Balances (-2013, old methodology and population)","050","Bangladesh","5911","Export quantity","S2543","Sweeteners, Other","2013","2013","1000 t","0","I","Value imputed by a receiving agency"
"FBSH","Food Balances (-2013, old methodology and population)","050","Bangladesh","5301","Domestic supply quantity","S2543","Sweeteners, Other","2013","2013","1000 t","356","I","Value imputed by a receiving agency"
"FBSH","Food Balances (-2013, old methodology and population)","050","Bangladesh","5131","Processing","S2543","Sweeteners, Other","2013","2013","1000 t","210","I","Value imputed by a receiving agency"
"FBSH","Food Balances (-2013, old methodology and population)","050","Bangladesh","5154","Other uses (non-food)","S2543","Sweeteners, Other","2013","2013","1000 t","2","I","Value imputed by a receiving agency"
"FBSH","Food Balances (-2013, old methodology and population)","050","Bangladesh","5142","Food","S2543","Sweeteners, Other","2013","2013","1000 t","144","I","Value imputed by a receiving agency"
"FBSH","Food Balances (-2013, old methodology and population)","050","Bangladesh","645","Food supply quantity (kg/capita/yr)","S2543","Sweeteners, Other","2013","2013","kg/cap","0.92","E","Estimated value"
"FBSH","Food Balances (-2013, old methodology and population)","050","Bangladesh","664","Food supply (kcal/capita/day)","S2543","Sweeteners, Other","2013","2013","kcal/cap/d","6.02","E","Estimated value"
"FBSH","Food Balances (-2013, old methodology and population)","050","Bangladesh","5611","Import Quantity","S2745","Honey","2013","2013","1000 t","0","I","Value imputed by a receiving agency"
"FBSH","Food Balances (-2013, old methodology and population)","050","Bangladesh","5074","Stock Variation","S2745","Honey","2013","2013","1000 t","0","I","Value imputed by a receiving agency"
"FBSH","Food Balances (-2013, old methodology and population)","050","Bangladesh","5911","Export quantity","S2745","Honey","2013","2013","1000 t","0","I","Value imputed by a receiving agency"
"FBSH","Food Balances (-2013, old methodology and population)","050","Bangladesh","5301","Domestic supply quantity","S2745","Honey","2013","2013","1000 t","0","I","Value imputed by a receiving agency"
"FBSH","Food Balances (-2013, old methodology and population)","050","Bangladesh","5142","Food","S2745","Honey","2013","2013","1000 t","0","I","Value imputed by a receiving agency"
"FBSH","Food Balances (-2013, old methodology and population)","050","Bangladesh","645","Food supply quantity (kg/capita/yr)","S2745","Honey","2013","2013","kg/cap","0","E","Estimated value"
"FBSH","Food Balances (-2013, old methodology and population)","050","Bangladesh","664","Food supply (kcal/capita/day)","S2745","Honey","2013","2013","kcal/cap/d","0.01","E","Estimated value"
"FBSH","Food Balances (-2013, old methodology and population)","050","Bangladesh","5511","Production","S2546","Beans","2013","2013","1000 t","52","I","Value imputed by a receiving agency"
"FBSH","Food Balances (-2013, old methodology and population)","050","Bangladesh","5611","Import Quantity","S2546","Beans","2013","2013","1000 t","1","I","Value imputed by a receiving agency"
"FBSH","Food Balances (-2013, old methodology and population)","050","Bangladesh","5911","Export quantity","S2546","Beans","2013","2013","1000 t","0","I","Value imputed by a receiving agency"
"FBSH","Food Balances (-2013, old methodology and population)","050","Bangladesh","5301","Domestic supply quantity","S2546","Beans","2013","2013","1000 t","52","I","Value imputed by a receiving agency"
"FBSH","Food Balances (-2013, old methodology and population)","050","Bangladesh","5527","Seed","S2546","Beans","2013","2013","1000 t","3","I","Value imputed by a receiving agency"
"FBSH","Food Balances (-2013, old methodology and population)","050","Bangladesh","5123","Losses","S2546","Beans","2013","2013","1000 t","3","I","Value imputed by a receiving agency"
"FBSH","Food Balances (-2013, old methodology and population)","050","Bangladesh","5142","Food","S2546","Beans","2013","2013","1000 t","47","I","Value imputed by a receiving agency"
"FBSH","Food Balances (-2013, old methodology and population)","050","Bangladesh","645","Food supply quantity (kg/capita/yr)","S2546","Beans","2013","2013","kg/cap","0.3","E","Estimated value"
"FBSH","Food Balances (-2013, old methodology and population)","050","Bangladesh","664","Food supply (kcal/capita/day)","S2546","Beans","2013","2013","kcal/cap/d","2.79","E","Estimated value"
"FBSH","Food Balances (-2013, old methodology and population)","050","Bangladesh","674","Protein supply quantity (g/capita/day)","S2546","Beans","2013","2013","g/cap/d","0.18","E","Estimated value"
"FBSH","Food Balances (-2013, old methodology and population)","050","Bangladesh","684","Fat supply quantity (g/capita/day)","S2546","Beans","2013","2013","g/cap/d","0.01","E","Estimated value"
"FBSH","Food Balances (-2013, old methodology and population)","050","Bangladesh","5511","Production","S2547","Peas","2013","2013","1000 t","13","I","Value imputed by a receiving agency"
"FBSH","Food Balances (-2013, old methodology and population)","050","Bangladesh","5611","Import Quantity","S2547","Peas","2013","2013","1000 t","391","I","Value imputed by a receiving agency"
"FBSH","Food Balances (-2013, old methodology and population)","050","Bangladesh","5301","Domestic supply quantity","S2547","Peas","2013","2013","1000 t","403","I","Value imputed by a receiving agency"
"FBSH","Food Balances (-2013, old methodology and population)","050","Bangladesh","5142","Food","S2547","Peas","2013","2013","1000 t","403","I","Value imputed by a receiving agency"
"FBSH","Food Balances (-2013, old methodology and population)","050","Bangladesh","645","Food supply quantity (kg/capita/yr)","S2547","Peas","2013","2013","kg/cap","2.58","E","Estimated value"
"FBSH","Food Balances (-2013, old methodology and population)","050","Bangladesh","664","Food supply (kcal/capita/day)","S2547","Peas","2013","2013","kcal/cap/d","24.41","E","Estimated value"
"FBSH","Food Balances (-2013, old methodology and population)","050","Bangladesh","674","Protein supply quantity (g/capita/day)","S2547","Peas","2013","2013","g/cap/d","1.59","E","Estimated value"
"FBSH","Food Balances (-2013, old methodology and population)","050","Bangladesh","684","Fat supply quantity (g/capita/day)","S2547","Peas","2013","2013","g/cap/d","0.13","E","Estimated value"
"FBSH","Food Balances (-2013, old methodology and population)","050","Bangladesh","5511","Production","S2549","Pulses, Other and products","2013","2013","1000 t","204","I","Value imputed by a receiving agency"
"FBSH","Food Balances (-2013, old methodology and population)","050","Bangladesh","5611","Import Quantity","S2549","Pulses, Other and products","2013","2013","1000 t","413","I","Value imputed by a receiving agency"
"FBSH","Food Balances (-2013, old methodology and population)","050","Bangladesh","5911","Export quantity","S2549","Pulses, Other and products","2013","2013","1000 t","0","I","Value imputed by a receiving agency"
"FBSH","Food Balances (-2013, old methodology and population)","050","Bangladesh","5301","Domestic supply quantity","S2549","Pulses, Other and products","2013","2013","1000 t","616","I","Value imputed by a receiving agency"
"FBSH","Food Balances (-2013, old methodology and population)","050","Bangladesh","5521","Feed","S2549","Pulses, Other and products","2013","2013","1000 t","4","I","Value imputed by a receiving agency"
"FBSH","Food Balances (-2013, old methodology and population)","050","Bangladesh","5527","Seed","S2549","Pulses, Other and products","2013","2013","1000 t","3","I","Value imputed by a receiving agency"
"FBSH","Food Balances (-2013, old methodology and population)","050","Bangladesh","5123","Losses","S2549","Pulses, Other and products","2013","2013","1000 t","31","I","Value imputed by a receiving agency"
"FBSH","Food Balances (-2013, old methodology and population)","050","Bangladesh","5142","Food","S2549","Pulses, Other and products","2013","2013","1000 t","578","I","Value imputed by a receiving agency"
"FBSH","Food Balances (-2013, old methodology and population)","050","Bangladesh","645","Food supply quantity (kg/capita/yr)","S2549","Pulses, Other and products","2013","2013","kg/cap","3.69","E","Estimated value"
"FBSH","Food Balances (-2013, old methodology and population)","050","Bangladesh","664","Food supply (kcal/capita/day)","S2549","Pulses, Other and products","2013","2013","kcal/cap/d","35.14","E","Estimated value"
"FBSH","Food Balances (-2013, old methodology and population)","050","Bangladesh","674","Protein supply quantity (g/capita/day)","S2549","Pulses, Other and products","2013","2013","g/cap/d","2.05","E","Estimated value"
"FBSH","Food Balances (-2013, old methodology and population)","050","Bangladesh","684","Fat supply quantity (g/capita/day)","S2549","Pulses, Other and products","2013","2013","g/cap/d","0.26","E","Estimated value"
"FBSH","Food Balances (-2013, old methodology and population)","050","Bangladesh","5511","Production","S2551","Nuts and products","2013","2013","1000 t","101","I","Value imputed by a receiving agency"
"FBSH","Food Balances (-2013, old methodology and population)","050","Bangladesh","5611","Import Quantity","S2551","Nuts and products","2013","2013","1000 t","85","I","Value imputed by a receiving agency"
"FBSH","Food Balances (-2013, old methodology and population)","050","Bangladesh","5074","Stock Variation","S2551","Nuts and products","2013","2013","1000 t","0","I","Value imputed by a receiving agency"
"FBSH","Food Balances (-2013, old methodology and population)","050","Bangladesh","5911","Export quantity","S2551","Nuts and products","2013","2013","1000 t","70","I","Value imputed by a receiving agency"
"FBSH","Food Balances (-2013, old methodology and population)","050","Bangladesh","5301","Domestic supply quantity","S2551","Nuts and products","2013","2013","1000 t","116","I","Value imputed by a receiving agency"
"FBSH","Food Balances (-2013, old methodology and population)","050","Bangladesh","5123","Losses","S2551","Nuts and products","2013","2013","1000 t","9","I","Value imputed by a receiving agency"
"FBSH","Food Balances (-2013, old methodology and population)","050","Bangladesh","5142","Food","S2551","Nuts and products","2013","2013","1000 t","109","I","Value imputed by a receiving agency"
"FBSH","Food Balances (-2013, old methodology and population)","050","Bangladesh","645","Food supply quantity (kg/capita/yr)","S2551","Nuts and products","2013","2013","kg/cap","0.69","E","Estimated value"
"FBSH","Food Balances (-2013, old methodology and population)","050","Bangladesh","664","Food supply (kcal/capita/day)","S2551","Nuts and products","2013","2013","kcal/cap/d","4.68","E","Estimated value"
"FBSH","Food Balances (-2013, old methodology and population)","050","Bangladesh","674","Protein supply quantity (g/capita/day)","S2551","Nuts and products","2013","2013","g/cap/d","0.1","E","Estimated value"
"FBSH","Food Balances (-2013, old methodology and population)","050","Bangladesh","684","Fat supply quantity (g/capita/day)","S2551","Nuts and products","2013","2013","g/cap/d","0.11","E","Estimated value"
"FBSH","Food Balances (-2013, old methodology and population)","050","Bangladesh","5511","Production","S2555","Soyabeans","2013","2013","1000 t","62","I","Value imputed by a receiving agency"
"FBSH","Food Balances (-2013, old methodology and population)","050","Bangladesh","5611","Import Quantity","S2555","Soyabeans","2013","2013","1000 t","41","I","Value imputed by a receiving agency"
"FBSH","Food Balances (-2013, old methodology and population)","050","Bangladesh","5301","Domestic supply quantity","S2555","Soyabeans","2013","2013","1000 t","103","I","Value imputed by a receiving agency"
"FBSH","Food Balances (-2013, old methodology and population)","050","Bangladesh","5527","Seed","S2555","Soyabeans","2013","2013","1000 t","2","I","Value imputed by a receiving agency"
"FBSH","Food Balances (-2013, old methodology and population)","050","Bangladesh","5123","Losses","S2555","Soyabeans","2013","2013","1000 t","5","I","Value imputed by a receiving agency"
"FBSH","Food Balances (-2013, old methodology and population)","050","Bangladesh","5142","Food","S2555","Soyabeans","2013","2013","1000 t","95","I","Value imputed by a receiving agency"
"FBSH","Food Balances (-2013, old methodology and population)","050","Bangladesh","645","Food supply quantity (kg/capita/yr)","S2555","Soyabeans","2013","2013","kg/cap","0.61","E","Estimated value"
"FBSH","Food Balances (-2013, old methodology and population)","050","Bangladesh","664","Food supply (kcal/capita/day)","S2555","Soyabeans","2013","2013","kcal/cap/d","5.57","E","Estimated value"
"FBSH","Food Balances (-2013, old methodology and population)","050","Bangladesh","674","Protein supply quantity (g/capita/day)","S2555","Soyabeans","2013","2013","g/cap/d","0.63","E","Estimated value"
"FBSH","Food Balances (-2013, old methodology and population)","050","Bangladesh","684","Fat supply quantity (g/capita/day)","S2555","Soyabeans","2013","2013","g/cap/d","0.3","E","Estimated value"
"FBSH","Food Balances (-2013, old methodology and population)","050","Bangladesh","5511","Production","S2556","Groundnuts (Shelled Eq)","2013","2013","1000 t","36","I","Value imputed by a receiving agency"
"FBSH","Food Balances (-2013, old methodology and population)","050","Bangladesh","5611","Import Quantity","S2556","Groundnuts (Shelled Eq)","2013","2013","1000 t","0","I","Value imputed by a receiving agency"
"FBSH","Food Balances (-2013, old methodology and population)","050","Bangladesh","5911","Export quantity","S2556","Groundnuts (Shelled Eq)","2013","2013","1000 t","0","I","Value imputed by a receiving agency"
"FBSH","Food Balances (-2013, old methodology and population)","050","Bangladesh","5301","Domestic supply quantity","S2556","Groundnuts (Shelled Eq)","2013","2013","1000 t","36","I","Value imputed by a receiving agency"
"FBSH","Food Balances (-2013, old methodology and population)","050","Bangladesh","5527","Seed","S2556","Groundnuts (Shelled Eq)","2013","2013","1000 t","3","I","Value imputed by a receiving agency"
"FBSH","Food Balances (-2013, old methodology and population)","050","Bangladesh","5123","Losses","S2556","Groundnuts (Shelled Eq)","2013","2013","1000 t","1","I","Value imputed by a receiving agency"
"FBSH","Food Balances (-2013, old methodology and population)","050","Bangladesh","5131","Processing","S2556","Groundnuts (Shelled Eq)","2013","2013","1000 t","28","I","Value imputed by a receiving agency"
"FBSH","Food Balances (-2013, old methodology and population)","050","Bangladesh","5142","Food","S2556","Groundnuts (Shelled Eq)","2013","2013","1000 t","5","I","Value imputed by a receiving agency"
"FBSH","Food Balances (-2013, old methodology and population)","050","Bangladesh","645","Food supply quantity (kg/capita/yr)","S2556","Groundnuts (Shelled Eq)","2013","2013","kg/cap","0.03","E","Estimated value"
"FBSH","Food Balances (-2013, old methodology and population)","050","Bangladesh","664","Food supply (kcal/capita/day)","S2556","Groundnuts (Shelled Eq)","2013","2013","kcal/cap/d","0.48","E","Estimated value"
"FBSH","Food Balances (-2013, old methodology and population)","050","Bangladesh","674","Protein supply quantity (g/capita/day)","S2556","Groundnuts (Shelled Eq)","2013","2013","g/cap/d","0.02","E","Estimated value"
"FBSH","Food Balances (-2013, old methodology and population)","050","Bangladesh","684","Fat supply quantity (g/capita/day)","S2556","Groundnuts (Shelled Eq)","2013","2013","g/cap/d","0.04","E","Estimated value"
"FBSH","Food Balances (-2013, old methodology and population)","050","Bangladesh","5611","Import Quantity","S2557","Sunflower seed","2013","2013","1000 t","0","I","Value imputed by a receiving agency"
"FBSH","Food Balances (-2013, old methodology and population)","050","Bangladesh","5911","Export quantity","S2557","Sunflower seed","2013","2013","1000 t","0","I","Value imputed by a receiving agency"
"FBSH","Food Balances (-2013, old methodology and population)","050","Bangladesh","5301","Domestic supply quantity","S2557","Sunflower seed","2013","2013","1000 t","0","I","Value imputed by a receiving agency"
"FBSH","Food Balances (-2013, old methodology and population)","050","Bangladesh","5142","Food","S2557","Sunflower seed","2013","2013","1000 t","0","I","Value imputed by a receiving agency"
"FBSH","Food Balances (-2013, old methodology and population)","050","Bangladesh","645","Food supply quantity (kg/capita/yr)","S2557","Sunflower seed","2013","2013","kg/cap","0","E","Estimated value"
"FBSH","Food Balances (-2013, old methodology and population)","050","Bangladesh","664","Food supply (kcal/capita/day)","S2557","Sunflower seed","2013","2013","kcal/cap/d","0","E","Estimated value"
"FBSH","Food Balances (-2013, old methodology and population)","050","Bangladesh","674","Protein supply quantity (g/capita/day)","S2557","Sunflower seed","2013","2013","g/cap/d","0","E","Estimated value"
"FBSH","Food Balances (-2013, old methodology and population)","050","Bangladesh","684","Fat supply quantity (g/capita/day)","S2557","Sunflower seed","2013","2013","g/cap/d","0","E","Estimated value"
"FBSH","Food Balances (-2013, old methodology and population)","050","Bangladesh","5511","Production","S2558","Rape and Mustardseed","2013","2013","1000 t","294","I","Value imputed by a receiving agency"
"FBSH","Food Balances (-2013, old methodology and population)","050","Bangladesh","5611","Import Quantity","S2558","Rape and Mustardseed","2013","2013","1000 t","76","I","Value imputed by a receiving agency"
"FBSH","Food Balances (-2013, old methodology and population)","050","Bangladesh","5911","Export quantity","S2558","Rape and Mustardseed","2013","2013","1000 t","0","I","Value imputed by a receiving agency"
"FBSH","Food Balances (-2013, old methodology and population)","050","Bangladesh","5301","Domestic supply quantity","S2558","Rape and Mustardseed","2013","2013","1000 t","370","I","Value imputed by a receiving agency"
"FBSH","Food Balances (-2013, old methodology and population)","050","Bangladesh","5527","Seed","S2558","Rape and Mustardseed","2013","2013","1000 t","5","I","Value imputed by a receiving agency"
"FBSH","Food Balances (-2013, old methodology and population)","050","Bangladesh","5123","Losses","S2558","Rape and Mustardseed","2013","2013","1000 t","11","I","Value imputed by a receiving agency"
"FBSH","Food Balances (-2013, old methodology and population)","050","Bangladesh","5131","Processing","S2558","Rape and Mustardseed","2013","2013","1000 t","354","I","Value imputed by a receiving agency"
"FBSH","Food Balances (-2013, old methodology and population)","050","Bangladesh","5142","Food","S2558","Rape and Mustardseed","2013","2013","1000 t","0","I","Value imputed by a receiving agency"
"FBSH","Food Balances (-2013, old methodology and population)","050","Bangladesh","645","Food supply quantity (kg/capita/yr)","S2558","Rape and Mustardseed","2013","2013","kg/cap","0","E","Estimated value"
"FBSH","Food Balances (-2013, old methodology and population)","050","Bangladesh","664","Food supply (kcal/capita/day)","S2558","Rape and Mustardseed","2013","2013","kcal/cap/d","0.03","E","Estimated value"
"FBSH","Food Balances (-2013, old methodology and population)","050","Bangladesh","674","Protein supply quantity (g/capita/day)","S2558","Rape and Mustardseed","2013","2013","g/cap/d","0","E","Estimated value"
"FBSH","Food Balances (-2013, old methodology and population)","050","Bangladesh","684","Fat supply quantity (g/capita/day)","S2558","Rape and Mustardseed","2013","2013","g/cap/d","0","E","Estimated value"
"FBSH","Food Balances (-2013, old methodology and population)","050","Bangladesh","5511","Production","S2559","Cottonseed","2013","2013","1000 t","37","I","Value imputed by a receiving agency"
"FBSH","Food Balances (-2013, old methodology and population)","050","Bangladesh","5611","Import Quantity","S2559","Cottonseed","2013","2013","1000 t","0","I","Value imputed by a receiving agency"
"FBSH","Food Balances (-2013, old methodology and population)","050","Bangladesh","5301","Domestic supply quantity","S2559","Cottonseed","2013","2013","1000 t","37","I","Value imputed by a receiving agency"
"FBSH","Food Balances (-2013, old methodology and population)","050","Bangladesh","5527","Seed","S2559","Cottonseed","2013","2013","1000 t","1","I","Value imputed by a receiving agency"
"FBSH","Food Balances (-2013, old methodology and population)","050","Bangladesh","5123","Losses","S2559","Cottonseed","2013","2013","1000 t","1","I","Value imputed by a receiving agency"
"FBSH","Food Balances (-2013, old methodology and population)","050","Bangladesh","5131","Processing","S2559","Cottonseed","2013","2013","1000 t","35","I","Value imputed by a receiving agency"
"FBSH","Food Balances (-2013, old methodology and population)","050","Bangladesh","5511","Production","S2560","Coconuts - Incl Copra","2013","2013","1000 t","81","I","Value imputed by a receiving agency"
"FBSH","Food Balances (-2013, old methodology and population)","050","Bangladesh","5611","Import Quantity","S2560","Coconuts - Incl Copra","2013","2013","1000 t","67","I","Value imputed by a receiving agency"
"FBSH","Food Balances (-2013, old methodology and population)","050","Bangladesh","5911","Export quantity","S2560","Coconuts - Incl Copra","2013","2013","1000 t","8","I","Value imputed by a receiving agency"
"FBSH","Food Balances (-2013, old methodology and population)","050","Bangladesh","5301","Domestic supply quantity","S2560","Coconuts - Incl Copra","2013","2013","1000 t","140","I","Value imputed by a receiving agency"
"FBSH","Food Balances (-2013, old methodology and population)","050","Bangladesh","5123","Losses","S2560","Coconuts - Incl Copra","2013","2013","1000 t","2","I","Value imputed by a receiving agency"
"FBSH","Food Balances (-2013, old methodology and population)","050","Bangladesh","5131","Processing","S2560","Coconuts - Incl Copra","2013","2013","1000 t","132","I","Value imputed by a receiving agency"
"FBSH","Food Balances (-2013, old methodology and population)","050","Bangladesh","5142","Food","S2560","Coconuts - Incl Copra","2013","2013","1000 t","6","I","Value imputed by a receiving agency"
"FBSH","Food Balances (-2013, old methodology and population)","050","Bangladesh","645","Food supply quantity (kg/capita/yr)","S2560","Coconuts - Incl Copra","2013","2013","kg/cap","0.04","E","Estimated value"
"FBSH","Food Balances (-2013, old methodology and population)","050","Bangladesh","664","Food supply (kcal/capita/day)","S2560","Coconuts - Incl Copra","2013","2013","kcal/cap/d","0.15","E","Estimated value"
"FBSH","Food Balances (-2013, old methodology and population)","050","Bangladesh","674","Protein supply quantity (g/capita/day)","S2560","Coconuts - Incl Copra","2013","2013","g/cap/d","0","E","Estimated value"
"FBSH","Food Balances (-2013, old methodology and population)","050","Bangladesh","684","Fat supply quantity (g/capita/day)","S2560","Coconuts - Incl Copra","2013","2013","g/cap/d","0.01","E","Estimated value"
"FBSH","Food Balances (-2013, old methodology and population)","050","Bangladesh","5511","Production","S2561","Sesame seed","2013","2013","1000 t","34","I","Value imputed by a receiving agency"
"FBSH","Food Balances (-2013, old methodology and population)","050","Bangladesh","5911","Export quantity","S2561","Sesame seed","2013","2013","1000 t","21","I","Value imputed by a receiving agency"
"FBSH","Food Balances (-2013, old methodology and population)","050","Bangladesh","5301","Domestic supply quantity","S2561","Sesame seed","2013","2013","1000 t","13","I","Value imputed by a receiving agency"
"FBSH","Food Balances (-2013, old methodology and population)","050","Bangladesh","5527","Seed","S2561","Sesame seed","2013","2013","1000 t","1","I","Value imputed by a receiving agency"
"FBSH","Food Balances (-2013, old methodology and population)","050","Bangladesh","5123","Losses","S2561","Sesame seed","2013","2013","1000 t","1","I","Value imputed by a receiving agency"
"FBSH","Food Balances (-2013, old methodology and population)","050","Bangladesh","5131","Processing","S2561","Sesame seed","2013","2013","1000 t","12","I","Value imputed by a receiving agency"
"FBSH","Food Balances (-2013, old methodology and population)","050","Bangladesh","5611","Import Quantity","S2562","Palm kernels","2013","2013","1000 t","0","I","Value imputed by a receiving agency"
"FBSH","Food Balances (-2013, old methodology and population)","050","Bangladesh","5911","Export quantity","S2562","Palm kernels","2013","2013","1000 t","0","I","Value imputed by a receiving agency"
"FBSH","Food Balances (-2013, old methodology and population)","050","Bangladesh","5301","Domestic supply quantity","S2562","Palm kernels","2013","2013","1000 t","0","I","Value imputed by a receiving agency"
"FBSH","Food Balances (-2013, old methodology and population)","050","Bangladesh","5154","Other uses (non-food)","S2562","Palm kernels","2013","2013","1000 t","0","I","Value imputed by a receiving agency"
"FBSH","Food Balances (-2013, old methodology and population)","050","Bangladesh","5611","Import Quantity","S2563","Olives (including preserved)","2013","2013","1000 t","0","I","Value imputed by a receiving agency"
"FBSH","Food Balances (-2013, old methodology and population)","050","Bangladesh","5301","Domestic supply quantity","S2563","Olives (including preserved)","2013","2013","1000 t","0","I","Value imputed by a receiving agency"
"FBSH","Food Balances (-2013, old methodology and population)","050","Bangladesh","5142","Food","S2563","Olives (including preserved)","2013","2013","1000 t","0","I","Value imputed by a receiving agency"
"FBSH","Food Balances (-2013, old methodology and population)","050","Bangladesh","645","Food supply quantity (kg/capita/yr)","S2563","Olives (including preserved)","2013","2013","kg/cap","0","E","Estimated value"
"FBSH","Food Balances (-2013, old methodology and population)","050","Bangladesh","664","Food supply (kcal/capita/day)","S2563","Olives (including preserved)","2013","2013","kcal/cap/d","0","E","Estimated value"
"FBSH","Food Balances (-2013, old methodology and population)","050","Bangladesh","684","Fat supply quantity (g/capita/day)","S2563","Olives (including preserved)","2013","2013","g/cap/d","0","E","Estimated value"
"FBSH","Food Balances (-2013, old methodology and population)","050","Bangladesh","5511","Production","S2570","Oilcrops, Other","2013","2013","1000 t","7","I","Value imputed by a receiving agency"
"FBSH","Food Balances (-2013, old methodology and population)","050","Bangladesh","5611","Import Quantity","S2570","Oilcrops, Other","2013","2013","1000 t","0","I","Value imputed by a receiving agency"
"FBSH","Food Balances (-2013, old methodology and population)","050","Bangladesh","5911","Export quantity","S2570","Oilcrops, Other","2013","2013","1000 t","0","I","Value imputed by a receiving agency"
"FBSH","Food Balances (-2013, old methodology and population)","050","Bangladesh","5301","Domestic supply quantity","S2570","Oilcrops, Other","2013","2013","1000 t","7","I","Value imputed by a receiving agency"
"FBSH","Food Balances (-2013, old methodology and population)","050","Bangladesh","5527","Seed","S2570","Oilcrops, Other","2013","2013","1000 t","0","I","Value imputed by a receiving agency"
"FBSH","Food Balances (-2013, old methodology and population)","050","Bangladesh","5123","Losses","S2570","Oilcrops, Other","2013","2013","1000 t","0","I","Value imputed by a receiving agency"
"FBSH","Food Balances (-2013, old methodology and population)","050","Bangladesh","5131","Processing","S2570","Oilcrops, Other","2013","2013","1000 t","6","I","Value imputed by a receiving agency"
"FBSH","Food Balances (-2013, old methodology and population)","050","Bangladesh","5154","Other uses (non-food)","S2570","Oilcrops, Other","2013","2013","1000 t","0","I","Value imputed by a receiving agency"
"FBSH","Food Balances (-2013, old methodology and population)","050","Bangladesh","5142","Food","S2570","Oilcrops, Other","2013","2013","1000 t","0","I","Value imputed by a receiving agency"
"FBSH","Food Balances (-2013, old methodology and population)","050","Bangladesh","645","Food supply quantity (kg/capita/yr)","S2570","Oilcrops, Other","2013","2013","kg/cap","0","E","Estimated value"
"FBSH","Food Balances (-2013, old methodology and population)","050","Bangladesh","664","Food supply (kcal/capita/day)","S2570","Oilcrops, Other","2013","2013","kcal/cap/d","0","E","Estimated value"
"FBSH","Food Balances (-2013, old methodology and population)","050","Bangladesh","674","Protein supply quantity (g/capita/day)","S2570","Oilcrops, Other","2013","2013","g/cap/d","0","E","Estimated value"
"FBSH","Food Balances (-2013, old methodology and population)","050","Bangladesh","684","Fat supply quantity (g/capita/day)","S2570","Oilcrops, Other","2013","2013","g/cap/d","0","E","Estimated value"
"FBSH","Food Balances (-2013, old methodology and population)","050","Bangladesh","5611","Import Quantity","S2571","Soyabean Oil","2013","2013","1000 t","368","I","Value imputed by a receiving agency"
"FBSH","Food Balances (-2013, old methodology and population)","050","Bangladesh","5074","Stock Variation","S2571","Soyabean Oil","2013","2013","1000 t","0","I","Value imputed by a receiving agency"
"FBSH","Food Balances (-2013, old methodology and population)","050","Bangladesh","5911","Export quantity","S2571","Soyabean Oil","2013","2013","1000 t","0","I","Value imputed by a receiving agency"
"FBSH","Food Balances (-2013, old methodology and population)","050","Bangladesh","5301","Domestic supply quantity","S2571","Soyabean Oil","2013","2013","1000 t","368","I","Value imputed by a receiving agency"
"FBSH","Food Balances (-2013, old methodology and population)","050","Bangladesh","5154","Other uses (non-food)","S2571","Soyabean Oil","2013","2013","1000 t","80","I","Value imputed by a receiving agency"
"FBSH","Food Balances (-2013, old methodology and population)","050","Bangladesh","5142","Food","S2571","Soyabean Oil","2013","2013","1000 t","288","I","Value imputed by a receiving agency"
"FBSH","Food Balances (-2013, old methodology and population)","050","Bangladesh","645","Food supply quantity (kg/capita/yr)","S2571","Soyabean Oil","2013","2013","kg/cap","1.84","E","Estimated value"
"FBSH","Food Balances (-2013, old methodology and population)","050","Bangladesh","664","Food supply (kcal/capita/day)","S2571","Soyabean Oil","2013","2013","kcal/cap/d","44.51","E","Estimated value"
"FBSH","Food Balances (-2013, old methodology and population)","050","Bangladesh","684","Fat supply quantity (g/capita/day)","S2571","Soyabean Oil","2013","2013","g/cap/d","5.04","E","Estimated value"
"FBSH","Food Balances (-2013, old methodology and population)","050","Bangladesh","5511","Production","S2572","Groundnut Oil","2013","2013","1000 t","13","I","Value imputed by a receiving agency"
"FBSH","Food Balances (-2013, old methodology and population)","050","Bangladesh","5611","Import Quantity","S2572","Groundnut Oil","2013","2013","1000 t","0","I","Value imputed by a receiving agency"
"FBSH","Food Balances (-2013, old methodology and population)","050","Bangladesh","5301","Domestic supply quantity","S2572","Groundnut Oil","2013","2013","1000 t","13","I","Value imputed by a receiving agency"
"FBSH","Food Balances (-2013, old methodology and population)","050","Bangladesh","5142","Food","S2572","Groundnut Oil","2013","2013","1000 t","13","I","Value imputed by a receiving agency"
"FBSH","Food Balances (-2013, old methodology and population)","050","Bangladesh","645","Food supply quantity (kg/capita/yr)","S2572","Groundnut Oil","2013","2013","kg/cap","0.08","E","Estimated value"
"FBSH","Food Balances (-2013, old methodology and population)","050","Bangladesh","664","Food supply (kcal/capita/day)","S2572","Groundnut Oil","2013","2013","kcal/cap/d","1.99","E","Estimated value"
"FBSH","Food Balances (-2013, old methodology and population)","050","Bangladesh","684","Fat supply quantity (g/capita/day)","S2572","Groundnut Oil","2013","2013","g/cap/d","0.22","E","Estimated value"
"FBSH","Food Balances (-2013, old methodology and population)","050","Bangladesh","5611","Import Quantity","S2573","Sunflowerseed Oil","2013","2013","1000 t","1","I","Value imputed by a receiving agency"
"FBSH","Food Balances (-2013, old methodology and population)","050","Bangladesh","5301","Domestic supply quantity","S2573","Sunflowerseed Oil","2013","2013","1000 t","1","I","Value imputed by a receiving agency"
"FBSH","Food Balances (-2013, old methodology and population)","050","Bangladesh","5142","Food","S2573","Sunflowerseed Oil","2013","2013","1000 t","1","I","Value imputed by a receiving agency"
"FBSH","Food Balances (-2013, old methodology and population)","050","Bangladesh","645","Food supply quantity (kg/capita/yr)","S2573","Sunflowerseed Oil","2013","2013","kg/cap","0","E","Estimated value"
"FBSH","Food Balances (-2013, old methodology and population)","050","Bangladesh","664","Food supply (kcal/capita/day)","S2573","Sunflowerseed Oil","2013","2013","kcal/cap/d","0.08","E","Estimated value"
"FBSH","Food Balances (-2013, old methodology and population)","050","Bangladesh","684","Fat supply quantity (g/capita/day)","S2573","Sunflowerseed Oil","2013","2013","g/cap/d","0.01","E","Estimated value"
"FBSH","Food Balances (-2013, old methodology and population)","050","Bangladesh","5511","Production","S2574","Rape and Mustard Oil","2013","2013","1000 t","106","I","Value imputed by a receiving agency"
"FBSH","Food Balances (-2013, old methodology and population)","050","Bangladesh","5611","Import Quantity","S2574","Rape and Mustard Oil","2013","2013","1000 t","0","I","Value imputed by a receiving agency"
"FBSH","Food Balances (-2013, old methodology and population)","050","Bangladesh","5911","Export quantity","S2574","Rape and Mustard Oil","2013","2013","1000 t","2","I","Value imputed by a receiving agency"
"FBSH","Food Balances (-2013, old methodology and population)","050","Bangladesh","5301","Domestic supply quantity","S2574","Rape and Mustard Oil","2013","2013","1000 t","105","I","Value imputed by a receiving agency"
"FBSH","Food Balances (-2013, old methodology and population)","050","Bangladesh","5142","Food","S2574","Rape and Mustard Oil","2013","2013","1000 t","105","I","Value imputed by a receiving agency"
"FBSH","Food Balances (-2013, old methodology and population)","050","Bangladesh","645","Food supply quantity (kg/capita/yr)","S2574","Rape and Mustard Oil","2013","2013","kg/cap","0.67","E","Estimated value"
"FBSH","Food Balances (-2013, old methodology and population)","050","Bangladesh","664","Food supply (kcal/capita/day)","S2574","Rape and Mustard Oil","2013","2013","kcal/cap/d","16.21","E","Estimated value"
"FBSH","Food Balances (-2013, old methodology and population)","050","Bangladesh","684","Fat supply quantity (g/capita/day)","S2574","Rape and Mustard Oil","2013","2013","g/cap/d","1.83","E","Estimated value"
"FBSH","Food Balances (-2013, old methodology and population)","050","Bangladesh","5511","Production","S2575","Cottonseed Oil","2013","2013","1000 t","5","I","Value imputed by a receiving agency"
"FBSH","Food Balances (-2013, old methodology and population)","050","Bangladesh","5611","Import Quantity","S2575","Cottonseed Oil","2013","2013","1000 t","0","I","Value imputed by a receiving agency"
"FBSH","Food Balances (-2013, old methodology and population)","050","Bangladesh","5911","Export quantity","S2575","Cottonseed Oil","2013","2013","1000 t","0","I","Value imputed by a receiving agency"
"FBSH","Food Balances (-2013, old methodology and population)","050","Bangladesh","5301","Domestic supply quantity","S2575","Cottonseed Oil","2013","2013","1000 t","5","I","Value imputed by a receiving agency"
"FBSH","Food Balances (-2013, old methodology and population)","050","Bangladesh","5154","Other uses (non-food)","S2575","Cottonseed Oil","2013","2013","1000 t","1","I","Value imputed by a receiving agency"
"FBSH","Food Balances (-2013, old methodology and population)","050","Bangladesh","5142","Food","S2575","Cottonseed Oil","2013","2013","1000 t","5","I","Value imputed by a receiving agency"
"FBSH","Food Balances (-2013, old methodology and population)","050","Bangladesh","645","Food supply quantity (kg/capita/yr)","S2575","Cottonseed Oil","2013","2013","kg/cap","0.03","E","Estimated value"
"FBSH","Food Balances (-2013, old methodology and population)","050","Bangladesh","664","Food supply (kcal/capita/day)","S2575","Cottonseed Oil","2013","2013","kcal/cap/d","0.7","E","Estimated value"
"FBSH","Food Balances (-2013, old methodology and population)","050","Bangladesh","684","Fat supply quantity (g/capita/day)","S2575","Cottonseed Oil","2013","2013","g/cap/d","0.08","E","Estimated value"
"FBSH","Food Balances (-2013, old methodology and population)","050","Bangladesh","5611","Import Quantity","S2576","Palmkernel Oil","2013","2013","1000 t","8","I","Value imputed by a receiving agency"
"FBSH","Food Balances (-2013, old methodology and population)","050","Bangladesh","5911","Export quantity","S2576","Palmkernel Oil","2013","2013","1000 t","0","I","Value imputed by a receiving agency"
"FBSH","Food Balances (-2013, old methodology and population)","050","Bangladesh","5301","Domestic supply quantity","S2576","Palmkernel Oil","2013","2013","1000 t","8","I","Value imputed by a receiving agency"
"FBSH","Food Balances (-2013, old methodology and population)","050","Bangladesh","5154","Other uses (non-food)","S2576","Palmkernel Oil","2013","2013","1000 t","8","I","Value imputed by a receiving agency"
"FBSH","Food Balances (-2013, old methodology and population)","050","Bangladesh","5611","Import Quantity","S2577","Palm Oil","2013","2013","1000 t","1278","I","Value imputed by a receiving agency"
"FBSH","Food Balances (-2013, old methodology and population)","050","Bangladesh","5074","Stock Variation","S2577","Palm Oil","2013","2013","1000 t","0","I","Value imputed by a receiving agency"
"FBSH","Food Balances (-2013, old methodology and population)","050","Bangladesh","5911","Export quantity","S2577","Palm Oil","2013","2013","1000 t","0","I","Value imputed by a receiving agency"
"FBSH","Food Balances (-2013, old methodology and population)","050","Bangladesh","5301","Domestic supply quantity","S2577","Palm Oil","2013","2013","1000 t","1278","I","Value imputed by a receiving agency"
"FBSH","Food Balances (-2013, old methodology and population)","050","Bangladesh","5154","Other uses (non-food)","S2577","Palm Oil","2013","2013","1000 t","728","I","Value imputed by a receiving agency"
"FBSH","Food Balances (-2013, old methodology and population)","050","Bangladesh","5142","Food","S2577","Palm Oil","2013","2013","1000 t","550","I","Value imputed by a receiving agency"
"FBSH","Food Balances (-2013, old methodology and population)","050","Bangladesh","645","Food supply quantity (kg/capita/yr)","S2577","Palm Oil","2013","2013","kg/cap","3.51","E","Estimated value"
"FBSH","Food Balances (-2013, old methodology and population)","050","Bangladesh","664","Food supply (kcal/capita/day)","S2577","Palm Oil","2013","2013","kcal/cap/d","85.08","E","Estimated value"
"FBSH","Food Balances (-2013, old methodology and population)","050","Bangladesh","684","Fat supply quantity (g/capita/day)","S2577","Palm Oil","2013","2013","g/cap/d","9.62","E","Estimated value"
"FBSH","Food Balances (-2013, old methodology and population)","050","Bangladesh","5511","Production","S2578","Coconut Oil","2013","2013","1000 t","15","I","Value imputed by a receiving agency"
"FBSH","Food Balances (-2013, old methodology and population)","050","Bangladesh","5611","Import Quantity","S2578","Coconut Oil","2013","2013","1000 t","10","I","Value imputed by a receiving agency"
"FBSH","Food Balances (-2013, old methodology and population)","050","Bangladesh","5911","Export quantity","S2578","Coconut Oil","2013","2013","1000 t","0","I","Value imputed by a receiving agency"
"FBSH","Food Balances (-2013, old methodology and population)","050","Bangladesh","5301","Domestic supply quantity","S2578","Coconut Oil","2013","2013","1000 t","25","I","Value imputed by a receiving agency"
"FBSH","Food Balances (-2013, old methodology and population)","050","Bangladesh","5154","Other uses (non-food)","S2578","Coconut Oil","2013","2013","1000 t","2","I","Value imputed by a receiving agency"
"FBSH","Food Balances (-2013, old methodology and population)","050","Bangladesh","5142","Food","S2578","Coconut Oil","2013","2013","1000 t","22","I","Value imputed by a receiving agency"
"FBSH","Food Balances (-2013, old methodology and population)","050","Bangladesh","645","Food supply quantity (kg/capita/yr)","S2578","Coconut Oil","2013","2013","kg/cap","0.14","E","Estimated value"
"FBSH","Food Balances (-2013, old methodology and population)","050","Bangladesh","664","Food supply (kcal/capita/day)","S2578","Coconut Oil","2013","2013","kcal/cap/d","3.46","E","Estimated value"
"FBSH","Food Balances (-2013, old methodology and population)","050","Bangladesh","684","Fat supply quantity (g/capita/day)","S2578","Coconut Oil","2013","2013","g/cap/d","0.39","E","Estimated value"
"FBSH","Food Balances (-2013, old methodology and population)","050","Bangladesh","5511","Production","S2579","Sesameseed Oil","2013","2013","1000 t","5","I","Value imputed by a receiving agency"
"FBSH","Food Balances (-2013, old methodology and population)","050","Bangladesh","5611","Import Quantity","S2579","Sesameseed Oil","2013","2013","1000 t","0","I","Value imputed by a receiving agency"
"FBSH","Food Balances (-2013, old methodology and population)","050","Bangladesh","5301","Domestic supply quantity","S2579","Sesameseed Oil","2013","2013","1000 t","5","I","Value imputed by a receiving agency"
"FBSH","Food Balances (-2013, old methodology and population)","050","Bangladesh","5142","Food","S2579","Sesameseed Oil","2013","2013","1000 t","5","I","Value imputed by a receiving agency"
"FBSH","Food Balances (-2013, old methodology and population)","050","Bangladesh","645","Food supply quantity (kg/capita/yr)","S2579","Sesameseed Oil","2013","2013","kg/cap","0.03","E","Estimated value"
"FBSH","Food Balances (-2013, old methodology and population)","050","Bangladesh","664","Food supply (kcal/capita/day)","S2579","Sesameseed Oil","2013","2013","kcal/cap/d","0.75","E","Estimated value"
"FBSH","Food Balances (-2013, old methodology and population)","050","Bangladesh","684","Fat supply quantity (g/capita/day)","S2579","Sesameseed Oil","2013","2013","g/cap/d","0.09","E","Estimated value"
"FBSH","Food Balances (-2013, old methodology and population)","050","Bangladesh","5611","Import Quantity","S2580","Olive Oil","2013","2013","1000 t","0","I","Value imputed by a receiving agency"
"FBSH","Food Balances (-2013, old methodology and population)","050","Bangladesh","5074","Stock Variation","S2580","Olive Oil","2013","2013","1000 t","0","I","Value imputed by a receiving agency"
"FBSH","Food Balances (-2013, old methodology and population)","050","Bangladesh","5911","Export quantity","S2580","Olive Oil","2013","2013","1000 t","0","I","Value imputed by a receiving agency"
"FBSH","Food Balances (-2013, old methodology and population)","050","Bangladesh","5301","Domestic supply quantity","S2580","Olive Oil","2013","2013","1000 t","0","I","Value imputed by a receiving agency"
"FBSH","Food Balances (-2013, old methodology and population)","050","Bangladesh","5142","Food","S2580","Olive Oil","2013","2013","1000 t","0","I","Value imputed by a receiving agency"
"FBSH","Food Balances (-2013, old methodology and population)","050","Bangladesh","645","Food supply quantity (kg/capita/yr)","S2580","Olive Oil","2013","2013","kg/cap","0","E","Estimated value"
"FBSH","Food Balances (-2013, old methodology and population)","050","Bangladesh","664","Food supply (kcal/capita/day)","S2580","Olive Oil","2013","2013","kcal/cap/d","0.04","E","Estimated value"
"FBSH","Food Balances (-2013, old methodology and population)","050","Bangladesh","684","Fat supply quantity (g/capita/day)","S2580","Olive Oil","2013","2013","g/cap/d","0","E","Estimated value"
"FBSH","Food Balances (-2013, old methodology and population)","050","Bangladesh","5511","Production","S2581","Ricebran Oil","2013","2013","1000 t","3","I","Value imputed by a receiving agency"
"FBSH","Food Balances (-2013, old methodology and population)","050","Bangladesh","5301","Domestic supply quantity","S2581","Ricebran Oil","2013","2013","1000 t","3","I","Value imputed by a receiving agency"
"FBSH","Food Balances (-2013, old methodology and population)","050","Bangladesh","5142","Food","S2581","Ricebran Oil","2013","2013","1000 t","3","I","Value imputed by a receiving agency"
"FBSH","Food Balances (-2013, old methodology and population)","050","Bangladesh","645","Food supply quantity (kg/capita/yr)","S2581","Ricebran Oil","2013","2013","kg/cap","0.02","E","Estimated value"
"FBSH","Food Balances (-2013, old methodology and population)","050","Bangladesh","664","Food supply (kcal/capita/day)","S2581","Ricebran Oil","2013","2013","kcal/cap/d","0.4","E","Estimated value"
"FBSH","Food Balances (-2013, old methodology and population)","050","Bangladesh","684","Fat supply quantity (g/capita/day)","S2581","Ricebran Oil","2013","2013","g/cap/d","0.05","E","Estimated value"
"FBSH","Food Balances (-2013, old methodology and population)","050","Bangladesh","5611","Import Quantity","S2582","Maize Germ Oil","2013","2013","1000 t","0","I","Value imputed by a receiving agency"
"FBSH","Food Balances (-2013, old methodology and population)","050","Bangladesh","5911","Export quantity","S2582","Maize Germ Oil","2013","2013","1000 t","0","I","Value imputed by a receiving agency"
"FBSH","Food Balances (-2013, old methodology and population)","050","Bangladesh","5301","Domestic supply quantity","S2582","Maize Germ Oil","2013","2013","1000 t","0","I","Value imputed by a receiving agency"
"FBSH","Food Balances (-2013, old methodology and population)","050","Bangladesh","5142","Food","S2582","Maize Germ Oil","2013","2013","1000 t","0","I","Value imputed by a receiving agency"
"FBSH","Food Balances (-2013, old methodology and population)","050","Bangladesh","645","Food supply quantity (kg/capita/yr)","S2582","Maize Germ Oil","2013","2013","kg/cap","0","E","Estimated value"
"FBSH","Food Balances (-2013, old methodology and population)","050","Bangladesh","664","Food supply (kcal/capita/day)","S2582","Maize Germ Oil","2013","2013","kcal/cap/d","0.01","E","Estimated value"
"FBSH","Food Balances (-2013, old methodology and population)","050","Bangladesh","684","Fat supply quantity (g/capita/day)","S2582","Maize Germ Oil","2013","2013","g/cap/d","0","E","Estimated value"
"FBSH","Food Balances (-2013, old methodology and population)","050","Bangladesh","5511","Production","S2586","Oilcrops Oil, Other","2013","2013","1000 t","2","I","Value imputed by a receiving agency"
"FBSH","Food Balances (-2013, old methodology and population)","050","Bangladesh","5611","Import Quantity","S2586","Oilcrops Oil, Other","2013","2013","1000 t","7","I","Value imputed by a receiving agency"
"FBSH","Food Balances (-2013, old methodology and population)","050","Bangladesh","5074","Stock Variation","S2586","Oilcrops Oil, Other","2013","2013","1000 t","-1","I","Value imputed by a receiving agency"
"FBSH","Food Balances (-2013, old methodology and population)","050","Bangladesh","5911","Export quantity","S2586","Oilcrops Oil, Other","2013","2013","1000 t","0","I","Value imputed by a receiving agency"
"FBSH","Food Balances (-2013, old methodology and population)","050","Bangladesh","5301","Domestic supply quantity","S2586","Oilcrops Oil, Other","2013","2013","1000 t","8","I","Value imputed by a receiving agency"
"FBSH","Food Balances (-2013, old methodology and population)","050","Bangladesh","5154","Other uses (non-food)","S2586","Oilcrops Oil, Other","2013","2013","1000 t","7","I","Value imputed by a receiving agency"
"FBSH","Food Balances (-2013, old methodology and population)","050","Bangladesh","5142","Food","S2586","Oilcrops Oil, Other","2013","2013","1000 t","2","I","Value imputed by a receiving agency"
"FBSH","Food Balances (-2013, old methodology and population)","050","Bangladesh","645","Food supply quantity (kg/capita/yr)","S2586","Oilcrops Oil, Other","2013","2013","kg/cap","0.01","E","Estimated value"
"FBSH","Food Balances (-2013, old methodology and population)","050","Bangladesh","664","Food supply (kcal/capita/day)","S2586","Oilcrops Oil, Other","2013","2013","kcal/cap/d","0.26","E","Estimated value"
"FBSH","Food Balances (-2013, old methodology and population)","050","Bangladesh","674","Protein supply quantity (g/capita/day)","S2586","Oilcrops Oil, Other","2013","2013","g/cap/d","0","E","Estimated value"
"FBSH","Food Balances (-2013, old methodology and population)","050","Bangladesh","684","Fat supply quantity (g/capita/day)","S2586","Oilcrops Oil, Other","2013","2013","g/cap/d","0.03","E","Estimated value"
"FBSH","Food Balances (-2013, old methodology and population)","050","Bangladesh","5511","Production","S2601","Tomatoes and products","2013","2013","1000 t","251","I","Value imputed by a receiving agency"
"FBSH","Food Balances (-2013, old methodology and population)","050","Bangladesh","5611","Import Quantity","S2601","Tomatoes and products","2013","2013","1000 t","23","I","Value imputed by a receiving agency"
"FBSH","Food Balances (-2013, old methodology and population)","050","Bangladesh","5911","Export quantity","S2601","Tomatoes and products","2013","2013","1000 t","0","I","Value imputed by a receiving agency"
"FBSH","Food Balances (-2013, old methodology and population)","050","Bangladesh","5301","Domestic supply quantity","S2601","Tomatoes and products","2013","2013","1000 t","274","I","Value imputed by a receiving agency"
"FBSH","Food Balances (-2013, old methodology and population)","050","Bangladesh","5123","Losses","S2601","Tomatoes and products","2013","2013","1000 t","27","I","Value imputed by a receiving agency"
"FBSH","Food Balances (-2013, old methodology and population)","050","Bangladesh","5142","Food","S2601","Tomatoes and products","2013","2013","1000 t","246","I","Value imputed by a receiving agency"
"FBSH","Food Balances (-2013, old methodology and population)","050","Bangladesh","645","Food supply quantity (kg/capita/yr)","S2601","Tomatoes and products","2013","2013","kg/cap","1.57","E","Estimated value"
"FBSH","Food Balances (-2013, old methodology and population)","050","Bangladesh","664","Food supply (kcal/capita/day)","S2601","Tomatoes and products","2013","2013","kcal/cap/d","0.82","E","Estimated value"
"FBSH","Food Balances (-2013, old methodology and population)","050","Bangladesh","674","Protein supply quantity (g/capita/day)","S2601","Tomatoes and products","2013","2013","g/cap/d","0.05","E","Estimated value"
"FBSH","Food Balances (-2013, old methodology and population)","050","Bangladesh","684","Fat supply quantity (g/capita/day)","S2601","Tomatoes and products","2013","2013","g/cap/d","0.01","E","Estimated value"
"FBSH","Food Balances (-2013, old methodology and population)","050","Bangladesh","5511","Production","S2602","Onions","2013","2013","1000 t","1168","I","Value imputed by a receiving agency"
"FBSH","Food Balances (-2013, old methodology and population)","050","Bangladesh","5611","Import Quantity","S2602","Onions","2013","2013","1000 t","360","I","Value imputed by a receiving agency"
"FBSH","Food Balances (-2013, old methodology and population)","050","Bangladesh","5911","Export quantity","S2602","Onions","2013","2013","1000 t","0","I","Value imputed by a receiving agency"
"FBSH","Food Balances (-2013, old methodology and population)","050","Bangladesh","5301","Domestic supply quantity","S2602","Onions","2013","2013","1000 t","1528","I","Value imputed by a receiving agency"
"FBSH","Food Balances (-2013, old methodology and population)","050","Bangladesh","5123","Losses","S2602","Onions","2013","2013","1000 t","76","I","Value imputed by a receiving agency"
"FBSH","Food Balances (-2013, old methodology and population)","050","Bangladesh","5142","Food","S2602","Onions","2013","2013","1000 t","1452","I","Value imputed by a receiving agency"
"FBSH","Food Balances (-2013, old methodology and population)","050","Bangladesh","645","Food supply quantity (kg/capita/yr)","S2602","Onions","2013","2013","kg/cap","9.27","E","Estimated value"
"FBSH","Food Balances (-2013, old methodology and population)","050","Bangladesh","664","Food supply (kcal/capita/day)","S2602","Onions","2013","2013","kcal/cap/d","9.65","E","Estimated value"
"FBSH","Food Balances (-2013, old methodology and population)","050","Bangladesh","674","Protein supply quantity (g/capita/day)","S2602","Onions","2013","2013","g/cap/d","0.38","E","Estimated value"
"FBSH","Food Balances (-2013, old methodology and population)","050","Bangladesh","684","Fat supply quantity (g/capita/day)","S2602","Onions","2013","2013","g/cap/d","0.05","E","Estimated value"
"FBSH","Food Balances (-2013, old methodology and population)","050","Bangladesh","5511","Production","S2605","Vegetables, other","2013","2013","1000 t","2772","I","Value imputed by a receiving agency"
"FBSH","Food Balances (-2013, old methodology and population)","050","Bangladesh","5611","Import Quantity","S2605","Vegetables, other","2013","2013","1000 t","88","I","Value imputed by a receiving agency"
"FBSH","Food Balances (-2013, old methodology and population)","050","Bangladesh","5911","Export quantity","S2605","Vegetables, other","2013","2013","1000 t","8","I","Value imputed by a receiving agency"
"FBSH","Food Balances (-2013, old methodology and population)","050","Bangladesh","5301","Domestic supply quantity","S2605","Vegetables, other","2013","2013","1000 t","2852","I","Value imputed by a receiving agency"
"FBSH","Food Balances (-2013, old methodology and population)","050","Bangladesh","5521","Feed","S2605","Vegetables, other","2013","2013","1000 t","0","I","Value imputed by a receiving agency"
"FBSH","Food Balances (-2013, old methodology and population)","050","Bangladesh","5123","Losses","S2605","Vegetables, other","2013","2013","1000 t","269","I","Value imputed by a receiving agency"
"FBSH","Food Balances (-2013, old methodology and population)","050","Bangladesh","5142","Food","S2605","Vegetables, other","2013","2013","1000 t","2583","I","Value imputed by a receiving agency"
"FBSH","Food Balances (-2013, old methodology and population)","050","Bangladesh","645","Food supply quantity (kg/capita/yr)","S2605","Vegetables, other","2013","2013","kg/cap","16.49","E","Estimated value"
"FBSH","Food Balances (-2013, old methodology and population)","050","Bangladesh","664","Food supply (kcal/capita/day)","S2605","Vegetables, other","2013","2013","kcal/cap/d","13.65","E","Estimated value"
"FBSH","Food Balances (-2013, old methodology and population)","050","Bangladesh","674","Protein supply quantity (g/capita/day)","S2605","Vegetables, other","2013","2013","g/cap/d","0.67","E","Estimated value"
"FBSH","Food Balances (-2013, old methodology and population)","050","Bangladesh","684","Fat supply quantity (g/capita/day)","S2605","Vegetables, other","2013","2013","g/cap/d","0.1","E","Estimated value"
"FBSH","Food Balances (-2013, old methodology and population)","050","Bangladesh","5511","Production","S2611","Oranges, Mandarines","2013","2013","1000 t","23","I","Value imputed by a receiving agency"
"FBSH","Food Balances (-2013, old methodology and population)","050","Bangladesh","5611","Import Quantity","S2611","Oranges, Mandarines","2013","2013","1000 t","106","I","Value imputed by a receiving agency"
"FBSH","Food Balances (-2013, old methodology and population)","050","Bangladesh","5911","Export quantity","S2611","Oranges, Mandarines","2013","2013","1000 t","2","I","Value imputed by a receiving agency"
"FBSH","Food Balances (-2013, old methodology and population)","050","Bangladesh","5301","Domestic supply quantity","S2611","Oranges, Mandarines","2013","2013","1000 t","128","I","Value imputed by a receiving agency"
"FBSH","Food Balances (-2013, old methodology and population)","050","Bangladesh","5123","Losses","S2611","Oranges, Mandarines","2013","2013","1000 t","6","I","Value imputed by a receiving agency"
"FBSH","Food Balances (-2013, old methodology and population)","050","Bangladesh","5142","Food","S2611","Oranges, Mandarines","2013","2013","1000 t","121","I","Value imputed by a receiving agency"
"FBSH","Food Balances (-2013, old methodology and population)","050","Bangladesh","645","Food supply quantity (kg/capita/yr)","S2611","Oranges, Mandarines","2013","2013","kg/cap","0.78","E","Estimated value"
"FBSH","Food Balances (-2013, old methodology and population)","050","Bangladesh","664","Food supply (kcal/capita/day)","S2611","Oranges, Mandarines","2013","2013","kcal/cap/d","0.54","E","Estimated value"
"FBSH","Food Balances (-2013, old methodology and population)","050","Bangladesh","674","Protein supply quantity (g/capita/day)","S2611","Oranges, Mandarines","2013","2013","g/cap/d","0.01","E","Estimated value"
"FBSH","Food Balances (-2013, old methodology and population)","050","Bangladesh","684","Fat supply quantity (g/capita/day)","S2611","Oranges, Mandarines","2013","2013","g/cap/d","0","E","Estimated value"
"FBSH","Food Balances (-2013, old methodology and population)","050","Bangladesh","5511","Production","S2612","Lemons, Limes and products","2013","2013","1000 t","60","I","Value imputed by a receiving agency"
"FBSH","Food Balances (-2013, old methodology and population)","050","Bangladesh","5611","Import Quantity","S2612","Lemons, Limes and products","2013","2013","1000 t","0","I","Value imputed by a receiving agency"
"FBSH","Food Balances (-2013, old methodology and population)","050","Bangladesh","5911","Export quantity","S2612","Lemons, Limes and products","2013","2013","1000 t","0","I","Value imputed by a receiving agency"
"FBSH","Food Balances (-2013, old methodology and population)","050","Bangladesh","5301","Domestic supply quantity","S2612","Lemons, Limes and products","2013","2013","1000 t","60","I","Value imputed by a receiving agency"
"FBSH","Food Balances (-2013, old methodology and population)","050","Bangladesh","5123","Losses","S2612","Lemons, Limes and products","2013","2013","1000 t","3","I","Value imputed by a receiving agency"
"FBSH","Food Balances (-2013, old methodology and population)","050","Bangladesh","5142","Food","S2612","Lemons, Limes and products","2013","2013","1000 t","57","I","Value imputed by a receiving agency"
"FBSH","Food Balances (-2013, old methodology and population)","050","Bangladesh","645","Food supply quantity (kg/capita/yr)","S2612","Lemons, Limes and products","2013","2013","kg/cap","0.36","E","Estimated value"
"FBSH","Food Balances (-2013, old methodology and population)","050","Bangladesh","664","Food supply (kcal/capita/day)","S2612","Lemons, Limes and products","2013","2013","kcal/cap/d","0.23","E","Estimated value"
"FBSH","Food Balances (-2013, old methodology and population)","050","Bangladesh","674","Protein supply quantity (g/capita/day)","S2612","Lemons, Limes and products","2013","2013","g/cap/d","0","E","Estimated value"
"FBSH","Food Balances (-2013, old methodology and population)","050","Bangladesh","684","Fat supply quantity (g/capita/day)","S2612","Lemons, Limes and products","2013","2013","g/cap/d","0.01","E","Estimated value"
"FBSH","Food Balances (-2013, old methodology and population)","050","Bangladesh","5511","Production","S2613","Grapefruit and products","2013","2013","1000 t","61","I","Value imputed by a receiving agency"
"FBSH","Food Balances (-2013, old methodology and population)","050","Bangladesh","5611","Import Quantity","S2613","Grapefruit and products","2013","2013","1000 t","0","I","Value imputed by a receiving agency"
"FBSH","Food Balances (-2013, old methodology and population)","050","Bangladesh","5911","Export quantity","S2613","Grapefruit and products","2013","2013","1000 t","0","I","Value imputed by a receiving agency"
"FBSH","Food Balances (-2013, old methodology and population)","050","Bangladesh","5301","Domestic supply quantity","S2613","Grapefruit and products","2013","2013","1000 t","61","I","Value imputed by a receiving agency"
"FBSH","Food Balances (-2013, old methodology and population)","050","Bangladesh","5123","Losses","S2613","Grapefruit and products","2013","2013","1000 t","3","I","Value imputed by a receiving agency"
"FBSH","Food Balances (-2013, old methodology and population)","050","Bangladesh","5142","Food","S2613","Grapefruit and products","2013","2013","1000 t","58","I","Value imputed by a receiving agency"
"FBSH","Food Balances (-2013, old methodology and population)","050","Bangladesh","645","Food supply quantity (kg/capita/yr)","S2613","Grapefruit and products","2013","2013","kg/cap","0.37","E","Estimated value"
"FBSH","Food Balances (-2013, old methodology and population)","050","Bangladesh","664","Food supply (kcal/capita/day)","S2613","Grapefruit and products","2013","2013","kcal/cap/d","0.16","E","Estimated value"
"FBSH","Food Balances (-2013, old methodology and population)","050","Bangladesh","674","Protein supply quantity (g/capita/day)","S2613","Grapefruit and products","2013","2013","g/cap/d","0","E","Estimated value"
"FBSH","Food Balances (-2013, old methodology and population)","050","Bangladesh","684","Fat supply quantity (g/capita/day)","S2613","Grapefruit and products","2013","2013","g/cap/d","0","E","Estimated value"
"FBSH","Food Balances (-2013, old methodology and population)","050","Bangladesh","5611","Import Quantity","S2614","Citrus, Other","2013","2013","1000 t","7","I","Value imputed by a receiving agency"
"FBSH","Food Balances (-2013, old methodology and population)","050","Bangladesh","5911","Export quantity","S2614","Citrus, Other","2013","2013","1000 t","0","I","Value imputed by a receiving agency"
"FBSH","Food Balances (-2013, old methodology and population)","050","Bangladesh","5301","Domestic supply quantity","S2614","Citrus, Other","2013","2013","1000 t","7","I","Value imputed by a receiving agency"
"FBSH","Food Balances (-2013, old methodology and population)","050","Bangladesh","5142","Food","S2614","Citrus, Other","2013","2013","1000 t","7","I","Value imputed by a receiving agency"
"FBSH","Food Balances (-2013, old methodology and population)","050","Bangladesh","645","Food supply quantity (kg/capita/yr)","S2614","Citrus, Other","2013","2013","kg/cap","0.05","E","Estimated value"
"FBSH","Food Balances (-2013, old methodology and population)","050","Bangladesh","664","Food supply (kcal/capita/day)","S2614","Citrus, Other","2013","2013","kcal/cap/d","0.03","E","Estimated value"
"FBSH","Food Balances (-2013, old methodology and population)","050","Bangladesh","674","Protein supply quantity (g/capita/day)","S2614","Citrus, Other","2013","2013","g/cap/d","0","E","Estimated value"
"FBSH","Food Balances (-2013, old methodology and population)","050","Bangladesh","684","Fat supply quantity (g/capita/day)","S2614","Citrus, Other","2013","2013","g/cap/d","0","E","Estimated value"
"FBSH","Food Balances (-2013, old methodology and population)","050","Bangladesh","5511","Production","S2615","Bananas","2013","2013","1000 t","774","I","Value imputed by a receiving agency"
"FBSH","Food Balances (-2013, old methodology and population)","050","Bangladesh","5611","Import Quantity","S2615","Bananas","2013","2013","1000 t","0","I","Value imputed by a receiving agency"
"FBSH","Food Balances (-2013, old methodology and population)","050","Bangladesh","5911","Export quantity","S2615","Bananas","2013","2013","1000 t","0","I","Value imputed by a receiving agency"
"FBSH","Food Balances (-2013, old methodology and population)","050","Bangladesh","5301","Domestic supply quantity","S2615","Bananas","2013","2013","1000 t","774","I","Value imputed by a receiving agency"
"FBSH","Food Balances (-2013, old methodology and population)","050","Bangladesh","5123","Losses","S2615","Bananas","2013","2013","1000 t","77","I","Value imputed by a receiving agency"
"FBSH","Food Balances (-2013, old methodology and population)","050","Bangladesh","5142","Food","S2615","Bananas","2013","2013","1000 t","697","I","Value imputed by a receiving agency"
"FBSH","Food Balances (-2013, old methodology and population)","050","Bangladesh","645","Food supply quantity (kg/capita/yr)","S2615","Bananas","2013","2013","kg/cap","4.45","E","Estimated value"
"FBSH","Food Balances (-2013, old methodology and population)","050","Bangladesh","664","Food supply (kcal/capita/day)","S2615","Bananas","2013","2013","kcal/cap/d","7.68","E","Estimated value"
"FBSH","Food Balances (-2013, old methodology and population)","050","Bangladesh","674","Protein supply quantity (g/capita/day)","S2615","Bananas","2013","2013","g/cap/d","0.1","E","Estimated value"
"FBSH","Food Balances (-2013, old methodology and population)","050","Bangladesh","684","Fat supply quantity (g/capita/day)","S2615","Bananas","2013","2013","g/cap/d","0.02","E","Estimated value"
"FBSH","Food Balances (-2013, old methodology and population)","050","Bangladesh","5611","Import Quantity","S2617","Apples and products","2013","2013","1000 t","148","I","Value imputed by a receiving agency"
"FBSH","Food Balances (-2013, old methodology and population)","050","Bangladesh","5074","Stock Variation","S2617","Apples and products","2013","2013","1000 t","0","I","Value imputed by a receiving agency"
"FBSH","Food Balances (-2013, old methodology and population)","050","Bangladesh","5911","Export quantity","S2617","Apples and products","2013","2013","1000 t","0","I","Value imputed by a receiving agency"
"FBSH","Food Balances (-2013, old methodology and population)","050","Bangladesh","5301","Domestic supply quantity","S2617","Apples and products","2013","2013","1000 t","148","I","Value imputed by a receiving agency"
"FBSH","Food Balances (-2013, old methodology and population)","050","Bangladesh","5142","Food","S2617","Apples and products","2013","2013","1000 t","148","I","Value imputed by a receiving agency"
"FBSH","Food Balances (-2013, old methodology and population)","050","Bangladesh","645","Food supply quantity (kg/capita/yr)","S2617","Apples and products","2013","2013","kg/cap","0.95","E","Estimated value"
"FBSH","Food Balances (-2013, old methodology and population)","050","Bangladesh","664","Food supply (kcal/capita/day)","S2617","Apples and products","2013","2013","kcal/cap/d","1.23","E","Estimated value"
"FBSH","Food Balances (-2013, old methodology and population)","050","Bangladesh","674","Protein supply quantity (g/capita/day)","S2617","Apples and products","2013","2013","g/cap/d","0","E","Estimated value"
"FBSH","Food Balances (-2013, old methodology and population)","050","Bangladesh","684","Fat supply quantity (g/capita/day)","S2617","Apples and products","2013","2013","g/cap/d","0.01","E","Estimated value"
"FBSH","Food Balances (-2013, old methodology and population)","050","Bangladesh","5511","Production","S2618","Pineapples and products","2013","2013","1000 t","187","I","Value imputed by a receiving agency"
"FBSH","Food Balances (-2013, old methodology and population)","050","Bangladesh","5611","Import Quantity","S2618","Pineapples and products","2013","2013","1000 t","0","I","Value imputed by a receiving agency"
"FBSH","Food Balances (-2013, old methodology and population)","050","Bangladesh","5911","Export quantity","S2618","Pineapples and products","2013","2013","1000 t","1","I","Value imputed by a receiving agency"
"FBSH","Food Balances (-2013, old methodology and population)","050","Bangladesh","5301","Domestic supply quantity","S2618","Pineapples and products","2013","2013","1000 t","186","I","Value imputed by a receiving agency"
"FBSH","Food Balances (-2013, old methodology and population)","050","Bangladesh","5123","Losses","S2618","Pineapples and products","2013","2013","1000 t","19","I","Value imputed by a receiving agency"
"FBSH","Food Balances (-2013, old methodology and population)","050","Bangladesh","5142","Food","S2618","Pineapples and products","2013","2013","1000 t","168","I","Value imputed by a receiving agency"
"FBSH","Food Balances (-2013, old methodology and population)","050","Bangladesh","645","Food supply quantity (kg/capita/yr)","S2618","Pineapples and products","2013","2013","kg/cap","1.07","E","Estimated value"
"FBSH","Food Balances (-2013, old methodology and population)","050","Bangladesh","664","Food supply (kcal/capita/day)","S2618","Pineapples and products","2013","2013","kcal/cap/d","0.81","E","Estimated value"
"FBSH","Food Balances (-2013, old methodology and population)","050","Bangladesh","674","Protein supply quantity (g/capita/day)","S2618","Pineapples and products","2013","2013","g/cap/d","0.01","E","Estimated value"
"FBSH","Food Balances (-2013, old methodology and population)","050","Bangladesh","684","Fat supply quantity (g/capita/day)","S2618","Pineapples and products","2013","2013","g/cap/d","0.01","E","Estimated value"
"FBSH","Food Balances (-2013, old methodology and population)","050","Bangladesh","5611","Import Quantity","S2619","Dates","2013","2013","1000 t","1","I","Value imputed by a receiving agency"
"FBSH","Food Balances (-2013, old methodology and population)","050","Bangladesh","5301","Domestic supply quantity","S2619","Dates","2013","2013","1000 t","1","I","Value imputed by a receiving agency"
"FBSH","Food Balances (-2013, old methodology and population)","050","Bangladesh","5142","Food","S2619","Dates","2013","2013","1000 t","1","I","Value imputed by a receiving agency"
"FBSH","Food Balances (-2013, old methodology and population)","050","Bangladesh","645","Food supply quantity (kg/capita/yr)","S2619","Dates","2013","2013","kg/cap","0","E","Estimated value"
"FBSH","Food Balances (-2013, old methodology and population)","050","Bangladesh","664","Food supply (kcal/capita/day)","S2619","Dates","2013","2013","kcal/cap/d","0.02","E","Estimated value"
"FBSH","Food Balances (-2013, old methodology and population)","050","Bangladesh","674","Protein supply quantity (g/capita/day)","S2619","Dates","2013","2013","g/cap/d","0","E","Estimated value"
"FBSH","Food Balances (-2013, old methodology and population)","050","Bangladesh","684","Fat supply quantity (g/capita/day)","S2619","Dates","2013","2013","g/cap/d","0","E","Estimated value"
"FBSH","Food Balances (-2013, old methodology and population)","050","Bangladesh","5611","Import Quantity","S2620","Grapes and products (excl wine)","2013","2013","1000 t","41","I","Value imputed by a receiving agency"
"FBSH","Food Balances (-2013, old methodology and population)","050","Bangladesh","5911","Export quantity","S2620","Grapes and products (excl wine)","2013","2013","1000 t","0","I","Value imputed by a receiving agency"
"FBSH","Food Balances (-2013, old methodology and population)","050","Bangladesh","5301","Domestic supply quantity","S2620","Grapes and products (excl wine)","2013","2013","1000 t","41","I","Value imputed by a receiving agency"
"FBSH","Food Balances (-2013, old methodology and population)","050","Bangladesh","5142","Food","S2620","Grapes and products (excl wine)","2013","2013","1000 t","41","I","Value imputed by a receiving agency"
"FBSH","Food Balances (-2013, old methodology and population)","050","Bangladesh","645","Food supply quantity (kg/capita/yr)","S2620","Grapes and products (excl wine)","2013","2013","kg/cap","0.26","E","Estimated value"
"FBSH","Food Balances (-2013, old methodology and population)","050","Bangladesh","664","Food supply (kcal/capita/day)","S2620","Grapes and products (excl wine)","2013","2013","kcal/cap/d","0.41","E","Estimated value"
"FBSH","Food Balances (-2013, old methodology and population)","050","Bangladesh","674","Protein supply quantity (g/capita/day)","S2620","Grapes and products (excl wine)","2013","2013","g/cap/d","0","E","Estimated value"
"FBSH","Food Balances (-2013, old methodology and population)","050","Bangladesh","684","Fat supply quantity (g/capita/day)","S2620","Grapes and products (excl wine)","2013","2013","g/cap/d","0","E","Estimated value"
"FBSH","Food Balances (-2013, old methodology and population)","050","Bangladesh","5511","Production","S2625","Fruits, other","2013","2013","1000 t","2595","I","Value imputed by a receiving agency"
"FBSH","Food Balances (-2013, old methodology and population)","050","Bangladesh","5611","Import Quantity","S2625","Fruits, other","2013","2013","1000 t","45","I","Value imputed by a receiving agency"
"FBSH","Food Balances (-2013, old methodology and population)","050","Bangladesh","5074","Stock Variation","S2625","Fruits, other","2013","2013","1000 t","0","I","Value imputed by a receiving agency"
"FBSH","Food Balances (-2013, old methodology and population)","050","Bangladesh","5911","Export quantity","S2625","Fruits, other","2013","2013","1000 t","24","I","Value imputed by a receiving agency"
"FBSH","Food Balances (-2013, old methodology and population)","050","Bangladesh","5301","Domestic supply quantity","S2625","Fruits, other","2013","2013","1000 t","2616","I","Value imputed by a receiving agency"
"FBSH","Food Balances (-2013, old methodology and population)","050","Bangladesh","5123","Losses","S2625","Fruits, other","2013","2013","1000 t","260","I","Value imputed by a receiving agency"
"FBSH","Food Balances (-2013, old methodology and population)","050","Bangladesh","5142","Food","S2625","Fruits, other","2013","2013","1000 t","2356","I","Value imputed by a receiving agency"
"FBSH","Food Balances (-2013, old methodology and population)","050","Bangladesh","645","Food supply quantity (kg/capita/yr)","S2625","Fruits, other","2013","2013","kg/cap","15.05","E","Estimated value"
"FBSH","Food Balances (-2013, old methodology and population)","050","Bangladesh","664","Food supply (kcal/capita/day)","S2625","Fruits, other","2013","2013","kcal/cap/d","17.55","E","Estimated value"
"FBSH","Food Balances (-2013, old methodology and population)","050","Bangladesh","674","Protein supply quantity (g/capita/day)","S2625","Fruits, other","2013","2013","g/cap/d","0.19","E","Estimated value"
"FBSH","Food Balances (-2013, old methodology and population)","050","Bangladesh","684","Fat supply quantity (g/capita/day)","S2625","Fruits, other","2013","2013","g/cap/d","0.2","E","Estimated value"
"FBSH","Food Balances (-2013, old methodology and population)","050","Bangladesh","5611","Import Quantity","S2630","Coffee and products","2013","2013","1000 t","1","I","Value imputed by a receiving agency"
"FBSH","Food Balances (-2013, old methodology and population)","050","Bangladesh","5911","Export quantity","S2630","Coffee and products","2013","2013","1000 t","0","I","Value imputed by a receiving agency"
"FBSH","Food Balances (-2013, old methodology and population)","050","Bangladesh","5301","Domestic supply quantity","S2630","Coffee and products","2013","2013","1000 t","1","I","Value imputed by a receiving agency"
"FBSH","Food Balances (-2013, old methodology and population)","050","Bangladesh","5142","Food","S2630","Coffee and products","2013","2013","1000 t","1","I","Value imputed by a receiving agency"
"FBSH","Food Balances (-2013, old methodology and population)","050","Bangladesh","645","Food supply quantity (kg/capita/yr)","S2630","Coffee and products","2013","2013","kg/cap","0","E","Estimated value"
"FBSH","Food Balances (-2013, old methodology and population)","050","Bangladesh","664","Food supply (kcal/capita/day)","S2630","Coffee and products","2013","2013","kcal/cap/d","0.01","E","Estimated value"
"FBSH","Food Balances (-2013, old methodology and population)","050","Bangladesh","674","Protein supply quantity (g/capita/day)","S2630","Coffee and products","2013","2013","g/cap/d","0","E","Estimated value"
"FBSH","Food Balances (-2013, old methodology and population)","050","Bangladesh","5611","Import Quantity","S2633","Cocoa Beans and products","2013","2013","1000 t","2","I","Value imputed by a receiving agency"
"FBSH","Food Balances (-2013, old methodology and population)","050","Bangladesh","5911","Export quantity","S2633","Cocoa Beans and products","2013","2013","1000 t","0","I","Value imputed by a receiving agency"
"FBSH","Food Balances (-2013, old methodology and population)","050","Bangladesh","5301","Domestic supply quantity","S2633","Cocoa Beans and products","2013","2013","1000 t","2","I","Value imputed by a receiving agency"
"FBSH","Food Balances (-2013, old methodology and population)","050","Bangladesh","5154","Other uses (non-food)","S2633","Cocoa Beans and products","2013","2013","1000 t","0","I","Value imputed by a receiving agency"
"FBSH","Food Balances (-2013, old methodology and population)","050","Bangladesh","5142","Food","S2633","Cocoa Beans and products","2013","2013","1000 t","2","I","Value imputed by a receiving agency"
"FBSH","Food Balances (-2013, old methodology and population)","050","Bangladesh","645","Food supply quantity (kg/capita/yr)","S2633","Cocoa Beans and products","2013","2013","kg/cap","0.01","E","Estimated value"
"FBSH","Food Balances (-2013, old methodology and population)","050","Bangladesh","664","Food supply (kcal/capita/day)","S2633","Cocoa Beans and products","2013","2013","kcal/cap/d","0.09","E","Estimated value"
"FBSH","Food Balances (-2013, old methodology and population)","050","Bangladesh","674","Protein supply quantity (g/capita/day)","S2633","Cocoa Beans and products","2013","2013","g/cap/d","0","E","Estimated value"
"FBSH","Food Balances (-2013, old methodology and population)","050","Bangladesh","684","Fat supply quantity (g/capita/day)","S2633","Cocoa Beans and products","2013","2013","g/cap/d","0.01","E","Estimated value"
"FBSH","Food Balances (-2013, old methodology and population)","050","Bangladesh","5511","Production","S2635","Tea (including mate)","2013","2013","1000 t","64","I","Value imputed by a receiving agency"
"FBSH","Food Balances (-2013, old methodology and population)","050","Bangladesh","5611","Import Quantity","S2635","Tea (including mate)","2013","2013","1000 t","14","I","Value imputed by a receiving agency"
"FBSH","Food Balances (-2013, old methodology and population)","050","Bangladesh","5911","Export quantity","S2635","Tea (including mate)","2013","2013","1000 t","0","I","Value imputed by a receiving agency"
"FBSH","Food Balances (-2013, old methodology and population)","050","Bangladesh","5301","Domestic supply quantity","S2635","Tea (including mate)","2013","2013","1000 t","77","I","Value imputed by a receiving agency"
"FBSH","Food Balances (-2013, old methodology and population)","050","Bangladesh","5123","Losses","S2635","Tea (including mate)","2013","2013","1000 t","2","I","Value imputed by a receiving agency"
"FBSH","Food Balances (-2013, old methodology and population)","050","Bangladesh","5142","Food","S2635","Tea (including mate)","2013","2013","1000 t","76","I","Value imputed by a receiving agency"
"FBSH","Food Balances (-2013, old methodology and population)","050","Bangladesh","645","Food supply quantity (kg/capita/yr)","S2635","Tea (including mate)","2013","2013","kg/cap","0.48","E","Estimated value"
"FBSH","Food Balances (-2013, old methodology and population)","050","Bangladesh","664","Food supply (kcal/capita/day)","S2635","Tea (including mate)","2013","2013","kcal/cap/d","0.53","E","Estimated value"
"FBSH","Food Balances (-2013, old methodology and population)","050","Bangladesh","674","Protein supply quantity (g/capita/day)","S2635","Tea (including mate)","2013","2013","g/cap/d","0.13","E","Estimated value"
"FBSH","Food Balances (-2013, old methodology and population)","050","Bangladesh","5611","Import Quantity","S2640","Pepper","2013","2013","1000 t","0","I","Value imputed by a receiving agency"
"FBSH","Food Balances (-2013, old methodology and population)","050","Bangladesh","5074","Stock Variation","S2640","Pepper","2013","2013","1000 t","0","I","Value imputed by a receiving agency"
"FBSH","Food Balances (-2013, old methodology and population)","050","Bangladesh","5911","Export quantity","S2640","Pepper","2013","2013","1000 t","0","I","Value imputed by a receiving agency"
"FBSH","Food Balances (-2013, old methodology and population)","050","Bangladesh","5301","Domestic supply quantity","S2640","Pepper","2013","2013","1000 t","0","I","Value imputed by a receiving agency"
"FBSH","Food Balances (-2013, old methodology and population)","050","Bangladesh","5142","Food","S2640","Pepper","2013","2013","1000 t","0","I","Value imputed by a receiving agency"
"FBSH","Food Balances (-2013, old methodology and population)","050","Bangladesh","645","Food supply quantity (kg/capita/yr)","S2640","Pepper","2013","2013","kg/cap","0","E","Estimated value"
"FBSH","Food Balances (-2013, old methodology and population)","050","Bangladesh","664","Food supply (kcal/capita/day)","S2640","Pepper","2013","2013","kcal/cap/d","0","E","Estimated value"
"FBSH","Food Balances (-2013, old methodology and population)","050","Bangladesh","674","Protein supply quantity (g/capita/day)","S2640","Pepper","2013","2013","g/cap/d","0","E","Estimated value"
"FBSH","Food Balances (-2013, old methodology and population)","050","Bangladesh","684","Fat supply quantity (g/capita/day)","S2640","Pepper","2013","2013","g/cap/d","0","E","Estimated value"
"FBSH","Food Balances (-2013, old methodology and population)","050","Bangladesh","5511","Production","S2641","Pimento","2013","2013","1000 t","95","I","Value imputed by a receiving agency"
"FBSH","Food Balances (-2013, old methodology and population)","050","Bangladesh","5611","Import Quantity","S2641","Pimento","2013","2013","1000 t","29","I","Value imputed by a receiving agency"
"FBSH","Food Balances (-2013, old methodology and population)","050","Bangladesh","5911","Export quantity","S2641","Pimento","2013","2013","1000 t","0","I","Value imputed by a receiving agency"
"FBSH","Food Balances (-2013, old methodology and population)","050","Bangladesh","5301","Domestic supply quantity","S2641","Pimento","2013","2013","1000 t","124","I","Value imputed by a receiving agency"
"FBSH","Food Balances (-2013, old methodology and population)","050","Bangladesh","5123","Losses","S2641","Pimento","2013","2013","1000 t","2","I","Value imputed by a receiving agency"
"FBSH","Food Balances (-2013, old methodology and population)","050","Bangladesh","5142","Food","S2641","Pimento","2013","2013","1000 t","121","I","Value imputed by a receiving agency"
"FBSH","Food Balances (-2013, old methodology and population)","050","Bangladesh","645","Food supply quantity (kg/capita/yr)","S2641","Pimento","2013","2013","kg/cap","0.77","E","Estimated value"
"FBSH","Food Balances (-2013, old methodology and population)","050","Bangladesh","664","Food supply (kcal/capita/day)","S2641","Pimento","2013","2013","kcal/cap/d","6.11","E","Estimated value"
"FBSH","Food Balances (-2013, old methodology and population)","050","Bangladesh","674","Protein supply quantity (g/capita/day)","S2641","Pimento","2013","2013","g/cap/d","0.25","E","Estimated value"
"FBSH","Food Balances (-2013, old methodology and population)","050","Bangladesh","684","Fat supply quantity (g/capita/day)","S2641","Pimento","2013","2013","g/cap/d","0.26","E","Estimated value"
"FBSH","Food Balances (-2013, old methodology and population)","050","Bangladesh","5611","Import Quantity","S2642","Cloves","2013","2013","1000 t","0","I","Value imputed by a receiving agency"
"FBSH","Food Balances (-2013, old methodology and population)","050","Bangladesh","5911","Export quantity","S2642","Cloves","2013","2013","1000 t","0","I","Value imputed by a receiving agency"
"FBSH","Food Balances (-2013, old methodology and population)","050","Bangladesh","5301","Domestic supply quantity","S2642","Cloves","2013","2013","1000 t","0","I","Value imputed by a receiving agency"
"FBSH","Food Balances (-2013, old methodology and population)","050","Bangladesh","5142","Food","S2642","Cloves","2013","2013","1000 t","0","I","Value imputed by a receiving agency"
"FBSH","Food Balances (-2013, old methodology and population)","050","Bangladesh","645","Food supply quantity (kg/capita/yr)","S2642","Cloves","2013","2013","kg/cap","0","E","Estimated value"
"FBSH","Food Balances (-2013, old methodology and population)","050","Bangladesh","664","Food supply (kcal/capita/day)","S2642","Cloves","2013","2013","kcal/cap/d","0.03","E","Estimated value"
"FBSH","Food Balances (-2013, old methodology and population)","050","Bangladesh","674","Protein supply quantity (g/capita/day)","S2642","Cloves","2013","2013","g/cap/d","0","E","Estimated value"
"FBSH","Food Balances (-2013, old methodology and population)","050","Bangladesh","684","Fat supply quantity (g/capita/day)","S2642","Cloves","2013","2013","g/cap/d","0","E","Estimated value"
"FBSH","Food Balances (-2013, old methodology and population)","050","Bangladesh","5511","Production","S2645","Spices, Other","2013","2013","1000 t","224","I","Value imputed by a receiving agency"
"FBSH","Food Balances (-2013, old methodology and population)","050","Bangladesh","5611","Import Quantity","S2645","Spices, Other","2013","2013","1000 t","85","I","Value imputed by a receiving agency"
"FBSH","Food Balances (-2013, old methodology and population)","050","Bangladesh","5911","Export quantity","S2645","Spices, Other","2013","2013","1000 t","3","I","Value imputed by a receiving agency"
"FBSH","Food Balances (-2013, old methodology and population)","050","Bangladesh","5301","Domestic supply quantity","S2645","Spices, Other","2013","2013","1000 t","306","I","Value imputed by a receiving agency"
"FBSH","Food Balances (-2013, old methodology and population)","050","Bangladesh","5142","Food","S2645","Spices, Other","2013","2013","1000 t","306","I","Value imputed by a receiving agency"
"FBSH","Food Balances (-2013, old methodology and population)","050","Bangladesh","645","Food supply quantity (kg/capita/yr)","S2645","Spices, Other","2013","2013","kg/cap","1.95","E","Estimated value"
"FBSH","Food Balances (-2013, old methodology and population)","050","Bangladesh","664","Food supply (kcal/capita/day)","S2645","Spices, Other","2013","2013","kcal/cap/d","17.27","E","Estimated value"
"FBSH","Food Balances (-2013, old methodology and population)","050","Bangladesh","674","Protein supply quantity (g/capita/day)","S2645","Spices, Other","2013","2013","g/cap/d","0.54","E","Estimated value"
"FBSH","Food Balances (-2013, old methodology and population)","050","Bangladesh","684","Fat supply quantity (g/capita/day)","S2645","Spices, Other","2013","2013","g/cap/d","0.36","E","Estimated value"
"FBSH","Food Balances (-2013, old methodology and population)","050","Bangladesh","5611","Import Quantity","S2655","Wine","2013","2013","1000 t","0","I","Value imputed by a receiving agency"
"FBSH","Food Balances (-2013, old methodology and population)","050","Bangladesh","5301","Domestic supply quantity","S2655","Wine","2013","2013","1000 t","0","I","Value imputed by a receiving agency"
"FBSH","Food Balances (-2013, old methodology and population)","050","Bangladesh","5142","Food","S2655","Wine","2013","2013","1000 t","0","I","Value imputed by a receiving agency"
"FBSH","Food Balances (-2013, old methodology and population)","050","Bangladesh","645","Food supply quantity (kg/capita/yr)","S2655","Wine","2013","2013","kg/cap","0","E","Estimated value"
"FBSH","Food Balances (-2013, old methodology and population)","050","Bangladesh","664","Food supply (kcal/capita/day)","S2655","Wine","2013","2013","kcal/cap/d","0","E","Estimated value"
"FBSH","Food Balances (-2013, old methodology and population)","050","Bangladesh","5611","Import Quantity","S2656","Beer","2013","2013","1000 t","2","I","Value imputed by a receiving agency"
"FBSH","Food Balances (-2013, old methodology and population)","050","Bangladesh","5911","Export quantity","S2656","Beer","2013","2013","1000 t","0","I","Value imputed by a receiving agency"
"FBSH","Food Balances (-2013, old methodology and population)","050","Bangladesh","5301","Domestic supply quantity","S2656","Beer","2013","2013","1000 t","2","I","Value imputed by a receiving agency"
"FBSH","Food Balances (-2013, old methodology and population)","050","Bangladesh","5142","Food","S2656","Beer","2013","2013","1000 t","2","I","Value imputed by a receiving agency"
"FBSH","Food Balances (-2013, old methodology and population)","050","Bangladesh","645","Food supply quantity (kg/capita/yr)","S2656","Beer","2013","2013","kg/cap","0.01","E","Estimated value"
"FBSH","Food Balances (-2013, old methodology and population)","050","Bangladesh","664","Food supply (kcal/capita/day)","S2656","Beer","2013","2013","kcal/cap/d","0.02","E","Estimated value"
"FBSH","Food Balances (-2013, old methodology and population)","050","Bangladesh","674","Protein supply quantity (g/capita/day)","S2656","Beer","2013","2013","g/cap/d","0","E","Estimated value"
"FBSH","Food Balances (-2013, old methodology and population)","050","Bangladesh","5611","Import Quantity","S2657","Beverages, Fermented","2013","2013","1000 t","0","I","Value imputed by a receiving agency"
"FBSH","Food Balances (-2013, old methodology and population)","050","Bangladesh","5911","Export quantity","S2657","Beverages, Fermented","2013","2013","1000 t","0","I","Value imputed by a receiving agency"
"FBSH","Food Balances (-2013, old methodology and population)","050","Bangladesh","5301","Domestic supply quantity","S2657","Beverages, Fermented","2013","2013","1000 t","0","I","Value imputed by a receiving agency"
"FBSH","Food Balances (-2013, old methodology and population)","050","Bangladesh","5142","Food","S2657","Beverages, Fermented","2013","2013","1000 t","0","I","Value imputed by a receiving agency"
"FBSH","Food Balances (-2013, old methodology and population)","050","Bangladesh","645","Food supply quantity (kg/capita/yr)","S2657","Beverages, Fermented","2013","2013","kg/cap","0","E","Estimated value"
"FBSH","Food Balances (-2013, old methodology and population)","050","Bangladesh","664","Food supply (kcal/capita/day)","S2657","Beverages, Fermented","2013","2013","kcal/cap/d","0","E","Estimated value"
"FBSH","Food Balances (-2013, old methodology and population)","050","Bangladesh","5611","Import Quantity","S2658","Beverages, Alcoholic","2013","2013","1000 t","1","I","Value imputed by a receiving agency"
"FBSH","Food Balances (-2013, old methodology and population)","050","Bangladesh","5074","Stock Variation","S2658","Beverages, Alcoholic","2013","2013","1000 t","0","I","Value imputed by a receiving agency"
"FBSH","Food Balances (-2013, old methodology and population)","050","Bangladesh","5911","Export quantity","S2658","Beverages, Alcoholic","2013","2013","1000 t","0","I","Value imputed by a receiving agency"
"FBSH","Food Balances (-2013, old methodology and population)","050","Bangladesh","5301","Domestic supply quantity","S2658","Beverages, Alcoholic","2013","2013","1000 t","1","I","Value imputed by a receiving agency"
"FBSH","Food Balances (-2013, old methodology and population)","050","Bangladesh","5142","Food","S2658","Beverages, Alcoholic","2013","2013","1000 t","1","I","Value imputed by a receiving agency"
"FBSH","Food Balances (-2013, old methodology and population)","050","Bangladesh","645","Food supply quantity (kg/capita/yr)","S2658","Beverages, Alcoholic","2013","2013","kg/cap","0.01","E","Estimated value"
"FBSH","Food Balances (-2013, old methodology and population)","050","Bangladesh","664","Food supply (kcal/capita/day)","S2658","Beverages, Alcoholic","2013","2013","kcal/cap/d","0.04","E","Estimated value"
"FBSH","Food Balances (-2013, old methodology and population)","050","Bangladesh","5611","Import Quantity","S2659","Alcohol, Non-Food","2013","2013","1000 t","0","I","Value imputed by a receiving agency"
"FBSH","Food Balances (-2013, old methodology and population)","050","Bangladesh","5911","Export quantity","S2659","Alcohol, Non-Food","2013","2013","1000 t","0","I","Value imputed by a receiving agency"
"FBSH","Food Balances (-2013, old methodology and population)","050","Bangladesh","5301","Domestic supply quantity","S2659","Alcohol, Non-Food","2013","2013","1000 t","0","I","Value imputed by a receiving agency"
"FBSH","Food Balances (-2013, old methodology and population)","050","Bangladesh","5154","Other uses (non-food)","S2659","Alcohol, Non-Food","2013","2013","1000 t","0","I","Value imputed by a receiving agency"
"FBSH","Food Balances (-2013, old methodology and population)","050","Bangladesh","5511","Production","S2731","Bovine Meat","2013","2013","1000 t","200","I","Value imputed by a receiving agency"
"FBSH","Food Balances (-2013, old methodology and population)","050","Bangladesh","5611","Import Quantity","S2731","Bovine Meat","2013","2013","1000 t","0","I","Value imputed by a receiving agency"
"FBSH","Food Balances (-2013, old methodology and population)","050","Bangladesh","5911","Export quantity","S2731","Bovine Meat","2013","2013","1000 t","0","I","Value imputed by a receiving agency"
"FBSH","Food Balances (-2013, old methodology and population)","050","Bangladesh","5301","Domestic supply quantity","S2731","Bovine Meat","2013","2013","1000 t","201","I","Value imputed by a receiving agency"
"FBSH","Food Balances (-2013, old methodology and population)","050","Bangladesh","5142","Food","S2731","Bovine Meat","2013","2013","1000 t","201","I","Value imputed by a receiving agency"
"FBSH","Food Balances (-2013, old methodology and population)","050","Bangladesh","645","Food supply quantity (kg/capita/yr)","S2731","Bovine Meat","2013","2013","kg/cap","1.28","E","Estimated value"
"FBSH","Food Balances (-2013, old methodology and population)","050","Bangladesh","664","Food supply (kcal/capita/day)","S2731","Bovine Meat","2013","2013","kcal/cap/d","5.96","E","Estimated value"
"FBSH","Food Balances (-2013, old methodology and population)","050","Bangladesh","674","Protein supply quantity (g/capita/day)","S2731","Bovine Meat","2013","2013","g/cap/d","0.54","E","Estimated value"
"FBSH","Food Balances (-2013, old methodology and population)","050","Bangladesh","684","Fat supply quantity (g/capita/day)","S2731","Bovine Meat","2013","2013","g/cap/d","0.41","E","Estimated value"
"FBSH","Food Balances (-2013, old methodology and population)","050","Bangladesh","5511","Production","S2732","Mutton & Goat Meat","2013","2013","1000 t","208","I","Value imputed by a receiving agency"
"FBSH","Food Balances (-2013, old methodology and population)","050","Bangladesh","5611","Import Quantity","S2732","Mutton & Goat Meat","2013","2013","1000 t","0","I","Value imputed by a receiving agency"
"FBSH","Food Balances (-2013, old methodology and population)","050","Bangladesh","5911","Export quantity","S2732","Mutton & Goat Meat","2013","2013","1000 t","0","I","Value imputed by a receiving agency"
"FBSH","Food Balances (-2013, old methodology and population)","050","Bangladesh","5301","Domestic supply quantity","S2732","Mutton & Goat Meat","2013","2013","1000 t","208","I","Value imputed by a receiving agency"
"FBSH","Food Balances (-2013, old methodology and population)","050","Bangladesh","5142","Food","S2732","Mutton & Goat Meat","2013","2013","1000 t","208","I","Value imputed by a receiving agency"
"FBSH","Food Balances (-2013, old methodology and population)","050","Bangladesh","645","Food supply quantity (kg/capita/yr)","S2732","Mutton & Goat Meat","2013","2013","kg/cap","1.33","E","Estimated value"
"FBSH","Food Balances (-2013, old methodology and population)","050","Bangladesh","664","Food supply (kcal/capita/day)","S2732","Mutton & Goat Meat","2013","2013","kcal/cap/d","5.64","E","Estimated value"
"FBSH","Food Balances (-2013, old methodology and population)","050","Bangladesh","674","Protein supply quantity (g/capita/day)","S2732","Mutton & Goat Meat","2013","2013","g/cap/d","0.56","E","Estimated value"
"FBSH","Food Balances (-2013, old methodology and population)","050","Bangladesh","684","Fat supply quantity (g/capita/day)","S2732","Mutton & Goat Meat","2013","2013","g/cap/d","0.35","E","Estimated value"
"FBSH","Food Balances (-2013, old methodology and population)","050","Bangladesh","5611","Import Quantity","S2733","Pigmeat","2013","2013","1000 t","0","I","Value imputed by a receiving agency"
"FBSH","Food Balances (-2013, old methodology and population)","050","Bangladesh","5301","Domestic supply quantity","S2733","Pigmeat","2013","2013","1000 t","0","I","Value imputed by a receiving agency"
"FBSH","Food Balances (-2013, old methodology and population)","050","Bangladesh","5142","Food","S2733","Pigmeat","2013","2013","1000 t","0","I","Value imputed by a receiving agency"
"FBSH","Food Balances (-2013, old methodology and population)","050","Bangladesh","645","Food supply quantity (kg/capita/yr)","S2733","Pigmeat","2013","2013","kg/cap","0","E","Estimated value"
"FBSH","Food Balances (-2013, old methodology and population)","050","Bangladesh","664","Food supply (kcal/capita/day)","S2733","Pigmeat","2013","2013","kcal/cap/d","0","E","Estimated value"
"FBSH","Food Balances (-2013, old methodology and population)","050","Bangladesh","674","Protein supply quantity (g/capita/day)","S2733","Pigmeat","2013","2013","g/cap/d","0","E","Estimated value"
"FBSH","Food Balances (-2013, old methodology and population)","050","Bangladesh","684","Fat supply quantity (g/capita/day)","S2733","Pigmeat","2013","2013","g/cap/d","0","E","Estimated value"
"FBSH","Food Balances (-2013, old methodology and population)","050","Bangladesh","5511","Production","S2734","Poultry Meat","2013","2013","1000 t","220","I","Value imputed by a receiving agency"
"FBSH","Food Balances (-2013, old methodology and population)","050","Bangladesh","5611","Import Quantity","S2734","Poultry Meat","2013","2013","1000 t","0","I","Value imputed by a receiving agency"
"FBSH","Food Balances (-2013, old methodology and population)","050","Bangladesh","5301","Domestic supply quantity","S2734","Poultry Meat","2013","2013","1000 t","220","I","Value imputed by a receiving agency"
"FBSH","Food Balances (-2013, old methodology and population)","050","Bangladesh","5142","Food","S2734","Poultry Meat","2013","2013","1000 t","220","I","Value imputed by a receiving agency"
"FBSH","Food Balances (-2013, old methodology and population)","050","Bangladesh","645","Food supply quantity (kg/capita/yr)","S2734","Poultry Meat","2013","2013","kg/cap","1.4","E","Estimated value"
"FBSH","Food Balances (-2013, old methodology and population)","050","Bangladesh","664","Food supply (kcal/capita/day)","S2734","Poultry Meat","2013","2013","kcal/cap/d","6.05","E","Estimated value"
"FBSH","Food Balances (-2013, old methodology and population)","050","Bangladesh","674","Protein supply quantity (g/capita/day)","S2734","Poultry Meat","2013","2013","g/cap/d","0.44","E","Estimated value"
"FBSH","Food Balances (-2013, old methodology and population)","050","Bangladesh","684","Fat supply quantity (g/capita/day)","S2734","Poultry Meat","2013","2013","g/cap/d","0.46","E","Estimated value"
"FBSH","Food Balances (-2013, old methodology and population)","050","Bangladesh","5511","Production","S2735","Meat, Other","2013","2013","1000 t","16","I","Value imputed by a receiving agency"
"FBSH","Food Balances (-2013, old methodology and population)","050","Bangladesh","5611","Import Quantity","S2735","Meat, Other","2013","2013","1000 t","0","I","Value imputed by a receiving agency"
"FBSH","Food Balances (-2013, old methodology and population)","050","Bangladesh","5911","Export quantity","S2735","Meat, Other","2013","2013","1000 t","0","I","Value imputed by a receiving agency"
"FBSH","Food Balances (-2013, old methodology and population)","050","Bangladesh","5301","Domestic supply quantity","S2735","Meat, Other","2013","2013","1000 t","16","I","Value imputed by a receiving agency"
"FBSH","Food Balances (-2013, old methodology and population)","050","Bangladesh","5142","Food","S2735","Meat, Other","2013","2013","1000 t","16","I","Value imputed by a receiving agency"
"FBSH","Food Balances (-2013, old methodology and population)","050","Bangladesh","645","Food supply quantity (kg/capita/yr)","S2735","Meat, Other","2013","2013","kg/cap","0.1","E","Estimated value"
"FBSH","Food Balances (-2013, old methodology and population)","050","Bangladesh","664","Food supply (kcal/capita/day)","S2735","Meat, Other","2013","2013","kcal/cap/d","0.28","E","Estimated value"
"FBSH","Food Balances (-2013, old methodology and population)","050","Bangladesh","674","Protein supply quantity (g/capita/day)","S2735","Meat, Other","2013","2013","g/cap/d","0.06","E","Estimated value"
"FBSH","Food Balances (-2013, old methodology and population)","050","Bangladesh","684","Fat supply quantity (g/capita/day)","S2735","Meat, Other","2013","2013","g/cap/d","0","E","Estimated value"
"FBSH","Food Balances (-2013, old methodology and population)","050","Bangladesh","5511","Production","S2736","Offals, Edible","2013","2013","1000 t","93","I","Value imputed by a receiving agency"
"FBSH","Food Balances (-2013, old methodology and population)","050","Bangladesh","5611","Import Quantity","S2736","Offals, Edible","2013","2013","1000 t","0","I","Value imputed by a receiving agency"
"FBSH","Food Balances (-2013, old methodology and population)","050","Bangladesh","5301","Domestic supply quantity","S2736","Offals, Edible","2013","2013","1000 t","93","I","Value imputed by a receiving agency"
"FBSH","Food Balances (-2013, old methodology and population)","050","Bangladesh","5142","Food","S2736","Offals, Edible","2013","2013","1000 t","93","I","Value imputed by a receiving agency"
"FBSH","Food Balances (-2013, old methodology and population)","050","Bangladesh","645","Food supply quantity (kg/capita/yr)","S2736","Offals, Edible","2013","2013","kg/cap","0.59","E","Estimated value"
"FBSH","Food Balances (-2013, old methodology and population)","050","Bangladesh","664","Food supply (kcal/capita/day)","S2736","Offals, Edible","2013","2013","kcal/cap/d","1.83","E","Estimated value"
"FBSH","Food Balances (-2013, old methodology and population)","050","Bangladesh","674","Protein supply quantity (g/capita/day)","S2736","Offals, Edible","2013","2013","g/cap/d","0.26","E","Estimated value"
"FBSH","Food Balances (-2013, old methodology and population)","050","Bangladesh","684","Fat supply quantity (g/capita/day)","S2736","Offals, Edible","2013","2013","g/cap/d","0.07","E","Estimated value"
"FBSH","Food Balances (-2013, old methodology and population)","050","Bangladesh","5511","Production","S2740","Butter, Ghee","2013","2013","1000 t","27","I","Value imputed by a receiving agency"
"FBSH","Food Balances (-2013, old methodology and population)","050","Bangladesh","5611","Import Quantity","S2740","Butter, Ghee","2013","2013","1000 t","4","I","Value imputed by a receiving agency"
"FBSH","Food Balances (-2013, old methodology and population)","050","Bangladesh","5911","Export quantity","S2740","Butter, Ghee","2013","2013","1000 t","0","I","Value imputed by a receiving agency"
"FBSH","Food Balances (-2013, old methodology and population)","050","Bangladesh","5301","Domestic supply quantity","S2740","Butter, Ghee","2013","2013","1000 t","31","I","Value imputed by a receiving agency"
"FBSH","Food Balances (-2013, old methodology and population)","050","Bangladesh","5142","Food","S2740","Butter, Ghee","2013","2013","1000 t","31","I","Value imputed by a receiving agency"
"FBSH","Food Balances (-2013, old methodology and population)","050","Bangladesh","645","Food supply quantity (kg/capita/yr)","S2740","Butter, Ghee","2013","2013","kg/cap","0.2","E","Estimated value"
"FBSH","Food Balances (-2013, old methodology and population)","050","Bangladesh","664","Food supply (kcal/capita/day)","S2740","Butter, Ghee","2013","2013","kcal/cap/d","4.66","E","Estimated value"
"FBSH","Food Balances (-2013, old methodology and population)","050","Bangladesh","674","Protein supply quantity (g/capita/day)","S2740","Butter, Ghee","2013","2013","g/cap/d","0","E","Estimated value"
"FBSH","Food Balances (-2013, old methodology and population)","050","Bangladesh","684","Fat supply quantity (g/capita/day)","S2740","Butter, Ghee","2013","2013","g/cap/d","0.53","E","Estimated value"
"FBSH","Food Balances (-2013, old methodology and population)","050","Bangladesh","5611","Import Quantity","S2743","Cream","2013","2013","1000 t","0","I","Value imputed by a receiving agency"
"FBSH","Food Balances (-2013, old methodology and population)","050","Bangladesh","5301","Domestic supply quantity","S2743","Cream","2013","2013","1000 t","0","I","Value imputed by a receiving agency"
"FBSH","Food Balances (-2013, old methodology and population)","050","Bangladesh","5142","Food","S2743","Cream","2013","2013","1000 t","0","I","Value imputed by a receiving agency"
"FBSH","Food Balances (-2013, old methodology and population)","050","Bangladesh","645","Food supply quantity (kg/capita/yr)","S2743","Cream","2013","2013","kg/cap","0","E","Estimated value"
"FBSH","Food Balances (-2013, old methodology and population)","050","Bangladesh","664","Food supply (kcal/capita/day)","S2743","Cream","2013","2013","kcal/cap/d","0","E","Estimated value"
"FBSH","Food Balances (-2013, old methodology and population)","050","Bangladesh","674","Protein supply quantity (g/capita/day)","S2743","Cream","2013","2013","g/cap/d","0","E","Estimated value"
"FBSH","Food Balances (-2013, old methodology and population)","050","Bangladesh","684","Fat supply quantity (g/capita/day)","S2743","Cream","2013","2013","g/cap/d","0","E","Estimated value"
"FBSH","Food Balances (-2013, old methodology and population)","050","Bangladesh","5511","Production","S2737","Fats, Animals, Raw","2013","2013","1000 t","21","I","Value imputed by a receiving agency"
"FBSH","Food Balances (-2013, old methodology and population)","050","Bangladesh","5611","Import Quantity","S2737","Fats, Animals, Raw","2013","2013","1000 t","1","I","Value imputed by a receiving agency"
"FBSH","Food Balances (-2013, old methodology and population)","050","Bangladesh","5911","Export quantity","S2737","Fats, Animals, Raw","2013","2013","1000 t","0","I","Value imputed by a receiving agency"
"FBSH","Food Balances (-2013, old methodology and population)","050","Bangladesh","5301","Domestic supply quantity","S2737","Fats, Animals, Raw","2013","2013","1000 t","21","I","Value imputed by a receiving agency"
"FBSH","Food Balances (-2013, old methodology and population)","050","Bangladesh","5154","Other uses (non-food)","S2737","Fats, Animals, Raw","2013","2013","1000 t","1","I","Value imputed by a receiving agency"
"FBSH","Food Balances (-2013, old methodology and population)","050","Bangladesh","5142","Food","S2737","Fats, Animals, Raw","2013","2013","1000 t","21","I","Value imputed by a receiving agency"
"FBSH","Food Balances (-2013, old methodology and population)","050","Bangladesh","645","Food supply quantity (kg/capita/yr)","S2737","Fats, Animals, Raw","2013","2013","kg/cap","0.13","E","Estimated value"
"FBSH","Food Balances (-2013, old methodology and population)","050","Bangladesh","664","Food supply (kcal/capita/day)","S2737","Fats, Animals, Raw","2013","2013","kcal/cap/d","3.05","E","Estimated value"
"FBSH","Food Balances (-2013, old methodology and population)","050","Bangladesh","674","Protein supply quantity (g/capita/day)","S2737","Fats, Animals, Raw","2013","2013","g/cap/d","0.01","E","Estimated value"
"FBSH","Food Balances (-2013, old methodology and population)","050","Bangladesh","684","Fat supply quantity (g/capita/day)","S2737","Fats, Animals, Raw","2013","2013","g/cap/d","0.34","E","Estimated value"
"FBSH","Food Balances (-2013, old methodology and population)","050","Bangladesh","5611","Import Quantity","S2781","Fish, Body Oil","2013","2013","1000 t","0.69","I","Value imputed by a receiving agency"
"FBSH","Food Balances (-2013, old methodology and population)","050","Bangladesh","5911","Export quantity","S2781","Fish, Body Oil","2013","2013","1000 t","0","I","Value imputed by a receiving agency"
"FBSH","Food Balances (-2013, old methodology and population)","050","Bangladesh","5301","Domestic supply quantity","S2781","Fish, Body Oil","2013","2013","1000 t","0.69","I","Value imputed by a receiving agency"
"FBSH","Food Balances (-2013, old methodology and population)","050","Bangladesh","5154","Other uses (non-food)","S2781","Fish, Body Oil","2013","2013","1000 t","0.69","I","Value imputed by a receiving agency"
"FBSH","Food Balances (-2013, old methodology and population)","050","Bangladesh","5142","Food","S2781","Fish, Body Oil","2013","2013","1000 t","0","I","Value imputed by a receiving agency"
"FBSH","Food Balances (-2013, old methodology and population)","050","Bangladesh","645","Food supply quantity (kg/capita/yr)","S2781","Fish, Body Oil","2013","2013","kg/cap","0","E","Estimated value"
"FBSH","Food Balances (-2013, old methodology and population)","050","Bangladesh","664","Food supply (kcal/capita/day)","S2781","Fish, Body Oil","2013","2013","kcal/cap/d","0","E","Estimated value"
"FBSH","Food Balances (-2013, old methodology and population)","050","Bangladesh","674","Protein supply quantity (g/capita/day)","S2781","Fish, Body Oil","2013","2013","g/cap/d","0","E","Estimated value"
"FBSH","Food Balances (-2013, old methodology and population)","050","Bangladesh","684","Fat supply quantity (g/capita/day)","S2781","Fish, Body Oil","2013","2013","g/cap/d","0","E","Estimated value"
"FBSH","Food Balances (-2013, old methodology and population)","050","Bangladesh","5611","Import Quantity","S2782","Fish, Liver Oil","2013","2013","1000 t","0.02","I","Value imputed by a receiving agency"
"FBSH","Food Balances (-2013, old methodology and population)","050","Bangladesh","5301","Domestic supply quantity","S2782","Fish, Liver Oil","2013","2013","1000 t","0.02","I","Value imputed by a receiving agency"
"FBSH","Food Balances (-2013, old methodology and population)","050","Bangladesh","5154","Other uses (non-food)","S2782","Fish, Liver Oil","2013","2013","1000 t","0","I","Value imputed by a receiving agency"
"FBSH","Food Balances (-2013, old methodology and population)","050","Bangladesh","5142","Food","S2782","Fish, Liver Oil","2013","2013","1000 t","0.02","I","Value imputed by a receiving agency"
"FBSH","Food Balances (-2013, old methodology and population)","050","Bangladesh","645","Food supply quantity (kg/capita/yr)","S2782","Fish, Liver Oil","2013","2013","kg/cap","0","E","Estimated value"
"FBSH","Food Balances (-2013, old methodology and population)","050","Bangladesh","664","Food supply (kcal/capita/day)","S2782","Fish, Liver Oil","2013","2013","kcal/cap/d","0","E","Estimated value"
"FBSH","Food Balances (-2013, old methodology and population)","050","Bangladesh","674","Protein supply quantity (g/capita/day)","S2782","Fish, Liver Oil","2013","2013","g/cap/d","0","E","Estimated value"
"FBSH","Food Balances (-2013, old methodology and population)","050","Bangladesh","684","Fat supply quantity (g/capita/day)","S2782","Fish, Liver Oil","2013","2013","g/cap/d","0","E","Estimated value"
"FBSH","Food Balances (-2013, old methodology and population)","050","Bangladesh","5511","Production","S2744","Eggs","2013","2013","1000 t","392","I","Value imputed by a receiving agency"
"FBSH","Food Balances (-2013, old methodology and population)","050","Bangladesh","5611","Import Quantity","S2744","Eggs","2013","2013","1000 t","0","I","Value imputed by a receiving agency"
"FBSH","Food Balances (-2013, old methodology and population)","050","Bangladesh","5301","Domestic supply quantity","S2744","Eggs","2013","2013","1000 t","392","I","Value imputed by a receiving agency"
"FBSH","Food Balances (-2013, old methodology and population)","050","Bangladesh","5527","Seed","S2744","Eggs","2013","2013","1000 t","27","I","Value imputed by a receiving agency"
"FBSH","Food Balances (-2013, old methodology and population)","050","Bangladesh","5123","Losses","S2744","Eggs","2013","2013","1000 t","39","I","Value imputed by a receiving agency"
"FBSH","Food Balances (-2013, old methodology and population)","050","Bangladesh","5142","Food","S2744","Eggs","2013","2013","1000 t","326","I","Value imputed by a receiving agency"
"FBSH","Food Balances (-2013, old methodology and population)","050","Bangladesh","645","Food supply quantity (kg/capita/yr)","S2744","Eggs","2013","2013","kg/cap","2.08","E","Estimated value"
"FBSH","Food Balances (-2013, old methodology and population)","050","Bangladesh","664","Food supply (kcal/capita/day)","S2744","Eggs","2013","2013","kcal/cap/d","8.54","E","Estimated value"
"FBSH","Food Balances (-2013, old methodology and population)","050","Bangladesh","674","Protein supply quantity (g/capita/day)","S2744","Eggs","2013","2013","g/cap/d","0.64","E","Estimated value"
"FBSH","Food Balances (-2013, old methodology and population)","050","Bangladesh","684","Fat supply quantity (g/capita/day)","S2744","Eggs","2013","2013","g/cap/d","0.62","E","Estimated value"
"FBSH","Food Balances (-2013, old methodology and population)","050","Bangladesh","5511","Production","S2848","Milk - Excluding Butter","2013","2013","1000 t","3531","I","Value imputed by a receiving agency"
"FBSH","Food Balances (-2013, old methodology and population)","050","Bangladesh","5611","Import Quantity","S2848","Milk - Excluding Butter","2013","2013","1000 t","752","I","Value imputed by a receiving agency"
"FBSH","Food Balances (-2013, old methodology and population)","050","Bangladesh","5074","Stock Variation","S2848","Milk - Excluding Butter","2013","2013","1000 t","0","I","Value imputed by a receiving agency"
"FBSH","Food Balances (-2013, old methodology and population)","050","Bangladesh","5911","Export quantity","S2848","Milk - Excluding Butter","2013","2013","1000 t","0","I","Value imputed by a receiving agency"
"FBSH","Food Balances (-2013, old methodology and population)","050","Bangladesh","5301","Domestic supply quantity","S2848","Milk - Excluding Butter","2013","2013","1000 t","4283","I","Value imputed by a receiving agency"
"FBSH","Food Balances (-2013, old methodology and population)","050","Bangladesh","5521","Feed","S2848","Milk - Excluding Butter","2013","2013","1000 t","545","I","Value imputed by a receiving agency"
"FBSH","Food Balances (-2013, old methodology and population)","050","Bangladesh","5123","Losses","S2848","Milk - Excluding Butter","2013","2013","1000 t","307","I","Value imputed by a receiving agency"
"FBSH","Food Balances (-2013, old methodology and population)","050","Bangladesh","5142","Food","S2848","Milk - Excluding Butter","2013","2013","1000 t","3431","I","Value imputed by a receiving agency"
"FBSH","Food Balances (-2013, old methodology and population)","050","Bangladesh","645","Food supply quantity (kg/capita/yr)","S2848","Milk - Excluding Butter","2013","2013","kg/cap","21.91","E","Estimated value"
"FBSH","Food Balances (-2013, old methodology and population)","050","Bangladesh","664","Food supply (kcal/capita/day)","S2848","Milk - Excluding Butter","2013","2013","kcal/cap/d","36.82","E","Estimated value"
"FBSH","Food Balances (-2013, old methodology and population)","050","Bangladesh","674","Protein supply quantity (g/capita/day)","S2848","Milk - Excluding Butter","2013","2013","g/cap/d","2.05","E","Estimated value"
"FBSH","Food Balances (-2013, old methodology and population)","050","Bangladesh","684","Fat supply quantity (g/capita/day)","S2848","Milk - Excluding Butter","2013","2013","g/cap/d","2","E","Estimated value"
"FBSH","Food Balances (-2013, old methodology and population)","050","Bangladesh","5511","Production","S2761","Freshwater Fish","2013","2013","1000 t","2560.91","I","Value imputed by a receiving agency"
"FBSH","Food Balances (-2013, old methodology and population)","050","Bangladesh","5611","Import Quantity","S2761","Freshwater Fish","2013","2013","1000 t","2.21","I","Value imputed by a receiving agency"
"FBSH","Food Balances (-2013, old methodology and population)","050","Bangladesh","5911","Export quantity","S2761","Freshwater Fish","2013","2013","1000 t","17.55","I","Value imputed by a receiving agency"
"FBSH","Food Balances (-2013, old methodology and population)","050","Bangladesh","5301","Domestic supply quantity","S2761","Freshwater Fish","2013","2013","1000 t","2545.57","I","Value imputed by a receiving agency"
"FBSH","Food Balances (-2013, old methodology and population)","050","Bangladesh","5154","Other uses (non-food)","S2761","Freshwater Fish","2013","2013","1000 t","0","I","Value imputed by a receiving agency"
"FBSH","Food Balances (-2013, old methodology and population)","050","Bangladesh","5142","Food","S2761","Freshwater Fish","2013","2013","1000 t","2545.57","I","Value imputed by a receiving agency"
"FBSH","Food Balances (-2013, old methodology and population)","050","Bangladesh","645","Food supply quantity (kg/capita/yr)","S2761","Freshwater Fish","2013","2013","kg/cap","16.26","E","Estimated value"
"FBSH","Food Balances (-2013, old methodology and population)","050","Bangladesh","664","Food supply (kcal/capita/day)","S2761","Freshwater Fish","2013","2013","kcal/cap/d","28.66","E","Estimated value"
"FBSH","Food Balances (-2013, old methodology and population)","050","Bangladesh","674","Protein supply quantity (g/capita/day)","S2761","Freshwater Fish","2013","2013","g/cap/d","4.53","E","Estimated value"
"FBSH","Food Balances (-2013, old methodology and population)","050","Bangladesh","684","Fat supply quantity (g/capita/day)","S2761","Freshwater Fish","2013","2013","g/cap/d","1.04","E","Estimated value"
"FBSH","Food Balances (-2013, old methodology and population)","050","Bangladesh","5511","Production","S2762","Demersal Fish","2013","2013","1000 t","89.95","I","Value imputed by a receiving agency"
"FBSH","Food Balances (-2013, old methodology and population)","050","Bangladesh","5611","Import Quantity","S2762","Demersal Fish","2013","2013","1000 t","5.52","I","Value imputed by a receiving agency"
"FBSH","Food Balances (-2013, old methodology and population)","050","Bangladesh","5911","Export quantity","S2762","Demersal Fish","2013","2013","1000 t","1.54","I","Value imputed by a receiving agency"
"FBSH","Food Balances (-2013, old methodology and population)","050","Bangladesh","5301","Domestic supply quantity","S2762","Demersal Fish","2013","2013","1000 t","93.93","I","Value imputed by a receiving agency"
"FBSH","Food Balances (-2013, old methodology and population)","050","Bangladesh","5154","Other uses (non-food)","S2762","Demersal Fish","2013","2013","1000 t","0","I","Value imputed by a receiving agency"
"FBSH","Food Balances (-2013, old methodology and population)","050","Bangladesh","5142","Food","S2762","Demersal Fish","2013","2013","1000 t","93.93","I","Value imputed by a receiving agency"
"FBSH","Food Balances (-2013, old methodology and population)","050","Bangladesh","645","Food supply quantity (kg/capita/yr)","S2762","Demersal Fish","2013","2013","kg/cap","0.6","E","Estimated value"
"FBSH","Food Balances (-2013, old methodology and population)","050","Bangladesh","664","Food supply (kcal/capita/day)","S2762","Demersal Fish","2013","2013","kcal/cap/d","0.83","E","Estimated value"
"FBSH","Food Balances (-2013, old methodology and population)","050","Bangladesh","674","Protein supply quantity (g/capita/day)","S2762","Demersal Fish","2013","2013","g/cap/d","0.17","E","Estimated value"
"FBSH","Food Balances (-2013, old methodology and population)","050","Bangladesh","684","Fat supply quantity (g/capita/day)","S2762","Demersal Fish","2013","2013","g/cap/d","0.01","E","Estimated value"
"FBSH","Food Balances (-2013, old methodology and population)","050","Bangladesh","5511","Production","S2763","Pelagic Fish","2013","2013","1000 t","102.54","I","Value imputed by a receiving agency"
"FBSH","Food Balances (-2013, old methodology and population)","050","Bangladesh","5611","Import Quantity","S2763","Pelagic Fish","2013","2013","1000 t","15.63","I","Value imputed by a receiving agency"
"FBSH","Food Balances (-2013, old methodology and population)","050","Bangladesh","5911","Export quantity","S2763","Pelagic Fish","2013","2013","1000 t","0.09","I","Value imputed by a receiving agency"
"FBSH","Food Balances (-2013, old methodology and population)","050","Bangladesh","5301","Domestic supply quantity","S2763","Pelagic Fish","2013","2013","1000 t","118.08","I","Value imputed by a receiving agency"
"FBSH","Food Balances (-2013, old methodology and population)","050","Bangladesh","5521","Feed","S2763","Pelagic Fish","2013","2013","1000 t","43.63","I","Value imputed by a receiving agency"
"FBSH","Food Balances (-2013, old methodology and population)","050","Bangladesh","5154","Other uses (non-food)","S2763","Pelagic Fish","2013","2013","1000 t","0","I","Value imputed by a receiving agency"
"FBSH","Food Balances (-2013, old methodology and population)","050","Bangladesh","5142","Food","S2763","Pelagic Fish","2013","2013","1000 t","74.45","I","Value imputed by a receiving agency"
"FBSH","Food Balances (-2013, old methodology and population)","050","Bangladesh","645","Food supply quantity (kg/capita/yr)","S2763","Pelagic Fish","2013","2013","kg/cap","0.48","E","Estimated value"
"FBSH","Food Balances (-2013, old methodology and population)","050","Bangladesh","664","Food supply (kcal/capita/day)","S2763","Pelagic Fish","2013","2013","kcal/cap/d","0.88","E","Estimated value"
"FBSH","Food Balances (-2013, old methodology and population)","050","Bangladesh","674","Protein supply quantity (g/capita/day)","S2763","Pelagic Fish","2013","2013","g/cap/d","0.14","E","Estimated value"
"FBSH","Food Balances (-2013, old methodology and population)","050","Bangladesh","684","Fat supply quantity (g/capita/day)","S2763","Pelagic Fish","2013","2013","g/cap/d","0.03","E","Estimated value"
"FBSH","Food Balances (-2013, old methodology and population)","050","Bangladesh","5511","Production","S2764","Marine Fish, Other","2013","2013","1000 t","131.22","I","Value imputed by a receiving agency"
"FBSH","Food Balances (-2013, old methodology and population)","050","Bangladesh","5611","Import Quantity","S2764","Marine Fish, Other","2013","2013","1000 t","20.78","I","Value imputed by a receiving agency"
"FBSH","Food Balances (-2013, old methodology and population)","050","Bangladesh","5911","Export quantity","S2764","Marine Fish, Other","2013","2013","1000 t","25.76","I","Value imputed by a receiving agency"
"FBSH","Food Balances (-2013, old methodology and population)","050","Bangladesh","5301","Domestic supply quantity","S2764","Marine Fish, Other","2013","2013","1000 t","126.24","I","Value imputed by a receiving agency"
"FBSH","Food Balances (-2013, old methodology and population)","050","Bangladesh","5521","Feed","S2764","Marine Fish, Other","2013","2013","1000 t","11.34","I","Value imputed by a receiving agency"
"FBSH","Food Balances (-2013, old methodology and population)","050","Bangladesh","5154","Other uses (non-food)","S2764","Marine Fish, Other","2013","2013","1000 t","0","I","Value imputed by a receiving agency"
"FBSH","Food Balances (-2013, old methodology and population)","050","Bangladesh","5142","Food","S2764","Marine Fish, Other","2013","2013","1000 t","114.9","I","Value imputed by a receiving agency"
"FBSH","Food Balances (-2013, old methodology and population)","050","Bangladesh","645","Food supply quantity (kg/capita/yr)","S2764","Marine Fish, Other","2013","2013","kg/cap","0.73","E","Estimated value"
"FBSH","Food Balances (-2013, old methodology and population)","050","Bangladesh","664","Food supply (kcal/capita/day)","S2764","Marine Fish, Other","2013","2013","kcal/cap/d","1.29","E","Estimated value"
"FBSH","Food Balances (-2013, old methodology and population)","050","Bangladesh","674","Protein supply quantity (g/capita/day)","S2764","Marine Fish, Other","2013","2013","g/cap/d","0.22","E","Estimated value"
"FBSH","Food Balances (-2013, old methodology and population)","050","Bangladesh","684","Fat supply quantity (g/capita/day)","S2764","Marine Fish, Other","2013","2013","g/cap/d","0.04","E","Estimated value"
"FBSH","Food Balances (-2013, old methodology and population)","050","Bangladesh","5511","Production","S2765","Crustaceans","2013","2013","1000 t","239.46","I","Value imputed by a receiving agency"
"FBSH","Food Balances (-2013, old methodology and population)","050","Bangladesh","5611","Import Quantity","S2765","Crustaceans","2013","2013","1000 t","0.7","I","Value imputed by a receiving agency"
"FBSH","Food Balances (-2013, old methodology and population)","050","Bangladesh","5911","Export quantity","S2765","Crustaceans","2013","2013","1000 t","61.43","I","Value imputed by a receiving agency"
"FBSH","Food Balances (-2013, old methodology and population)","050","Bangladesh","5301","Domestic supply quantity","S2765","Crustaceans","2013","2013","1000 t","178.73","I","Value imputed by a receiving agency"
"FBSH","Food Balances (-2013, old methodology and population)","050","Bangladesh","5154","Other uses (non-food)","S2765","Crustaceans","2013","2013","1000 t","0","I","Value imputed by a receiving agency"
"FBSH","Food Balances (-2013, old methodology and population)","050","Bangladesh","5142","Food","S2765","Crustaceans","2013","2013","1000 t","178.73","I","Value imputed by a receiving agency"
"FBSH","Food Balances (-2013, old methodology and population)","050","Bangladesh","645","Food supply quantity (kg/capita/yr)","S2765","Crustaceans","2013","2013","kg/cap","1.14","E","Estimated value"
"FBSH","Food Balances (-2013, old methodology and population)","050","Bangladesh","664","Food supply (kcal/capita/day)","S2765","Crustaceans","2013","2013","kcal/cap/d","1.54","E","Estimated value"
"FBSH","Food Balances (-2013, old methodology and population)","050","Bangladesh","674","Protein supply quantity (g/capita/day)","S2765","Crustaceans","2013","2013","g/cap/d","0.31","E","Estimated value"
"FBSH","Food Balances (-2013, old methodology and population)","050","Bangladesh","684","Fat supply quantity (g/capita/day)","S2765","Crustaceans","2013","2013","g/cap/d","0.02","E","Estimated value"
"FBSH","Food Balances (-2013, old methodology and population)","050","Bangladesh","5511","Production","S2766","Cephalopods","2013","2013","1000 t","0.5","I","Value imputed by a receiving agency"
"FBSH","Food Balances (-2013, old methodology and population)","050","Bangladesh","5611","Import Quantity","S2766","Cephalopods","2013","2013","1000 t","0","I","Value imputed by a receiving agency"
"FBSH","Food Balances (-2013, old methodology and population)","050","Bangladesh","5911","Export quantity","S2766","Cephalopods","2013","2013","1000 t","0.46","I","Value imputed by a receiving agency"
"FBSH","Food Balances (-2013, old methodology and population)","050","Bangladesh","5301","Domestic supply quantity","S2766","Cephalopods","2013","2013","1000 t","0.04","I","Value imputed by a receiving agency"
"FBSH","Food Balances (-2013, old methodology and population)","050","Bangladesh","5154","Other uses (non-food)","S2766","Cephalopods","2013","2013","1000 t","0","I","Value imputed by a receiving agency"
"FBSH","Food Balances (-2013, old methodology and population)","050","Bangladesh","5142","Food","S2766","Cephalopods","2013","2013","1000 t","0.04","I","Value imputed by a receiving agency"
"FBSH","Food Balances (-2013, old methodology and population)","050","Bangladesh","645","Food supply quantity (kg/capita/yr)","S2766","Cephalopods","2013","2013","kg/cap","0","E","Estimated value"
"FBSH","Food Balances (-2013, old methodology and population)","050","Bangladesh","664","Food supply (kcal/capita/day)","S2766","Cephalopods","2013","2013","kcal/cap/d","0","E","Estimated value"
"FBSH","Food Balances (-2013, old methodology and population)","050","Bangladesh","674","Protein supply quantity (g/capita/day)","S2766","Cephalopods","2013","2013","g/cap/d","0","E","Estimated value"
"FBSH","Food Balances (-2013, old methodology and population)","050","Bangladesh","684","Fat supply quantity (g/capita/day)","S2766","Cephalopods","2013","2013","g/cap/d","0","E","Estimated value"
"FBSH","Food Balances (-2013, old methodology and population)","050","Bangladesh","5511","Production","S2767","Molluscs, Other","2013","2013","1000 t","0.1","I","Value imputed by a receiving agency"
"FBSH","Food Balances (-2013, old methodology and population)","050","Bangladesh","5611","Import Quantity","S2767","Molluscs, Other","2013","2013","1000 t","0.05","I","Value imputed by a receiving agency"
"FBSH","Food Balances (-2013, old methodology and population)","050","Bangladesh","5911","Export quantity","S2767","Molluscs, Other","2013","2013","1000 t","0.05","I","Value imputed by a receiving agency"
"FBSH","Food Balances (-2013, old methodology and population)","050","Bangladesh","5301","Domestic supply quantity","S2767","Molluscs, Other","2013","2013","1000 t","0.09","I","Value imputed by a receiving agency"
"FBSH","Food Balances (-2013, old methodology and population)","050","Bangladesh","5154","Other uses (non-food)","S2767","Molluscs, Other","2013","2013","1000 t","0","I","Value imputed by a receiving agency"
"FBSH","Food Balances (-2013, old methodology and population)","050","Bangladesh","5142","Food","S2767","Molluscs, Other","2013","2013","1000 t","0.09","I","Value imputed by a receiving agency"
"FBSH","Food Balances (-2013, old methodology and population)","050","Bangladesh","645","Food supply quantity (kg/capita/yr)","S2767","Molluscs, Other","2013","2013","kg/cap","0","E","Estimated value"
"FBSH","Food Balances (-2013, old methodology and population)","050","Bangladesh","664","Food supply (kcal/capita/day)","S2767","Molluscs, Other","2013","2013","kcal/cap/d","0","E","Estimated value"
"FBSH","Food Balances (-2013, old methodology and population)","050","Bangladesh","674","Protein supply quantity (g/capita/day)","S2767","Molluscs, Other","2013","2013","g/cap/d","0","E","Estimated value"
"FBSH","Food Balances (-2013, old methodology and population)","050","Bangladesh","684","Fat supply quantity (g/capita/day)","S2767","Molluscs, Other","2013","2013","g/cap/d","0","E","Estimated value"
"FBSH","Food Balances (-2013, old methodology and population)","050","Bangladesh","5511","Production","S2769","Aquatic Animals, Others","2013","2013","1000 t","0","I","Value imputed by a receiving agency"
"FBSH","Food Balances (-2013, old methodology and population)","050","Bangladesh","5301","Domestic supply quantity","S2769","Aquatic Animals, Others","2013","2013","1000 t","0","I","Value imputed by a receiving agency"
"FBSH","Food Balances (-2013, old methodology and population)","050","Bangladesh","5154","Other uses (non-food)","S2769","Aquatic Animals, Others","2013","2013","1000 t","0","I","Value imputed by a receiving agency"
"FBSH","Food Balances (-2013, old methodology and population)","050","Bangladesh","5142","Food","S2769","Aquatic Animals, Others","2013","2013","1000 t","0","I","Value imputed by a receiving agency"
"FBSH","Food Balances (-2013, old methodology and population)","050","Bangladesh","645","Food supply quantity (kg/capita/yr)","S2769","Aquatic Animals, Others","2013","2013","kg/cap","0","E","Estimated value"
"FBSH","Food Balances (-2013, old methodology and population)","050","Bangladesh","664","Food supply (kcal/capita/day)","S2769","Aquatic Animals, Others","2013","2013","kcal/cap/d","0","E","Estimated value"
"FBSH","Food Balances (-2013, old methodology and population)","050","Bangladesh","674","Protein supply quantity (g/capita/day)","S2769","Aquatic Animals, Others","2013","2013","g/cap/d","0","E","Estimated value"
"FBSH","Food Balances (-2013, old methodology and population)","050","Bangladesh","684","Fat supply quantity (g/capita/day)","S2769","Aquatic Animals, Others","2013","2013","g/cap/d","0","E","Estimated value"
"FBSH","Food Balances (-2013, old methodology and population)","050","Bangladesh","5611","Import Quantity","S2775","Aquatic Plants","2013","2013","1000 t","0.01","I","Value imputed by a receiving agency"
"FBSH","Food Balances (-2013, old methodology and population)","050","Bangladesh","5911","Export quantity","S2775","Aquatic Plants","2013","2013","1000 t","0","I","Value imputed by a receiving agency"
"FBSH","Food Balances (-2013, old methodology and population)","050","Bangladesh","5301","Domestic supply quantity","S2775","Aquatic Plants","2013","2013","1000 t","0.01","I","Value imputed by a receiving agency"
"FBSH","Food Balances (-2013, old methodology and population)","050","Bangladesh","5154","Other uses (non-food)","S2775","Aquatic Plants","2013","2013","1000 t","0.01","I","Value imputed by a receiving agency"
"FBSH","Food Balances (-2013, old methodology and population)","050","Bangladesh","5142","Food","S2775","Aquatic Plants","2013","2013","1000 t","0","I","Value imputed by a receiving agency"
"FBSH","Food Balances (-2013, old methodology and population)","050","Bangladesh","645","Food supply quantity (kg/capita/yr)","S2775","Aquatic Plants","2013","2013","kg/cap","0","E","Estimated value"
"FBSH","Food Balances (-2013, old methodology and population)","050","Bangladesh","664","Food supply (kcal/capita/day)","S2775","Aquatic Plants","2013","2013","kcal/cap/d","0","E","Estimated value"
"FBSH","Food Balances (-2013, old methodology and population)","050","Bangladesh","674","Protein supply quantity (g/capita/day)","S2775","Aquatic Plants","2013","2013","g/cap/d","0","E","Estimated value"
"FBSH","Food Balances (-2013, old methodology and population)","050","Bangladesh","684","Fat supply quantity (g/capita/day)","S2775","Aquatic Plants","2013","2013","g/cap/d","0","E","Estimated value"
"FBSH","Food Balances (-2013, old methodology and population)","050","Bangladesh","5611","Import Quantity","S2680","Infant food","2013","2013","1000 t","5","I","Value imputed by a receiving agency"
"FBSH","Food Balances (-2013, old methodology and population)","050","Bangladesh","5911","Export quantity","S2680","Infant food","2013","2013","1000 t","0","I","Value imputed by a receiving agency"
"FBSH","Food Balances (-2013, old methodology and population)","050","Bangladesh","5301","Domestic supply quantity","S2680","Infant food","2013","2013","1000 t","5","I","Value imputed by a receiving agency"
"FBSH","Food Balances (-2013, old methodology and population)","050","Bangladesh","5142","Food","S2680","Infant food","2013","2013","1000 t","5","I","Value imputed by a receiving agency"
"FBSH","Food Balances (-2013, old methodology and population)","050","Bangladesh","645","Food supply quantity (kg/capita/yr)","S2680","Infant food","2013","2013","kg/cap","0.03","E","Estimated value"
"FBSH","Food Balances (-2013, old methodology and population)","050","Bangladesh","664","Food supply (kcal/capita/day)","S2680","Infant food","2013","2013","kcal/cap/d","0.29","E","Estimated value"
"FBSH","Food Balances (-2013, old methodology and population)","050","Bangladesh","674","Protein supply quantity (g/capita/day)","S2680","Infant food","2013","2013","g/cap/d","0.01","E","Estimated value"
"FBSH","Food Balances (-2013, old methodology and population)","050","Bangladesh","684","Fat supply quantity (g/capita/day)","S2680","Infant food","2013","2013","g/cap/d","0","E","Estimated value"
"FBSH","Food Balances (-2013, old methodology and population)","050","Bangladesh","664","Food supply (kcal/capita/day)","S2899","Miscellaneous","2013","2013","kcal/cap/d","0.17","E","Estimated value"
"FBSH","Food Balances (-2013, old methodology and population)","050","Bangladesh","674","Protein supply quantity (g/capita/day)","S2899","Miscellaneous","2013","2013","g/cap/d","0","E","Estimated value"
"FBSH","Food Balances (-2013, old methodology and population)","050","Bangladesh","684","Fat supply quantity (g/capita/day)","S2899","Miscellaneous","2013","2013","g/cap/d","0.01","E","Estimated value"
