Domain Code,Domain,Area Code (M49),Area,Element Code,Element,Item Code (FBS),Item,Year Code,Year,Unit,Value,Flag,Flag Description,Note
"FBS","Food Balances (2010-)","050","Bangladesh","511","Total Population - Both sexes","S2501","Population","2023","2023","1000 No","171466.99","X","Figure from external organization",""
"FBS","Food Balances (2010-)","050","Bangladesh","5511","Production","S2511","Wheat and products","2023","2023","1000 t","1206","I","Value imputed by a receiving agency",""
"FBS","Food Balances (2010-)","050","Bangladesh","5611","Import quantity","S2511","Wheat and products","2023","2023","1000 t","9484","I","Value imputed by a receiving agency",""
"FBS","Food Balances (2010-)","050","Bangladesh","5072","Stock Variation","S2511","Wheat and products","2023","2023","1000 t","-172","I","Value imputed by a receiving agency",""
"FBS","Food Balances (2010-)","050","Bangladesh","5911","Export quantity","S2511","Wheat and products","2023","2023","1000 t","55","I","Value imputed by a receiving agency",""
"FBS","Food Balances (2010-)","050","Bangladesh","5301","Domestic supply quantity","S2511","Wheat and products","2023","2023","1000 t","10807","I","Value imputed by a receiving agency",""
"FBS","Food Balances (2010-)","050","Bangladesh","5521","Feed","S2511","Wheat and products","2023","2023","1000 t","7149","I","Value imputed by a receiving agency",""
"FBS","Food Balances (2010-)","050","Bangladesh","5527","Seed","S2511","Wheat and products","2023","2023","1000 t","41","I","Value imputed by a receiving agency",""
"FBS","Food Balances (2010-)","050","Bangladesh","5123","Losses","S2511","Wheat and products","2023","2023","1000 t","163","I","Value imputed by a receiving agency",""
"FBS","Food Balances (2010-)","050","Bangladesh","5131","Processing","S2511","Wheat and products","2023","2023","1000 t","5","I","Value imputed by a receiving agency",""
"FBS","Food Balances (2010-)","050","Bangladesh","5154","Other uses (non-food)","S2511","Wheat and products","2023","2023","1000 t","1551","I","Value imputed by a receiving agency",""
"FBS","Food Balances (2010-)","050","Bangladesh","5170","Residuals","S2511","Wheat and products","2023","2023","1000 t","14","I","Value imputed by a receiving agency",""
"FBS","Food Balances (2010-)","050","Bangladesh","5142","Food","S2511","Wheat and products","2023","2023","1000 t","1883","I","Value imputed by a receiving agency",""
"FBS","Food Balances (2010-)","050","Bangladesh","645","Food supply quantity (kg/capita/yr)","S2511","Wheat and products","2023","2023","kg/cap","10.98","E","Estimated value",""
"FBS","Food Balances (2010-)","050","Bangladesh","664","Food supply (kcal/capita/day)","S2511","Wheat and products","2023","2023","kcal/cap/d","92.66","E","Estimated value",""
"FBS","Food Balances (2010-)","050","Bangladesh","661","Food supply (kcal)","S2511","Wheat and products","2023","2023","million Kcal","5799297.54","I","Value imputed by a receiving agency",""
"FBS","Food Balances (2010-)","050","Bangladesh","674","Protein supply quantity (g/capita/day)","S2511","Wheat and products","2023","2023","g/cap/d","2.9","E","Estimated value",""
"FBS","Food Balances (2010-)","050","Bangladesh","671","Protein supply quantity (t)","S2511","Wheat and products","2023","2023","t","181399.36","I","Value imputed by a receiving agency",""
"FBS","Food Balances (2010-)","050","Bangladesh","684","Fat supply quantity (g/capita/day)","S2511","Wheat and products","2023","2023","g/cap/d","0.49","E","Estimated value",""
"FBS","Food Balances (2010-)","050","Bangladesh","681","Fat supply quantity (t)","S2511","Wheat and products","2023","2023","t","30388.35","I","Value imputed by a receiving agency",""
"FBS","Food Balances (2010-)","050","Bangladesh","5511","Production","S2807","Rice and products","2023","2023","1000 t","58613","I","Value imputed by a receiving agency",""
"FBS","Food Balances (2010-)","050","Bangladesh","5611","Import quantity","S2807","Rice and products","2023","2023","1000 t","562","I","Value imputed by a receiving agency",""
"FBS","Food Balances (2010-)","050","Bangladesh","5072","Stock Variation","S2807","Rice and products","2023","2023","1000 t","475","I","Value imputed by a receiving agency",""
"FBS","Food Balances (2010-)","050","Bangladesh","5911","Export quantity","S2807","Rice and products","2023","2023","1000 t","15","I","Value imputed by a receiving agency",""
"FBS","Food Balances (2010-)","050","Bangladesh","5301","Domestic supply quantity","S2807","Rice and products","2023","2023","1000 t","58686","I","Value imputed by a receiving agency",""
"FBS","Food Balances (2010-)","050","Bangladesh","5521","Feed","S2807","Rice and products","2023","2023","1000 t","11909","I","Value imputed by a receiving agency",""
"FBS","Food Balances (2010-)","050","Bangladesh","5527","Seed","S2807","Rice and products","2023","2023","1000 t","1345","I","Value imputed by a receiving agency",""
"FBS","Food Balances (2010-)","050","Bangladesh","5123","Losses","S2807","Rice and products","2023","2023","1000 t","2330","I","Value imputed by a receiving agency",""
"FBS","Food Balances (2010-)","050","Bangladesh","5131","Processing","S2807","Rice and products","2023","2023","1000 t","138","I","Value imputed by a receiving agency",""
"FBS","Food Balances (2010-)","050","Bangladesh","5154","Other uses (non-food)","S2807","Rice and products","2023","2023","1000 t","2","I","Value imputed by a receiving agency",""
"FBS","Food Balances (2010-)","050","Bangladesh","5170","Residuals","S2807","Rice and products","2023","2023","1000 t","0","I","Value imputed by a receiving agency",""
"FBS","Food Balances (2010-)","050","Bangladesh","5142","Food","S2807","Rice and products","2023","2023","1000 t","42962","I","Value imputed by a receiving agency",""
"FBS","Food Balances (2010-)","050","Bangladesh","645","Food supply quantity (kg/capita/yr)","S2807","Rice and products","2023","2023","kg/cap","250.56","E","Estimated value",""
"FBS","Food Balances (2010-)","050","Bangladesh","664","Food supply (kcal/capita/day)","S2807","Rice and products","2023","2023","kcal/cap/d","1655.14","E","Estimated value",""
"FBS","Food Balances (2010-)","050","Bangladesh","661","Food supply (kcal)","S2807","Rice and products","2023","2023","million Kcal","103587774.13","I","Value imputed by a receiving agency",""
"FBS","Food Balances (2010-)","050","Bangladesh","674","Protein supply quantity (g/capita/day)","S2807","Rice and products","2023","2023","g/cap/d","32.66","E","Estimated value",""
"FBS","Food Balances (2010-)","050","Bangladesh","671","Protein supply quantity (t)","S2807","Rice and products","2023","2023","t","2044028.12","I","Value imputed by a receiving agency",""
"FBS","Food Balances (2010-)","050","Bangladesh","684","Fat supply quantity (g/capita/day)","S2807","Rice and products","2023","2023","g/cap/d","4.15","E","Estimated value",""
"FBS","Food Balances (2010-)","050","Bangladesh","681","Fat supply quantity (t)","S2807","Rice and products","2023","2023","t","259919.94","I","Value imputed by a receiving agency",""
"FBS","Food Balances (2010-)","050","Bangladesh","5511","Production","S2513","Barley and products","2023","2023","1000 t","0","I","Value imputed by a receiving agency",""
"FBS","Food Balances (2010-)","050","Bangladesh","5611","Import quantity","S2513","Barley and products","2023","2023","1000 t","12","I","Value imputed by a receiving agency",""
"FBS","Food Balances (2010-)","050","Bangladesh","5072","Stock Variation","S2513","Barley and products","2023","2023","1000 t","1","I","Value imputed by a receiving agency",""
"FBS","Food Balances (2010-)","050","Bangladesh","5911","Export quantity","S2513","Barley and products","2023","2023","1000 t","0","I","Value imputed by a receiving agency",""
"FBS","Food Balances (2010-)","050","Bangladesh","5301","Domestic supply quantity","S2513","Barley and products","2023","2023","1000 t","12","I","Value imputed by a receiving agency",""
"FBS","Food Balances (2010-)","050","Bangladesh","5521","Feed","S2513","Barley and products","2023","2023","1000 t","3","I","Value imputed by a receiving agency",""
"FBS","Food Balances (2010-)","050","Bangladesh","5527","Seed","S2513","Barley and products","2023","2023","1000 t","0","I","Value imputed by a receiving agency",""
"FBS","Food Balances (2010-)","050","Bangladesh","5123","Losses","S2513","Barley and products","2023","2023","1000 t","1","I","Value imputed by a receiving agency",""
"FBS","Food Balances (2010-)","050","Bangladesh","5170","Residuals","S2513","Barley and products","2023","2023","1000 t","0","I","Value imputed by a receiving agency",""
"FBS","Food Balances (2010-)","050","Bangladesh","5142","Food","S2513","Barley and products","2023","2023","1000 t","8","I","Value imputed by a receiving agency",""
"FBS","Food Balances (2010-)","050","Bangladesh","645","Food supply quantity (kg/capita/yr)","S2513","Barley and products","2023","2023","kg/cap","0.05","E","Estimated value",""
"FBS","Food Balances (2010-)","050","Bangladesh","664","Food supply (kcal/capita/day)","S2513","Barley and products","2023","2023","kcal/cap/d","0.37","E","Estimated value",""
"FBS","Food Balances (2010-)","050","Bangladesh","661","Food supply (kcal)","S2513","Barley and products","2023","2023","million Kcal","23213.66","I","Value imputed by a receiving agency",""
"FBS","Food Balances (2010-)","050","Bangladesh","674","Protein supply quantity (g/capita/day)","S2513","Barley and products","2023","2023","g/cap/d","0.01","E","Estimated value",""
"FBS","Food Balances (2010-)","050","Bangladesh","671","Protein supply quantity (t)","S2513","Barley and products","2023","2023","t","769.03","I","Value imputed by a receiving agency",""
"FBS","Food Balances (2010-)","050","Bangladesh","684","Fat supply quantity (g/capita/day)","S2513","Barley and products","2023","2023","g/cap/d","0","E","Estimated value",""
"FBS","Food Balances (2010-)","050","Bangladesh","681","Fat supply quantity (t)","S2513","Barley and products","2023","2023","t","134.04","I","Value imputed by a receiving agency",""
"FBS","Food Balances (2010-)","050","Bangladesh","5511","Production","S2514","Maize and products","2023","2023","1000 t","4593","I","Value imputed by a receiving agency",""
"FBS","Food Balances (2010-)","050","Bangladesh","5611","Import quantity","S2514","Maize and products","2023","2023","1000 t","909","I","Value imputed by a receiving agency",""
"FBS","Food Balances (2010-)","050","Bangladesh","5072","Stock Variation","S2514","Maize and products","2023","2023","1000 t","-12","I","Value imputed by a receiving agency",""
"FBS","Food Balances (2010-)","050","Bangladesh","5911","Export quantity","S2514","Maize and products","2023","2023","1000 t","0","I","Value imputed by a receiving agency",""
"FBS","Food Balances (2010-)","050","Bangladesh","5301","Domestic supply quantity","S2514","Maize and products","2023","2023","1000 t","5514","I","Value imputed by a receiving agency",""
"FBS","Food Balances (2010-)","050","Bangladesh","5521","Feed","S2514","Maize and products","2023","2023","1000 t","5160","I","Value imputed by a receiving agency",""
"FBS","Food Balances (2010-)","050","Bangladesh","5527","Seed","S2514","Maize and products","2023","2023","1000 t","17","I","Value imputed by a receiving agency",""
"FBS","Food Balances (2010-)","050","Bangladesh","5123","Losses","S2514","Maize and products","2023","2023","1000 t","187","I","Value imputed by a receiving agency",""
"FBS","Food Balances (2010-)","050","Bangladesh","5154","Other uses (non-food)","S2514","Maize and products","2023","2023","1000 t","17","I","Value imputed by a receiving agency",""
"FBS","Food Balances (2010-)","050","Bangladesh","5170","Residuals","S2514","Maize and products","2023","2023","1000 t","0","I","Value imputed by a receiving agency",""
"FBS","Food Balances (2010-)","050","Bangladesh","5142","Food","S2514","Maize and products","2023","2023","1000 t","133","I","Value imputed by a receiving agency",""
"FBS","Food Balances (2010-)","050","Bangladesh","645","Food supply quantity (kg/capita/yr)","S2514","Maize and products","2023","2023","kg/cap","0.78","E","Estimated value",""
"FBS","Food Balances (2010-)","050","Bangladesh","664","Food supply (kcal/capita/day)","S2514","Maize and products","2023","2023","kcal/cap/d","7.4","E","Estimated value",""
"FBS","Food Balances (2010-)","050","Bangladesh","661","Food supply (kcal)","S2514","Maize and products","2023","2023","million Kcal","463395.56","I","Value imputed by a receiving agency",""
"FBS","Food Balances (2010-)","050","Bangladesh","674","Protein supply quantity (g/capita/day)","S2514","Maize and products","2023","2023","g/cap/d","0.19","E","Estimated value",""
"FBS","Food Balances (2010-)","050","Bangladesh","671","Protein supply quantity (t)","S2514","Maize and products","2023","2023","t","11708.22","I","Value imputed by a receiving agency",""
"FBS","Food Balances (2010-)","050","Bangladesh","684","Fat supply quantity (g/capita/day)","S2514","Maize and products","2023","2023","g/cap/d","0.09","E","Estimated value",""
"FBS","Food Balances (2010-)","050","Bangladesh","681","Fat supply quantity (t)","S2514","Maize and products","2023","2023","t","5585.09","I","Value imputed by a receiving agency",""
"FBS","Food Balances (2010-)","050","Bangladesh","5301","Domestic supply quantity","S2515","Rye and products","2023","2023","1000 t","0","I","Value imputed by a receiving agency",""
"FBS","Food Balances (2010-)","050","Bangladesh","5170","Residuals","S2515","Rye and products","2023","2023","1000 t","0","I","Value imputed by a receiving agency",""
"FBS","Food Balances (2010-)","050","Bangladesh","5142","Food","S2515","Rye and products","2023","2023","1000 t","0","I","Value imputed by a receiving agency",""
"FBS","Food Balances (2010-)","050","Bangladesh","645","Food supply quantity (kg/capita/yr)","S2515","Rye and products","2023","2023","kg/cap","0","E","Estimated value",""
"FBS","Food Balances (2010-)","050","Bangladesh","664","Food supply (kcal/capita/day)","S2515","Rye and products","2023","2023","kcal/cap/d","0","E","Estimated value",""
"FBS","Food Balances (2010-)","050","Bangladesh","661","Food supply (kcal)","S2515","Rye and products","2023","2023","million Kcal","0","I","Value imputed by a receiving agency",""
"FBS","Food Balances (2010-)","050","Bangladesh","674","Protein supply quantity (g/capita/day)","S2515","Rye and products","2023","2023","g/cap/d","0","E","Estimated value",""
"FBS","Food Balances (2010-)","050","Bangladesh","671","Protein supply quantity (t)","S2515","Rye and products","2023","2023","t","0","I","Value imputed by a receiving agency",""
"FBS","Food Balances (2010-)","050","Bangladesh","684","Fat supply quantity (g/capita/day)","S2515","Rye and products","2023","2023","g/cap/d","0","E","Estimated value",""
"FBS","Food Balances (2010-)","050","Bangladesh","681","Fat supply quantity (t)","S2515","Rye and products","2023","2023","t","0","I","Value imputed by a receiving agency",""
"FBS","Food Balances (2010-)","050","Bangladesh","5611","Import quantity","S2516","Oats","2023","2023","1000 t","1","I","Value imputed by a receiving agency",""
"FBS","Food Balances (2010-)","050","Bangladesh","5072","Stock Variation","S2516","Oats","2023","2023","1000 t","0","I","Value imputed by a receiving agency",""
"FBS","Food Balances (2010-)","050","Bangladesh","5301","Domestic supply quantity","S2516","Oats","2023","2023","1000 t","1","I","Value imputed by a receiving agency",""
"FBS","Food Balances (2010-)","050","Bangladesh","5521","Feed","S2516","Oats","2023","2023","1000 t","0","I","Value imputed by a receiving agency",""
"FBS","Food Balances (2010-)","050","Bangladesh","5170","Residuals","S2516","Oats","2023","2023","1000 t","0","I","Value imputed by a receiving agency",""
"FBS","Food Balances (2010-)","050","Bangladesh","5142","Food","S2516","Oats","2023","2023","1000 t","1","I","Value imputed by a receiving agency",""
"FBS","Food Balances (2010-)","050","Bangladesh","645","Food supply quantity (kg/capita/yr)","S2516","Oats","2023","2023","kg/cap","0","E","Estimated value",""
"FBS","Food Balances (2010-)","050","Bangladesh","664","Food supply (kcal/capita/day)","S2516","Oats","2023","2023","kcal/cap/d","0.02","E","Estimated value",""
"FBS","Food Balances (2010-)","050","Bangladesh","661","Food supply (kcal)","S2516","Oats","2023","2023","million Kcal","1283.63","I","Value imputed by a receiving agency",""
"FBS","Food Balances (2010-)","050","Bangladesh","674","Protein supply quantity (g/capita/day)","S2516","Oats","2023","2023","g/cap/d","0","E","Estimated value",""
"FBS","Food Balances (2010-)","050","Bangladesh","671","Protein supply quantity (t)","S2516","Oats","2023","2023","t","46.93","I","Value imputed by a receiving agency",""
"FBS","Food Balances (2010-)","050","Bangladesh","684","Fat supply quantity (g/capita/day)","S2516","Oats","2023","2023","g/cap/d","0","E","Estimated value",""
"FBS","Food Balances (2010-)","050","Bangladesh","681","Fat supply quantity (t)","S2516","Oats","2023","2023","t","24.5","I","Value imputed by a receiving agency",""
"FBS","Food Balances (2010-)","050","Bangladesh","5511","Production","S2517","Millet and products","2023","2023","1000 t","12","I","Value imputed by a receiving agency",""
"FBS","Food Balances (2010-)","050","Bangladesh","5611","Import quantity","S2517","Millet and products","2023","2023","1000 t","3","I","Value imputed by a receiving agency",""
"FBS","Food Balances (2010-)","050","Bangladesh","5072","Stock Variation","S2517","Millet and products","2023","2023","1000 t","1","I","Value imputed by a receiving agency",""
"FBS","Food Balances (2010-)","050","Bangladesh","5301","Domestic supply quantity","S2517","Millet and products","2023","2023","1000 t","15","I","Value imputed by a receiving agency",""
"FBS","Food Balances (2010-)","050","Bangladesh","5521","Feed","S2517","Millet and products","2023","2023","1000 t","0","I","Value imputed by a receiving agency",""
"FBS","Food Balances (2010-)","050","Bangladesh","5527","Seed","S2517","Millet and products","2023","2023","1000 t","1","I","Value imputed by a receiving agency",""
"FBS","Food Balances (2010-)","050","Bangladesh","5123","Losses","S2517","Millet and products","2023","2023","1000 t","1","I","Value imputed by a receiving agency",""
"FBS","Food Balances (2010-)","050","Bangladesh","5170","Residuals","S2517","Millet and products","2023","2023","1000 t","0","I","Value imputed by a receiving agency",""
"FBS","Food Balances (2010-)","050","Bangladesh","5142","Food","S2517","Millet and products","2023","2023","1000 t","13","I","Value imputed by a receiving agency",""
"FBS","Food Balances (2010-)","050","Bangladesh","645","Food supply quantity (kg/capita/yr)","S2517","Millet and products","2023","2023","kg/cap","0.08","E","Estimated value",""
"FBS","Food Balances (2010-)","050","Bangladesh","664","Food supply (kcal/capita/day)","S2517","Millet and products","2023","2023","kcal/cap/d","0.73","E","Estimated value",""
"FBS","Food Balances (2010-)","050","Bangladesh","661","Food supply (kcal)","S2517","Millet and products","2023","2023","million Kcal","45902.43","I","Value imputed by a receiving agency",""
"FBS","Food Balances (2010-)","050","Bangladesh","674","Protein supply quantity (g/capita/day)","S2517","Millet and products","2023","2023","g/cap/d","0.02","E","Estimated value",""
"FBS","Food Balances (2010-)","050","Bangladesh","671","Protein supply quantity (t)","S2517","Millet and products","2023","2023","t","1249.49","I","Value imputed by a receiving agency",""
"FBS","Food Balances (2010-)","050","Bangladesh","684","Fat supply quantity (g/capita/day)","S2517","Millet and products","2023","2023","g/cap/d","0.01","E","Estimated value",""
"FBS","Food Balances (2010-)","050","Bangladesh","681","Fat supply quantity (t)","S2517","Millet and products","2023","2023","t","526.1","I","Value imputed by a receiving agency",""
"FBS","Food Balances (2010-)","050","Bangladesh","5511","Production","S2518","Sorghum and products","2023","2023","1000 t","0","I","Value imputed by a receiving agency",""
"FBS","Food Balances (2010-)","050","Bangladesh","5611","Import quantity","S2518","Sorghum and products","2023","2023","1000 t","6","I","Value imputed by a receiving agency",""
"FBS","Food Balances (2010-)","050","Bangladesh","5072","Stock Variation","S2518","Sorghum and products","2023","2023","1000 t","0","I","Value imputed by a receiving agency",""
"FBS","Food Balances (2010-)","050","Bangladesh","5911","Export quantity","S2518","Sorghum and products","2023","2023","1000 t","0","I","Value imputed by a receiving agency",""
"FBS","Food Balances (2010-)","050","Bangladesh","5301","Domestic supply quantity","S2518","Sorghum and products","2023","2023","1000 t","6","I","Value imputed by a receiving agency",""
"FBS","Food Balances (2010-)","050","Bangladesh","5521","Feed","S2518","Sorghum and products","2023","2023","1000 t","6","I","Value imputed by a receiving agency",""
"FBS","Food Balances (2010-)","050","Bangladesh","5527","Seed","S2518","Sorghum and products","2023","2023","1000 t","0","I","Value imputed by a receiving agency",""
"FBS","Food Balances (2010-)","050","Bangladesh","5123","Losses","S2518","Sorghum and products","2023","2023","1000 t","0","I","Value imputed by a receiving agency",""
"FBS","Food Balances (2010-)","050","Bangladesh","5170","Residuals","S2518","Sorghum and products","2023","2023","1000 t","0","I","Value imputed by a receiving agency",""
"FBS","Food Balances (2010-)","050","Bangladesh","5142","Food","S2518","Sorghum and products","2023","2023","1000 t","0","I","Value imputed by a receiving agency",""
"FBS","Food Balances (2010-)","050","Bangladesh","645","Food supply quantity (kg/capita/yr)","S2518","Sorghum and products","2023","2023","kg/cap","0","E","Estimated value",""
"FBS","Food Balances (2010-)","050","Bangladesh","664","Food supply (kcal/capita/day)","S2518","Sorghum and products","2023","2023","kcal/cap/d","0.01","E","Estimated value",""
"FBS","Food Balances (2010-)","050","Bangladesh","661","Food supply (kcal)","S2518","Sorghum and products","2023","2023","million Kcal","734.74","I","Value imputed by a receiving agency",""
"FBS","Food Balances (2010-)","050","Bangladesh","674","Protein supply quantity (g/capita/day)","S2518","Sorghum and products","2023","2023","g/cap/d","0","E","Estimated value",""
"FBS","Food Balances (2010-)","050","Bangladesh","671","Protein supply quantity (t)","S2518","Sorghum and products","2023","2023","t","21.15","I","Value imputed by a receiving agency",""
"FBS","Food Balances (2010-)","050","Bangladesh","684","Fat supply quantity (g/capita/day)","S2518","Sorghum and products","2023","2023","g/cap/d","0","E","Estimated value",""
"FBS","Food Balances (2010-)","050","Bangladesh","681","Fat supply quantity (t)","S2518","Sorghum and products","2023","2023","t","7.26","I","Value imputed by a receiving agency",""
"FBS","Food Balances (2010-)","050","Bangladesh","5511","Production","S2520","Cereals, other","2023","2023","1000 t","4","I","Value imputed by a receiving agency",""
"FBS","Food Balances (2010-)","050","Bangladesh","5611","Import quantity","S2520","Cereals, other","2023","2023","1000 t","1","I","Value imputed by a receiving agency",""
"FBS","Food Balances (2010-)","050","Bangladesh","5072","Stock Variation","S2520","Cereals, other","2023","2023","1000 t","1","I","Value imputed by a receiving agency",""
"FBS","Food Balances (2010-)","050","Bangladesh","5911","Export quantity","S2520","Cereals, other","2023","2023","1000 t","0","I","Value imputed by a receiving agency",""
"FBS","Food Balances (2010-)","050","Bangladesh","5301","Domestic supply quantity","S2520","Cereals, other","2023","2023","1000 t","4","I","Value imputed by a receiving agency",""
"FBS","Food Balances (2010-)","050","Bangladesh","5521","Feed","S2520","Cereals, other","2023","2023","1000 t","2","I","Value imputed by a receiving agency",""
"FBS","Food Balances (2010-)","050","Bangladesh","5170","Residuals","S2520","Cereals, other","2023","2023","1000 t","0","I","Value imputed by a receiving agency",""
"FBS","Food Balances (2010-)","050","Bangladesh","5142","Food","S2520","Cereals, other","2023","2023","1000 t","2","I","Value imputed by a receiving agency",""
"FBS","Food Balances (2010-)","050","Bangladesh","645","Food supply quantity (kg/capita/yr)","S2520","Cereals, other","2023","2023","kg/cap","0.01","E","Estimated value",""
"FBS","Food Balances (2010-)","050","Bangladesh","664","Food supply (kcal/capita/day)","S2520","Cereals, other","2023","2023","kcal/cap/d","0.14","E","Estimated value",""
"FBS","Food Balances (2010-)","050","Bangladesh","661","Food supply (kcal)","S2520","Cereals, other","2023","2023","million Kcal","8767.25","I","Value imputed by a receiving agency",""
"FBS","Food Balances (2010-)","050","Bangladesh","674","Protein supply quantity (g/capita/day)","S2520","Cereals, other","2023","2023","g/cap/d","0","E","Estimated value",""
"FBS","Food Balances (2010-)","050","Bangladesh","671","Protein supply quantity (t)","S2520","Cereals, other","2023","2023","t","217.01","I","Value imputed by a receiving agency",""
"FBS","Food Balances (2010-)","050","Bangladesh","684","Fat supply quantity (g/capita/day)","S2520","Cereals, other","2023","2023","g/cap/d","0","E","Estimated value",""
"FBS","Food Balances (2010-)","050","Bangladesh","681","Fat supply quantity (t)","S2520","Cereals, other","2023","2023","t","45.76","I","Value imputed by a receiving agency",""
"FBS","Food Balances (2010-)","050","Bangladesh","5611","Import quantity","S2532","Cassava and products","2023","2023","1000 t","23","I","Value imputed by a receiving agency",""
"FBS","Food Balances (2010-)","050","Bangladesh","5911","Export quantity","S2532","Cassava and products","2023","2023","1000 t","0","I","Value imputed by a receiving agency",""
"FBS","Food Balances (2010-)","050","Bangladesh","5301","Domestic supply quantity","S2532","Cassava and products","2023","2023","1000 t","23","I","Value imputed by a receiving agency",""
"FBS","Food Balances (2010-)","050","Bangladesh","5154","Other uses (non-food)","S2532","Cassava and products","2023","2023","1000 t","10","I","Value imputed by a receiving agency",""
"FBS","Food Balances (2010-)","050","Bangladesh","5170","Residuals","S2532","Cassava and products","2023","2023","1000 t","0","I","Value imputed by a receiving agency",""
"FBS","Food Balances (2010-)","050","Bangladesh","5142","Food","S2532","Cassava and products","2023","2023","1000 t","13","I","Value imputed by a receiving agency",""
"FBS","Food Balances (2010-)","050","Bangladesh","645","Food supply quantity (kg/capita/yr)","S2532","Cassava and products","2023","2023","kg/cap","0.08","E","Estimated value",""
"FBS","Food Balances (2010-)","050","Bangladesh","664","Food supply (kcal/capita/day)","S2532","Cassava and products","2023","2023","kcal/cap/d","0.75","E","Estimated value",""
"FBS","Food Balances (2010-)","050","Bangladesh","661","Food supply (kcal)","S2532","Cassava and products","2023","2023","million Kcal","47244.09","I","Value imputed by a receiving agency",""
"FBS","Food Balances (2010-)","050","Bangladesh","674","Protein supply quantity (g/capita/day)","S2532","Cassava and products","2023","2023","g/cap/d","0","E","Estimated value",""
"FBS","Food Balances (2010-)","050","Bangladesh","671","Protein supply quantity (t)","S2532","Cassava and products","2023","2023","t","40.39","I","Value imputed by a receiving agency",""
"FBS","Food Balances (2010-)","050","Bangladesh","684","Fat supply quantity (g/capita/day)","S2532","Cassava and products","2023","2023","g/cap/d","0","E","Estimated value",""
"FBS","Food Balances (2010-)","050","Bangladesh","681","Fat supply quantity (t)","S2532","Cassava and products","2023","2023","t","13.46","I","Value imputed by a receiving agency",""
"FBS","Food Balances (2010-)","050","Bangladesh","5511","Production","S2531","Potatoes and products","2023","2023","1000 t","10432","I","Value imputed by a receiving agency",""
"FBS","Food Balances (2010-)","050","Bangladesh","5611","Import quantity","S2531","Potatoes and products","2023","2023","1000 t","107","I","Value imputed by a receiving agency",""
"FBS","Food Balances (2010-)","050","Bangladesh","5072","Stock Variation","S2531","Potatoes and products","2023","2023","1000 t","-30","I","Value imputed by a receiving agency",""
"FBS","Food Balances (2010-)","050","Bangladesh","5911","Export quantity","S2531","Potatoes and products","2023","2023","1000 t","33","I","Value imputed by a receiving agency",""
"FBS","Food Balances (2010-)","050","Bangladesh","5301","Domestic supply quantity","S2531","Potatoes and products","2023","2023","1000 t","10536","I","Value imputed by a receiving agency",""
"FBS","Food Balances (2010-)","050","Bangladesh","5521","Feed","S2531","Potatoes and products","2023","2023","1000 t","160","I","Value imputed by a receiving agency",""
"FBS","Food Balances (2010-)","050","Bangladesh","5527","Seed","S2531","Potatoes and products","2023","2023","1000 t","300","I","Value imputed by a receiving agency",""
"FBS","Food Balances (2010-)","050","Bangladesh","5123","Losses","S2531","Potatoes and products","2023","2023","1000 t","790","I","Value imputed by a receiving agency",""
"FBS","Food Balances (2010-)","050","Bangladesh","5154","Other uses (non-food)","S2531","Potatoes and products","2023","2023","1000 t","552","I","Value imputed by a receiving agency",""
"FBS","Food Balances (2010-)","050","Bangladesh","5170","Residuals","S2531","Potatoes and products","2023","2023","1000 t","0","I","Value imputed by a receiving agency",""
"FBS","Food Balances (2010-)","050","Bangladesh","5142","Food","S2531","Potatoes and products","2023","2023","1000 t","8734","I","Value imputed by a receiving agency",""
"FBS","Food Balances (2010-)","050","Bangladesh","645","Food supply quantity (kg/capita/yr)","S2531","Potatoes and products","2023","2023","kg/cap","50.93","E","Estimated value",""
"FBS","Food Balances (2010-)","050","Bangladesh","664","Food supply (kcal/capita/day)","S2531","Potatoes and products","2023","2023","kcal/cap/d","90.02","E","Estimated value",""
"FBS","Food Balances (2010-)","050","Bangladesh","661","Food supply (kcal)","S2531","Potatoes and products","2023","2023","million Kcal","5633860.54","I","Value imputed by a receiving agency",""
"FBS","Food Balances (2010-)","050","Bangladesh","674","Protein supply quantity (g/capita/day)","S2531","Potatoes and products","2023","2023","g/cap/d","2.18","E","Estimated value",""
"FBS","Food Balances (2010-)","050","Bangladesh","671","Protein supply quantity (t)","S2531","Potatoes and products","2023","2023","t","136574.88","I","Value imputed by a receiving agency",""
"FBS","Food Balances (2010-)","050","Bangladesh","684","Fat supply quantity (g/capita/day)","S2531","Potatoes and products","2023","2023","g/cap/d","0.12","E","Estimated value",""
"FBS","Food Balances (2010-)","050","Bangladesh","681","Fat supply quantity (t)","S2531","Potatoes and products","2023","2023","t","7778.34","I","Value imputed by a receiving agency",""
"FBS","Food Balances (2010-)","050","Bangladesh","5511","Production","S2533","Sweet potatoes","2023","2023","1000 t","304","I","Value imputed by a receiving agency",""
"FBS","Food Balances (2010-)","050","Bangladesh","5611","Import quantity","S2533","Sweet potatoes","2023","2023","1000 t","0","I","Value imputed by a receiving agency",""
"FBS","Food Balances (2010-)","050","Bangladesh","5072","Stock Variation","S2533","Sweet potatoes","2023","2023","1000 t","0","I","Value imputed by a receiving agency",""
"FBS","Food Balances (2010-)","050","Bangladesh","5911","Export quantity","S2533","Sweet potatoes","2023","2023","1000 t","0","I","Value imputed by a receiving agency",""
"FBS","Food Balances (2010-)","050","Bangladesh","5301","Domestic supply quantity","S2533","Sweet potatoes","2023","2023","1000 t","304","I","Value imputed by a receiving agency",""
"FBS","Food Balances (2010-)","050","Bangladesh","5521","Feed","S2533","Sweet potatoes","2023","2023","1000 t","0","I","Value imputed by a receiving agency",""
"FBS","Food Balances (2010-)","050","Bangladesh","5123","Losses","S2533","Sweet potatoes","2023","2023","1000 t","23","I","Value imputed by a receiving agency",""
"FBS","Food Balances (2010-)","050","Bangladesh","5170","Residuals","S2533","Sweet potatoes","2023","2023","1000 t","0","I","Value imputed by a receiving agency",""
"FBS","Food Balances (2010-)","050","Bangladesh","5142","Food","S2533","Sweet potatoes","2023","2023","1000 t","281","I","Value imputed by a receiving agency",""
"FBS","Food Balances (2010-)","050","Bangladesh","645","Food supply quantity (kg/capita/yr)","S2533","Sweet potatoes","2023","2023","kg/cap","1.64","E","Estimated value",""
"FBS","Food Balances (2010-)","050","Bangladesh","664","Food supply (kcal/capita/day)","S2533","Sweet potatoes","2023","2023","kcal/cap/d","4.4","E","Estimated value",""
"FBS","Food Balances (2010-)","050","Bangladesh","661","Food supply (kcal)","S2533","Sweet potatoes","2023","2023","million Kcal","275081.63","I","Value imputed by a receiving agency",""
"FBS","Food Balances (2010-)","050","Bangladesh","674","Protein supply quantity (g/capita/day)","S2533","Sweet potatoes","2023","2023","g/cap/d","0.05","E","Estimated value",""
"FBS","Food Balances (2010-)","050","Bangladesh","671","Protein supply quantity (t)","S2533","Sweet potatoes","2023","2023","t","3030.56","I","Value imputed by a receiving agency",""
"FBS","Food Balances (2010-)","050","Bangladesh","684","Fat supply quantity (g/capita/day)","S2533","Sweet potatoes","2023","2023","g/cap/d","0.01","E","Estimated value",""
"FBS","Food Balances (2010-)","050","Bangladesh","681","Fat supply quantity (t)","S2533","Sweet potatoes","2023","2023","t","699.36","I","Value imputed by a receiving agency",""
"FBS","Food Balances (2010-)","050","Bangladesh","5911","Export quantity","S2535","Yams","2023","2023","1000 t","0","I","Value imputed by a receiving agency",""
"FBS","Food Balances (2010-)","050","Bangladesh","5301","Domestic supply quantity","S2535","Yams","2023","2023","1000 t","0","I","Value imputed by a receiving agency",""
"FBS","Food Balances (2010-)","050","Bangladesh","5170","Residuals","S2535","Yams","2023","2023","1000 t","0","I","Value imputed by a receiving agency",""
"FBS","Food Balances (2010-)","050","Bangladesh","5611","Import quantity","S2534","Roots, Other","2023","2023","1000 t","1","I","Value imputed by a receiving agency",""
"FBS","Food Balances (2010-)","050","Bangladesh","5072","Stock Variation","S2534","Roots, Other","2023","2023","1000 t","0","I","Value imputed by a receiving agency",""
"FBS","Food Balances (2010-)","050","Bangladesh","5911","Export quantity","S2534","Roots, Other","2023","2023","1000 t","2","I","Value imputed by a receiving agency",""
"FBS","Food Balances (2010-)","050","Bangladesh","5301","Domestic supply quantity","S2534","Roots, Other","2023","2023","1000 t","-1","I","Value imputed by a receiving agency",""
"FBS","Food Balances (2010-)","050","Bangladesh","5170","Residuals","S2534","Roots, Other","2023","2023","1000 t","-1","I","Value imputed by a receiving agency",""
"FBS","Food Balances (2010-)","050","Bangladesh","5142","Food","S2534","Roots, Other","2023","2023","1000 t","0","I","Value imputed by a receiving agency",""
"FBS","Food Balances (2010-)","050","Bangladesh","645","Food supply quantity (kg/capita/yr)","S2534","Roots, Other","2023","2023","kg/cap","0","E","Estimated value",""
"FBS","Food Balances (2010-)","050","Bangladesh","664","Food supply (kcal/capita/day)","S2534","Roots, Other","2023","2023","kcal/cap/d","0","E","Estimated value",""
"FBS","Food Balances (2010-)","050","Bangladesh","661","Food supply (kcal)","S2534","Roots, Other","2023","2023","million Kcal","0","I","Value imputed by a receiving agency",""
"FBS","Food Balances (2010-)","050","Bangladesh","674","Protein supply quantity (g/capita/day)","S2534","Roots, Other","2023","2023","g/cap/d","0","E","Estimated value",""
"FBS","Food Balances (2010-)","050","Bangladesh","671","Protein supply quantity (t)","S2534","Roots, Other","2023","2023","t","0","I","Value imputed by a receiving agency",""
"FBS","Food Balances (2010-)","050","Bangladesh","684","Fat supply quantity (g/capita/day)","S2534","Roots, Other","2023","2023","g/cap/d","0","E","Estimated value",""
"FBS","Food Balances (2010-)","050","Bangladesh","681","Fat supply quantity (t)","S2534","Roots, Other","2023","2023","t","0","I","Value imputed by a receiving agency",""
"FBS","Food Balances (2010-)","050","Bangladesh","5511","Production","S2536","Sugar cane","2023","2023","1000 t","2983","I","Value imputed by a receiving agency",""
"FBS","Food Balances (2010-)","050","Bangladesh","5611","Import quantity","S2536","Sugar cane","2023","2023","1000 t","0","I","Value imputed by a receiving agency",""
"FBS","Food Balances (2010-)","050","Bangladesh","5072","Stock Variation","S2536","Sugar cane","2023","2023","1000 t","0","I","Value imputed by a receiving agency",""
"FBS","Food Balances (2010-)","050","Bangladesh","5911","Export quantity","S2536","Sugar cane","2023","2023","1000 t","0","I","Value imputed by a receiving agency",""
"FBS","Food Balances (2010-)","050","Bangladesh","5301","Domestic supply quantity","S2536","Sugar cane","2023","2023","1000 t","2982","I","Value imputed by a receiving agency",""
"FBS","Food Balances (2010-)","050","Bangladesh","5521","Feed","S2536","Sugar cane","2023","2023","1000 t","138","I","Value imputed by a receiving agency",""
"FBS","Food Balances (2010-)","050","Bangladesh","5123","Losses","S2536","Sugar cane","2023","2023","1000 t","2","I","Value imputed by a receiving agency",""
"FBS","Food Balances (2010-)","050","Bangladesh","5131","Processing","S2536","Sugar cane","2023","2023","1000 t","2612","I","Value imputed by a receiving agency",""
"FBS","Food Balances (2010-)","050","Bangladesh","5170","Residuals","S2536","Sugar cane","2023","2023","1000 t","0","I","Value imputed by a receiving agency",""
"FBS","Food Balances (2010-)","050","Bangladesh","5142","Food","S2536","Sugar cane","2023","2023","1000 t","231","I","Value imputed by a receiving agency",""
"FBS","Food Balances (2010-)","050","Bangladesh","645","Food supply quantity (kg/capita/yr)","S2536","Sugar cane","2023","2023","kg/cap","1.35","E","Estimated value",""
"FBS","Food Balances (2010-)","050","Bangladesh","664","Food supply (kcal/capita/day)","S2536","Sugar cane","2023","2023","kcal/cap/d","1.22","E","Estimated value",""
"FBS","Food Balances (2010-)","050","Bangladesh","661","Food supply (kcal)","S2536","Sugar cane","2023","2023","million Kcal","76152.82","I","Value imputed by a receiving agency",""
"FBS","Food Balances (2010-)","050","Bangladesh","674","Protein supply quantity (g/capita/day)","S2536","Sugar cane","2023","2023","g/cap/d","0","E","Estimated value",""
"FBS","Food Balances (2010-)","050","Bangladesh","671","Protein supply quantity (t)","S2536","Sugar cane","2023","2023","t","304.61","I","Value imputed by a receiving agency",""
"FBS","Food Balances (2010-)","050","Bangladesh","684","Fat supply quantity (g/capita/day)","S2536","Sugar cane","2023","2023","g/cap/d","0","E","Estimated value",""
"FBS","Food Balances (2010-)","050","Bangladesh","681","Fat supply quantity (t)","S2536","Sugar cane","2023","2023","t","304.61","I","Value imputed by a receiving agency",""
"FBS","Food Balances (2010-)","050","Bangladesh","5511","Production","S2541","Sugar non-centrifugal","2023","2023","1000 t","181","I","Value imputed by a receiving agency",""
"FBS","Food Balances (2010-)","050","Bangladesh","5072","Stock Variation","S2541","Sugar non-centrifugal","2023","2023","1000 t","0","I","Value imputed by a receiving agency",""
"FBS","Food Balances (2010-)","050","Bangladesh","5301","Domestic supply quantity","S2541","Sugar non-centrifugal","2023","2023","1000 t","181","I","Value imputed by a receiving agency",""
"FBS","Food Balances (2010-)","050","Bangladesh","5170","Residuals","S2541","Sugar non-centrifugal","2023","2023","1000 t","0","I","Value imputed by a receiving agency",""
"FBS","Food Balances (2010-)","050","Bangladesh","5142","Food","S2541","Sugar non-centrifugal","2023","2023","1000 t","181","I","Value imputed by a receiving agency",""
"FBS","Food Balances (2010-)","050","Bangladesh","645","Food supply quantity (kg/capita/yr)","S2541","Sugar non-centrifugal","2023","2023","kg/cap","1.05","E","Estimated value",""
"FBS","Food Balances (2010-)","050","Bangladesh","664","Food supply (kcal/capita/day)","S2541","Sugar non-centrifugal","2023","2023","kcal/cap/d","11.04","E","Estimated value",""
"FBS","Food Balances (2010-)","050","Bangladesh","661","Food supply (kcal)","S2541","Sugar non-centrifugal","2023","2023","million Kcal","690780.38","I","Value imputed by a receiving agency",""
"FBS","Food Balances (2010-)","050","Bangladesh","674","Protein supply quantity (g/capita/day)","S2541","Sugar non-centrifugal","2023","2023","g/cap/d","0.02","E","Estimated value",""
"FBS","Food Balances (2010-)","050","Bangladesh","671","Protein supply quantity (t)","S2541","Sugar non-centrifugal","2023","2023","t","1085","I","Value imputed by a receiving agency",""
"FBS","Food Balances (2010-)","050","Bangladesh","684","Fat supply quantity (g/capita/day)","S2541","Sugar non-centrifugal","2023","2023","g/cap/d","0","E","Estimated value",""
"FBS","Food Balances (2010-)","050","Bangladesh","681","Fat supply quantity (t)","S2541","Sugar non-centrifugal","2023","2023","t","0","I","Value imputed by a receiving agency",""
"FBS","Food Balances (2010-)","050","Bangladesh","5511","Production","S2542","Sugar (Raw Equivalent)","2023","2023","1000 t","81","I","Value imputed by a receiving agency",""
"FBS","Food Balances (2010-)","050","Bangladesh","5611","Import quantity","S2542","Sugar (Raw Equivalent)","2023","2023","1000 t","2194","I","Value imputed by a receiving agency",""
"FBS","Food Balances (2010-)","050","Bangladesh","5072","Stock Variation","S2542","Sugar (Raw Equivalent)","2023","2023","1000 t","160","I","Value imputed by a receiving agency",""
"FBS","Food Balances (2010-)","050","Bangladesh","5911","Export quantity","S2542","Sugar (Raw Equivalent)","2023","2023","1000 t","9","I","Value imputed by a receiving agency",""
"FBS","Food Balances (2010-)","050","Bangladesh","5301","Domestic supply quantity","S2542","Sugar (Raw Equivalent)","2023","2023","1000 t","2106","I","Value imputed by a receiving agency",""
"FBS","Food Balances (2010-)","050","Bangladesh","5131","Processing","S2542","Sugar (Raw Equivalent)","2023","2023","1000 t","1125","I","Value imputed by a receiving agency",""
"FBS","Food Balances (2010-)","050","Bangladesh","5170","Residuals","S2542","Sugar (Raw Equivalent)","2023","2023","1000 t","0","I","Value imputed by a receiving agency",""
"FBS","Food Balances (2010-)","050","Bangladesh","5142","Food","S2542","Sugar (Raw Equivalent)","2023","2023","1000 t","981","I","Value imputed by a receiving agency",""
"FBS","Food Balances (2010-)","050","Bangladesh","645","Food supply quantity (kg/capita/yr)","S2542","Sugar (Raw Equivalent)","2023","2023","kg/cap","5.72","E","Estimated value",""
"FBS","Food Balances (2010-)","050","Bangladesh","664","Food supply (kcal/capita/day)","S2542","Sugar (Raw Equivalent)","2023","2023","kcal/cap/d","57.54","E","Estimated value",""
"FBS","Food Balances (2010-)","050","Bangladesh","661","Food supply (kcal)","S2542","Sugar (Raw Equivalent)","2023","2023","million Kcal","3600884.05","I","Value imputed by a receiving agency",""
"FBS","Food Balances (2010-)","050","Bangladesh","674","Protein supply quantity (g/capita/day)","S2542","Sugar (Raw Equivalent)","2023","2023","g/cap/d","0.01","E","Estimated value",""
"FBS","Food Balances (2010-)","050","Bangladesh","671","Protein supply quantity (t)","S2542","Sugar (Raw Equivalent)","2023","2023","t","376.76","I","Value imputed by a receiving agency",""
"FBS","Food Balances (2010-)","050","Bangladesh","684","Fat supply quantity (g/capita/day)","S2542","Sugar (Raw Equivalent)","2023","2023","g/cap/d","0.02","E","Estimated value",""
"FBS","Food Balances (2010-)","050","Bangladesh","681","Fat supply quantity (t)","S2542","Sugar (Raw Equivalent)","2023","2023","t","1426.31","I","Value imputed by a receiving agency",""
"FBS","Food Balances (2010-)","050","Bangladesh","5511","Production","S2543","Sweeteners, Other","2023","2023","1000 t","570","I","Value imputed by a receiving agency",""
"FBS","Food Balances (2010-)","050","Bangladesh","5611","Import quantity","S2543","Sweeteners, Other","2023","2023","1000 t","281","I","Value imputed by a receiving agency",""
"FBS","Food Balances (2010-)","050","Bangladesh","5072","Stock Variation","S2543","Sweeteners, Other","2023","2023","1000 t","18","I","Value imputed by a receiving agency",""
"FBS","Food Balances (2010-)","050","Bangladesh","5911","Export quantity","S2543","Sweeteners, Other","2023","2023","1000 t","71","I","Value imputed by a receiving agency",""
"FBS","Food Balances (2010-)","050","Bangladesh","5301","Domestic supply quantity","S2543","Sweeteners, Other","2023","2023","1000 t","762","I","Value imputed by a receiving agency",""
"FBS","Food Balances (2010-)","050","Bangladesh","5521","Feed","S2543","Sweeteners, Other","2023","2023","1000 t","202","I","Value imputed by a receiving agency",""
"FBS","Food Balances (2010-)","050","Bangladesh","5123","Losses","S2543","Sweeteners, Other","2023","2023","1000 t","12","I","Value imputed by a receiving agency",""
"FBS","Food Balances (2010-)","050","Bangladesh","5154","Other uses (non-food)","S2543","Sweeteners, Other","2023","2023","1000 t","4","I","Value imputed by a receiving agency",""
"FBS","Food Balances (2010-)","050","Bangladesh","5170","Residuals","S2543","Sweeteners, Other","2023","2023","1000 t","0","I","Value imputed by a receiving agency",""
"FBS","Food Balances (2010-)","050","Bangladesh","5142","Food","S2543","Sweeteners, Other","2023","2023","1000 t","544","I","Value imputed by a receiving agency",""
"FBS","Food Balances (2010-)","050","Bangladesh","645","Food supply quantity (kg/capita/yr)","S2543","Sweeteners, Other","2023","2023","kg/cap","3.17","E","Estimated value",""
"FBS","Food Balances (2010-)","050","Bangladesh","664","Food supply (kcal/capita/day)","S2543","Sweeteners, Other","2023","2023","kcal/cap/d","4.58","E","Estimated value",""
"FBS","Food Balances (2010-)","050","Bangladesh","661","Food supply (kcal)","S2543","Sweeteners, Other","2023","2023","million Kcal","286878.07","I","Value imputed by a receiving agency",""
"FBS","Food Balances (2010-)","050","Bangladesh","674","Protein supply quantity (g/capita/day)","S2543","Sweeteners, Other","2023","2023","g/cap/d","0.01","E","Estimated value",""
"FBS","Food Balances (2010-)","050","Bangladesh","671","Protein supply quantity (t)","S2543","Sweeteners, Other","2023","2023","t","389.02","I","Value imputed by a receiving agency",""
"FBS","Food Balances (2010-)","050","Bangladesh","684","Fat supply quantity (g/capita/day)","S2543","Sweeteners, Other","2023","2023","g/cap/d","0","E","Estimated value",""
"FBS","Food Balances (2010-)","050","Bangladesh","681","Fat supply quantity (t)","S2543","Sweeteners, Other","2023","2023","t","0.01","I","Value imputed by a receiving agency",""
"FBS","Food Balances (2010-)","050","Bangladesh","5611","Import quantity","S2745","Honey","2023","2023","1000 t","1","I","Value imputed by a receiving agency",""
"FBS","Food Balances (2010-)","050","Bangladesh","5072","Stock Variation","S2745","Honey","2023","2023","1000 t","0","I","Value imputed by a receiving agency",""
"FBS","Food Balances (2010-)","050","Bangladesh","5911","Export quantity","S2745","Honey","2023","2023","1000 t","0","I","Value imputed by a receiving agency",""
"FBS","Food Balances (2010-)","050","Bangladesh","5301","Domestic supply quantity","S2745","Honey","2023","2023","1000 t","1","I","Value imputed by a receiving agency",""
"FBS","Food Balances (2010-)","050","Bangladesh","5170","Residuals","S2745","Honey","2023","2023","1000 t","0","I","Value imputed by a receiving agency",""
"FBS","Food Balances (2010-)","050","Bangladesh","5142","Food","S2745","Honey","2023","2023","1000 t","1","I","Value imputed by a receiving agency",""
"FBS","Food Balances (2010-)","050","Bangladesh","645","Food supply quantity (kg/capita/yr)","S2745","Honey","2023","2023","kg/cap","0","E","Estimated value",""
"FBS","Food Balances (2010-)","050","Bangladesh","664","Food supply (kcal/capita/day)","S2745","Honey","2023","2023","kcal/cap/d","0.03","E","Estimated value",""
"FBS","Food Balances (2010-)","050","Bangladesh","661","Food supply (kcal)","S2745","Honey","2023","2023","million Kcal","1971.42","I","Value imputed by a receiving agency",""
"FBS","Food Balances (2010-)","050","Bangladesh","674","Protein supply quantity (g/capita/day)","S2745","Honey","2023","2023","g/cap/d","0","E","Estimated value",""
"FBS","Food Balances (2010-)","050","Bangladesh","671","Protein supply quantity (t)","S2745","Honey","2023","2023","t","1.8","I","Value imputed by a receiving agency",""
"FBS","Food Balances (2010-)","050","Bangladesh","684","Fat supply quantity (g/capita/day)","S2745","Honey","2023","2023","g/cap/d","0","E","Estimated value",""
"FBS","Food Balances (2010-)","050","Bangladesh","681","Fat supply quantity (t)","S2745","Honey","2023","2023","t","0","I","Value imputed by a receiving agency",""
"FBS","Food Balances (2010-)","050","Bangladesh","5511","Production","S2546","Beans","2023","2023","1000 t","86","I","Value imputed by a receiving agency",""
"FBS","Food Balances (2010-)","050","Bangladesh","5611","Import quantity","S2546","Beans","2023","2023","1000 t","18","I","Value imputed by a receiving agency",""
"FBS","Food Balances (2010-)","050","Bangladesh","5072","Stock Variation","S2546","Beans","2023","2023","1000 t","4","I","Value imputed by a receiving agency",""
"FBS","Food Balances (2010-)","050","Bangladesh","5911","Export quantity","S2546","Beans","2023","2023","1000 t","0","I","Value imputed by a receiving agency",""
"FBS","Food Balances (2010-)","050","Bangladesh","5301","Domestic supply quantity","S2546","Beans","2023","2023","1000 t","100","I","Value imputed by a receiving agency",""
"FBS","Food Balances (2010-)","050","Bangladesh","5521","Feed","S2546","Beans","2023","2023","1000 t","45","I","Value imputed by a receiving agency",""
"FBS","Food Balances (2010-)","050","Bangladesh","5527","Seed","S2546","Beans","2023","2023","1000 t","3","I","Value imputed by a receiving agency",""
"FBS","Food Balances (2010-)","050","Bangladesh","5123","Losses","S2546","Beans","2023","2023","1000 t","4","I","Value imputed by a receiving agency",""
"FBS","Food Balances (2010-)","050","Bangladesh","5170","Residuals","S2546","Beans","2023","2023","1000 t","0","I","Value imputed by a receiving agency",""
"FBS","Food Balances (2010-)","050","Bangladesh","5142","Food","S2546","Beans","2023","2023","1000 t","48","I","Value imputed by a receiving agency",""
"FBS","Food Balances (2010-)","050","Bangladesh","645","Food supply quantity (kg/capita/yr)","S2546","Beans","2023","2023","kg/cap","0.28","E","Estimated value",""
"FBS","Food Balances (2010-)","050","Bangladesh","664","Food supply (kcal/capita/day)","S2546","Beans","2023","2023","kcal/cap/d","2.44","E","Estimated value",""
"FBS","Food Balances (2010-)","050","Bangladesh","661","Food supply (kcal)","S2546","Beans","2023","2023","million Kcal","152670.13","I","Value imputed by a receiving agency",""
"FBS","Food Balances (2010-)","050","Bangladesh","674","Protein supply quantity (g/capita/day)","S2546","Beans","2023","2023","g/cap/d","0.17","E","Estimated value",""
"FBS","Food Balances (2010-)","050","Bangladesh","671","Protein supply quantity (t)","S2546","Beans","2023","2023","t","10435.68","I","Value imputed by a receiving agency",""
"FBS","Food Balances (2010-)","050","Bangladesh","684","Fat supply quantity (g/capita/day)","S2546","Beans","2023","2023","g/cap/d","0.01","E","Estimated value",""
"FBS","Food Balances (2010-)","050","Bangladesh","681","Fat supply quantity (t)","S2546","Beans","2023","2023","t","773.01","I","Value imputed by a receiving agency",""
"FBS","Food Balances (2010-)","050","Bangladesh","5511","Production","S2547","Peas","2023","2023","1000 t","8","I","Value imputed by a receiving agency",""
"FBS","Food Balances (2010-)","050","Bangladesh","5611","Import quantity","S2547","Peas","2023","2023","1000 t","303","I","Value imputed by a receiving agency",""
"FBS","Food Balances (2010-)","050","Bangladesh","5072","Stock Variation","S2547","Peas","2023","2023","1000 t","0","I","Value imputed by a receiving agency",""
"FBS","Food Balances (2010-)","050","Bangladesh","5911","Export quantity","S2547","Peas","2023","2023","1000 t","0","I","Value imputed by a receiving agency",""
"FBS","Food Balances (2010-)","050","Bangladesh","5301","Domestic supply quantity","S2547","Peas","2023","2023","1000 t","311","I","Value imputed by a receiving agency",""
"FBS","Food Balances (2010-)","050","Bangladesh","5521","Feed","S2547","Peas","2023","2023","1000 t","59","I","Value imputed by a receiving agency",""
"FBS","Food Balances (2010-)","050","Bangladesh","5123","Losses","S2547","Peas","2023","2023","1000 t","1","I","Value imputed by a receiving agency",""
"FBS","Food Balances (2010-)","050","Bangladesh","5170","Residuals","S2547","Peas","2023","2023","1000 t","0","I","Value imputed by a receiving agency",""
"FBS","Food Balances (2010-)","050","Bangladesh","5142","Food","S2547","Peas","2023","2023","1000 t","251","I","Value imputed by a receiving agency",""
"FBS","Food Balances (2010-)","050","Bangladesh","645","Food supply quantity (kg/capita/yr)","S2547","Peas","2023","2023","kg/cap","1.47","E","Estimated value",""
"FBS","Food Balances (2010-)","050","Bangladesh","664","Food supply (kcal/capita/day)","S2547","Peas","2023","2023","kcal/cap/d","12.97","E","Estimated value",""
"FBS","Food Balances (2010-)","050","Bangladesh","661","Food supply (kcal)","S2547","Peas","2023","2023","million Kcal","811495.18","I","Value imputed by a receiving agency",""
"FBS","Food Balances (2010-)","050","Bangladesh","674","Protein supply quantity (g/capita/day)","S2547","Peas","2023","2023","g/cap/d","0.89","E","Estimated value",""
"FBS","Food Balances (2010-)","050","Bangladesh","671","Protein supply quantity (t)","S2547","Peas","2023","2023","t","55774.59","I","Value imputed by a receiving agency",""
"FBS","Food Balances (2010-)","050","Bangladesh","684","Fat supply quantity (g/capita/day)","S2547","Peas","2023","2023","g/cap/d","0.07","E","Estimated value",""
"FBS","Food Balances (2010-)","050","Bangladesh","681","Fat supply quantity (t)","S2547","Peas","2023","2023","t","4522.26","I","Value imputed by a receiving agency",""
"FBS","Food Balances (2010-)","050","Bangladesh","5511","Production","S2549","Pulses, Other and products","2023","2023","1000 t","644","I","Value imputed by a receiving agency",""
"FBS","Food Balances (2010-)","050","Bangladesh","5611","Import quantity","S2549","Pulses, Other and products","2023","2023","1000 t","844","I","Value imputed by a receiving agency",""
"FBS","Food Balances (2010-)","050","Bangladesh","5072","Stock Variation","S2549","Pulses, Other and products","2023","2023","1000 t","111","I","Value imputed by a receiving agency",""
"FBS","Food Balances (2010-)","050","Bangladesh","5911","Export quantity","S2549","Pulses, Other and products","2023","2023","1000 t","1","I","Value imputed by a receiving agency",""
"FBS","Food Balances (2010-)","050","Bangladesh","5301","Domestic supply quantity","S2549","Pulses, Other and products","2023","2023","1000 t","1377","I","Value imputed by a receiving agency",""
"FBS","Food Balances (2010-)","050","Bangladesh","5521","Feed","S2549","Pulses, Other and products","2023","2023","1000 t","141","I","Value imputed by a receiving agency",""
"FBS","Food Balances (2010-)","050","Bangladesh","5527","Seed","S2549","Pulses, Other and products","2023","2023","1000 t","4","I","Value imputed by a receiving agency",""
"FBS","Food Balances (2010-)","050","Bangladesh","5123","Losses","S2549","Pulses, Other and products","2023","2023","1000 t","32","I","Value imputed by a receiving agency",""
"FBS","Food Balances (2010-)","050","Bangladesh","5170","Residuals","S2549","Pulses, Other and products","2023","2023","1000 t","0","I","Value imputed by a receiving agency",""
"FBS","Food Balances (2010-)","050","Bangladesh","5142","Food","S2549","Pulses, Other and products","2023","2023","1000 t","1199","I","Value imputed by a receiving agency",""
"FBS","Food Balances (2010-)","050","Bangladesh","645","Food supply quantity (kg/capita/yr)","S2549","Pulses, Other and products","2023","2023","kg/cap","6.99","E","Estimated value",""
"FBS","Food Balances (2010-)","050","Bangladesh","664","Food supply (kcal/capita/day)","S2549","Pulses, Other and products","2023","2023","kcal/cap/d","63.95","E","Estimated value",""
"FBS","Food Balances (2010-)","050","Bangladesh","661","Food supply (kcal)","S2549","Pulses, Other and products","2023","2023","million Kcal","4002267.78","I","Value imputed by a receiving agency",""
"FBS","Food Balances (2010-)","050","Bangladesh","674","Protein supply quantity (g/capita/day)","S2549","Pulses, Other and products","2023","2023","g/cap/d","4.6","E","Estimated value",""
"FBS","Food Balances (2010-)","050","Bangladesh","671","Protein supply quantity (t)","S2549","Pulses, Other and products","2023","2023","t","288006","I","Value imputed by a receiving agency",""
"FBS","Food Balances (2010-)","050","Bangladesh","684","Fat supply quantity (g/capita/day)","S2549","Pulses, Other and products","2023","2023","g/cap/d","0.65","E","Estimated value",""
"FBS","Food Balances (2010-)","050","Bangladesh","681","Fat supply quantity (t)","S2549","Pulses, Other and products","2023","2023","t","40851.17","I","Value imputed by a receiving agency",""
"FBS","Food Balances (2010-)","050","Bangladesh","5511","Production","S2551","Nuts and products","2023","2023","1000 t","342","I","Value imputed by a receiving agency",""
"FBS","Food Balances (2010-)","050","Bangladesh","5611","Import quantity","S2551","Nuts and products","2023","2023","1000 t","44","I","Value imputed by a receiving agency",""
"FBS","Food Balances (2010-)","050","Bangladesh","5072","Stock Variation","S2551","Nuts and products","2023","2023","1000 t","0","I","Value imputed by a receiving agency",""
"FBS","Food Balances (2010-)","050","Bangladesh","5911","Export quantity","S2551","Nuts and products","2023","2023","1000 t","2","I","Value imputed by a receiving agency",""
"FBS","Food Balances (2010-)","050","Bangladesh","5301","Domestic supply quantity","S2551","Nuts and products","2023","2023","1000 t","383","I","Value imputed by a receiving agency",""
"FBS","Food Balances (2010-)","050","Bangladesh","5123","Losses","S2551","Nuts and products","2023","2023","1000 t","19","I","Value imputed by a receiving agency",""
"FBS","Food Balances (2010-)","050","Bangladesh","5170","Residuals","S2551","Nuts and products","2023","2023","1000 t","0","I","Value imputed by a receiving agency",""
"FBS","Food Balances (2010-)","050","Bangladesh","5142","Food","S2551","Nuts and products","2023","2023","1000 t","364","I","Value imputed by a receiving agency",""
"FBS","Food Balances (2010-)","050","Bangladesh","645","Food supply quantity (kg/capita/yr)","S2551","Nuts and products","2023","2023","kg/cap","2.13","E","Estimated value",""
"FBS","Food Balances (2010-)","050","Bangladesh","664","Food supply (kcal/capita/day)","S2551","Nuts and products","2023","2023","kcal/cap/d","0.33","E","Estimated value",""
"FBS","Food Balances (2010-)","050","Bangladesh","661","Food supply (kcal)","S2551","Nuts and products","2023","2023","million Kcal","20879","I","Value imputed by a receiving agency",""
"FBS","Food Balances (2010-)","050","Bangladesh","674","Protein supply quantity (g/capita/day)","S2551","Nuts and products","2023","2023","g/cap/d","0.01","E","Estimated value",""
"FBS","Food Balances (2010-)","050","Bangladesh","671","Protein supply quantity (t)","S2551","Nuts and products","2023","2023","t","653.16","I","Value imputed by a receiving agency",""
"FBS","Food Balances (2010-)","050","Bangladesh","684","Fat supply quantity (g/capita/day)","S2551","Nuts and products","2023","2023","g/cap/d","0.03","E","Estimated value",""
"FBS","Food Balances (2010-)","050","Bangladesh","681","Fat supply quantity (t)","S2551","Nuts and products","2023","2023","t","1810.7","I","Value imputed by a receiving agency",""
"FBS","Food Balances (2010-)","050","Bangladesh","5511","Production","S2555","Soyabeans","2023","2023","1000 t","107","I","Value imputed by a receiving agency",""
"FBS","Food Balances (2010-)","050","Bangladesh","5611","Import quantity","S2555","Soyabeans","2023","2023","1000 t","1773","I","Value imputed by a receiving agency",""
"FBS","Food Balances (2010-)","050","Bangladesh","5072","Stock Variation","S2555","Soyabeans","2023","2023","1000 t","312","I","Value imputed by a receiving agency",""
"FBS","Food Balances (2010-)","050","Bangladesh","5911","Export quantity","S2555","Soyabeans","2023","2023","1000 t","0","I","Value imputed by a receiving agency",""
"FBS","Food Balances (2010-)","050","Bangladesh","5301","Domestic supply quantity","S2555","Soyabeans","2023","2023","1000 t","1569","I","Value imputed by a receiving agency",""
"FBS","Food Balances (2010-)","050","Bangladesh","5521","Feed","S2555","Soyabeans","2023","2023","1000 t","2","I","Value imputed by a receiving agency",""
"FBS","Food Balances (2010-)","050","Bangladesh","5527","Seed","S2555","Soyabeans","2023","2023","1000 t","1","I","Value imputed by a receiving agency",""
"FBS","Food Balances (2010-)","050","Bangladesh","5123","Losses","S2555","Soyabeans","2023","2023","1000 t","12","I","Value imputed by a receiving agency",""
"FBS","Food Balances (2010-)","050","Bangladesh","5131","Processing","S2555","Soyabeans","2023","2023","1000 t","1428","I","Value imputed by a receiving agency",""
"FBS","Food Balances (2010-)","050","Bangladesh","5170","Residuals","S2555","Soyabeans","2023","2023","1000 t","0","I","Value imputed by a receiving agency",""
"FBS","Food Balances (2010-)","050","Bangladesh","5142","Food","S2555","Soyabeans","2023","2023","1000 t","125","I","Value imputed by a receiving agency",""
"FBS","Food Balances (2010-)","050","Bangladesh","645","Food supply quantity (kg/capita/yr)","S2555","Soyabeans","2023","2023","kg/cap","0.73","E","Estimated value",""
"FBS","Food Balances (2010-)","050","Bangladesh","664","Food supply (kcal/capita/day)","S2555","Soyabeans","2023","2023","kcal/cap/d","8.09","E","Estimated value",""
"FBS","Food Balances (2010-)","050","Bangladesh","661","Food supply (kcal)","S2555","Soyabeans","2023","2023","million Kcal","506509.26","I","Value imputed by a receiving agency",""
"FBS","Food Balances (2010-)","050","Bangladesh","674","Protein supply quantity (g/capita/day)","S2555","Soyabeans","2023","2023","g/cap/d","0.68","E","Estimated value",""
"FBS","Food Balances (2010-)","050","Bangladesh","671","Protein supply quantity (t)","S2555","Soyabeans","2023","2023","t","42546.5","I","Value imputed by a receiving agency",""
"FBS","Food Balances (2010-)","050","Bangladesh","684","Fat supply quantity (g/capita/day)","S2555","Soyabeans","2023","2023","g/cap/d","0.39","E","Estimated value",""
"FBS","Food Balances (2010-)","050","Bangladesh","681","Fat supply quantity (t)","S2555","Soyabeans","2023","2023","t","24565.27","I","Value imputed by a receiving agency",""
"FBS","Food Balances (2010-)","050","Bangladesh","5511","Production","S2552","Groundnuts","2023","2023","1000 t","67","I","Value imputed by a receiving agency",""
"FBS","Food Balances (2010-)","050","Bangladesh","5611","Import quantity","S2552","Groundnuts","2023","2023","1000 t","26","I","Value imputed by a receiving agency",""
"FBS","Food Balances (2010-)","050","Bangladesh","5072","Stock Variation","S2552","Groundnuts","2023","2023","1000 t","1","I","Value imputed by a receiving agency",""
"FBS","Food Balances (2010-)","050","Bangladesh","5911","Export quantity","S2552","Groundnuts","2023","2023","1000 t","0","I","Value imputed by a receiving agency",""
"FBS","Food Balances (2010-)","050","Bangladesh","5301","Domestic supply quantity","S2552","Groundnuts","2023","2023","1000 t","93","I","Value imputed by a receiving agency",""
"FBS","Food Balances (2010-)","050","Bangladesh","5527","Seed","S2552","Groundnuts","2023","2023","1000 t","5","I","Value imputed by a receiving agency",""
"FBS","Food Balances (2010-)","050","Bangladesh","5123","Losses","S2552","Groundnuts","2023","2023","1000 t","1","I","Value imputed by a receiving agency",""
"FBS","Food Balances (2010-)","050","Bangladesh","5131","Processing","S2552","Groundnuts","2023","2023","1000 t","73","I","Value imputed by a receiving agency",""
"FBS","Food Balances (2010-)","050","Bangladesh","5170","Residuals","S2552","Groundnuts","2023","2023","1000 t","0","I","Value imputed by a receiving agency",""
"FBS","Food Balances (2010-)","050","Bangladesh","5142","Food","S2552","Groundnuts","2023","2023","1000 t","13","I","Value imputed by a receiving agency",""
"FBS","Food Balances (2010-)","050","Bangladesh","645","Food supply quantity (kg/capita/yr)","S2552","Groundnuts","2023","2023","kg/cap","0.08","E","Estimated value",""
"FBS","Food Balances (2010-)","050","Bangladesh","664","Food supply (kcal/capita/day)","S2552","Groundnuts","2023","2023","kcal/cap/d","1.12","E","Estimated value",""
"FBS","Food Balances (2010-)","050","Bangladesh","661","Food supply (kcal)","S2552","Groundnuts","2023","2023","million Kcal","70371.44","I","Value imputed by a receiving agency",""
"FBS","Food Balances (2010-)","050","Bangladesh","674","Protein supply quantity (g/capita/day)","S2552","Groundnuts","2023","2023","g/cap/d","0.04","E","Estimated value",""
"FBS","Food Balances (2010-)","050","Bangladesh","671","Protein supply quantity (t)","S2552","Groundnuts","2023","2023","t","2700.1","I","Value imputed by a receiving agency",""
"FBS","Food Balances (2010-)","050","Bangladesh","684","Fat supply quantity (g/capita/day)","S2552","Groundnuts","2023","2023","g/cap/d","0.09","E","Estimated value",""
"FBS","Food Balances (2010-)","050","Bangladesh","681","Fat supply quantity (t)","S2552","Groundnuts","2023","2023","t","5776.43","I","Value imputed by a receiving agency",""
"FBS","Food Balances (2010-)","050","Bangladesh","5611","Import quantity","S2557","Sunflower seed","2023","2023","1000 t","0","I","Value imputed by a receiving agency",""
"FBS","Food Balances (2010-)","050","Bangladesh","5072","Stock Variation","S2557","Sunflower seed","2023","2023","1000 t","0","I","Value imputed by a receiving agency",""
"FBS","Food Balances (2010-)","050","Bangladesh","5301","Domestic supply quantity","S2557","Sunflower seed","2023","2023","1000 t","0","I","Value imputed by a receiving agency",""
"FBS","Food Balances (2010-)","050","Bangladesh","5521","Feed","S2557","Sunflower seed","2023","2023","1000 t","0","I","Value imputed by a receiving agency",""
"FBS","Food Balances (2010-)","050","Bangladesh","5170","Residuals","S2557","Sunflower seed","2023","2023","1000 t","0","I","Value imputed by a receiving agency",""
"FBS","Food Balances (2010-)","050","Bangladesh","5142","Food","S2557","Sunflower seed","2023","2023","1000 t","0","I","Value imputed by a receiving agency",""
"FBS","Food Balances (2010-)","050","Bangladesh","645","Food supply quantity (kg/capita/yr)","S2557","Sunflower seed","2023","2023","kg/cap","0","E","Estimated value",""
"FBS","Food Balances (2010-)","050","Bangladesh","664","Food supply (kcal/capita/day)","S2557","Sunflower seed","2023","2023","kcal/cap/d","0","E","Estimated value",""
"FBS","Food Balances (2010-)","050","Bangladesh","661","Food supply (kcal)","S2557","Sunflower seed","2023","2023","million Kcal","0","I","Value imputed by a receiving agency",""
"FBS","Food Balances (2010-)","050","Bangladesh","674","Protein supply quantity (g/capita/day)","S2557","Sunflower seed","2023","2023","g/cap/d","0","E","Estimated value",""
"FBS","Food Balances (2010-)","050","Bangladesh","671","Protein supply quantity (t)","S2557","Sunflower seed","2023","2023","t","0","I","Value imputed by a receiving agency",""
"FBS","Food Balances (2010-)","050","Bangladesh","684","Fat supply quantity (g/capita/day)","S2557","Sunflower seed","2023","2023","g/cap/d","0","E","Estimated value",""
"FBS","Food Balances (2010-)","050","Bangladesh","681","Fat supply quantity (t)","S2557","Sunflower seed","2023","2023","t","0","I","Value imputed by a receiving agency",""
"FBS","Food Balances (2010-)","050","Bangladesh","5511","Production","S2558","Rape and Mustardseed","2023","2023","1000 t","547","I","Value imputed by a receiving agency",""
"FBS","Food Balances (2010-)","050","Bangladesh","5611","Import quantity","S2558","Rape and Mustardseed","2023","2023","1000 t","355","I","Value imputed by a receiving agency",""
"FBS","Food Balances (2010-)","050","Bangladesh","5072","Stock Variation","S2558","Rape and Mustardseed","2023","2023","1000 t","100","I","Value imputed by a receiving agency",""
"FBS","Food Balances (2010-)","050","Bangladesh","5911","Export quantity","S2558","Rape and Mustardseed","2023","2023","1000 t","0","I","Value imputed by a receiving agency",""
"FBS","Food Balances (2010-)","050","Bangladesh","5301","Domestic supply quantity","S2558","Rape and Mustardseed","2023","2023","1000 t","803","I","Value imputed by a receiving agency",""
"FBS","Food Balances (2010-)","050","Bangladesh","5521","Feed","S2558","Rape and Mustardseed","2023","2023","1000 t","19","I","Value imputed by a receiving agency",""
"FBS","Food Balances (2010-)","050","Bangladesh","5527","Seed","S2558","Rape and Mustardseed","2023","2023","1000 t","4","I","Value imputed by a receiving agency",""
"FBS","Food Balances (2010-)","050","Bangladesh","5123","Losses","S2558","Rape and Mustardseed","2023","2023","1000 t","53","I","Value imputed by a receiving agency",""
"FBS","Food Balances (2010-)","050","Bangladesh","5131","Processing","S2558","Rape and Mustardseed","2023","2023","1000 t","727","I","Value imputed by a receiving agency",""
"FBS","Food Balances (2010-)","050","Bangladesh","5170","Residuals","S2558","Rape and Mustardseed","2023","2023","1000 t","0","I","Value imputed by a receiving agency",""
"FBS","Food Balances (2010-)","050","Bangladesh","5142","Food","S2558","Rape and Mustardseed","2023","2023","1000 t","0","I","Value imputed by a receiving agency",""
"FBS","Food Balances (2010-)","050","Bangladesh","645","Food supply quantity (kg/capita/yr)","S2558","Rape and Mustardseed","2023","2023","kg/cap","0","E","Estimated value",""
"FBS","Food Balances (2010-)","050","Bangladesh","664","Food supply (kcal/capita/day)","S2558","Rape and Mustardseed","2023","2023","kcal/cap/d","0","E","Estimated value",""
"FBS","Food Balances (2010-)","050","Bangladesh","661","Food supply (kcal)","S2558","Rape and Mustardseed","2023","2023","million Kcal","84.89","I","Value imputed by a receiving agency",""
"FBS","Food Balances (2010-)","050","Bangladesh","674","Protein supply quantity (g/capita/day)","S2558","Rape and Mustardseed","2023","2023","g/cap/d","0","E","Estimated value",""
"FBS","Food Balances (2010-)","050","Bangladesh","671","Protein supply quantity (t)","S2558","Rape and Mustardseed","2023","2023","t","4.69","I","Value imputed by a receiving agency",""
"FBS","Food Balances (2010-)","050","Bangladesh","684","Fat supply quantity (g/capita/day)","S2558","Rape and Mustardseed","2023","2023","g/cap/d","0","E","Estimated value",""
"FBS","Food Balances (2010-)","050","Bangladesh","681","Fat supply quantity (t)","S2558","Rape and Mustardseed","2023","2023","t","5.32","I","Value imputed by a receiving agency",""
"FBS","Food Balances (2010-)","050","Bangladesh","5511","Production","S2559","Cottonseed","2023","2023","1000 t","42","I","Value imputed by a receiving agency",""
"FBS","Food Balances (2010-)","050","Bangladesh","5611","Import quantity","S2559","Cottonseed","2023","2023","1000 t","0","I","Value imputed by a receiving agency",""
"FBS","Food Balances (2010-)","050","Bangladesh","5072","Stock Variation","S2559","Cottonseed","2023","2023","1000 t","0","I","Value imputed by a receiving agency",""
"FBS","Food Balances (2010-)","050","Bangladesh","5301","Domestic supply quantity","S2559","Cottonseed","2023","2023","1000 t","41","I","Value imputed by a receiving agency",""
"FBS","Food Balances (2010-)","050","Bangladesh","5521","Feed","S2559","Cottonseed","2023","2023","1000 t","0","I","Value imputed by a receiving agency",""
"FBS","Food Balances (2010-)","050","Bangladesh","5527","Seed","S2559","Cottonseed","2023","2023","1000 t","1","I","Value imputed by a receiving agency",""
"FBS","Food Balances (2010-)","050","Bangladesh","5123","Losses","S2559","Cottonseed","2023","2023","1000 t","0","I","Value imputed by a receiving agency",""
"FBS","Food Balances (2010-)","050","Bangladesh","5131","Processing","S2559","Cottonseed","2023","2023","1000 t","40","I","Value imputed by a receiving agency",""
"FBS","Food Balances (2010-)","050","Bangladesh","5170","Residuals","S2559","Cottonseed","2023","2023","1000 t","0","I","Value imputed by a receiving agency",""
"FBS","Food Balances (2010-)","050","Bangladesh","5511","Production","S2560","Coconuts - Incl Copra","2023","2023","1000 t","404","I","Value imputed by a receiving agency",""
"FBS","Food Balances (2010-)","050","Bangladesh","5611","Import quantity","S2560","Coconuts - Incl Copra","2023","2023","1000 t","212","I","Value imputed by a receiving agency",""
"FBS","Food Balances (2010-)","050","Bangladesh","5072","Stock Variation","S2560","Coconuts - Incl Copra","2023","2023","1000 t","22","I","Value imputed by a receiving agency",""
"FBS","Food Balances (2010-)","050","Bangladesh","5911","Export quantity","S2560","Coconuts - Incl Copra","2023","2023","1000 t","1","I","Value imputed by a receiving agency",""
"FBS","Food Balances (2010-)","050","Bangladesh","5301","Domestic supply quantity","S2560","Coconuts - Incl Copra","2023","2023","1000 t","592","I","Value imputed by a receiving agency",""
"FBS","Food Balances (2010-)","050","Bangladesh","5521","Feed","S2560","Coconuts - Incl Copra","2023","2023","1000 t","41","I","Value imputed by a receiving agency",""
"FBS","Food Balances (2010-)","050","Bangladesh","5123","Losses","S2560","Coconuts - Incl Copra","2023","2023","1000 t","8","I","Value imputed by a receiving agency",""
"FBS","Food Balances (2010-)","050","Bangladesh","5131","Processing","S2560","Coconuts - Incl Copra","2023","2023","1000 t","263","I","Value imputed by a receiving agency",""
"FBS","Food Balances (2010-)","050","Bangladesh","5170","Residuals","S2560","Coconuts - Incl Copra","2023","2023","1000 t","0","I","Value imputed by a receiving agency",""
"FBS","Food Balances (2010-)","050","Bangladesh","5142","Food","S2560","Coconuts - Incl Copra","2023","2023","1000 t","281","I","Value imputed by a receiving agency",""
"FBS","Food Balances (2010-)","050","Bangladesh","645","Food supply quantity (kg/capita/yr)","S2560","Coconuts - Incl Copra","2023","2023","kg/cap","1.64","E","Estimated value",""
"FBS","Food Balances (2010-)","050","Bangladesh","664","Food supply (kcal/capita/day)","S2560","Coconuts - Incl Copra","2023","2023","kcal/cap/d","3.88","E","Estimated value",""
"FBS","Food Balances (2010-)","050","Bangladesh","661","Food supply (kcal)","S2560","Coconuts - Incl Copra","2023","2023","million Kcal","242855.03","I","Value imputed by a receiving agency",""
"FBS","Food Balances (2010-)","050","Bangladesh","674","Protein supply quantity (g/capita/day)","S2560","Coconuts - Incl Copra","2023","2023","g/cap/d","0.04","E","Estimated value",""
"FBS","Food Balances (2010-)","050","Bangladesh","671","Protein supply quantity (t)","S2560","Coconuts - Incl Copra","2023","2023","t","2429.79","I","Value imputed by a receiving agency",""
"FBS","Food Balances (2010-)","050","Bangladesh","684","Fat supply quantity (g/capita/day)","S2560","Coconuts - Incl Copra","2023","2023","g/cap/d","0.34","E","Estimated value",""
"FBS","Food Balances (2010-)","050","Bangladesh","681","Fat supply quantity (t)","S2560","Coconuts - Incl Copra","2023","2023","t","21043.29","I","Value imputed by a receiving agency",""
"FBS","Food Balances (2010-)","050","Bangladesh","5511","Production","S2561","Sesame seed","2023","2023","1000 t","31","I","Value imputed by a receiving agency",""
"FBS","Food Balances (2010-)","050","Bangladesh","5611","Import quantity","S2561","Sesame seed","2023","2023","1000 t","1","I","Value imputed by a receiving agency",""
"FBS","Food Balances (2010-)","050","Bangladesh","5072","Stock Variation","S2561","Sesame seed","2023","2023","1000 t","0","I","Value imputed by a receiving agency",""
"FBS","Food Balances (2010-)","050","Bangladesh","5911","Export quantity","S2561","Sesame seed","2023","2023","1000 t","15","I","Value imputed by a receiving agency",""
"FBS","Food Balances (2010-)","050","Bangladesh","5301","Domestic supply quantity","S2561","Sesame seed","2023","2023","1000 t","16","I","Value imputed by a receiving agency",""
"FBS","Food Balances (2010-)","050","Bangladesh","5521","Feed","S2561","Sesame seed","2023","2023","1000 t","0","I","Value imputed by a receiving agency",""
"FBS","Food Balances (2010-)","050","Bangladesh","5527","Seed","S2561","Sesame seed","2023","2023","1000 t","1","I","Value imputed by a receiving agency",""
"FBS","Food Balances (2010-)","050","Bangladesh","5123","Losses","S2561","Sesame seed","2023","2023","1000 t","1","I","Value imputed by a receiving agency",""
"FBS","Food Balances (2010-)","050","Bangladesh","5131","Processing","S2561","Sesame seed","2023","2023","1000 t","15","I","Value imputed by a receiving agency",""
"FBS","Food Balances (2010-)","050","Bangladesh","5170","Residuals","S2561","Sesame seed","2023","2023","1000 t","0","I","Value imputed by a receiving agency",""
"FBS","Food Balances (2010-)","050","Bangladesh","5072","Stock Variation","S2562","Palm kernels","2023","2023","1000 t","0","I","Value imputed by a receiving agency",""
"FBS","Food Balances (2010-)","050","Bangladesh","5911","Export quantity","S2562","Palm kernels","2023","2023","1000 t","0","I","Value imputed by a receiving agency",""
"FBS","Food Balances (2010-)","050","Bangladesh","5301","Domestic supply quantity","S2562","Palm kernels","2023","2023","1000 t","0","I","Value imputed by a receiving agency",""
"FBS","Food Balances (2010-)","050","Bangladesh","5170","Residuals","S2562","Palm kernels","2023","2023","1000 t","0","I","Value imputed by a receiving agency",""
"FBS","Food Balances (2010-)","050","Bangladesh","5142","Food","S2562","Palm kernels","2023","2023","1000 t","0","I","Value imputed by a receiving agency",""
"FBS","Food Balances (2010-)","050","Bangladesh","645","Food supply quantity (kg/capita/yr)","S2562","Palm kernels","2023","2023","kg/cap","0","E","Estimated value",""
"FBS","Food Balances (2010-)","050","Bangladesh","5611","Import quantity","S2563","Olives (including preserved)","2023","2023","1000 t","0","I","Value imputed by a receiving agency",""
"FBS","Food Balances (2010-)","050","Bangladesh","5072","Stock Variation","S2563","Olives (including preserved)","2023","2023","1000 t","0","I","Value imputed by a receiving agency",""
"FBS","Food Balances (2010-)","050","Bangladesh","5911","Export quantity","S2563","Olives (including preserved)","2023","2023","1000 t","0","I","Value imputed by a receiving agency",""
"FBS","Food Balances (2010-)","050","Bangladesh","5301","Domestic supply quantity","S2563","Olives (including preserved)","2023","2023","1000 t","0","I","Value imputed by a receiving agency",""
"FBS","Food Balances (2010-)","050","Bangladesh","5170","Residuals","S2563","Olives (including preserved)","2023","2023","1000 t","0","I","Value imputed by a receiving agency",""
"FBS","Food Balances (2010-)","050","Bangladesh","5142","Food","S2563","Olives (including preserved)","2023","2023","1000 t","0","I","Value imputed by a receiving agency",""
"FBS","Food Balances (2010-)","050","Bangladesh","645","Food supply quantity (kg/capita/yr)","S2563","Olives (including preserved)","2023","2023","kg/cap","0","E","Estimated value",""
"FBS","Food Balances (2010-)","050","Bangladesh","664","Food supply (kcal/capita/day)","S2563","Olives (including preserved)","2023","2023","kcal/cap/d","0","E","Estimated value",""
"FBS","Food Balances (2010-)","050","Bangladesh","661","Food supply (kcal)","S2563","Olives (including preserved)","2023","2023","million Kcal","96.69","I","Value imputed by a receiving agency",""
"FBS","Food Balances (2010-)","050","Bangladesh","674","Protein supply quantity (g/capita/day)","S2563","Olives (including preserved)","2023","2023","g/cap/d","0","E","Estimated value",""
"FBS","Food Balances (2010-)","050","Bangladesh","671","Protein supply quantity (t)","S2563","Olives (including preserved)","2023","2023","t","0.67","I","Value imputed by a receiving agency",""
"FBS","Food Balances (2010-)","050","Bangladesh","684","Fat supply quantity (g/capita/day)","S2563","Olives (including preserved)","2023","2023","g/cap/d","0","E","Estimated value",""
"FBS","Food Balances (2010-)","050","Bangladesh","681","Fat supply quantity (t)","S2563","Olives (including preserved)","2023","2023","t","9.73","I","Value imputed by a receiving agency",""
"FBS","Food Balances (2010-)","050","Bangladesh","5511","Production","S2570","Oilcrops, Other","2023","2023","1000 t","7","I","Value imputed by a receiving agency",""
"FBS","Food Balances (2010-)","050","Bangladesh","5611","Import quantity","S2570","Oilcrops, Other","2023","2023","1000 t","3","I","Value imputed by a receiving agency",""
"FBS","Food Balances (2010-)","050","Bangladesh","5072","Stock Variation","S2570","Oilcrops, Other","2023","2023","1000 t","0","I","Value imputed by a receiving agency",""
"FBS","Food Balances (2010-)","050","Bangladesh","5911","Export quantity","S2570","Oilcrops, Other","2023","2023","1000 t","0","I","Value imputed by a receiving agency",""
"FBS","Food Balances (2010-)","050","Bangladesh","5301","Domestic supply quantity","S2570","Oilcrops, Other","2023","2023","1000 t","10","I","Value imputed by a receiving agency",""
"FBS","Food Balances (2010-)","050","Bangladesh","5521","Feed","S2570","Oilcrops, Other","2023","2023","1000 t","0","I","Value imputed by a receiving agency",""
"FBS","Food Balances (2010-)","050","Bangladesh","5527","Seed","S2570","Oilcrops, Other","2023","2023","1000 t","0","I","Value imputed by a receiving agency",""
"FBS","Food Balances (2010-)","050","Bangladesh","5123","Losses","S2570","Oilcrops, Other","2023","2023","1000 t","2","I","Value imputed by a receiving agency",""
"FBS","Food Balances (2010-)","050","Bangladesh","5131","Processing","S2570","Oilcrops, Other","2023","2023","1000 t","8","I","Value imputed by a receiving agency",""
"FBS","Food Balances (2010-)","050","Bangladesh","5154","Other uses (non-food)","S2570","Oilcrops, Other","2023","2023","1000 t","0","I","Value imputed by a receiving agency",""
"FBS","Food Balances (2010-)","050","Bangladesh","5170","Residuals","S2570","Oilcrops, Other","2023","2023","1000 t","0","I","Value imputed by a receiving agency",""
"FBS","Food Balances (2010-)","050","Bangladesh","5142","Food","S2570","Oilcrops, Other","2023","2023","1000 t","0","I","Value imputed by a receiving agency",""
"FBS","Food Balances (2010-)","050","Bangladesh","645","Food supply quantity (kg/capita/yr)","S2570","Oilcrops, Other","2023","2023","kg/cap","0","E","Estimated value",""
"FBS","Food Balances (2010-)","050","Bangladesh","664","Food supply (kcal/capita/day)","S2570","Oilcrops, Other","2023","2023","kcal/cap/d","0","E","Estimated value",""
"FBS","Food Balances (2010-)","050","Bangladesh","661","Food supply (kcal)","S2570","Oilcrops, Other","2023","2023","million Kcal","71.87","I","Value imputed by a receiving agency",""
"FBS","Food Balances (2010-)","050","Bangladesh","674","Protein supply quantity (g/capita/day)","S2570","Oilcrops, Other","2023","2023","g/cap/d","0","E","Estimated value",""
"FBS","Food Balances (2010-)","050","Bangladesh","671","Protein supply quantity (t)","S2570","Oilcrops, Other","2023","2023","t","3.32","I","Value imputed by a receiving agency",""
"FBS","Food Balances (2010-)","050","Bangladesh","684","Fat supply quantity (g/capita/day)","S2570","Oilcrops, Other","2023","2023","g/cap/d","0","E","Estimated value",""
"FBS","Food Balances (2010-)","050","Bangladesh","681","Fat supply quantity (t)","S2570","Oilcrops, Other","2023","2023","t","5.78","I","Value imputed by a receiving agency",""
"FBS","Food Balances (2010-)","050","Bangladesh","5511","Production","S2571","Soyabean Oil","2023","2023","1000 t","260","I","Value imputed by a receiving agency",""
"FBS","Food Balances (2010-)","050","Bangladesh","5611","Import quantity","S2571","Soyabean Oil","2023","2023","1000 t","654","I","Value imputed by a receiving agency",""
"FBS","Food Balances (2010-)","050","Bangladesh","5072","Stock Variation","S2571","Soyabean Oil","2023","2023","1000 t","-4","I","Value imputed by a receiving agency",""
"FBS","Food Balances (2010-)","050","Bangladesh","5911","Export quantity","S2571","Soyabean Oil","2023","2023","1000 t","1","I","Value imputed by a receiving agency",""
"FBS","Food Balances (2010-)","050","Bangladesh","5301","Domestic supply quantity","S2571","Soyabean Oil","2023","2023","1000 t","917","I","Value imputed by a receiving agency",""
"FBS","Food Balances (2010-)","050","Bangladesh","5154","Other uses (non-food)","S2571","Soyabean Oil","2023","2023","1000 t","573","I","Value imputed by a receiving agency",""
"FBS","Food Balances (2010-)","050","Bangladesh","5170","Residuals","S2571","Soyabean Oil","2023","2023","1000 t","0","I","Value imputed by a receiving agency",""
"FBS","Food Balances (2010-)","050","Bangladesh","5142","Food","S2571","Soyabean Oil","2023","2023","1000 t","343","I","Value imputed by a receiving agency",""
"FBS","Food Balances (2010-)","050","Bangladesh","645","Food supply quantity (kg/capita/yr)","S2571","Soyabean Oil","2023","2023","kg/cap","2","E","Estimated value",""
"FBS","Food Balances (2010-)","050","Bangladesh","664","Food supply (kcal/capita/day)","S2571","Soyabean Oil","2023","2023","kcal/cap/d","49.37","E","Estimated value",""
"FBS","Food Balances (2010-)","050","Bangladesh","661","Food supply (kcal)","S2571","Soyabean Oil","2023","2023","million Kcal","3089586.07","I","Value imputed by a receiving agency",""
"FBS","Food Balances (2010-)","050","Bangladesh","674","Protein supply quantity (g/capita/day)","S2571","Soyabean Oil","2023","2023","g/cap/d","0","E","Estimated value",""
"FBS","Food Balances (2010-)","050","Bangladesh","671","Protein supply quantity (t)","S2571","Soyabean Oil","2023","2023","t","0","I","Value imputed by a receiving agency",""
"FBS","Food Balances (2010-)","050","Bangladesh","684","Fat supply quantity (g/capita/day)","S2571","Soyabean Oil","2023","2023","g/cap/d","5.49","E","Estimated value",""
"FBS","Food Balances (2010-)","050","Bangladesh","681","Fat supply quantity (t)","S2571","Soyabean Oil","2023","2023","t","343287.34","I","Value imputed by a receiving agency",""
"FBS","Food Balances (2010-)","050","Bangladesh","5511","Production","S2572","Groundnut Oil","2023","2023","1000 t","21","I","Value imputed by a receiving agency",""
"FBS","Food Balances (2010-)","050","Bangladesh","5611","Import quantity","S2572","Groundnut Oil","2023","2023","1000 t","0","I","Value imputed by a receiving agency",""
"FBS","Food Balances (2010-)","050","Bangladesh","5072","Stock Variation","S2572","Groundnut Oil","2023","2023","1000 t","0","I","Value imputed by a receiving agency",""
"FBS","Food Balances (2010-)","050","Bangladesh","5911","Export quantity","S2572","Groundnut Oil","2023","2023","1000 t","0","I","Value imputed by a receiving agency",""
"FBS","Food Balances (2010-)","050","Bangladesh","5301","Domestic supply quantity","S2572","Groundnut Oil","2023","2023","1000 t","21","I","Value imputed by a receiving agency",""
"FBS","Food Balances (2010-)","050","Bangladesh","5170","Residuals","S2572","Groundnut Oil","2023","2023","1000 t","0","I","Value imputed by a receiving agency",""
"FBS","Food Balances (2010-)","050","Bangladesh","5142","Food","S2572","Groundnut Oil","2023","2023","1000 t","21","I","Value imputed by a receiving agency",""
"FBS","Food Balances (2010-)","050","Bangladesh","645","Food supply quantity (kg/capita/yr)","S2572","Groundnut Oil","2023","2023","kg/cap","0.12","E","Estimated value",""
"FBS","Food Balances (2010-)","050","Bangladesh","664","Food supply (kcal/capita/day)","S2572","Groundnut Oil","2023","2023","kcal/cap/d","3.02","E","Estimated value",""
"FBS","Food Balances (2010-)","050","Bangladesh","661","Food supply (kcal)","S2572","Groundnut Oil","2023","2023","million Kcal","189230.55","I","Value imputed by a receiving agency",""
"FBS","Food Balances (2010-)","050","Bangladesh","674","Protein supply quantity (g/capita/day)","S2572","Groundnut Oil","2023","2023","g/cap/d","0","E","Estimated value",""
"FBS","Food Balances (2010-)","050","Bangladesh","671","Protein supply quantity (t)","S2572","Groundnut Oil","2023","2023","t","0","I","Value imputed by a receiving agency",""
"FBS","Food Balances (2010-)","050","Bangladesh","684","Fat supply quantity (g/capita/day)","S2572","Groundnut Oil","2023","2023","g/cap/d","0.34","E","Estimated value",""
"FBS","Food Balances (2010-)","050","Bangladesh","681","Fat supply quantity (t)","S2572","Groundnut Oil","2023","2023","t","21027.96","I","Value imputed by a receiving agency",""
"FBS","Food Balances (2010-)","050","Bangladesh","5611","Import quantity","S2573","Sunflowerseed Oil","2023","2023","1000 t","4","I","Value imputed by a receiving agency",""
"FBS","Food Balances (2010-)","050","Bangladesh","5072","Stock Variation","S2573","Sunflowerseed Oil","2023","2023","1000 t","0","I","Value imputed by a receiving agency",""
"FBS","Food Balances (2010-)","050","Bangladesh","5911","Export quantity","S2573","Sunflowerseed Oil","2023","2023","1000 t","0","I","Value imputed by a receiving agency",""
"FBS","Food Balances (2010-)","050","Bangladesh","5301","Domestic supply quantity","S2573","Sunflowerseed Oil","2023","2023","1000 t","4","I","Value imputed by a receiving agency",""
"FBS","Food Balances (2010-)","050","Bangladesh","5170","Residuals","S2573","Sunflowerseed Oil","2023","2023","1000 t","0","I","Value imputed by a receiving agency",""
"FBS","Food Balances (2010-)","050","Bangladesh","5142","Food","S2573","Sunflowerseed Oil","2023","2023","1000 t","4","I","Value imputed by a receiving agency",""
"FBS","Food Balances (2010-)","050","Bangladesh","645","Food supply quantity (kg/capita/yr)","S2573","Sunflowerseed Oil","2023","2023","kg/cap","0.02","E","Estimated value",""
"FBS","Food Balances (2010-)","050","Bangladesh","664","Food supply (kcal/capita/day)","S2573","Sunflowerseed Oil","2023","2023","kcal/cap/d","0.56","E","Estimated value",""
"FBS","Food Balances (2010-)","050","Bangladesh","661","Food supply (kcal)","S2573","Sunflowerseed Oil","2023","2023","million Kcal","35223.33","I","Value imputed by a receiving agency",""
"FBS","Food Balances (2010-)","050","Bangladesh","674","Protein supply quantity (g/capita/day)","S2573","Sunflowerseed Oil","2023","2023","g/cap/d","0","E","Estimated value",""
"FBS","Food Balances (2010-)","050","Bangladesh","671","Protein supply quantity (t)","S2573","Sunflowerseed Oil","2023","2023","t","0","I","Value imputed by a receiving agency",""
"FBS","Food Balances (2010-)","050","Bangladesh","684","Fat supply quantity (g/capita/day)","S2573","Sunflowerseed Oil","2023","2023","g/cap/d","0.06","E","Estimated value",""
"FBS","Food Balances (2010-)","050","Bangladesh","681","Fat supply quantity (t)","S2573","Sunflowerseed Oil","2023","2023","t","3913.7","I","Value imputed by a receiving agency",""
"FBS","Food Balances (2010-)","050","Bangladesh","5511","Production","S2574","Rape and Mustard Oil","2023","2023","1000 t","233","I","Value imputed by a receiving agency",""
"FBS","Food Balances (2010-)","050","Bangladesh","5611","Import quantity","S2574","Rape and Mustard Oil","2023","2023","1000 t","0","I","Value imputed by a receiving agency",""
"FBS","Food Balances (2010-)","050","Bangladesh","5072","Stock Variation","S2574","Rape and Mustard Oil","2023","2023","1000 t","0","I","Value imputed by a receiving agency",""
"FBS","Food Balances (2010-)","050","Bangladesh","5911","Export quantity","S2574","Rape and Mustard Oil","2023","2023","1000 t","7","I","Value imputed by a receiving agency",""
"FBS","Food Balances (2010-)","050","Bangladesh","5301","Domestic supply quantity","S2574","Rape and Mustard Oil","2023","2023","1000 t","226","I","Value imputed by a receiving agency",""
"FBS","Food Balances (2010-)","050","Bangladesh","5170","Residuals","S2574","Rape and Mustard Oil","2023","2023","1000 t","0","I","Value imputed by a receiving agency",""
"FBS","Food Balances (2010-)","050","Bangladesh","5142","Food","S2574","Rape and Mustard Oil","2023","2023","1000 t","226","I","Value imputed by a receiving agency",""
"FBS","Food Balances (2010-)","050","Bangladesh","645","Food supply quantity (kg/capita/yr)","S2574","Rape and Mustard Oil","2023","2023","kg/cap","1.32","E","Estimated value",""
"FBS","Food Balances (2010-)","050","Bangladesh","664","Food supply (kcal/capita/day)","S2574","Rape and Mustard Oil","2023","2023","kcal/cap/d","32.44","E","Estimated value",""
"FBS","Food Balances (2010-)","050","Bangladesh","661","Food supply (kcal)","S2574","Rape and Mustard Oil","2023","2023","million Kcal","2030471.9","I","Value imputed by a receiving agency",""
"FBS","Food Balances (2010-)","050","Bangladesh","674","Protein supply quantity (g/capita/day)","S2574","Rape and Mustard Oil","2023","2023","g/cap/d","0","E","Estimated value",""
"FBS","Food Balances (2010-)","050","Bangladesh","671","Protein supply quantity (t)","S2574","Rape and Mustard Oil","2023","2023","t","0","I","Value imputed by a receiving agency",""
"FBS","Food Balances (2010-)","050","Bangladesh","684","Fat supply quantity (g/capita/day)","S2574","Rape and Mustard Oil","2023","2023","g/cap/d","3.61","E","Estimated value",""
"FBS","Food Balances (2010-)","050","Bangladesh","681","Fat supply quantity (t)","S2574","Rape and Mustard Oil","2023","2023","t","225632.92","I","Value imputed by a receiving agency",""
"FBS","Food Balances (2010-)","050","Bangladesh","5511","Production","S2575","Cottonseed Oil","2023","2023","1000 t","6","I","Value imputed by a receiving agency",""
"FBS","Food Balances (2010-)","050","Bangladesh","5611","Import quantity","S2575","Cottonseed Oil","2023","2023","1000 t","0","I","Value imputed by a receiving agency",""
"FBS","Food Balances (2010-)","050","Bangladesh","5072","Stock Variation","S2575","Cottonseed Oil","2023","2023","1000 t","0","I","Value imputed by a receiving agency",""
"FBS","Food Balances (2010-)","050","Bangladesh","5911","Export quantity","S2575","Cottonseed Oil","2023","2023","1000 t","0","I","Value imputed by a receiving agency",""
"FBS","Food Balances (2010-)","050","Bangladesh","5301","Domestic supply quantity","S2575","Cottonseed Oil","2023","2023","1000 t","6","I","Value imputed by a receiving agency",""
"FBS","Food Balances (2010-)","050","Bangladesh","5154","Other uses (non-food)","S2575","Cottonseed Oil","2023","2023","1000 t","2","I","Value imputed by a receiving agency",""
"FBS","Food Balances (2010-)","050","Bangladesh","5170","Residuals","S2575","Cottonseed Oil","2023","2023","1000 t","0","I","Value imputed by a receiving agency",""
"FBS","Food Balances (2010-)","050","Bangladesh","5142","Food","S2575","Cottonseed Oil","2023","2023","1000 t","4","I","Value imputed by a receiving agency",""
"FBS","Food Balances (2010-)","050","Bangladesh","645","Food supply quantity (kg/capita/yr)","S2575","Cottonseed Oil","2023","2023","kg/cap","0.02","E","Estimated value",""
"FBS","Food Balances (2010-)","050","Bangladesh","664","Food supply (kcal/capita/day)","S2575","Cottonseed Oil","2023","2023","kcal/cap/d","0.6","E","Estimated value",""
"FBS","Food Balances (2010-)","050","Bangladesh","661","Food supply (kcal)","S2575","Cottonseed Oil","2023","2023","million Kcal","37760.34","I","Value imputed by a receiving agency",""
"FBS","Food Balances (2010-)","050","Bangladesh","674","Protein supply quantity (g/capita/day)","S2575","Cottonseed Oil","2023","2023","g/cap/d","0","E","Estimated value",""
"FBS","Food Balances (2010-)","050","Bangladesh","671","Protein supply quantity (t)","S2575","Cottonseed Oil","2023","2023","t","0","I","Value imputed by a receiving agency",""
"FBS","Food Balances (2010-)","050","Bangladesh","684","Fat supply quantity (g/capita/day)","S2575","Cottonseed Oil","2023","2023","g/cap/d","0.07","E","Estimated value",""
"FBS","Food Balances (2010-)","050","Bangladesh","681","Fat supply quantity (t)","S2575","Cottonseed Oil","2023","2023","t","4195.59","I","Value imputed by a receiving agency",""
"FBS","Food Balances (2010-)","050","Bangladesh","5611","Import quantity","S2576","Palmkernel Oil","2023","2023","1000 t","10","I","Value imputed by a receiving agency",""
"FBS","Food Balances (2010-)","050","Bangladesh","5072","Stock Variation","S2576","Palmkernel Oil","2023","2023","1000 t","0","I","Value imputed by a receiving agency",""
"FBS","Food Balances (2010-)","050","Bangladesh","5911","Export quantity","S2576","Palmkernel Oil","2023","2023","1000 t","0","I","Value imputed by a receiving agency",""
"FBS","Food Balances (2010-)","050","Bangladesh","5301","Domestic supply quantity","S2576","Palmkernel Oil","2023","2023","1000 t","10","I","Value imputed by a receiving agency",""
"FBS","Food Balances (2010-)","050","Bangladesh","5154","Other uses (non-food)","S2576","Palmkernel Oil","2023","2023","1000 t","10","I","Value imputed by a receiving agency",""
"FBS","Food Balances (2010-)","050","Bangladesh","5170","Residuals","S2576","Palmkernel Oil","2023","2023","1000 t","0","I","Value imputed by a receiving agency",""
"FBS","Food Balances (2010-)","050","Bangladesh","664","Food supply (kcal/capita/day)","S2576","Palmkernel Oil","2023","2023","kcal/cap/d","0","E","Estimated value",""
"FBS","Food Balances (2010-)","050","Bangladesh","661","Food supply (kcal)","S2576","Palmkernel Oil","2023","2023","million Kcal","0","I","Value imputed by a receiving agency",""
"FBS","Food Balances (2010-)","050","Bangladesh","674","Protein supply quantity (g/capita/day)","S2576","Palmkernel Oil","2023","2023","g/cap/d","0","E","Estimated value",""
"FBS","Food Balances (2010-)","050","Bangladesh","671","Protein supply quantity (t)","S2576","Palmkernel Oil","2023","2023","t","0","I","Value imputed by a receiving agency",""
"FBS","Food Balances (2010-)","050","Bangladesh","684","Fat supply quantity (g/capita/day)","S2576","Palmkernel Oil","2023","2023","g/cap/d","0","E","Estimated value",""
"FBS","Food Balances (2010-)","050","Bangladesh","681","Fat supply quantity (t)","S2576","Palmkernel Oil","2023","2023","t","0","I","Value imputed by a receiving agency",""
"FBS","Food Balances (2010-)","050","Bangladesh","5611","Import quantity","S2577","Palm Oil","2023","2023","1000 t","1632","I","Value imputed by a receiving agency",""
"FBS","Food Balances (2010-)","050","Bangladesh","5072","Stock Variation","S2577","Palm Oil","2023","2023","1000 t","-10","I","Value imputed by a receiving agency",""
"FBS","Food Balances (2010-)","050","Bangladesh","5911","Export quantity","S2577","Palm Oil","2023","2023","1000 t","5","I","Value imputed by a receiving agency",""
"FBS","Food Balances (2010-)","050","Bangladesh","5301","Domestic supply quantity","S2577","Palm Oil","2023","2023","1000 t","1637","I","Value imputed by a receiving agency",""
"FBS","Food Balances (2010-)","050","Bangladesh","5154","Other uses (non-food)","S2577","Palm Oil","2023","2023","1000 t","1036","I","Value imputed by a receiving agency",""
"FBS","Food Balances (2010-)","050","Bangladesh","5170","Residuals","S2577","Palm Oil","2023","2023","1000 t","0","I","Value imputed by a receiving agency",""
"FBS","Food Balances (2010-)","050","Bangladesh","5142","Food","S2577","Palm Oil","2023","2023","1000 t","601","I","Value imputed by a receiving agency",""
"FBS","Food Balances (2010-)","050","Bangladesh","645","Food supply quantity (kg/capita/yr)","S2577","Palm Oil","2023","2023","kg/cap","3.51","E","Estimated value",""
"FBS","Food Balances (2010-)","050","Bangladesh","664","Food supply (kcal/capita/day)","S2577","Palm Oil","2023","2023","kcal/cap/d","86.27","E","Estimated value",""
"FBS","Food Balances (2010-)","050","Bangladesh","661","Food supply (kcal)","S2577","Palm Oil","2023","2023","million Kcal","5399504.66","I","Value imputed by a receiving agency",""
"FBS","Food Balances (2010-)","050","Bangladesh","674","Protein supply quantity (g/capita/day)","S2577","Palm Oil","2023","2023","g/cap/d","0","E","Estimated value",""
"FBS","Food Balances (2010-)","050","Bangladesh","671","Protein supply quantity (t)","S2577","Palm Oil","2023","2023","t","0","I","Value imputed by a receiving agency",""
"FBS","Food Balances (2010-)","050","Bangladesh","684","Fat supply quantity (g/capita/day)","S2577","Palm Oil","2023","2023","g/cap/d","9.59","E","Estimated value",""
"FBS","Food Balances (2010-)","050","Bangladesh","681","Fat supply quantity (t)","S2577","Palm Oil","2023","2023","t","600078.58","I","Value imputed by a receiving agency",""
"FBS","Food Balances (2010-)","050","Bangladesh","5511","Production","S2578","Coconut Oil","2023","2023","1000 t","29","I","Value imputed by a receiving agency",""
"FBS","Food Balances (2010-)","050","Bangladesh","5611","Import quantity","S2578","Coconut Oil","2023","2023","1000 t","1","I","Value imputed by a receiving agency",""
"FBS","Food Balances (2010-)","050","Bangladesh","5072","Stock Variation","S2578","Coconut Oil","2023","2023","1000 t","0","I","Value imputed by a receiving agency",""
"FBS","Food Balances (2010-)","050","Bangladesh","5911","Export quantity","S2578","Coconut Oil","2023","2023","1000 t","0","I","Value imputed by a receiving agency",""
"FBS","Food Balances (2010-)","050","Bangladesh","5301","Domestic supply quantity","S2578","Coconut Oil","2023","2023","1000 t","31","I","Value imputed by a receiving agency",""
"FBS","Food Balances (2010-)","050","Bangladesh","5154","Other uses (non-food)","S2578","Coconut Oil","2023","2023","1000 t","7","I","Value imputed by a receiving agency",""
"FBS","Food Balances (2010-)","050","Bangladesh","5170","Residuals","S2578","Coconut Oil","2023","2023","1000 t","0","I","Value imputed by a receiving agency",""
"FBS","Food Balances (2010-)","050","Bangladesh","5142","Food","S2578","Coconut Oil","2023","2023","1000 t","24","I","Value imputed by a receiving agency",""
"FBS","Food Balances (2010-)","050","Bangladesh","645","Food supply quantity (kg/capita/yr)","S2578","Coconut Oil","2023","2023","kg/cap","0.14","E","Estimated value",""
"FBS","Food Balances (2010-)","050","Bangladesh","664","Food supply (kcal/capita/day)","S2578","Coconut Oil","2023","2023","kcal/cap/d","3.44","E","Estimated value",""
"FBS","Food Balances (2010-)","050","Bangladesh","661","Food supply (kcal)","S2578","Coconut Oil","2023","2023","million Kcal","215171.54","I","Value imputed by a receiving agency",""
"FBS","Food Balances (2010-)","050","Bangladesh","674","Protein supply quantity (g/capita/day)","S2578","Coconut Oil","2023","2023","g/cap/d","0","E","Estimated value",""
"FBS","Food Balances (2010-)","050","Bangladesh","671","Protein supply quantity (t)","S2578","Coconut Oil","2023","2023","t","0","I","Value imputed by a receiving agency",""
"FBS","Food Balances (2010-)","050","Bangladesh","684","Fat supply quantity (g/capita/day)","S2578","Coconut Oil","2023","2023","g/cap/d","0.38","E","Estimated value",""
"FBS","Food Balances (2010-)","050","Bangladesh","681","Fat supply quantity (t)","S2578","Coconut Oil","2023","2023","t","23913.27","I","Value imputed by a receiving agency",""
"FBS","Food Balances (2010-)","050","Bangladesh","5511","Production","S2579","Sesameseed Oil","2023","2023","1000 t","6","I","Value imputed by a receiving agency",""
"FBS","Food Balances (2010-)","050","Bangladesh","5611","Import quantity","S2579","Sesameseed Oil","2023","2023","1000 t","0","I","Value imputed by a receiving agency",""
"FBS","Food Balances (2010-)","050","Bangladesh","5072","Stock Variation","S2579","Sesameseed Oil","2023","2023","1000 t","0","I","Value imputed by a receiving agency",""
"FBS","Food Balances (2010-)","050","Bangladesh","5911","Export quantity","S2579","Sesameseed Oil","2023","2023","1000 t","3","I","Value imputed by a receiving agency",""
"FBS","Food Balances (2010-)","050","Bangladesh","5301","Domestic supply quantity","S2579","Sesameseed Oil","2023","2023","1000 t","3","I","Value imputed by a receiving agency",""
"FBS","Food Balances (2010-)","050","Bangladesh","5170","Residuals","S2579","Sesameseed Oil","2023","2023","1000 t","0","I","Value imputed by a receiving agency",""
"FBS","Food Balances (2010-)","050","Bangladesh","5142","Food","S2579","Sesameseed Oil","2023","2023","1000 t","3","I","Value imputed by a receiving agency",""
"FBS","Food Balances (2010-)","050","Bangladesh","645","Food supply quantity (kg/capita/yr)","S2579","Sesameseed Oil","2023","2023","kg/cap","0.02","E","Estimated value",""
"FBS","Food Balances (2010-)","050","Bangladesh","664","Food supply (kcal/capita/day)","S2579","Sesameseed Oil","2023","2023","kcal/cap/d","0.41","E","Estimated value",""
"FBS","Food Balances (2010-)","050","Bangladesh","661","Food supply (kcal)","S2579","Sesameseed Oil","2023","2023","million Kcal","25405.79","I","Value imputed by a receiving agency",""
"FBS","Food Balances (2010-)","050","Bangladesh","674","Protein supply quantity (g/capita/day)","S2579","Sesameseed Oil","2023","2023","g/cap/d","0","E","Estimated value",""
"FBS","Food Balances (2010-)","050","Bangladesh","671","Protein supply quantity (t)","S2579","Sesameseed Oil","2023","2023","t","0","I","Value imputed by a receiving agency",""
"FBS","Food Balances (2010-)","050","Bangladesh","684","Fat supply quantity (g/capita/day)","S2579","Sesameseed Oil","2023","2023","g/cap/d","0.05","E","Estimated value",""
"FBS","Food Balances (2010-)","050","Bangladesh","681","Fat supply quantity (t)","S2579","Sesameseed Oil","2023","2023","t","2822.87","I","Value imputed by a receiving agency",""
"FBS","Food Balances (2010-)","050","Bangladesh","5611","Import quantity","S2580","Olive Oil","2023","2023","1000 t","0","I","Value imputed by a receiving agency",""
"FBS","Food Balances (2010-)","050","Bangladesh","5072","Stock Variation","S2580","Olive Oil","2023","2023","1000 t","0","I","Value imputed by a receiving agency",""
"FBS","Food Balances (2010-)","050","Bangladesh","5911","Export quantity","S2580","Olive Oil","2023","2023","1000 t","0","I","Value imputed by a receiving agency",""
"FBS","Food Balances (2010-)","050","Bangladesh","5301","Domestic supply quantity","S2580","Olive Oil","2023","2023","1000 t","0","I","Value imputed by a receiving agency",""
"FBS","Food Balances (2010-)","050","Bangladesh","5170","Residuals","S2580","Olive Oil","2023","2023","1000 t","0","I","Value imputed by a receiving agency",""
"FBS","Food Balances (2010-)","050","Bangladesh","5142","Food","S2580","Olive Oil","2023","2023","1000 t","0","I","Value imputed by a receiving agency",""
"FBS","Food Balances (2010-)","050","Bangladesh","645","Food supply quantity (kg/capita/yr)","S2580","Olive Oil","2023","2023","kg/cap","0","E","Estimated value",""
"FBS","Food Balances (2010-)","050","Bangladesh","664","Food supply (kcal/capita/day)","S2580","Olive Oil","2023","2023","kcal/cap/d","0.07","E","Estimated value",""
"FBS","Food Balances (2010-)","050","Bangladesh","661","Food supply (kcal)","S2580","Olive Oil","2023","2023","million Kcal","4075.58","I","Value imputed by a receiving agency",""
"FBS","Food Balances (2010-)","050","Bangladesh","674","Protein supply quantity (g/capita/day)","S2580","Olive Oil","2023","2023","g/cap/d","0","E","Estimated value",""
"FBS","Food Balances (2010-)","050","Bangladesh","671","Protein supply quantity (t)","S2580","Olive Oil","2023","2023","t","0","I","Value imputed by a receiving agency",""
"FBS","Food Balances (2010-)","050","Bangladesh","684","Fat supply quantity (g/capita/day)","S2580","Olive Oil","2023","2023","g/cap/d","0.01","E","Estimated value",""
"FBS","Food Balances (2010-)","050","Bangladesh","681","Fat supply quantity (t)","S2580","Olive Oil","2023","2023","t","452.57","I","Value imputed by a receiving agency",""
"FBS","Food Balances (2010-)","050","Bangladesh","5511","Production","S2581","Ricebran Oil","2023","2023","1000 t","3","I","Value imputed by a receiving agency",""
"FBS","Food Balances (2010-)","050","Bangladesh","5611","Import quantity","S2581","Ricebran Oil","2023","2023","1000 t","0","I","Value imputed by a receiving agency",""
"FBS","Food Balances (2010-)","050","Bangladesh","5072","Stock Variation","S2581","Ricebran Oil","2023","2023","1000 t","0","I","Value imputed by a receiving agency",""
"FBS","Food Balances (2010-)","050","Bangladesh","5911","Export quantity","S2581","Ricebran Oil","2023","2023","1000 t","0","I","Value imputed by a receiving agency",""
"FBS","Food Balances (2010-)","050","Bangladesh","5301","Domestic supply quantity","S2581","Ricebran Oil","2023","2023","1000 t","3","I","Value imputed by a receiving agency",""
"FBS","Food Balances (2010-)","050","Bangladesh","5170","Residuals","S2581","Ricebran Oil","2023","2023","1000 t","0","I","Value imputed by a receiving agency",""
"FBS","Food Balances (2010-)","050","Bangladesh","5142","Food","S2581","Ricebran Oil","2023","2023","1000 t","3","I","Value imputed by a receiving agency",""
"FBS","Food Balances (2010-)","050","Bangladesh","645","Food supply quantity (kg/capita/yr)","S2581","Ricebran Oil","2023","2023","kg/cap","0.02","E","Estimated value",""
"FBS","Food Balances (2010-)","050","Bangladesh","664","Food supply (kcal/capita/day)","S2581","Ricebran Oil","2023","2023","kcal/cap/d","0.39","E","Estimated value",""
"FBS","Food Balances (2010-)","050","Bangladesh","661","Food supply (kcal)","S2581","Ricebran Oil","2023","2023","million Kcal","24369.52","I","Value imputed by a receiving agency",""
"FBS","Food Balances (2010-)","050","Bangladesh","674","Protein supply quantity (g/capita/day)","S2581","Ricebran Oil","2023","2023","g/cap/d","0","E","Estimated value",""
"FBS","Food Balances (2010-)","050","Bangladesh","671","Protein supply quantity (t)","S2581","Ricebran Oil","2023","2023","t","0","I","Value imputed by a receiving agency",""
"FBS","Food Balances (2010-)","050","Bangladesh","684","Fat supply quantity (g/capita/day)","S2581","Ricebran Oil","2023","2023","g/cap/d","0.04","E","Estimated value",""
"FBS","Food Balances (2010-)","050","Bangladesh","681","Fat supply quantity (t)","S2581","Ricebran Oil","2023","2023","t","2707.72","I","Value imputed by a receiving agency",""
"FBS","Food Balances (2010-)","050","Bangladesh","5611","Import quantity","S2582","Maize Germ Oil","2023","2023","1000 t","0","I","Value imputed by a receiving agency",""
"FBS","Food Balances (2010-)","050","Bangladesh","5072","Stock Variation","S2582","Maize Germ Oil","2023","2023","1000 t","0","I","Value imputed by a receiving agency",""
"FBS","Food Balances (2010-)","050","Bangladesh","5911","Export quantity","S2582","Maize Germ Oil","2023","2023","1000 t","0","I","Value imputed by a receiving agency",""
"FBS","Food Balances (2010-)","050","Bangladesh","5301","Domestic supply quantity","S2582","Maize Germ Oil","2023","2023","1000 t","0","I","Value imputed by a receiving agency",""
"FBS","Food Balances (2010-)","050","Bangladesh","5170","Residuals","S2582","Maize Germ Oil","2023","2023","1000 t","0","I","Value imputed by a receiving agency",""
"FBS","Food Balances (2010-)","050","Bangladesh","5142","Food","S2582","Maize Germ Oil","2023","2023","1000 t","0","I","Value imputed by a receiving agency",""
"FBS","Food Balances (2010-)","050","Bangladesh","645","Food supply quantity (kg/capita/yr)","S2582","Maize Germ Oil","2023","2023","kg/cap","0","E","Estimated value",""
"FBS","Food Balances (2010-)","050","Bangladesh","664","Food supply (kcal/capita/day)","S2582","Maize Germ Oil","2023","2023","kcal/cap/d","0","E","Estimated value",""
"FBS","Food Balances (2010-)","050","Bangladesh","661","Food supply (kcal)","S2582","Maize Germ Oil","2023","2023","million Kcal","0","I","Value imputed by a receiving agency",""
"FBS","Food Balances (2010-)","050","Bangladesh","674","Protein supply quantity (g/capita/day)","S2582","Maize Germ Oil","2023","2023","g/cap/d","0","E","Estimated value",""
"FBS","Food Balances (2010-)","050","Bangladesh","671","Protein supply quantity (t)","S2582","Maize Germ Oil","2023","2023","t","0","I","Value imputed by a receiving agency",""
"FBS","Food Balances (2010-)","050","Bangladesh","684","Fat supply quantity (g/capita/day)","S2582","Maize Germ Oil","2023","2023","g/cap/d","0","E","Estimated value",""
"FBS","Food Balances (2010-)","050","Bangladesh","681","Fat supply quantity (t)","S2582","Maize Germ Oil","2023","2023","t","0","I","Value imputed by a receiving agency",""
"FBS","Food Balances (2010-)","050","Bangladesh","5511","Production","S2586","Oilcrops Oil, Other","2023","2023","1000 t","3","I","Value imputed by a receiving agency",""
"FBS","Food Balances (2010-)","050","Bangladesh","5611","Import quantity","S2586","Oilcrops Oil, Other","2023","2023","1000 t","51","I","Value imputed by a receiving agency",""
"FBS","Food Balances (2010-)","050","Bangladesh","5072","Stock Variation","S2586","Oilcrops Oil, Other","2023","2023","1000 t","0","I","Value imputed by a receiving agency",""
"FBS","Food Balances (2010-)","050","Bangladesh","5911","Export quantity","S2586","Oilcrops Oil, Other","2023","2023","1000 t","86","I","Value imputed by a receiving agency",""
"FBS","Food Balances (2010-)","050","Bangladesh","5301","Domestic supply quantity","S2586","Oilcrops Oil, Other","2023","2023","1000 t","-31","I","Value imputed by a receiving agency",""
"FBS","Food Balances (2010-)","050","Bangladesh","5154","Other uses (non-food)","S2586","Oilcrops Oil, Other","2023","2023","1000 t","24","I","Value imputed by a receiving agency",""
"FBS","Food Balances (2010-)","050","Bangladesh","5170","Residuals","S2586","Oilcrops Oil, Other","2023","2023","1000 t","-59","I","Value imputed by a receiving agency",""
"FBS","Food Balances (2010-)","050","Bangladesh","5142","Food","S2586","Oilcrops Oil, Other","2023","2023","1000 t","4","I","Value imputed by a receiving agency",""
"FBS","Food Balances (2010-)","050","Bangladesh","645","Food supply quantity (kg/capita/yr)","S2586","Oilcrops Oil, Other","2023","2023","kg/cap","0.02","E","Estimated value",""
"FBS","Food Balances (2010-)","050","Bangladesh","664","Food supply (kcal/capita/day)","S2586","Oilcrops Oil, Other","2023","2023","kcal/cap/d","0.5","E","Estimated value",""
"FBS","Food Balances (2010-)","050","Bangladesh","661","Food supply (kcal)","S2586","Oilcrops Oil, Other","2023","2023","million Kcal","31522.85","I","Value imputed by a receiving agency",""
"FBS","Food Balances (2010-)","050","Bangladesh","674","Protein supply quantity (g/capita/day)","S2586","Oilcrops Oil, Other","2023","2023","g/cap/d","0","E","Estimated value",""
"FBS","Food Balances (2010-)","050","Bangladesh","671","Protein supply quantity (t)","S2586","Oilcrops Oil, Other","2023","2023","t","6.38","I","Value imputed by a receiving agency",""
"FBS","Food Balances (2010-)","050","Bangladesh","684","Fat supply quantity (g/capita/day)","S2586","Oilcrops Oil, Other","2023","2023","g/cap/d","0.06","E","Estimated value",""
"FBS","Food Balances (2010-)","050","Bangladesh","681","Fat supply quantity (t)","S2586","Oilcrops Oil, Other","2023","2023","t","3490.82","I","Value imputed by a receiving agency",""
"FBS","Food Balances (2010-)","050","Bangladesh","5511","Production","S2601","Tomatoes and products","2023","2023","1000 t","469","I","Value imputed by a receiving agency",""
"FBS","Food Balances (2010-)","050","Bangladesh","5611","Import quantity","S2601","Tomatoes and products","2023","2023","1000 t","52","I","Value imputed by a receiving agency",""
"FBS","Food Balances (2010-)","050","Bangladesh","5072","Stock Variation","S2601","Tomatoes and products","2023","2023","1000 t","0","I","Value imputed by a receiving agency",""
"FBS","Food Balances (2010-)","050","Bangladesh","5911","Export quantity","S2601","Tomatoes and products","2023","2023","1000 t","0","I","Value imputed by a receiving agency",""
"FBS","Food Balances (2010-)","050","Bangladesh","5301","Domestic supply quantity","S2601","Tomatoes and products","2023","2023","1000 t","521","I","Value imputed by a receiving agency",""
"FBS","Food Balances (2010-)","050","Bangladesh","5123","Losses","S2601","Tomatoes and products","2023","2023","1000 t","43","I","Value imputed by a receiving agency",""
"FBS","Food Balances (2010-)","050","Bangladesh","5170","Residuals","S2601","Tomatoes and products","2023","2023","1000 t","0","I","Value imputed by a receiving agency",""
"FBS","Food Balances (2010-)","050","Bangladesh","5142","Food","S2601","Tomatoes and products","2023","2023","1000 t","479","I","Value imputed by a receiving agency",""
"FBS","Food Balances (2010-)","050","Bangladesh","645","Food supply quantity (kg/capita/yr)","S2601","Tomatoes and products","2023","2023","kg/cap","2.79","E","Estimated value",""
"FBS","Food Balances (2010-)","050","Bangladesh","664","Food supply (kcal/capita/day)","S2601","Tomatoes and products","2023","2023","kcal/cap/d","1.56","E","Estimated value",""
"FBS","Food Balances (2010-)","050","Bangladesh","661","Food supply (kcal)","S2601","Tomatoes and products","2023","2023","million Kcal","97544.83","I","Value imputed by a receiving agency",""
"FBS","Food Balances (2010-)","050","Bangladesh","674","Protein supply quantity (g/capita/day)","S2601","Tomatoes and products","2023","2023","g/cap/d","0.07","E","Estimated value",""
"FBS","Food Balances (2010-)","050","Bangladesh","671","Protein supply quantity (t)","S2601","Tomatoes and products","2023","2023","t","4180.36","I","Value imputed by a receiving agency",""
"FBS","Food Balances (2010-)","050","Bangladesh","684","Fat supply quantity (g/capita/day)","S2601","Tomatoes and products","2023","2023","g/cap/d","0.01","E","Estimated value",""
"FBS","Food Balances (2010-)","050","Bangladesh","681","Fat supply quantity (t)","S2601","Tomatoes and products","2023","2023","t","923.89","I","Value imputed by a receiving agency",""
"FBS","Food Balances (2010-)","050","Bangladesh","5511","Production","S2602","Onions","2023","2023","1000 t","2547","I","Value imputed by a receiving agency",""
"FBS","Food Balances (2010-)","050","Bangladesh","5611","Import quantity","S2602","Onions","2023","2023","1000 t","888","I","Value imputed by a receiving agency",""
"FBS","Food Balances (2010-)","050","Bangladesh","5911","Export quantity","S2602","Onions","2023","2023","1000 t","0","I","Value imputed by a receiving agency",""
"FBS","Food Balances (2010-)","050","Bangladesh","5301","Domestic supply quantity","S2602","Onions","2023","2023","1000 t","3435","I","Value imputed by a receiving agency",""
"FBS","Food Balances (2010-)","050","Bangladesh","5123","Losses","S2602","Onions","2023","2023","1000 t","241","I","Value imputed by a receiving agency",""
"FBS","Food Balances (2010-)","050","Bangladesh","5131","Processing","S2602","Onions","2023","2023","1000 t","1","I","Value imputed by a receiving agency",""
"FBS","Food Balances (2010-)","050","Bangladesh","5170","Residuals","S2602","Onions","2023","2023","1000 t","0","I","Value imputed by a receiving agency",""
"FBS","Food Balances (2010-)","050","Bangladesh","5142","Food","S2602","Onions","2023","2023","1000 t","3194","I","Value imputed by a receiving agency",""
"FBS","Food Balances (2010-)","050","Bangladesh","645","Food supply quantity (kg/capita/yr)","S2602","Onions","2023","2023","kg/cap","18.63","E","Estimated value",""
"FBS","Food Balances (2010-)","050","Bangladesh","664","Food supply (kcal/capita/day)","S2602","Onions","2023","2023","kcal/cap/d","19.95","E","Estimated value",""
"FBS","Food Balances (2010-)","050","Bangladesh","661","Food supply (kcal)","S2602","Onions","2023","2023","million Kcal","1248759.56","I","Value imputed by a receiving agency",""
"FBS","Food Balances (2010-)","050","Bangladesh","674","Protein supply quantity (g/capita/day)","S2602","Onions","2023","2023","g/cap/d","0.61","E","Estimated value",""
"FBS","Food Balances (2010-)","050","Bangladesh","671","Protein supply quantity (t)","S2602","Onions","2023","2023","t","38005.73","I","Value imputed by a receiving agency",""
"FBS","Food Balances (2010-)","050","Bangladesh","684","Fat supply quantity (g/capita/day)","S2602","Onions","2023","2023","g/cap/d","0.04","E","Estimated value",""
"FBS","Food Balances (2010-)","050","Bangladesh","681","Fat supply quantity (t)","S2602","Onions","2023","2023","t","2714.69","I","Value imputed by a receiving agency",""
"FBS","Food Balances (2010-)","050","Bangladesh","5511","Production","S2605","Vegetables, other","2023","2023","1000 t","5527","I","Value imputed by a receiving agency",""
"FBS","Food Balances (2010-)","050","Bangladesh","5611","Import quantity","S2605","Vegetables, other","2023","2023","1000 t","216","I","Value imputed by a receiving agency",""
"FBS","Food Balances (2010-)","050","Bangladesh","5072","Stock Variation","S2605","Vegetables, other","2023","2023","1000 t","1","I","Value imputed by a receiving agency",""
"FBS","Food Balances (2010-)","050","Bangladesh","5911","Export quantity","S2605","Vegetables, other","2023","2023","1000 t","34","I","Value imputed by a receiving agency",""
"FBS","Food Balances (2010-)","050","Bangladesh","5301","Domestic supply quantity","S2605","Vegetables, other","2023","2023","1000 t","5708","I","Value imputed by a receiving agency",""
"FBS","Food Balances (2010-)","050","Bangladesh","5521","Feed","S2605","Vegetables, other","2023","2023","1000 t","0","I","Value imputed by a receiving agency",""
"FBS","Food Balances (2010-)","050","Bangladesh","5123","Losses","S2605","Vegetables, other","2023","2023","1000 t","440","I","Value imputed by a receiving agency",""
"FBS","Food Balances (2010-)","050","Bangladesh","5170","Residuals","S2605","Vegetables, other","2023","2023","1000 t","-2","I","Value imputed by a receiving agency",""
"FBS","Food Balances (2010-)","050","Bangladesh","5142","Food","S2605","Vegetables, other","2023","2023","1000 t","5270","I","Value imputed by a receiving agency",""
"FBS","Food Balances (2010-)","050","Bangladesh","645","Food supply quantity (kg/capita/yr)","S2605","Vegetables, other","2023","2023","kg/cap","30.73","E","Estimated value",""
"FBS","Food Balances (2010-)","050","Bangladesh","664","Food supply (kcal/capita/day)","S2605","Vegetables, other","2023","2023","kcal/cap/d","29.68","E","Estimated value",""
"FBS","Food Balances (2010-)","050","Bangladesh","661","Food supply (kcal)","S2605","Vegetables, other","2023","2023","million Kcal","1857640.83","I","Value imputed by a receiving agency",""
"FBS","Food Balances (2010-)","050","Bangladesh","674","Protein supply quantity (g/capita/day)","S2605","Vegetables, other","2023","2023","g/cap/d","1.74","E","Estimated value",""
"FBS","Food Balances (2010-)","050","Bangladesh","671","Protein supply quantity (t)","S2605","Vegetables, other","2023","2023","t","108640.6","I","Value imputed by a receiving agency",""
"FBS","Food Balances (2010-)","050","Bangladesh","684","Fat supply quantity (g/capita/day)","S2605","Vegetables, other","2023","2023","g/cap/d","0.23","E","Estimated value",""
"FBS","Food Balances (2010-)","050","Bangladesh","681","Fat supply quantity (t)","S2605","Vegetables, other","2023","2023","t","14198.95","I","Value imputed by a receiving agency",""
"FBS","Food Balances (2010-)","050","Bangladesh","5511","Production","S2611","Oranges, Mandarines","2023","2023","1000 t","4","I","Value imputed by a receiving agency",""
"FBS","Food Balances (2010-)","050","Bangladesh","5611","Import quantity","S2611","Oranges, Mandarines","2023","2023","1000 t","234","I","Value imputed by a receiving agency",""
"FBS","Food Balances (2010-)","050","Bangladesh","5072","Stock Variation","S2611","Oranges, Mandarines","2023","2023","1000 t","4","I","Value imputed by a receiving agency",""
"FBS","Food Balances (2010-)","050","Bangladesh","5911","Export quantity","S2611","Oranges, Mandarines","2023","2023","1000 t","0","I","Value imputed by a receiving agency",""
"FBS","Food Balances (2010-)","050","Bangladesh","5301","Domestic supply quantity","S2611","Oranges, Mandarines","2023","2023","1000 t","234","I","Value imputed by a receiving agency",""
"FBS","Food Balances (2010-)","050","Bangladesh","5123","Losses","S2611","Oranges, Mandarines","2023","2023","1000 t","4","I","Value imputed by a receiving agency",""
"FBS","Food Balances (2010-)","050","Bangladesh","5170","Residuals","S2611","Oranges, Mandarines","2023","2023","1000 t","0","I","Value imputed by a receiving agency",""
"FBS","Food Balances (2010-)","050","Bangladesh","5142","Food","S2611","Oranges, Mandarines","2023","2023","1000 t","230","I","Value imputed by a receiving agency",""
"FBS","Food Balances (2010-)","050","Bangladesh","645","Food supply quantity (kg/capita/yr)","S2611","Oranges, Mandarines","2023","2023","kg/cap","1.34","E","Estimated value",""
"FBS","Food Balances (2010-)","050","Bangladesh","664","Food supply (kcal/capita/day)","S2611","Oranges, Mandarines","2023","2023","kcal/cap/d","1.15","E","Estimated value",""
"FBS","Food Balances (2010-)","050","Bangladesh","661","Food supply (kcal)","S2611","Oranges, Mandarines","2023","2023","million Kcal","72101.93","I","Value imputed by a receiving agency",""
"FBS","Food Balances (2010-)","050","Bangladesh","674","Protein supply quantity (g/capita/day)","S2611","Oranges, Mandarines","2023","2023","g/cap/d","0.02","E","Estimated value",""
"FBS","Food Balances (2010-)","050","Bangladesh","671","Protein supply quantity (t)","S2611","Oranges, Mandarines","2023","2023","t","1288.1","I","Value imputed by a receiving agency",""
"FBS","Food Balances (2010-)","050","Bangladesh","684","Fat supply quantity (g/capita/day)","S2611","Oranges, Mandarines","2023","2023","g/cap/d","0","E","Estimated value",""
"FBS","Food Balances (2010-)","050","Bangladesh","681","Fat supply quantity (t)","S2611","Oranges, Mandarines","2023","2023","t","156.42","I","Value imputed by a receiving agency",""
"FBS","Food Balances (2010-)","050","Bangladesh","5511","Production","S2612","Lemons, Limes and products","2023","2023","1000 t","100","I","Value imputed by a receiving agency",""
"FBS","Food Balances (2010-)","050","Bangladesh","5611","Import quantity","S2612","Lemons, Limes and products","2023","2023","1000 t","0","I","Value imputed by a receiving agency",""
"FBS","Food Balances (2010-)","050","Bangladesh","5072","Stock Variation","S2612","Lemons, Limes and products","2023","2023","1000 t","0","I","Value imputed by a receiving agency",""
"FBS","Food Balances (2010-)","050","Bangladesh","5911","Export quantity","S2612","Lemons, Limes and products","2023","2023","1000 t","0","I","Value imputed by a receiving agency",""
"FBS","Food Balances (2010-)","050","Bangladesh","5301","Domestic supply quantity","S2612","Lemons, Limes and products","2023","2023","1000 t","100","I","Value imputed by a receiving agency",""
"FBS","Food Balances (2010-)","050","Bangladesh","5123","Losses","S2612","Lemons, Limes and products","2023","2023","1000 t","8","I","Value imputed by a receiving agency",""
"FBS","Food Balances (2010-)","050","Bangladesh","5170","Residuals","S2612","Lemons, Limes and products","2023","2023","1000 t","0","I","Value imputed by a receiving agency",""
"FBS","Food Balances (2010-)","050","Bangladesh","5142","Food","S2612","Lemons, Limes and products","2023","2023","1000 t","91","I","Value imputed by a receiving agency",""
"FBS","Food Balances (2010-)","050","Bangladesh","645","Food supply quantity (kg/capita/yr)","S2612","Lemons, Limes and products","2023","2023","kg/cap","0.53","E","Estimated value",""
"FBS","Food Balances (2010-)","050","Bangladesh","664","Food supply (kcal/capita/day)","S2612","Lemons, Limes and products","2023","2023","kcal/cap/d","0.44","E","Estimated value",""
"FBS","Food Balances (2010-)","050","Bangladesh","661","Food supply (kcal)","S2612","Lemons, Limes and products","2023","2023","million Kcal","27640.1","I","Value imputed by a receiving agency",""
"FBS","Food Balances (2010-)","050","Bangladesh","674","Protein supply quantity (g/capita/day)","S2612","Lemons, Limes and products","2023","2023","g/cap/d","0.01","E","Estimated value",""
"FBS","Food Balances (2010-)","050","Bangladesh","671","Protein supply quantity (t)","S2612","Lemons, Limes and products","2023","2023","t","460.3","I","Value imputed by a receiving agency",""
"FBS","Food Balances (2010-)","050","Bangladesh","684","Fat supply quantity (g/capita/day)","S2612","Lemons, Limes and products","2023","2023","g/cap/d","0.01","E","Estimated value",""
"FBS","Food Balances (2010-)","050","Bangladesh","681","Fat supply quantity (t)","S2612","Lemons, Limes and products","2023","2023","t","328.78","I","Value imputed by a receiving agency",""
"FBS","Food Balances (2010-)","050","Bangladesh","5511","Production","S2613","Grapefruit and products","2023","2023","1000 t","72","I","Value imputed by a receiving agency",""
"FBS","Food Balances (2010-)","050","Bangladesh","5611","Import quantity","S2613","Grapefruit and products","2023","2023","1000 t","0","I","Value imputed by a receiving agency",""
"FBS","Food Balances (2010-)","050","Bangladesh","5072","Stock Variation","S2613","Grapefruit and products","2023","2023","1000 t","0","I","Value imputed by a receiving agency",""
"FBS","Food Balances (2010-)","050","Bangladesh","5911","Export quantity","S2613","Grapefruit and products","2023","2023","1000 t","1","I","Value imputed by a receiving agency",""
"FBS","Food Balances (2010-)","050","Bangladesh","5301","Domestic supply quantity","S2613","Grapefruit and products","2023","2023","1000 t","71","I","Value imputed by a receiving agency",""
"FBS","Food Balances (2010-)","050","Bangladesh","5123","Losses","S2613","Grapefruit and products","2023","2023","1000 t","6","I","Value imputed by a receiving agency",""
"FBS","Food Balances (2010-)","050","Bangladesh","5170","Residuals","S2613","Grapefruit and products","2023","2023","1000 t","0","I","Value imputed by a receiving agency",""
"FBS","Food Balances (2010-)","050","Bangladesh","5142","Food","S2613","Grapefruit and products","2023","2023","1000 t","65","I","Value imputed by a receiving agency",""
"FBS","Food Balances (2010-)","050","Bangladesh","645","Food supply quantity (kg/capita/yr)","S2613","Grapefruit and products","2023","2023","kg/cap","0.38","E","Estimated value",""
"FBS","Food Balances (2010-)","050","Bangladesh","664","Food supply (kcal/capita/day)","S2613","Grapefruit and products","2023","2023","kcal/cap/d","0.24","E","Estimated value",""
"FBS","Food Balances (2010-)","050","Bangladesh","661","Food supply (kcal)","S2613","Grapefruit and products","2023","2023","million Kcal","14949.39","I","Value imputed by a receiving agency",""
"FBS","Food Balances (2010-)","050","Bangladesh","674","Protein supply quantity (g/capita/day)","S2613","Grapefruit and products","2023","2023","g/cap/d","0","E","Estimated value",""
"FBS","Food Balances (2010-)","050","Bangladesh","671","Protein supply quantity (t)","S2613","Grapefruit and products","2023","2023","t","254.96","I","Value imputed by a receiving agency",""
"FBS","Food Balances (2010-)","050","Bangladesh","684","Fat supply quantity (g/capita/day)","S2613","Grapefruit and products","2023","2023","g/cap/d","0","E","Estimated value",""
"FBS","Food Balances (2010-)","050","Bangladesh","681","Fat supply quantity (t)","S2613","Grapefruit and products","2023","2023","t","72.89","I","Value imputed by a receiving agency",""
"FBS","Food Balances (2010-)","050","Bangladesh","5611","Import quantity","S2614","Citrus, Other","2023","2023","1000 t","2","I","Value imputed by a receiving agency",""
"FBS","Food Balances (2010-)","050","Bangladesh","5072","Stock Variation","S2614","Citrus, Other","2023","2023","1000 t","0","I","Value imputed by a receiving agency",""
"FBS","Food Balances (2010-)","050","Bangladesh","5911","Export quantity","S2614","Citrus, Other","2023","2023","1000 t","0","I","Value imputed by a receiving agency",""
"FBS","Food Balances (2010-)","050","Bangladesh","5301","Domestic supply quantity","S2614","Citrus, Other","2023","2023","1000 t","2","I","Value imputed by a receiving agency",""
"FBS","Food Balances (2010-)","050","Bangladesh","5170","Residuals","S2614","Citrus, Other","2023","2023","1000 t","0","I","Value imputed by a receiving agency",""
"FBS","Food Balances (2010-)","050","Bangladesh","5142","Food","S2614","Citrus, Other","2023","2023","1000 t","2","I","Value imputed by a receiving agency",""
"FBS","Food Balances (2010-)","050","Bangladesh","645","Food supply quantity (kg/capita/yr)","S2614","Citrus, Other","2023","2023","kg/cap","0.01","E","Estimated value",""
"FBS","Food Balances (2010-)","050","Bangladesh","664","Food supply (kcal/capita/day)","S2614","Citrus, Other","2023","2023","kcal/cap/d","0.01","E","Estimated value",""
"FBS","Food Balances (2010-)","050","Bangladesh","661","Food supply (kcal)","S2614","Citrus, Other","2023","2023","million Kcal","929.02","I","Value imputed by a receiving agency",""
"FBS","Food Balances (2010-)","050","Bangladesh","674","Protein supply quantity (g/capita/day)","S2614","Citrus, Other","2023","2023","g/cap/d","0","E","Estimated value",""
"FBS","Food Balances (2010-)","050","Bangladesh","671","Protein supply quantity (t)","S2614","Citrus, Other","2023","2023","t","18.29","I","Value imputed by a receiving agency",""
"FBS","Food Balances (2010-)","050","Bangladesh","684","Fat supply quantity (g/capita/day)","S2614","Citrus, Other","2023","2023","g/cap/d","0","E","Estimated value",""
"FBS","Food Balances (2010-)","050","Bangladesh","681","Fat supply quantity (t)","S2614","Citrus, Other","2023","2023","t","14.07","I","Value imputed by a receiving agency",""
"FBS","Food Balances (2010-)","050","Bangladesh","5511","Production","S2615","Bananas","2023","2023","1000 t","840","I","Value imputed by a receiving agency",""
"FBS","Food Balances (2010-)","050","Bangladesh","5611","Import quantity","S2615","Bananas","2023","2023","1000 t","0","I","Value imputed by a receiving agency",""
"FBS","Food Balances (2010-)","050","Bangladesh","5911","Export quantity","S2615","Bananas","2023","2023","1000 t","0","I","Value imputed by a receiving agency",""
"FBS","Food Balances (2010-)","050","Bangladesh","5301","Domestic supply quantity","S2615","Bananas","2023","2023","1000 t","840","I","Value imputed by a receiving agency",""
"FBS","Food Balances (2010-)","050","Bangladesh","5123","Losses","S2615","Bananas","2023","2023","1000 t","70","I","Value imputed by a receiving agency",""
"FBS","Food Balances (2010-)","050","Bangladesh","5170","Residuals","S2615","Bananas","2023","2023","1000 t","0","I","Value imputed by a receiving agency",""
"FBS","Food Balances (2010-)","050","Bangladesh","5142","Food","S2615","Bananas","2023","2023","1000 t","770","I","Value imputed by a receiving agency",""
"FBS","Food Balances (2010-)","050","Bangladesh","645","Food supply quantity (kg/capita/yr)","S2615","Bananas","2023","2023","kg/cap","4.49","E","Estimated value",""
"FBS","Food Balances (2010-)","050","Bangladesh","664","Food supply (kcal/capita/day)","S2615","Bananas","2023","2023","kcal/cap/d","8.33","E","Estimated value",""
"FBS","Food Balances (2010-)","050","Bangladesh","661","Food supply (kcal)","S2615","Bananas","2023","2023","million Kcal","521180.41","I","Value imputed by a receiving agency",""
"FBS","Food Balances (2010-)","050","Bangladesh","674","Protein supply quantity (g/capita/day)","S2615","Bananas","2023","2023","g/cap/d","0.1","E","Estimated value",""
"FBS","Food Balances (2010-)","050","Bangladesh","671","Protein supply quantity (t)","S2615","Bananas","2023","2023","t","6501.73","I","Value imputed by a receiving agency",""
"FBS","Food Balances (2010-)","050","Bangladesh","684","Fat supply quantity (g/capita/day)","S2615","Bananas","2023","2023","g/cap/d","0.02","E","Estimated value",""
"FBS","Food Balances (2010-)","050","Bangladesh","681","Fat supply quantity (t)","S2615","Bananas","2023","2023","t","1027.36","I","Value imputed by a receiving agency",""
"FBS","Food Balances (2010-)","050","Bangladesh","5511","Production","S2616","Plantains","2023","2023","1000 t","186","I","Value imputed by a receiving agency",""
"FBS","Food Balances (2010-)","050","Bangladesh","5611","Import quantity","S2616","Plantains","2023","2023","1000 t","0","I","Value imputed by a receiving agency",""
"FBS","Food Balances (2010-)","050","Bangladesh","5911","Export quantity","S2616","Plantains","2023","2023","1000 t","1","I","Value imputed by a receiving agency",""
"FBS","Food Balances (2010-)","050","Bangladesh","5301","Domestic supply quantity","S2616","Plantains","2023","2023","1000 t","185","I","Value imputed by a receiving agency",""
"FBS","Food Balances (2010-)","050","Bangladesh","5123","Losses","S2616","Plantains","2023","2023","1000 t","11","I","Value imputed by a receiving agency",""
"FBS","Food Balances (2010-)","050","Bangladesh","5170","Residuals","S2616","Plantains","2023","2023","1000 t","0","I","Value imputed by a receiving agency",""
"FBS","Food Balances (2010-)","050","Bangladesh","5142","Food","S2616","Plantains","2023","2023","1000 t","174","I","Value imputed by a receiving agency",""
"FBS","Food Balances (2010-)","050","Bangladesh","645","Food supply quantity (kg/capita/yr)","S2616","Plantains","2023","2023","kg/cap","1.01","E","Estimated value",""
"FBS","Food Balances (2010-)","050","Bangladesh","664","Food supply (kcal/capita/day)","S2616","Plantains","2023","2023","kcal/cap/d","2.06","E","Estimated value",""
"FBS","Food Balances (2010-)","050","Bangladesh","661","Food supply (kcal)","S2616","Plantains","2023","2023","million Kcal","129112.94","I","Value imputed by a receiving agency",""
"FBS","Food Balances (2010-)","050","Bangladesh","674","Protein supply quantity (g/capita/day)","S2616","Plantains","2023","2023","g/cap/d","0.02","E","Estimated value",""
"FBS","Food Balances (2010-)","050","Bangladesh","671","Protein supply quantity (t)","S2616","Plantains","2023","2023","t","1537.06","I","Value imputed by a receiving agency",""
"FBS","Food Balances (2010-)","050","Bangladesh","684","Fat supply quantity (g/capita/day)","S2616","Plantains","2023","2023","g/cap/d","0.01","E","Estimated value",""
"FBS","Food Balances (2010-)","050","Bangladesh","681","Fat supply quantity (t)","S2616","Plantains","2023","2023","t","512.35","I","Value imputed by a receiving agency",""
"FBS","Food Balances (2010-)","050","Bangladesh","5611","Import quantity","S2617","Apples and products","2023","2023","1000 t","168","I","Value imputed by a receiving agency",""
"FBS","Food Balances (2010-)","050","Bangladesh","5072","Stock Variation","S2617","Apples and products","2023","2023","1000 t","18","I","Value imputed by a receiving agency",""
"FBS","Food Balances (2010-)","050","Bangladesh","5911","Export quantity","S2617","Apples and products","2023","2023","1000 t","0","I","Value imputed by a receiving agency",""
"FBS","Food Balances (2010-)","050","Bangladesh","5301","Domestic supply quantity","S2617","Apples and products","2023","2023","1000 t","149","I","Value imputed by a receiving agency",""
"FBS","Food Balances (2010-)","050","Bangladesh","5170","Residuals","S2617","Apples and products","2023","2023","1000 t","0","I","Value imputed by a receiving agency",""
"FBS","Food Balances (2010-)","050","Bangladesh","5142","Food","S2617","Apples and products","2023","2023","1000 t","149","I","Value imputed by a receiving agency",""
"FBS","Food Balances (2010-)","050","Bangladesh","645","Food supply quantity (kg/capita/yr)","S2617","Apples and products","2023","2023","kg/cap","0.87","E","Estimated value",""
"FBS","Food Balances (2010-)","050","Bangladesh","664","Food supply (kcal/capita/day)","S2617","Apples and products","2023","2023","kcal/cap/d","1.31","E","Estimated value",""
"FBS","Food Balances (2010-)","050","Bangladesh","661","Food supply (kcal)","S2617","Apples and products","2023","2023","million Kcal","81692.86","I","Value imputed by a receiving agency",""
"FBS","Food Balances (2010-)","050","Bangladesh","674","Protein supply quantity (g/capita/day)","S2617","Apples and products","2023","2023","g/cap/d","0.01","E","Estimated value",""
"FBS","Food Balances (2010-)","050","Bangladesh","671","Protein supply quantity (t)","S2617","Apples and products","2023","2023","t","427.79","I","Value imputed by a receiving agency",""
"FBS","Food Balances (2010-)","050","Bangladesh","684","Fat supply quantity (g/capita/day)","S2617","Apples and products","2023","2023","g/cap/d","0.01","E","Estimated value",""
"FBS","Food Balances (2010-)","050","Bangladesh","681","Fat supply quantity (t)","S2617","Apples and products","2023","2023","t","549.29","I","Value imputed by a receiving agency",""
"FBS","Food Balances (2010-)","050","Bangladesh","5511","Production","S2618","Pineapples and products","2023","2023","1000 t","197","I","Value imputed by a receiving agency",""
"FBS","Food Balances (2010-)","050","Bangladesh","5611","Import quantity","S2618","Pineapples and products","2023","2023","1000 t","0","I","Value imputed by a receiving agency",""
"FBS","Food Balances (2010-)","050","Bangladesh","5072","Stock Variation","S2618","Pineapples and products","2023","2023","1000 t","0","I","Value imputed by a receiving agency",""
"FBS","Food Balances (2010-)","050","Bangladesh","5911","Export quantity","S2618","Pineapples and products","2023","2023","1000 t","0","I","Value imputed by a receiving agency",""
"FBS","Food Balances (2010-)","050","Bangladesh","5301","Domestic supply quantity","S2618","Pineapples and products","2023","2023","1000 t","197","I","Value imputed by a receiving agency",""
"FBS","Food Balances (2010-)","050","Bangladesh","5123","Losses","S2618","Pineapples and products","2023","2023","1000 t","16","I","Value imputed by a receiving agency",""
"FBS","Food Balances (2010-)","050","Bangladesh","5170","Residuals","S2618","Pineapples and products","2023","2023","1000 t","0","I","Value imputed by a receiving agency",""
"FBS","Food Balances (2010-)","050","Bangladesh","5142","Food","S2618","Pineapples and products","2023","2023","1000 t","180","I","Value imputed by a receiving agency",""
"FBS","Food Balances (2010-)","050","Bangladesh","645","Food supply quantity (kg/capita/yr)","S2618","Pineapples and products","2023","2023","kg/cap","1.05","E","Estimated value",""
"FBS","Food Balances (2010-)","050","Bangladesh","664","Food supply (kcal/capita/day)","S2618","Pineapples and products","2023","2023","kcal/cap/d","0.85","E","Estimated value",""
"FBS","Food Balances (2010-)","050","Bangladesh","661","Food supply (kcal)","S2618","Pineapples and products","2023","2023","million Kcal","53129.06","I","Value imputed by a receiving agency",""
"FBS","Food Balances (2010-)","050","Bangladesh","674","Protein supply quantity (g/capita/day)","S2618","Pineapples and products","2023","2023","g/cap/d","0.01","E","Estimated value",""
"FBS","Food Balances (2010-)","050","Bangladesh","671","Protein supply quantity (t)","S2618","Pineapples and products","2023","2023","t","619.8","I","Value imputed by a receiving agency",""
"FBS","Food Balances (2010-)","050","Bangladesh","684","Fat supply quantity (g/capita/day)","S2618","Pineapples and products","2023","2023","g/cap/d","0","E","Estimated value",""
"FBS","Food Balances (2010-)","050","Bangladesh","681","Fat supply quantity (t)","S2618","Pineapples and products","2023","2023","t","210.41","I","Value imputed by a receiving agency",""
"FBS","Food Balances (2010-)","050","Bangladesh","5611","Import quantity","S2619","Dates","2023","2023","1000 t","21","I","Value imputed by a receiving agency",""
"FBS","Food Balances (2010-)","050","Bangladesh","5911","Export quantity","S2619","Dates","2023","2023","1000 t","0","I","Value imputed by a receiving agency",""
"FBS","Food Balances (2010-)","050","Bangladesh","5301","Domestic supply quantity","S2619","Dates","2023","2023","1000 t","21","I","Value imputed by a receiving agency",""
"FBS","Food Balances (2010-)","050","Bangladesh","5170","Residuals","S2619","Dates","2023","2023","1000 t","0","I","Value imputed by a receiving agency",""
"FBS","Food Balances (2010-)","050","Bangladesh","5142","Food","S2619","Dates","2023","2023","1000 t","21","I","Value imputed by a receiving agency",""
"FBS","Food Balances (2010-)","050","Bangladesh","645","Food supply quantity (kg/capita/yr)","S2619","Dates","2023","2023","kg/cap","0.12","E","Estimated value",""
"FBS","Food Balances (2010-)","050","Bangladesh","664","Food supply (kcal/capita/day)","S2619","Dates","2023","2023","kcal/cap/d","0.68","E","Estimated value",""
"FBS","Food Balances (2010-)","050","Bangladesh","661","Food supply (kcal)","S2619","Dates","2023","2023","million Kcal","42562.79","I","Value imputed by a receiving agency",""
"FBS","Food Balances (2010-)","050","Bangladesh","674","Protein supply quantity (g/capita/day)","S2619","Dates","2023","2023","g/cap/d","0.01","E","Estimated value",""
"FBS","Food Balances (2010-)","050","Bangladesh","671","Protein supply quantity (t)","S2619","Dates","2023","2023","t","327.16","I","Value imputed by a receiving agency",""
"FBS","Food Balances (2010-)","050","Bangladesh","684","Fat supply quantity (g/capita/day)","S2619","Dates","2023","2023","g/cap/d","0","E","Estimated value",""
"FBS","Food Balances (2010-)","050","Bangladesh","681","Fat supply quantity (t)","S2619","Dates","2023","2023","t","55.03","I","Value imputed by a receiving agency",""
"FBS","Food Balances (2010-)","050","Bangladesh","5611","Import quantity","S2620","Grapes and products (excl wine)","2023","2023","1000 t","113","I","Value imputed by a receiving agency",""
"FBS","Food Balances (2010-)","050","Bangladesh","5072","Stock Variation","S2620","Grapes and products (excl wine)","2023","2023","1000 t","1","I","Value imputed by a receiving agency",""
"FBS","Food Balances (2010-)","050","Bangladesh","5911","Export quantity","S2620","Grapes and products (excl wine)","2023","2023","1000 t","0","I","Value imputed by a receiving agency",""
"FBS","Food Balances (2010-)","050","Bangladesh","5301","Domestic supply quantity","S2620","Grapes and products (excl wine)","2023","2023","1000 t","112","I","Value imputed by a receiving agency",""
"FBS","Food Balances (2010-)","050","Bangladesh","5170","Residuals","S2620","Grapes and products (excl wine)","2023","2023","1000 t","0","I","Value imputed by a receiving agency",""
"FBS","Food Balances (2010-)","050","Bangladesh","5142","Food","S2620","Grapes and products (excl wine)","2023","2023","1000 t","112","I","Value imputed by a receiving agency",""
"FBS","Food Balances (2010-)","050","Bangladesh","645","Food supply quantity (kg/capita/yr)","S2620","Grapes and products (excl wine)","2023","2023","kg/cap","0.65","E","Estimated value",""
"FBS","Food Balances (2010-)","050","Bangladesh","664","Food supply (kcal/capita/day)","S2620","Grapes and products (excl wine)","2023","2023","kcal/cap/d","1.19","E","Estimated value",""
"FBS","Food Balances (2010-)","050","Bangladesh","661","Food supply (kcal)","S2620","Grapes and products (excl wine)","2023","2023","million Kcal","74362.52","I","Value imputed by a receiving agency",""
"FBS","Food Balances (2010-)","050","Bangladesh","674","Protein supply quantity (g/capita/day)","S2620","Grapes and products (excl wine)","2023","2023","g/cap/d","0.01","E","Estimated value",""
"FBS","Food Balances (2010-)","050","Bangladesh","671","Protein supply quantity (t)","S2620","Grapes and products (excl wine)","2023","2023","t","820.49","I","Value imputed by a receiving agency",""
"FBS","Food Balances (2010-)","050","Bangladesh","684","Fat supply quantity (g/capita/day)","S2620","Grapes and products (excl wine)","2023","2023","g/cap/d","0","E","Estimated value",""
"FBS","Food Balances (2010-)","050","Bangladesh","681","Fat supply quantity (t)","S2620","Grapes and products (excl wine)","2023","2023","t","196.24","I","Value imputed by a receiving agency",""
"FBS","Food Balances (2010-)","050","Bangladesh","5511","Production","S2625","Fruits, other","2023","2023","1000 t","3761","I","Value imputed by a receiving agency",""
"FBS","Food Balances (2010-)","050","Bangladesh","5611","Import quantity","S2625","Fruits, other","2023","2023","1000 t","110","I","Value imputed by a receiving agency",""
"FBS","Food Balances (2010-)","050","Bangladesh","5072","Stock Variation","S2625","Fruits, other","2023","2023","1000 t","-2","I","Value imputed by a receiving agency",""
"FBS","Food Balances (2010-)","050","Bangladesh","5911","Export quantity","S2625","Fruits, other","2023","2023","1000 t","10","I","Value imputed by a receiving agency",""
"FBS","Food Balances (2010-)","050","Bangladesh","5301","Domestic supply quantity","S2625","Fruits, other","2023","2023","1000 t","3863","I","Value imputed by a receiving agency",""
"FBS","Food Balances (2010-)","050","Bangladesh","5123","Losses","S2625","Fruits, other","2023","2023","1000 t","341","I","Value imputed by a receiving agency",""
"FBS","Food Balances (2010-)","050","Bangladesh","5170","Residuals","S2625","Fruits, other","2023","2023","1000 t","112","I","Value imputed by a receiving agency",""
"FBS","Food Balances (2010-)","050","Bangladesh","5142","Food","S2625","Fruits, other","2023","2023","1000 t","3411","I","Value imputed by a receiving agency",""
"FBS","Food Balances (2010-)","050","Bangladesh","645","Food supply quantity (kg/capita/yr)","S2625","Fruits, other","2023","2023","kg/cap","19.89","E","Estimated value",""
"FBS","Food Balances (2010-)","050","Bangladesh","664","Food supply (kcal/capita/day)","S2625","Fruits, other","2023","2023","kcal/cap/d","24.51","E","Estimated value",""
"FBS","Food Balances (2010-)","050","Bangladesh","661","Food supply (kcal)","S2625","Fruits, other","2023","2023","million Kcal","1533784.31","I","Value imputed by a receiving agency",""
"FBS","Food Balances (2010-)","050","Bangladesh","674","Protein supply quantity (g/capita/day)","S2625","Fruits, other","2023","2023","g/cap/d","0.37","E","Estimated value",""
"FBS","Food Balances (2010-)","050","Bangladesh","671","Protein supply quantity (t)","S2625","Fruits, other","2023","2023","t","23392.74","I","Value imputed by a receiving agency",""
"FBS","Food Balances (2010-)","050","Bangladesh","684","Fat supply quantity (g/capita/day)","S2625","Fruits, other","2023","2023","g/cap/d","0.2","E","Estimated value",""
"FBS","Food Balances (2010-)","050","Bangladesh","681","Fat supply quantity (t)","S2625","Fruits, other","2023","2023","t","12295.6","I","Value imputed by a receiving agency",""
"FBS","Food Balances (2010-)","050","Bangladesh","5611","Import quantity","S2630","Coffee and products","2023","2023","1000 t","5","I","Value imputed by a receiving agency",""
"FBS","Food Balances (2010-)","050","Bangladesh","5072","Stock Variation","S2630","Coffee and products","2023","2023","1000 t","0","I","Value imputed by a receiving agency",""
"FBS","Food Balances (2010-)","050","Bangladesh","5911","Export quantity","S2630","Coffee and products","2023","2023","1000 t","0","I","Value imputed by a receiving agency",""
"FBS","Food Balances (2010-)","050","Bangladesh","5301","Domestic supply quantity","S2630","Coffee and products","2023","2023","1000 t","5","I","Value imputed by a receiving agency",""
"FBS","Food Balances (2010-)","050","Bangladesh","5170","Residuals","S2630","Coffee and products","2023","2023","1000 t","0","I","Value imputed by a receiving agency",""
"FBS","Food Balances (2010-)","050","Bangladesh","5142","Food","S2630","Coffee and products","2023","2023","1000 t","5","I","Value imputed by a receiving agency",""
"FBS","Food Balances (2010-)","050","Bangladesh","645","Food supply quantity (kg/capita/yr)","S2630","Coffee and products","2023","2023","kg/cap","0.03","E","Estimated value",""
"FBS","Food Balances (2010-)","050","Bangladesh","664","Food supply (kcal/capita/day)","S2630","Coffee and products","2023","2023","kcal/cap/d","0.09","E","Estimated value",""
"FBS","Food Balances (2010-)","050","Bangladesh","661","Food supply (kcal)","S2630","Coffee and products","2023","2023","million Kcal","5363.12","I","Value imputed by a receiving agency",""
"FBS","Food Balances (2010-)","050","Bangladesh","674","Protein supply quantity (g/capita/day)","S2630","Coffee and products","2023","2023","g/cap/d","0","E","Estimated value",""
"FBS","Food Balances (2010-)","050","Bangladesh","671","Protein supply quantity (t)","S2630","Coffee and products","2023","2023","t","257.72","I","Value imputed by a receiving agency",""
"FBS","Food Balances (2010-)","050","Bangladesh","684","Fat supply quantity (g/capita/day)","S2630","Coffee and products","2023","2023","g/cap/d","0","E","Estimated value",""
"FBS","Food Balances (2010-)","050","Bangladesh","681","Fat supply quantity (t)","S2630","Coffee and products","2023","2023","t","11.95","I","Value imputed by a receiving agency",""
"FBS","Food Balances (2010-)","050","Bangladesh","5611","Import quantity","S2633","Cocoa Beans and products","2023","2023","1000 t","8","I","Value imputed by a receiving agency",""
"FBS","Food Balances (2010-)","050","Bangladesh","5072","Stock Variation","S2633","Cocoa Beans and products","2023","2023","1000 t","0","I","Value imputed by a receiving agency",""
"FBS","Food Balances (2010-)","050","Bangladesh","5911","Export quantity","S2633","Cocoa Beans and products","2023","2023","1000 t","1","I","Value imputed by a receiving agency",""
"FBS","Food Balances (2010-)","050","Bangladesh","5301","Domestic supply quantity","S2633","Cocoa Beans and products","2023","2023","1000 t","7","I","Value imputed by a receiving agency",""
"FBS","Food Balances (2010-)","050","Bangladesh","5170","Residuals","S2633","Cocoa Beans and products","2023","2023","1000 t","0","I","Value imputed by a receiving agency",""
"FBS","Food Balances (2010-)","050","Bangladesh","5142","Food","S2633","Cocoa Beans and products","2023","2023","1000 t","7","I","Value imputed by a receiving agency",""
"FBS","Food Balances (2010-)","050","Bangladesh","645","Food supply quantity (kg/capita/yr)","S2633","Cocoa Beans and products","2023","2023","kg/cap","0.04","E","Estimated value",""
"FBS","Food Balances (2010-)","050","Bangladesh","664","Food supply (kcal/capita/day)","S2633","Cocoa Beans and products","2023","2023","kcal/cap/d","0.41","E","Estimated value",""
"FBS","Food Balances (2010-)","050","Bangladesh","661","Food supply (kcal)","S2633","Cocoa Beans and products","2023","2023","million Kcal","25767.63","I","Value imputed by a receiving agency",""
"FBS","Food Balances (2010-)","050","Bangladesh","674","Protein supply quantity (g/capita/day)","S2633","Cocoa Beans and products","2023","2023","g/cap/d","0.01","E","Estimated value",""
"FBS","Food Balances (2010-)","050","Bangladesh","671","Protein supply quantity (t)","S2633","Cocoa Beans and products","2023","2023","t","699.26","I","Value imputed by a receiving agency",""
"FBS","Food Balances (2010-)","050","Bangladesh","684","Fat supply quantity (g/capita/day)","S2633","Cocoa Beans and products","2023","2023","g/cap/d","0.02","E","Estimated value",""
"FBS","Food Balances (2010-)","050","Bangladesh","681","Fat supply quantity (t)","S2633","Cocoa Beans and products","2023","2023","t","1393.01","I","Value imputed by a receiving agency",""
"FBS","Food Balances (2010-)","050","Bangladesh","5511","Production","S2635","Tea (including mate)","2023","2023","1000 t","426","I","Value imputed by a receiving agency",""
"FBS","Food Balances (2010-)","050","Bangladesh","5611","Import quantity","S2635","Tea (including mate)","2023","2023","1000 t","0","I","Value imputed by a receiving agency",""
"FBS","Food Balances (2010-)","050","Bangladesh","5072","Stock Variation","S2635","Tea (including mate)","2023","2023","1000 t","0","I","Value imputed by a receiving agency",""
"FBS","Food Balances (2010-)","050","Bangladesh","5911","Export quantity","S2635","Tea (including mate)","2023","2023","1000 t","1","I","Value imputed by a receiving agency",""
"FBS","Food Balances (2010-)","050","Bangladesh","5301","Domestic supply quantity","S2635","Tea (including mate)","2023","2023","1000 t","426","I","Value imputed by a receiving agency",""
"FBS","Food Balances (2010-)","050","Bangladesh","5123","Losses","S2635","Tea (including mate)","2023","2023","1000 t","19","I","Value imputed by a receiving agency",""
"FBS","Food Balances (2010-)","050","Bangladesh","5170","Residuals","S2635","Tea (including mate)","2023","2023","1000 t","0","I","Value imputed by a receiving agency",""
"FBS","Food Balances (2010-)","050","Bangladesh","5142","Food","S2635","Tea (including mate)","2023","2023","1000 t","406","I","Value imputed by a receiving agency",""
"FBS","Food Balances (2010-)","050","Bangladesh","645","Food supply quantity (kg/capita/yr)","S2635","Tea (including mate)","2023","2023","kg/cap","2.37","E","Estimated value",""
"FBS","Food Balances (2010-)","050","Bangladesh","664","Food supply (kcal/capita/day)","S2635","Tea (including mate)","2023","2023","kcal/cap/d","0.21","E","Estimated value",""
"FBS","Food Balances (2010-)","050","Bangladesh","661","Food supply (kcal)","S2635","Tea (including mate)","2023","2023","million Kcal","13170.05","I","Value imputed by a receiving agency",""
"FBS","Food Balances (2010-)","050","Bangladesh","674","Protein supply quantity (g/capita/day)","S2635","Tea (including mate)","2023","2023","g/cap/d","0.02","E","Estimated value",""
"FBS","Food Balances (2010-)","050","Bangladesh","671","Protein supply quantity (t)","S2635","Tea (including mate)","2023","2023","t","1100.92","I","Value imputed by a receiving agency",""
"FBS","Food Balances (2010-)","050","Bangladesh","684","Fat supply quantity (g/capita/day)","S2635","Tea (including mate)","2023","2023","g/cap/d","0","E","Estimated value",""
"FBS","Food Balances (2010-)","050","Bangladesh","681","Fat supply quantity (t)","S2635","Tea (including mate)","2023","2023","t","155.45","I","Value imputed by a receiving agency",""
"FBS","Food Balances (2010-)","050","Bangladesh","5611","Import quantity","S2640","Pepper","2023","2023","1000 t","0","I","Value imputed by a receiving agency",""
"FBS","Food Balances (2010-)","050","Bangladesh","5072","Stock Variation","S2640","Pepper","2023","2023","1000 t","-2","I","Value imputed by a receiving agency",""
"FBS","Food Balances (2010-)","050","Bangladesh","5911","Export quantity","S2640","Pepper","2023","2023","1000 t","1","I","Value imputed by a receiving agency",""
"FBS","Food Balances (2010-)","050","Bangladesh","5301","Domestic supply quantity","S2640","Pepper","2023","2023","1000 t","1","I","Value imputed by a receiving agency",""
"FBS","Food Balances (2010-)","050","Bangladesh","5170","Residuals","S2640","Pepper","2023","2023","1000 t","0","I","Value imputed by a receiving agency",""
"FBS","Food Balances (2010-)","050","Bangladesh","5142","Food","S2640","Pepper","2023","2023","1000 t","1","I","Value imputed by a receiving agency",""
"FBS","Food Balances (2010-)","050","Bangladesh","645","Food supply quantity (kg/capita/yr)","S2640","Pepper","2023","2023","kg/cap","0.01","E","Estimated value",""
"FBS","Food Balances (2010-)","050","Bangladesh","664","Food supply (kcal/capita/day)","S2640","Pepper","2023","2023","kcal/cap/d","0.07","E","Estimated value",""
"FBS","Food Balances (2010-)","050","Bangladesh","661","Food supply (kcal)","S2640","Pepper","2023","2023","million Kcal","4478.88","I","Value imputed by a receiving agency",""
"FBS","Food Balances (2010-)","050","Bangladesh","674","Protein supply quantity (g/capita/day)","S2640","Pepper","2023","2023","g/cap/d","0","E","Estimated value",""
"FBS","Food Balances (2010-)","050","Bangladesh","671","Protein supply quantity (t)","S2640","Pepper","2023","2023","t","159.75","I","Value imputed by a receiving agency",""
"FBS","Food Balances (2010-)","050","Bangladesh","684","Fat supply quantity (g/capita/day)","S2640","Pepper","2023","2023","g/cap/d","0","E","Estimated value",""
"FBS","Food Balances (2010-)","050","Bangladesh","681","Fat supply quantity (t)","S2640","Pepper","2023","2023","t","52.25","I","Value imputed by a receiving agency",""
"FBS","Food Balances (2010-)","050","Bangladesh","5511","Production","S2641","Pimento","2023","2023","1000 t","663","I","Value imputed by a receiving agency",""
"FBS","Food Balances (2010-)","050","Bangladesh","5611","Import quantity","S2641","Pimento","2023","2023","1000 t","71","I","Value imputed by a receiving agency",""
"FBS","Food Balances (2010-)","050","Bangladesh","5072","Stock Variation","S2641","Pimento","2023","2023","1000 t","73","I","Value imputed by a receiving agency",""
"FBS","Food Balances (2010-)","050","Bangladesh","5911","Export quantity","S2641","Pimento","2023","2023","1000 t","1","I","Value imputed by a receiving agency",""
"FBS","Food Balances (2010-)","050","Bangladesh","5301","Domestic supply quantity","S2641","Pimento","2023","2023","1000 t","660","I","Value imputed by a receiving agency",""
"FBS","Food Balances (2010-)","050","Bangladesh","5123","Losses","S2641","Pimento","2023","2023","1000 t","33","I","Value imputed by a receiving agency",""
"FBS","Food Balances (2010-)","050","Bangladesh","5170","Residuals","S2641","Pimento","2023","2023","1000 t","0","I","Value imputed by a receiving agency",""
"FBS","Food Balances (2010-)","050","Bangladesh","5142","Food","S2641","Pimento","2023","2023","1000 t","627","I","Value imputed by a receiving agency",""
"FBS","Food Balances (2010-)","050","Bangladesh","645","Food supply quantity (kg/capita/yr)","S2641","Pimento","2023","2023","kg/cap","3.66","E","Estimated value",""
"FBS","Food Balances (2010-)","050","Bangladesh","664","Food supply (kcal/capita/day)","S2641","Pimento","2023","2023","kcal/cap/d","32.02","E","Estimated value",""
"FBS","Food Balances (2010-)","050","Bangladesh","661","Food supply (kcal)","S2641","Pimento","2023","2023","million Kcal","2004042.82","I","Value imputed by a receiving agency",""
"FBS","Food Balances (2010-)","050","Bangladesh","674","Protein supply quantity (g/capita/day)","S2641","Pimento","2023","2023","g/cap/d","1.32","E","Estimated value",""
"FBS","Food Balances (2010-)","050","Bangladesh","671","Protein supply quantity (t)","S2641","Pimento","2023","2023","t","82519.41","I","Value imputed by a receiving agency",""
"FBS","Food Balances (2010-)","050","Bangladesh","684","Fat supply quantity (g/capita/day)","S2641","Pimento","2023","2023","g/cap/d","1.16","E","Estimated value",""
"FBS","Food Balances (2010-)","050","Bangladesh","681","Fat supply quantity (t)","S2641","Pimento","2023","2023","t","72499.2","I","Value imputed by a receiving agency",""
"FBS","Food Balances (2010-)","050","Bangladesh","5611","Import quantity","S2642","Cloves","2023","2023","1000 t","2","I","Value imputed by a receiving agency",""
"FBS","Food Balances (2010-)","050","Bangladesh","5072","Stock Variation","S2642","Cloves","2023","2023","1000 t","0","I","Value imputed by a receiving agency",""
"FBS","Food Balances (2010-)","050","Bangladesh","5911","Export quantity","S2642","Cloves","2023","2023","1000 t","0","I","Value imputed by a receiving agency",""
"FBS","Food Balances (2010-)","050","Bangladesh","5301","Domestic supply quantity","S2642","Cloves","2023","2023","1000 t","2","I","Value imputed by a receiving agency",""
"FBS","Food Balances (2010-)","050","Bangladesh","5170","Residuals","S2642","Cloves","2023","2023","1000 t","0","I","Value imputed by a receiving agency",""
"FBS","Food Balances (2010-)","050","Bangladesh","5142","Food","S2642","Cloves","2023","2023","1000 t","2","I","Value imputed by a receiving agency",""
"FBS","Food Balances (2010-)","050","Bangladesh","645","Food supply quantity (kg/capita/yr)","S2642","Cloves","2023","2023","kg/cap","0.01","E","Estimated value",""
"FBS","Food Balances (2010-)","050","Bangladesh","664","Food supply (kcal/capita/day)","S2642","Cloves","2023","2023","kcal/cap/d","0.07","E","Estimated value",""
"FBS","Food Balances (2010-)","050","Bangladesh","661","Food supply (kcal)","S2642","Cloves","2023","2023","million Kcal","4205.62","I","Value imputed by a receiving agency",""
"FBS","Food Balances (2010-)","050","Bangladesh","674","Protein supply quantity (g/capita/day)","S2642","Cloves","2023","2023","g/cap/d","0","E","Estimated value",""
"FBS","Food Balances (2010-)","050","Bangladesh","671","Protein supply quantity (t)","S2642","Cloves","2023","2023","t","94.38","I","Value imputed by a receiving agency",""
"FBS","Food Balances (2010-)","050","Bangladesh","684","Fat supply quantity (g/capita/day)","S2642","Cloves","2023","2023","g/cap/d","0","E","Estimated value",""
"FBS","Food Balances (2010-)","050","Bangladesh","681","Fat supply quantity (t)","S2642","Cloves","2023","2023","t","152.33","I","Value imputed by a receiving agency",""
"FBS","Food Balances (2010-)","050","Bangladesh","5511","Production","S2645","Spices, Other","2023","2023","1000 t","382","I","Value imputed by a receiving agency",""
"FBS","Food Balances (2010-)","050","Bangladesh","5611","Import quantity","S2645","Spices, Other","2023","2023","1000 t","174","I","Value imputed by a receiving agency",""
"FBS","Food Balances (2010-)","050","Bangladesh","5072","Stock Variation","S2645","Spices, Other","2023","2023","1000 t","1","I","Value imputed by a receiving agency",""
"FBS","Food Balances (2010-)","050","Bangladesh","5911","Export quantity","S2645","Spices, Other","2023","2023","1000 t","10","I","Value imputed by a receiving agency",""
"FBS","Food Balances (2010-)","050","Bangladesh","5301","Domestic supply quantity","S2645","Spices, Other","2023","2023","1000 t","545","I","Value imputed by a receiving agency",""
"FBS","Food Balances (2010-)","050","Bangladesh","5123","Losses","S2645","Spices, Other","2023","2023","1000 t","38","I","Value imputed by a receiving agency",""
"FBS","Food Balances (2010-)","050","Bangladesh","5170","Residuals","S2645","Spices, Other","2023","2023","1000 t","0","I","Value imputed by a receiving agency",""
"FBS","Food Balances (2010-)","050","Bangladesh","5142","Food","S2645","Spices, Other","2023","2023","1000 t","507","I","Value imputed by a receiving agency",""
"FBS","Food Balances (2010-)","050","Bangladesh","645","Food supply quantity (kg/capita/yr)","S2645","Spices, Other","2023","2023","kg/cap","2.96","E","Estimated value",""
"FBS","Food Balances (2010-)","050","Bangladesh","664","Food supply (kcal/capita/day)","S2645","Spices, Other","2023","2023","kcal/cap/d","22.2","E","Estimated value",""
"FBS","Food Balances (2010-)","050","Bangladesh","661","Food supply (kcal)","S2645","Spices, Other","2023","2023","million Kcal","1389351.89","I","Value imputed by a receiving agency",""
"FBS","Food Balances (2010-)","050","Bangladesh","674","Protein supply quantity (g/capita/day)","S2645","Spices, Other","2023","2023","g/cap/d","0.79","E","Estimated value",""
"FBS","Food Balances (2010-)","050","Bangladesh","671","Protein supply quantity (t)","S2645","Spices, Other","2023","2023","t","49307.89","I","Value imputed by a receiving agency",""
"FBS","Food Balances (2010-)","050","Bangladesh","684","Fat supply quantity (g/capita/day)","S2645","Spices, Other","2023","2023","g/cap/d","0.61","E","Estimated value",""
"FBS","Food Balances (2010-)","050","Bangladesh","681","Fat supply quantity (t)","S2645","Spices, Other","2023","2023","t","38132.79","I","Value imputed by a receiving agency",""
"FBS","Food Balances (2010-)","050","Bangladesh","5611","Import quantity","S2655","Wine","2023","2023","1000 t","0","I","Value imputed by a receiving agency",""
"FBS","Food Balances (2010-)","050","Bangladesh","5072","Stock Variation","S2655","Wine","2023","2023","1000 t","0","I","Value imputed by a receiving agency",""
"FBS","Food Balances (2010-)","050","Bangladesh","5301","Domestic supply quantity","S2655","Wine","2023","2023","1000 t","0","I","Value imputed by a receiving agency",""
"FBS","Food Balances (2010-)","050","Bangladesh","5170","Residuals","S2655","Wine","2023","2023","1000 t","0","I","Value imputed by a receiving agency",""
"FBS","Food Balances (2010-)","050","Bangladesh","5142","Food","S2655","Wine","2023","2023","1000 t","0","I","Value imputed by a receiving agency",""
"FBS","Food Balances (2010-)","050","Bangladesh","645","Food supply quantity (kg/capita/yr)","S2655","Wine","2023","2023","kg/cap","0","E","Estimated value",""
"FBS","Food Balances (2010-)","050","Bangladesh","664","Food supply (kcal/capita/day)","S2655","Wine","2023","2023","kcal/cap/d","0","E","Estimated value",""
"FBS","Food Balances (2010-)","050","Bangladesh","661","Food supply (kcal)","S2655","Wine","2023","2023","million Kcal","258.55","I","Value imputed by a receiving agency",""
"FBS","Food Balances (2010-)","050","Bangladesh","674","Protein supply quantity (g/capita/day)","S2655","Wine","2023","2023","g/cap/d","0","E","Estimated value",""
"FBS","Food Balances (2010-)","050","Bangladesh","671","Protein supply quantity (t)","S2655","Wine","2023","2023","t","0.64","I","Value imputed by a receiving agency",""
"FBS","Food Balances (2010-)","050","Bangladesh","684","Fat supply quantity (g/capita/day)","S2655","Wine","2023","2023","g/cap/d","0","E","Estimated value",""
"FBS","Food Balances (2010-)","050","Bangladesh","681","Fat supply quantity (t)","S2655","Wine","2023","2023","t","0","I","Value imputed by a receiving agency",""
"FBS","Food Balances (2010-)","050","Bangladesh","5611","Import quantity","S2656","Beer","2023","2023","1000 t","1","I","Value imputed by a receiving agency",""
"FBS","Food Balances (2010-)","050","Bangladesh","5072","Stock Variation","S2656","Beer","2023","2023","1000 t","0","I","Value imputed by a receiving agency",""
"FBS","Food Balances (2010-)","050","Bangladesh","5911","Export quantity","S2656","Beer","2023","2023","1000 t","0","I","Value imputed by a receiving agency",""
"FBS","Food Balances (2010-)","050","Bangladesh","5301","Domestic supply quantity","S2656","Beer","2023","2023","1000 t","1","I","Value imputed by a receiving agency",""
"FBS","Food Balances (2010-)","050","Bangladesh","5170","Residuals","S2656","Beer","2023","2023","1000 t","0","I","Value imputed by a receiving agency",""
"FBS","Food Balances (2010-)","050","Bangladesh","5142","Food","S2656","Beer","2023","2023","1000 t","1","I","Value imputed by a receiving agency",""
"FBS","Food Balances (2010-)","050","Bangladesh","645","Food supply quantity (kg/capita/yr)","S2656","Beer","2023","2023","kg/cap","0","E","Estimated value",""
"FBS","Food Balances (2010-)","050","Bangladesh","664","Food supply (kcal/capita/day)","S2656","Beer","2023","2023","kcal/cap/d","0","E","Estimated value",""
"FBS","Food Balances (2010-)","050","Bangladesh","661","Food supply (kcal)","S2656","Beer","2023","2023","million Kcal","303.63","I","Value imputed by a receiving agency",""
"FBS","Food Balances (2010-)","050","Bangladesh","674","Protein supply quantity (g/capita/day)","S2656","Beer","2023","2023","g/cap/d","0","E","Estimated value",""
"FBS","Food Balances (2010-)","050","Bangladesh","671","Protein supply quantity (t)","S2656","Beer","2023","2023","t","2.76","I","Value imputed by a receiving agency",""
"FBS","Food Balances (2010-)","050","Bangladesh","684","Fat supply quantity (g/capita/day)","S2656","Beer","2023","2023","g/cap/d","0","E","Estimated value",""
"FBS","Food Balances (2010-)","050","Bangladesh","681","Fat supply quantity (t)","S2656","Beer","2023","2023","t","0","I","Value imputed by a receiving agency",""
"FBS","Food Balances (2010-)","050","Bangladesh","5611","Import quantity","S2657","Beverages, Fermented","2023","2023","1000 t","0","I","Value imputed by a receiving agency",""
"FBS","Food Balances (2010-)","050","Bangladesh","5072","Stock Variation","S2657","Beverages, Fermented","2023","2023","1000 t","0","I","Value imputed by a receiving agency",""
"FBS","Food Balances (2010-)","050","Bangladesh","5301","Domestic supply quantity","S2657","Beverages, Fermented","2023","2023","1000 t","0","I","Value imputed by a receiving agency",""
"FBS","Food Balances (2010-)","050","Bangladesh","5170","Residuals","S2657","Beverages, Fermented","2023","2023","1000 t","0","I","Value imputed by a receiving agency",""
"FBS","Food Balances (2010-)","050","Bangladesh","5142","Food","S2657","Beverages, Fermented","2023","2023","1000 t","0","I","Value imputed by a receiving agency",""
"FBS","Food Balances (2010-)","050","Bangladesh","645","Food supply quantity (kg/capita/yr)","S2657","Beverages, Fermented","2023","2023","kg/cap","0","E","Estimated value",""
"FBS","Food Balances (2010-)","050","Bangladesh","664","Food supply (kcal/capita/day)","S2657","Beverages, Fermented","2023","2023","kcal/cap/d","0","E","Estimated value",""
"FBS","Food Balances (2010-)","050","Bangladesh","661","Food supply (kcal)","S2657","Beverages, Fermented","2023","2023","million Kcal","3.73","I","Value imputed by a receiving agency",""
"FBS","Food Balances (2010-)","050","Bangladesh","674","Protein supply quantity (g/capita/day)","S2657","Beverages, Fermented","2023","2023","g/cap/d","0","E","Estimated value",""
"FBS","Food Balances (2010-)","050","Bangladesh","671","Protein supply quantity (t)","S2657","Beverages, Fermented","2023","2023","t","0.01","I","Value imputed by a receiving agency",""
"FBS","Food Balances (2010-)","050","Bangladesh","684","Fat supply quantity (g/capita/day)","S2657","Beverages, Fermented","2023","2023","g/cap/d","0","E","Estimated value",""
"FBS","Food Balances (2010-)","050","Bangladesh","681","Fat supply quantity (t)","S2657","Beverages, Fermented","2023","2023","t","0","I","Value imputed by a receiving agency",""
"FBS","Food Balances (2010-)","050","Bangladesh","5611","Import quantity","S2658","Beverages, Alcoholic","2023","2023","1000 t","1","I","Value imputed by a receiving agency",""
"FBS","Food Balances (2010-)","050","Bangladesh","5072","Stock Variation","S2658","Beverages, Alcoholic","2023","2023","1000 t","0","I","Value imputed by a receiving agency",""
"FBS","Food Balances (2010-)","050","Bangladesh","5911","Export quantity","S2658","Beverages, Alcoholic","2023","2023","1000 t","0","I","Value imputed by a receiving agency",""
"FBS","Food Balances (2010-)","050","Bangladesh","5301","Domestic supply quantity","S2658","Beverages, Alcoholic","2023","2023","1000 t","1","I","Value imputed by a receiving agency",""
"FBS","Food Balances (2010-)","050","Bangladesh","5170","Residuals","S2658","Beverages, Alcoholic","2023","2023","1000 t","0","I","Value imputed by a receiving agency",""
"FBS","Food Balances (2010-)","050","Bangladesh","5142","Food","S2658","Beverages, Alcoholic","2023","2023","1000 t","1","I","Value imputed by a receiving agency",""
"FBS","Food Balances (2010-)","050","Bangladesh","645","Food supply quantity (kg/capita/yr)","S2658","Beverages, Alcoholic","2023","2023","kg/cap","0","E","Estimated value",""
"FBS","Food Balances (2010-)","050","Bangladesh","664","Food supply (kcal/capita/day)","S2658","Beverages, Alcoholic","2023","2023","kcal/cap/d","0.03","E","Estimated value",""
"FBS","Food Balances (2010-)","050","Bangladesh","661","Food supply (kcal)","S2658","Beverages, Alcoholic","2023","2023","million Kcal","1973.68","I","Value imputed by a receiving agency",""
"FBS","Food Balances (2010-)","050","Bangladesh","674","Protein supply quantity (g/capita/day)","S2658","Beverages, Alcoholic","2023","2023","g/cap/d","0","E","Estimated value",""
"FBS","Food Balances (2010-)","050","Bangladesh","671","Protein supply quantity (t)","S2658","Beverages, Alcoholic","2023","2023","t","2.09","I","Value imputed by a receiving agency",""
"FBS","Food Balances (2010-)","050","Bangladesh","684","Fat supply quantity (g/capita/day)","S2658","Beverages, Alcoholic","2023","2023","g/cap/d","0","E","Estimated value",""
"FBS","Food Balances (2010-)","050","Bangladesh","681","Fat supply quantity (t)","S2658","Beverages, Alcoholic","2023","2023","t","15.34","I","Value imputed by a receiving agency",""
"FBS","Food Balances (2010-)","050","Bangladesh","5611","Import quantity","S2659","Alcohol, Non-Food","2023","2023","1000 t","0","I","Value imputed by a receiving agency",""
"FBS","Food Balances (2010-)","050","Bangladesh","5072","Stock Variation","S2659","Alcohol, Non-Food","2023","2023","1000 t","0","I","Value imputed by a receiving agency",""
"FBS","Food Balances (2010-)","050","Bangladesh","5301","Domestic supply quantity","S2659","Alcohol, Non-Food","2023","2023","1000 t","0","I","Value imputed by a receiving agency",""
"FBS","Food Balances (2010-)","050","Bangladesh","5154","Other uses (non-food)","S2659","Alcohol, Non-Food","2023","2023","1000 t","0","I","Value imputed by a receiving agency",""
"FBS","Food Balances (2010-)","050","Bangladesh","5170","Residuals","S2659","Alcohol, Non-Food","2023","2023","1000 t","0","I","Value imputed by a receiving agency",""
"FBS","Food Balances (2010-)","050","Bangladesh","5511","Production","S2731","Bovine Meat","2023","2023","1000 t","210","I","Value imputed by a receiving agency",""
"FBS","Food Balances (2010-)","050","Bangladesh","5611","Import quantity","S2731","Bovine Meat","2023","2023","1000 t","0","I","Value imputed by a receiving agency",""
"FBS","Food Balances (2010-)","050","Bangladesh","5072","Stock Variation","S2731","Bovine Meat","2023","2023","1000 t","0","I","Value imputed by a receiving agency",""
"FBS","Food Balances (2010-)","050","Bangladesh","5911","Export quantity","S2731","Bovine Meat","2023","2023","1000 t","1","I","Value imputed by a receiving agency",""
"FBS","Food Balances (2010-)","050","Bangladesh","5301","Domestic supply quantity","S2731","Bovine Meat","2023","2023","1000 t","209","I","Value imputed by a receiving agency",""
"FBS","Food Balances (2010-)","050","Bangladesh","5170","Residuals","S2731","Bovine Meat","2023","2023","1000 t","-1","I","Value imputed by a receiving agency",""
"FBS","Food Balances (2010-)","050","Bangladesh","5142","Food","S2731","Bovine Meat","2023","2023","1000 t","210","I","Value imputed by a receiving agency",""
"FBS","Food Balances (2010-)","050","Bangladesh","645","Food supply quantity (kg/capita/yr)","S2731","Bovine Meat","2023","2023","kg/cap","1.22","E","Estimated value",""
"FBS","Food Balances (2010-)","050","Bangladesh","664","Food supply (kcal/capita/day)","S2731","Bovine Meat","2023","2023","kcal/cap/d","6.78","E","Estimated value",""
"FBS","Food Balances (2010-)","050","Bangladesh","661","Food supply (kcal)","S2731","Bovine Meat","2023","2023","million Kcal","424035.51","I","Value imputed by a receiving agency",""
"FBS","Food Balances (2010-)","050","Bangladesh","674","Protein supply quantity (g/capita/day)","S2731","Bovine Meat","2023","2023","g/cap/d","0.52","E","Estimated value",""
"FBS","Food Balances (2010-)","050","Bangladesh","671","Protein supply quantity (t)","S2731","Bovine Meat","2023","2023","t","32291.75","I","Value imputed by a receiving agency",""
"FBS","Food Balances (2010-)","050","Bangladesh","684","Fat supply quantity (g/capita/day)","S2731","Bovine Meat","2023","2023","g/cap/d","0.52","E","Estimated value",""
"FBS","Food Balances (2010-)","050","Bangladesh","681","Fat supply quantity (t)","S2731","Bovine Meat","2023","2023","t","32801.88","I","Value imputed by a receiving agency",""
"FBS","Food Balances (2010-)","050","Bangladesh","5511","Production","S2732","Mutton & Goat Meat","2023","2023","1000 t","248","I","Value imputed by a receiving agency",""
"FBS","Food Balances (2010-)","050","Bangladesh","5611","Import quantity","S2732","Mutton & Goat Meat","2023","2023","1000 t","0","I","Value imputed by a receiving agency",""
"FBS","Food Balances (2010-)","050","Bangladesh","5072","Stock Variation","S2732","Mutton & Goat Meat","2023","2023","1000 t","0","I","Value imputed by a receiving agency",""
"FBS","Food Balances (2010-)","050","Bangladesh","5911","Export quantity","S2732","Mutton & Goat Meat","2023","2023","1000 t","0","I","Value imputed by a receiving agency",""
"FBS","Food Balances (2010-)","050","Bangladesh","5301","Domestic supply quantity","S2732","Mutton & Goat Meat","2023","2023","1000 t","248","I","Value imputed by a receiving agency",""
"FBS","Food Balances (2010-)","050","Bangladesh","5170","Residuals","S2732","Mutton & Goat Meat","2023","2023","1000 t","0","I","Value imputed by a receiving agency",""
"FBS","Food Balances (2010-)","050","Bangladesh","5142","Food","S2732","Mutton & Goat Meat","2023","2023","1000 t","248","I","Value imputed by a receiving agency",""
"FBS","Food Balances (2010-)","050","Bangladesh","645","Food supply quantity (kg/capita/yr)","S2732","Mutton & Goat Meat","2023","2023","kg/cap","1.45","E","Estimated value",""
"FBS","Food Balances (2010-)","050","Bangladesh","664","Food supply (kcal/capita/day)","S2732","Mutton & Goat Meat","2023","2023","kcal/cap/d","5.02","E","Estimated value",""
"FBS","Food Balances (2010-)","050","Bangladesh","661","Food supply (kcal)","S2732","Mutton & Goat Meat","2023","2023","million Kcal","314260.86","I","Value imputed by a receiving agency",""
"FBS","Food Balances (2010-)","050","Bangladesh","674","Protein supply quantity (g/capita/day)","S2732","Mutton & Goat Meat","2023","2023","g/cap/d","0.72","E","Estimated value",""
"FBS","Food Balances (2010-)","050","Bangladesh","671","Protein supply quantity (t)","S2732","Mutton & Goat Meat","2023","2023","t","45161.49","I","Value imputed by a receiving agency",""
"FBS","Food Balances (2010-)","050","Bangladesh","684","Fat supply quantity (g/capita/day)","S2732","Mutton & Goat Meat","2023","2023","g/cap/d","0.23","E","Estimated value",""
"FBS","Food Balances (2010-)","050","Bangladesh","681","Fat supply quantity (t)","S2732","Mutton & Goat Meat","2023","2023","t","14172.74","I","Value imputed by a receiving agency",""
"FBS","Food Balances (2010-)","050","Bangladesh","5611","Import quantity","S2733","Pigmeat","2023","2023","1000 t","1","I","Value imputed by a receiving agency",""
"FBS","Food Balances (2010-)","050","Bangladesh","5072","Stock Variation","S2733","Pigmeat","2023","2023","1000 t","0","I","Value imputed by a receiving agency",""
"FBS","Food Balances (2010-)","050","Bangladesh","5911","Export quantity","S2733","Pigmeat","2023","2023","1000 t","0","I","Value imputed by a receiving agency",""
"FBS","Food Balances (2010-)","050","Bangladesh","5301","Domestic supply quantity","S2733","Pigmeat","2023","2023","1000 t","1","I","Value imputed by a receiving agency",""
"FBS","Food Balances (2010-)","050","Bangladesh","5170","Residuals","S2733","Pigmeat","2023","2023","1000 t","0","I","Value imputed by a receiving agency",""
"FBS","Food Balances (2010-)","050","Bangladesh","5142","Food","S2733","Pigmeat","2023","2023","1000 t","1","I","Value imputed by a receiving agency",""
"FBS","Food Balances (2010-)","050","Bangladesh","645","Food supply quantity (kg/capita/yr)","S2733","Pigmeat","2023","2023","kg/cap","0.01","E","Estimated value",""
"FBS","Food Balances (2010-)","050","Bangladesh","664","Food supply (kcal/capita/day)","S2733","Pigmeat","2023","2023","kcal/cap/d","0.05","E","Estimated value",""
"FBS","Food Balances (2010-)","050","Bangladesh","661","Food supply (kcal)","S2733","Pigmeat","2023","2023","million Kcal","2825.43","I","Value imputed by a receiving agency",""
"FBS","Food Balances (2010-)","050","Bangladesh","674","Protein supply quantity (g/capita/day)","S2733","Pigmeat","2023","2023","g/cap/d","0","E","Estimated value",""
"FBS","Food Balances (2010-)","050","Bangladesh","671","Protein supply quantity (t)","S2733","Pigmeat","2023","2023","t","135.86","I","Value imputed by a receiving agency",""
"FBS","Food Balances (2010-)","050","Bangladesh","684","Fat supply quantity (g/capita/day)","S2733","Pigmeat","2023","2023","g/cap/d","0","E","Estimated value",""
"FBS","Food Balances (2010-)","050","Bangladesh","681","Fat supply quantity (t)","S2733","Pigmeat","2023","2023","t","244.5","I","Value imputed by a receiving agency",""
"FBS","Food Balances (2010-)","050","Bangladesh","5511","Production","S2734","Poultry Meat","2023","2023","1000 t","291","I","Value imputed by a receiving agency",""
"FBS","Food Balances (2010-)","050","Bangladesh","5611","Import quantity","S2734","Poultry Meat","2023","2023","1000 t","0","I","Value imputed by a receiving agency",""
"FBS","Food Balances (2010-)","050","Bangladesh","5072","Stock Variation","S2734","Poultry Meat","2023","2023","1000 t","0","I","Value imputed by a receiving agency",""
"FBS","Food Balances (2010-)","050","Bangladesh","5911","Export quantity","S2734","Poultry Meat","2023","2023","1000 t","0","I","Value imputed by a receiving agency",""
"FBS","Food Balances (2010-)","050","Bangladesh","5301","Domestic supply quantity","S2734","Poultry Meat","2023","2023","1000 t","291","I","Value imputed by a receiving agency",""
"FBS","Food Balances (2010-)","050","Bangladesh","5170","Residuals","S2734","Poultry Meat","2023","2023","1000 t","0","I","Value imputed by a receiving agency",""
"FBS","Food Balances (2010-)","050","Bangladesh","5142","Food","S2734","Poultry Meat","2023","2023","1000 t","291","I","Value imputed by a receiving agency",""
"FBS","Food Balances (2010-)","050","Bangladesh","645","Food supply quantity (kg/capita/yr)","S2734","Poultry Meat","2023","2023","kg/cap","1.7","E","Estimated value",""
"FBS","Food Balances (2010-)","050","Bangladesh","664","Food supply (kcal/capita/day)","S2734","Poultry Meat","2023","2023","kcal/cap/d","6.83","E","Estimated value",""
"FBS","Food Balances (2010-)","050","Bangladesh","661","Food supply (kcal)","S2734","Poultry Meat","2023","2023","million Kcal","427727.26","I","Value imputed by a receiving agency",""
"FBS","Food Balances (2010-)","050","Bangladesh","674","Protein supply quantity (g/capita/day)","S2734","Poultry Meat","2023","2023","g/cap/d","0.75","E","Estimated value",""
"FBS","Food Balances (2010-)","050","Bangladesh","671","Protein supply quantity (t)","S2734","Poultry Meat","2023","2023","t","47108.81","I","Value imputed by a receiving agency",""
"FBS","Food Balances (2010-)","050","Bangladesh","684","Fat supply quantity (g/capita/day)","S2734","Poultry Meat","2023","2023","g/cap/d","0.42","E","Estimated value",""
"FBS","Food Balances (2010-)","050","Bangladesh","681","Fat supply quantity (t)","S2734","Poultry Meat","2023","2023","t","26571.72","I","Value imputed by a receiving agency",""
"FBS","Food Balances (2010-)","050","Bangladesh","5511","Production","S2735","Meat, Other","2023","2023","1000 t","17","I","Value imputed by a receiving agency",""
"FBS","Food Balances (2010-)","050","Bangladesh","5611","Import quantity","S2735","Meat, Other","2023","2023","1000 t","3","I","Value imputed by a receiving agency",""
"FBS","Food Balances (2010-)","050","Bangladesh","5072","Stock Variation","S2735","Meat, Other","2023","2023","1000 t","0","I","Value imputed by a receiving agency",""
"FBS","Food Balances (2010-)","050","Bangladesh","5911","Export quantity","S2735","Meat, Other","2023","2023","1000 t","0","I","Value imputed by a receiving agency",""
"FBS","Food Balances (2010-)","050","Bangladesh","5301","Domestic supply quantity","S2735","Meat, Other","2023","2023","1000 t","20","I","Value imputed by a receiving agency",""
"FBS","Food Balances (2010-)","050","Bangladesh","5170","Residuals","S2735","Meat, Other","2023","2023","1000 t","0","I","Value imputed by a receiving agency",""
"FBS","Food Balances (2010-)","050","Bangladesh","5142","Food","S2735","Meat, Other","2023","2023","1000 t","20","I","Value imputed by a receiving agency",""
"FBS","Food Balances (2010-)","050","Bangladesh","645","Food supply quantity (kg/capita/yr)","S2735","Meat, Other","2023","2023","kg/cap","0.12","E","Estimated value",""
"FBS","Food Balances (2010-)","050","Bangladesh","664","Food supply (kcal/capita/day)","S2735","Meat, Other","2023","2023","kcal/cap/d","0.49","E","Estimated value",""
"FBS","Food Balances (2010-)","050","Bangladesh","661","Food supply (kcal)","S2735","Meat, Other","2023","2023","million Kcal","30537.93","I","Value imputed by a receiving agency",""
"FBS","Food Balances (2010-)","050","Bangladesh","674","Protein supply quantity (g/capita/day)","S2735","Meat, Other","2023","2023","g/cap/d","0.06","E","Estimated value",""
"FBS","Food Balances (2010-)","050","Bangladesh","671","Protein supply quantity (t)","S2735","Meat, Other","2023","2023","t","4027.92","I","Value imputed by a receiving agency",""
"FBS","Food Balances (2010-)","050","Bangladesh","684","Fat supply quantity (g/capita/day)","S2735","Meat, Other","2023","2023","g/cap/d","0.03","E","Estimated value",""
"FBS","Food Balances (2010-)","050","Bangladesh","681","Fat supply quantity (t)","S2735","Meat, Other","2023","2023","t","1579.02","I","Value imputed by a receiving agency",""
"FBS","Food Balances (2010-)","050","Bangladesh","5511","Production","S2736","Offals, Edible","2023","2023","1000 t","112","I","Value imputed by a receiving agency",""
"FBS","Food Balances (2010-)","050","Bangladesh","5611","Import quantity","S2736","Offals, Edible","2023","2023","1000 t","0","I","Value imputed by a receiving agency",""
"FBS","Food Balances (2010-)","050","Bangladesh","5911","Export quantity","S2736","Offals, Edible","2023","2023","1000 t","0","I","Value imputed by a receiving agency",""
"FBS","Food Balances (2010-)","050","Bangladesh","5301","Domestic supply quantity","S2736","Offals, Edible","2023","2023","1000 t","112","I","Value imputed by a receiving agency",""
"FBS","Food Balances (2010-)","050","Bangladesh","5123","Losses","S2736","Offals, Edible","2023","2023","1000 t","16","I","Value imputed by a receiving agency",""
"FBS","Food Balances (2010-)","050","Bangladesh","5170","Residuals","S2736","Offals, Edible","2023","2023","1000 t","0","I","Value imputed by a receiving agency",""
"FBS","Food Balances (2010-)","050","Bangladesh","5142","Food","S2736","Offals, Edible","2023","2023","1000 t","96","I","Value imputed by a receiving agency",""
"FBS","Food Balances (2010-)","050","Bangladesh","645","Food supply quantity (kg/capita/yr)","S2736","Offals, Edible","2023","2023","kg/cap","0.56","E","Estimated value",""
"FBS","Food Balances (2010-)","050","Bangladesh","664","Food supply (kcal/capita/day)","S2736","Offals, Edible","2023","2023","kcal/cap/d","1.69","E","Estimated value",""
"FBS","Food Balances (2010-)","050","Bangladesh","661","Food supply (kcal)","S2736","Offals, Edible","2023","2023","million Kcal","105781.87","I","Value imputed by a receiving agency",""
"FBS","Food Balances (2010-)","050","Bangladesh","674","Protein supply quantity (g/capita/day)","S2736","Offals, Edible","2023","2023","g/cap/d","0.23","E","Estimated value",""
"FBS","Food Balances (2010-)","050","Bangladesh","671","Protein supply quantity (t)","S2736","Offals, Edible","2023","2023","t","14549.93","I","Value imputed by a receiving agency",""
"FBS","Food Balances (2010-)","050","Bangladesh","684","Fat supply quantity (g/capita/day)","S2736","Offals, Edible","2023","2023","g/cap/d","0.08","E","Estimated value",""
"FBS","Food Balances (2010-)","050","Bangladesh","681","Fat supply quantity (t)","S2736","Offals, Edible","2023","2023","t","5121.51","I","Value imputed by a receiving agency",""
"FBS","Food Balances (2010-)","050","Bangladesh","5511","Production","S2740","Butter, Ghee","2023","2023","1000 t","39","I","Value imputed by a receiving agency",""
"FBS","Food Balances (2010-)","050","Bangladesh","5611","Import quantity","S2740","Butter, Ghee","2023","2023","1000 t","1","I","Value imputed by a receiving agency",""
"FBS","Food Balances (2010-)","050","Bangladesh","5911","Export quantity","S2740","Butter, Ghee","2023","2023","1000 t","0","I","Value imputed by a receiving agency",""
"FBS","Food Balances (2010-)","050","Bangladesh","5301","Domestic supply quantity","S2740","Butter, Ghee","2023","2023","1000 t","40","I","Value imputed by a receiving agency",""
"FBS","Food Balances (2010-)","050","Bangladesh","5170","Residuals","S2740","Butter, Ghee","2023","2023","1000 t","0","I","Value imputed by a receiving agency",""
"FBS","Food Balances (2010-)","050","Bangladesh","5142","Food","S2740","Butter, Ghee","2023","2023","1000 t","40","I","Value imputed by a receiving agency",""
"FBS","Food Balances (2010-)","050","Bangladesh","645","Food supply quantity (kg/capita/yr)","S2740","Butter, Ghee","2023","2023","kg/cap","0.23","E","Estimated value",""
"FBS","Food Balances (2010-)","050","Bangladesh","664","Food supply (kcal/capita/day)","S2740","Butter, Ghee","2023","2023","kcal/cap/d","5.56","E","Estimated value",""
"FBS","Food Balances (2010-)","050","Bangladesh","661","Food supply (kcal)","S2740","Butter, Ghee","2023","2023","million Kcal","348202.22","I","Value imputed by a receiving agency",""
"FBS","Food Balances (2010-)","050","Bangladesh","674","Protein supply quantity (g/capita/day)","S2740","Butter, Ghee","2023","2023","g/cap/d","0","E","Estimated value",""
"FBS","Food Balances (2010-)","050","Bangladesh","671","Protein supply quantity (t)","S2740","Butter, Ghee","2023","2023","t","111.01","I","Value imputed by a receiving agency",""
"FBS","Food Balances (2010-)","050","Bangladesh","684","Fat supply quantity (g/capita/day)","S2740","Butter, Ghee","2023","2023","g/cap/d","0.62","E","Estimated value",""
"FBS","Food Balances (2010-)","050","Bangladesh","681","Fat supply quantity (t)","S2740","Butter, Ghee","2023","2023","t","38633.67","I","Value imputed by a receiving agency",""
"FBS","Food Balances (2010-)","050","Bangladesh","5611","Import quantity","S2743","Cream","2023","2023","1000 t","0","I","Value imputed by a receiving agency",""
"FBS","Food Balances (2010-)","050","Bangladesh","5911","Export quantity","S2743","Cream","2023","2023","1000 t","0","I","Value imputed by a receiving agency",""
"FBS","Food Balances (2010-)","050","Bangladesh","5301","Domestic supply quantity","S2743","Cream","2023","2023","1000 t","0","I","Value imputed by a receiving agency",""
"FBS","Food Balances (2010-)","050","Bangladesh","5170","Residuals","S2743","Cream","2023","2023","1000 t","0","I","Value imputed by a receiving agency",""
"FBS","Food Balances (2010-)","050","Bangladesh","5142","Food","S2743","Cream","2023","2023","1000 t","0","I","Value imputed by a receiving agency",""
"FBS","Food Balances (2010-)","050","Bangladesh","645","Food supply quantity (kg/capita/yr)","S2743","Cream","2023","2023","kg/cap","0","E","Estimated value",""
"FBS","Food Balances (2010-)","050","Bangladesh","664","Food supply (kcal/capita/day)","S2743","Cream","2023","2023","kcal/cap/d","0","E","Estimated value",""
"FBS","Food Balances (2010-)","050","Bangladesh","661","Food supply (kcal)","S2743","Cream","2023","2023","million Kcal","0","I","Value imputed by a receiving agency",""
"FBS","Food Balances (2010-)","050","Bangladesh","674","Protein supply quantity (g/capita/day)","S2743","Cream","2023","2023","g/cap/d","0","E","Estimated value",""
"FBS","Food Balances (2010-)","050","Bangladesh","671","Protein supply quantity (t)","S2743","Cream","2023","2023","t","0","I","Value imputed by a receiving agency",""
"FBS","Food Balances (2010-)","050","Bangladesh","684","Fat supply quantity (g/capita/day)","S2743","Cream","2023","2023","g/cap/d","0","E","Estimated value",""
"FBS","Food Balances (2010-)","050","Bangladesh","681","Fat supply quantity (t)","S2743","Cream","2023","2023","t","0","I","Value imputed by a receiving agency",""
"FBS","Food Balances (2010-)","050","Bangladesh","5511","Production","S2737","Fats, Animals, Raw","2023","2023","1000 t","25","I","Value imputed by a receiving agency",""
"FBS","Food Balances (2010-)","050","Bangladesh","5611","Import quantity","S2737","Fats, Animals, Raw","2023","2023","1000 t","2","I","Value imputed by a receiving agency",""
"FBS","Food Balances (2010-)","050","Bangladesh","5072","Stock Variation","S2737","Fats, Animals, Raw","2023","2023","1000 t","0","I","Value imputed by a receiving agency",""
"FBS","Food Balances (2010-)","050","Bangladesh","5911","Export quantity","S2737","Fats, Animals, Raw","2023","2023","1000 t","0","I","Value imputed by a receiving agency",""
"FBS","Food Balances (2010-)","050","Bangladesh","5301","Domestic supply quantity","S2737","Fats, Animals, Raw","2023","2023","1000 t","27","I","Value imputed by a receiving agency",""
"FBS","Food Balances (2010-)","050","Bangladesh","5123","Losses","S2737","Fats, Animals, Raw","2023","2023","1000 t","3","I","Value imputed by a receiving agency",""
"FBS","Food Balances (2010-)","050","Bangladesh","5154","Other uses (non-food)","S2737","Fats, Animals, Raw","2023","2023","1000 t","0","I","Value imputed by a receiving agency",""
"FBS","Food Balances (2010-)","050","Bangladesh","5170","Residuals","S2737","Fats, Animals, Raw","2023","2023","1000 t","0","I","Value imputed by a receiving agency",""
"FBS","Food Balances (2010-)","050","Bangladesh","5142","Food","S2737","Fats, Animals, Raw","2023","2023","1000 t","24","I","Value imputed by a receiving agency",""
"FBS","Food Balances (2010-)","050","Bangladesh","645","Food supply quantity (kg/capita/yr)","S2737","Fats, Animals, Raw","2023","2023","kg/cap","0.14","E","Estimated value",""
"FBS","Food Balances (2010-)","050","Bangladesh","664","Food supply (kcal/capita/day)","S2737","Fats, Animals, Raw","2023","2023","kcal/cap/d","2.55","E","Estimated value",""
"FBS","Food Balances (2010-)","050","Bangladesh","661","Food supply (kcal)","S2737","Fats, Animals, Raw","2023","2023","million Kcal","159883.73","I","Value imputed by a receiving agency",""
"FBS","Food Balances (2010-)","050","Bangladesh","674","Protein supply quantity (g/capita/day)","S2737","Fats, Animals, Raw","2023","2023","g/cap/d","0.03","E","Estimated value",""
"FBS","Food Balances (2010-)","050","Bangladesh","671","Protein supply quantity (t)","S2737","Fats, Animals, Raw","2023","2023","t","1571.09","I","Value imputed by a receiving agency",""
"FBS","Food Balances (2010-)","050","Bangladesh","684","Fat supply quantity (g/capita/day)","S2737","Fats, Animals, Raw","2023","2023","g/cap/d","0.27","E","Estimated value",""
"FBS","Food Balances (2010-)","050","Bangladesh","681","Fat supply quantity (t)","S2737","Fats, Animals, Raw","2023","2023","t","17060.25","I","Value imputed by a receiving agency",""
"FBS","Food Balances (2010-)","050","Bangladesh","5611","Import quantity","S2781","Fish, Body Oil","2023","2023","1000 t","4","E","Estimated value",""
"FBS","Food Balances (2010-)","050","Bangladesh","5301","Domestic supply quantity","S2781","Fish, Body Oil","2023","2023","1000 t","4","I","Value imputed by a receiving agency",""
"FBS","Food Balances (2010-)","050","Bangladesh","5154","Other uses (non-food)","S2781","Fish, Body Oil","2023","2023","1000 t","4","E","Estimated value",""
"FBS","Food Balances (2010-)","050","Bangladesh","5142","Food","S2781","Fish, Body Oil","2023","2023","1000 t","0","E","Estimated value",""
"FBS","Food Balances (2010-)","050","Bangladesh","645","Food supply quantity (kg/capita/yr)","S2781","Fish, Body Oil","2023","2023","kg/cap","0","E","Estimated value",""
"FBS","Food Balances (2010-)","050","Bangladesh","5611","Import quantity","S2782","Fish, Liver Oil","2023","2023","1000 t","0","E","Estimated value",""
"FBS","Food Balances (2010-)","050","Bangladesh","5911","Export quantity","S2782","Fish, Liver Oil","2023","2023","1000 t","0","E","Estimated value",""
"FBS","Food Balances (2010-)","050","Bangladesh","5301","Domestic supply quantity","S2782","Fish, Liver Oil","2023","2023","1000 t","0","I","Value imputed by a receiving agency",""
"FBS","Food Balances (2010-)","050","Bangladesh","5154","Other uses (non-food)","S2782","Fish, Liver Oil","2023","2023","1000 t","0","E","Estimated value",""
"FBS","Food Balances (2010-)","050","Bangladesh","5142","Food","S2782","Fish, Liver Oil","2023","2023","1000 t","0","E","Estimated value",""
"FBS","Food Balances (2010-)","050","Bangladesh","645","Food supply quantity (kg/capita/yr)","S2782","Fish, Liver Oil","2023","2023","kg/cap","0","E","Estimated value",""
"FBS","Food Balances (2010-)","050","Bangladesh","664","Food supply (kcal/capita/day)","S2782","Fish, Liver Oil","2023","2023","kcal/cap/d","0.01","E","Estimated value",""
"FBS","Food Balances (2010-)","050","Bangladesh","661","Food supply (kcal)","S2782","Fish, Liver Oil","2023","2023","million Kcal","323.72","E","Estimated value",""
"FBS","Food Balances (2010-)","050","Bangladesh","674","Protein supply quantity (g/capita/day)","S2782","Fish, Liver Oil","2023","2023","g/cap/d","0","E","Estimated value",""
"FBS","Food Balances (2010-)","050","Bangladesh","671","Protein supply quantity (t)","S2782","Fish, Liver Oil","2023","2023","t","0","E","Estimated value",""
"FBS","Food Balances (2010-)","050","Bangladesh","684","Fat supply quantity (g/capita/day)","S2782","Fish, Liver Oil","2023","2023","g/cap/d","0","E","Estimated value",""
"FBS","Food Balances (2010-)","050","Bangladesh","681","Fat supply quantity (t)","S2782","Fish, Liver Oil","2023","2023","t","35.97","E","Estimated value",""
"FBS","Food Balances (2010-)","050","Bangladesh","5511","Production","S2744","Eggs","2023","2023","1000 t","779","I","Value imputed by a receiving agency",""
"FBS","Food Balances (2010-)","050","Bangladesh","5611","Import quantity","S2744","Eggs","2023","2023","1000 t","0","I","Value imputed by a receiving agency",""
"FBS","Food Balances (2010-)","050","Bangladesh","5072","Stock Variation","S2744","Eggs","2023","2023","1000 t","0","I","Value imputed by a receiving agency",""
"FBS","Food Balances (2010-)","050","Bangladesh","5301","Domestic supply quantity","S2744","Eggs","2023","2023","1000 t","779","I","Value imputed by a receiving agency",""
"FBS","Food Balances (2010-)","050","Bangladesh","5527","Seed","S2744","Eggs","2023","2023","1000 t","60","I","Value imputed by a receiving agency",""
"FBS","Food Balances (2010-)","050","Bangladesh","5123","Losses","S2744","Eggs","2023","2023","1000 t","72","I","Value imputed by a receiving agency",""
"FBS","Food Balances (2010-)","050","Bangladesh","5154","Other uses (non-food)","S2744","Eggs","2023","2023","1000 t","0","I","Value imputed by a receiving agency",""
"FBS","Food Balances (2010-)","050","Bangladesh","5170","Residuals","S2744","Eggs","2023","2023","1000 t","0","I","Value imputed by a receiving agency",""
"FBS","Food Balances (2010-)","050","Bangladesh","5142","Food","S2744","Eggs","2023","2023","1000 t","646","I","Value imputed by a receiving agency",""
"FBS","Food Balances (2010-)","050","Bangladesh","645","Food supply quantity (kg/capita/yr)","S2744","Eggs","2023","2023","kg/cap","3.77","E","Estimated value",""
"FBS","Food Balances (2010-)","050","Bangladesh","664","Food supply (kcal/capita/day)","S2744","Eggs","2023","2023","kcal/cap/d","13.97","E","Estimated value",""
"FBS","Food Balances (2010-)","050","Bangladesh","661","Food supply (kcal)","S2744","Eggs","2023","2023","million Kcal","874072.72","I","Value imputed by a receiving agency",""
"FBS","Food Balances (2010-)","050","Bangladesh","674","Protein supply quantity (g/capita/day)","S2744","Eggs","2023","2023","g/cap/d","1.18","E","Estimated value",""
"FBS","Food Balances (2010-)","050","Bangladesh","671","Protein supply quantity (t)","S2744","Eggs","2023","2023","t","74141.3","I","Value imputed by a receiving agency",""
"FBS","Food Balances (2010-)","050","Bangladesh","684","Fat supply quantity (g/capita/day)","S2744","Eggs","2023","2023","g/cap/d","0.99","E","Estimated value",""
"FBS","Food Balances (2010-)","050","Bangladesh","681","Fat supply quantity (t)","S2744","Eggs","2023","2023","t","61938.88","I","Value imputed by a receiving agency",""
"FBS","Food Balances (2010-)","050","Bangladesh","5511","Production","S2848","Milk - Excluding Butter","2023","2023","1000 t","14068","I","Value imputed by a receiving agency",""
"FBS","Food Balances (2010-)","050","Bangladesh","5611","Import quantity","S2848","Milk - Excluding Butter","2023","2023","1000 t","1236","I","Value imputed by a receiving agency",""
"FBS","Food Balances (2010-)","050","Bangladesh","5072","Stock Variation","S2848","Milk - Excluding Butter","2023","2023","1000 t","80","I","Value imputed by a receiving agency",""
"FBS","Food Balances (2010-)","050","Bangladesh","5911","Export quantity","S2848","Milk - Excluding Butter","2023","2023","1000 t","4","I","Value imputed by a receiving agency",""
"FBS","Food Balances (2010-)","050","Bangladesh","5301","Domestic supply quantity","S2848","Milk - Excluding Butter","2023","2023","1000 t","15220","I","Value imputed by a receiving agency",""
"FBS","Food Balances (2010-)","050","Bangladesh","5521","Feed","S2848","Milk - Excluding Butter","2023","2023","1000 t","225","I","Value imputed by a receiving agency",""
"FBS","Food Balances (2010-)","050","Bangladesh","5123","Losses","S2848","Milk - Excluding Butter","2023","2023","1000 t","1172","I","Value imputed by a receiving agency",""
"FBS","Food Balances (2010-)","050","Bangladesh","5131","Processing","S2848","Milk - Excluding Butter","2023","2023","1000 t","773","I","Value imputed by a receiving agency",""
"FBS","Food Balances (2010-)","050","Bangladesh","5170","Residuals","S2848","Milk - Excluding Butter","2023","2023","1000 t","-1","I","Value imputed by a receiving agency",""
"FBS","Food Balances (2010-)","050","Bangladesh","5142","Food","S2848","Milk - Excluding Butter","2023","2023","1000 t","13051","I","Value imputed by a receiving agency",""
"FBS","Food Balances (2010-)","050","Bangladesh","645","Food supply quantity (kg/capita/yr)","S2848","Milk - Excluding Butter","2023","2023","kg/cap","76.12","E","Estimated value",""
"FBS","Food Balances (2010-)","050","Bangladesh","664","Food supply (kcal/capita/day)","S2848","Milk - Excluding Butter","2023","2023","kcal/cap/d","146.65","E","Estimated value",""
"FBS","Food Balances (2010-)","050","Bangladesh","661","Food supply (kcal)","S2848","Milk - Excluding Butter","2023","2023","million Kcal","9177893.4","I","Value imputed by a receiving agency",""
"FBS","Food Balances (2010-)","050","Bangladesh","674","Protein supply quantity (g/capita/day)","S2848","Milk - Excluding Butter","2023","2023","g/cap/d","6.95","E","Estimated value",""
"FBS","Food Balances (2010-)","050","Bangladesh","671","Protein supply quantity (t)","S2848","Milk - Excluding Butter","2023","2023","t","435176.2","I","Value imputed by a receiving agency",""
"FBS","Food Balances (2010-)","050","Bangladesh","684","Fat supply quantity (g/capita/day)","S2848","Milk - Excluding Butter","2023","2023","g/cap/d","8.57","E","Estimated value",""
"FBS","Food Balances (2010-)","050","Bangladesh","681","Fat supply quantity (t)","S2848","Milk - Excluding Butter","2023","2023","t","536311.62","I","Value imputed by a receiving agency",""
"FBS","Food Balances (2010-)","050","Bangladesh","5511","Production","S2761","Freshwater Fish","2023","2023","1000 t","3889","E","Estimated value",""
"FBS","Food Balances (2010-)","050","Bangladesh","5611","Import quantity","S2761","Freshwater Fish","2023","2023","1000 t","18","E","Estimated value",""
"FBS","Food Balances (2010-)","050","Bangladesh","5911","Export quantity","S2761","Freshwater Fish","2023","2023","1000 t","14","E","Estimated value",""
"FBS","Food Balances (2010-)","050","Bangladesh","5301","Domestic supply quantity","S2761","Freshwater Fish","2023","2023","1000 t","3893","I","Value imputed by a receiving agency",""
"FBS","Food Balances (2010-)","050","Bangladesh","5154","Other uses (non-food)","S2761","Freshwater Fish","2023","2023","1000 t","0","E","Estimated value",""
"FBS","Food Balances (2010-)","050","Bangladesh","5142","Food","S2761","Freshwater Fish","2023","2023","1000 t","3893","E","Estimated value",""
"FBS","Food Balances (2010-)","050","Bangladesh","645","Food supply quantity (kg/capita/yr)","S2761","Freshwater Fish","2023","2023","kg/cap","22.7","E","Estimated value",""
"FBS","Food Balances (2010-)","050","Bangladesh","664","Food supply (kcal/capita/day)","S2761","Freshwater Fish","2023","2023","kcal/cap/d","46.26","E","Estimated value",""
"FBS","Food Balances (2010-)","050","Bangladesh","661","Food supply (kcal)","S2761","Freshwater Fish","2023","2023","million Kcal","2895154.3","E","Estimated value",""
"FBS","Food Balances (2010-)","050","Bangladesh","674","Protein supply quantity (g/capita/day)","S2761","Freshwater Fish","2023","2023","g/cap/d","6.62","E","Estimated value",""
"FBS","Food Balances (2010-)","050","Bangladesh","671","Protein supply quantity (t)","S2761","Freshwater Fish","2023","2023","t","414437.78","E","Estimated value",""
"FBS","Food Balances (2010-)","050","Bangladesh","684","Fat supply quantity (g/capita/day)","S2761","Freshwater Fish","2023","2023","g/cap/d","2.2","E","Estimated value",""
"FBS","Food Balances (2010-)","050","Bangladesh","681","Fat supply quantity (t)","S2761","Freshwater Fish","2023","2023","t","137687.95","E","Estimated value",""
"FBS","Food Balances (2010-)","050","Bangladesh","5511","Production","S2762","Demersal Fish","2023","2023","1000 t","107","E","Estimated value",""
"FBS","Food Balances (2010-)","050","Bangladesh","5611","Import quantity","S2762","Demersal Fish","2023","2023","1000 t","13","E","Estimated value",""
"FBS","Food Balances (2010-)","050","Bangladesh","5911","Export quantity","S2762","Demersal Fish","2023","2023","1000 t","2","E","Estimated value",""
"FBS","Food Balances (2010-)","050","Bangladesh","5301","Domestic supply quantity","S2762","Demersal Fish","2023","2023","1000 t","119","I","Value imputed by a receiving agency",""
"FBS","Food Balances (2010-)","050","Bangladesh","5142","Food","S2762","Demersal Fish","2023","2023","1000 t","119","E","Estimated value",""
"FBS","Food Balances (2010-)","050","Bangladesh","645","Food supply quantity (kg/capita/yr)","S2762","Demersal Fish","2023","2023","kg/cap","0.69","E","Estimated value",""
"FBS","Food Balances (2010-)","050","Bangladesh","664","Food supply (kcal/capita/day)","S2762","Demersal Fish","2023","2023","kcal/cap/d","0.79","E","Estimated value",""
"FBS","Food Balances (2010-)","050","Bangladesh","661","Food supply (kcal)","S2762","Demersal Fish","2023","2023","million Kcal","49540.93","E","Estimated value",""
"FBS","Food Balances (2010-)","050","Bangladesh","674","Protein supply quantity (g/capita/day)","S2762","Demersal Fish","2023","2023","g/cap/d","0.15","E","Estimated value",""
"FBS","Food Balances (2010-)","050","Bangladesh","671","Protein supply quantity (t)","S2762","Demersal Fish","2023","2023","t","9652.95","E","Estimated value",""
"FBS","Food Balances (2010-)","050","Bangladesh","684","Fat supply quantity (g/capita/day)","S2762","Demersal Fish","2023","2023","g/cap/d","0.02","E","Estimated value",""
"FBS","Food Balances (2010-)","050","Bangladesh","681","Fat supply quantity (t)","S2762","Demersal Fish","2023","2023","t","1229.36","E","Estimated value",""
"FBS","Food Balances (2010-)","050","Bangladesh","5511","Production","S2763","Pelagic Fish","2023","2023","1000 t","122","E","Estimated value",""
"FBS","Food Balances (2010-)","050","Bangladesh","5611","Import quantity","S2763","Pelagic Fish","2023","2023","1000 t","149","E","Estimated value",""
"FBS","Food Balances (2010-)","050","Bangladesh","5911","Export quantity","S2763","Pelagic Fish","2023","2023","1000 t","1","E","Estimated value",""
"FBS","Food Balances (2010-)","050","Bangladesh","5301","Domestic supply quantity","S2763","Pelagic Fish","2023","2023","1000 t","270","I","Value imputed by a receiving agency",""
"FBS","Food Balances (2010-)","050","Bangladesh","5521","Feed","S2763","Pelagic Fish","2023","2023","1000 t","175","E","Estimated value",""
"FBS","Food Balances (2010-)","050","Bangladesh","5142","Food","S2763","Pelagic Fish","2023","2023","1000 t","95","E","Estimated value",""
"FBS","Food Balances (2010-)","050","Bangladesh","645","Food supply quantity (kg/capita/yr)","S2763","Pelagic Fish","2023","2023","kg/cap","0.55","E","Estimated value",""
"FBS","Food Balances (2010-)","050","Bangladesh","664","Food supply (kcal/capita/day)","S2763","Pelagic Fish","2023","2023","kcal/cap/d","1.49","E","Estimated value",""
"FBS","Food Balances (2010-)","050","Bangladesh","661","Food supply (kcal)","S2763","Pelagic Fish","2023","2023","million Kcal","93512.86","E","Estimated value",""
"FBS","Food Balances (2010-)","050","Bangladesh","674","Protein supply quantity (g/capita/day)","S2763","Pelagic Fish","2023","2023","g/cap/d","0.18","E","Estimated value",""
"FBS","Food Balances (2010-)","050","Bangladesh","671","Protein supply quantity (t)","S2763","Pelagic Fish","2023","2023","t","11270.34","E","Estimated value",""
"FBS","Food Balances (2010-)","050","Bangladesh","684","Fat supply quantity (g/capita/day)","S2763","Pelagic Fish","2023","2023","g/cap/d","0.08","E","Estimated value",""
"FBS","Food Balances (2010-)","050","Bangladesh","681","Fat supply quantity (t)","S2763","Pelagic Fish","2023","2023","t","5210.12","E","Estimated value",""
"FBS","Food Balances (2010-)","050","Bangladesh","5511","Production","S2764","Marine Fish, Other","2023","2023","1000 t","238","E","Estimated value",""
"FBS","Food Balances (2010-)","050","Bangladesh","5611","Import quantity","S2764","Marine Fish, Other","2023","2023","1000 t","66","E","Estimated value",""
"FBS","Food Balances (2010-)","050","Bangladesh","5911","Export quantity","S2764","Marine Fish, Other","2023","2023","1000 t","8","E","Estimated value",""
"FBS","Food Balances (2010-)","050","Bangladesh","5301","Domestic supply quantity","S2764","Marine Fish, Other","2023","2023","1000 t","296","I","Value imputed by a receiving agency",""
"FBS","Food Balances (2010-)","050","Bangladesh","5527","Seed","S2764","Marine Fish, Other","2023","2023","1000 t","0","E","Estimated value",""
"FBS","Food Balances (2010-)","050","Bangladesh","5154","Other uses (non-food)","S2764","Marine Fish, Other","2023","2023","1000 t","0","E","Estimated value",""
"FBS","Food Balances (2010-)","050","Bangladesh","5142","Food","S2764","Marine Fish, Other","2023","2023","1000 t","296","E","Estimated value",""
"FBS","Food Balances (2010-)","050","Bangladesh","645","Food supply quantity (kg/capita/yr)","S2764","Marine Fish, Other","2023","2023","kg/cap","1.73","E","Estimated value",""
"FBS","Food Balances (2010-)","050","Bangladesh","664","Food supply (kcal/capita/day)","S2764","Marine Fish, Other","2023","2023","kcal/cap/d","3.75","E","Estimated value",""
"FBS","Food Balances (2010-)","050","Bangladesh","661","Food supply (kcal)","S2764","Marine Fish, Other","2023","2023","million Kcal","234808.87","E","Estimated value",""
"FBS","Food Balances (2010-)","050","Bangladesh","674","Protein supply quantity (g/capita/day)","S2764","Marine Fish, Other","2023","2023","g/cap/d","0.5","E","Estimated value",""
"FBS","Food Balances (2010-)","050","Bangladesh","671","Protein supply quantity (t)","S2764","Marine Fish, Other","2023","2023","t","31134.72","E","Estimated value",""
"FBS","Food Balances (2010-)","050","Bangladesh","684","Fat supply quantity (g/capita/day)","S2764","Marine Fish, Other","2023","2023","g/cap/d","0.19","E","Estimated value",""
"FBS","Food Balances (2010-)","050","Bangladesh","681","Fat supply quantity (t)","S2764","Marine Fish, Other","2023","2023","t","11779.09","E","Estimated value",""
"FBS","Food Balances (2010-)","050","Bangladesh","5511","Production","S2765","Crustaceans","2023","2023","1000 t","264","E","Estimated value",""
"FBS","Food Balances (2010-)","050","Bangladesh","5611","Import quantity","S2765","Crustaceans","2023","2023","1000 t","1","E","Estimated value",""
"FBS","Food Balances (2010-)","050","Bangladesh","5911","Export quantity","S2765","Crustaceans","2023","2023","1000 t","41","E","Estimated value",""
"FBS","Food Balances (2010-)","050","Bangladesh","5301","Domestic supply quantity","S2765","Crustaceans","2023","2023","1000 t","224","I","Value imputed by a receiving agency",""
"FBS","Food Balances (2010-)","050","Bangladesh","5521","Feed","S2765","Crustaceans","2023","2023","1000 t","1","E","Estimated value",""
"FBS","Food Balances (2010-)","050","Bangladesh","5142","Food","S2765","Crustaceans","2023","2023","1000 t","223","E","Estimated value",""
"FBS","Food Balances (2010-)","050","Bangladesh","645","Food supply quantity (kg/capita/yr)","S2765","Crustaceans","2023","2023","kg/cap","1.3","E","Estimated value",""
"FBS","Food Balances (2010-)","050","Bangladesh","664","Food supply (kcal/capita/day)","S2765","Crustaceans","2023","2023","kcal/cap/d","2.08","E","Estimated value",""
"FBS","Food Balances (2010-)","050","Bangladesh","661","Food supply (kcal)","S2765","Crustaceans","2023","2023","million Kcal","129955.36","E","Estimated value",""
"FBS","Food Balances (2010-)","050","Bangladesh","674","Protein supply quantity (g/capita/day)","S2765","Crustaceans","2023","2023","g/cap/d","0.45","E","Estimated value",""
"FBS","Food Balances (2010-)","050","Bangladesh","671","Protein supply quantity (t)","S2765","Crustaceans","2023","2023","t","28049.42","E","Estimated value",""
"FBS","Food Balances (2010-)","050","Bangladesh","684","Fat supply quantity (g/capita/day)","S2765","Crustaceans","2023","2023","g/cap/d","0.02","E","Estimated value",""
"FBS","Food Balances (2010-)","050","Bangladesh","681","Fat supply quantity (t)","S2765","Crustaceans","2023","2023","t","1426.86","E","Estimated value",""
"FBS","Food Balances (2010-)","050","Bangladesh","5511","Production","S2766","Cephalopods","2023","2023","1000 t","1","E","Estimated value",""
"FBS","Food Balances (2010-)","050","Bangladesh","5611","Import quantity","S2766","Cephalopods","2023","2023","1000 t","0","E","Estimated value",""
"FBS","Food Balances (2010-)","050","Bangladesh","5911","Export quantity","S2766","Cephalopods","2023","2023","1000 t","1","E","Estimated value",""
"FBS","Food Balances (2010-)","050","Bangladesh","5301","Domestic supply quantity","S2766","Cephalopods","2023","2023","1000 t","0","I","Value imputed by a receiving agency",""
"FBS","Food Balances (2010-)","050","Bangladesh","5142","Food","S2766","Cephalopods","2023","2023","1000 t","0","E","Estimated value",""
"FBS","Food Balances (2010-)","050","Bangladesh","645","Food supply quantity (kg/capita/yr)","S2766","Cephalopods","2023","2023","kg/cap","0","E","Estimated value",""
"FBS","Food Balances (2010-)","050","Bangladesh","664","Food supply (kcal/capita/day)","S2766","Cephalopods","2023","2023","kcal/cap/d","0","E","Estimated value",""
"FBS","Food Balances (2010-)","050","Bangladesh","661","Food supply (kcal)","S2766","Cephalopods","2023","2023","million Kcal","47.82","E","Estimated value",""
"FBS","Food Balances (2010-)","050","Bangladesh","674","Protein supply quantity (g/capita/day)","S2766","Cephalopods","2023","2023","g/cap/d","0","E","Estimated value",""
"FBS","Food Balances (2010-)","050","Bangladesh","671","Protein supply quantity (t)","S2766","Cephalopods","2023","2023","t","9.81","E","Estimated value",""
"FBS","Food Balances (2010-)","050","Bangladesh","684","Fat supply quantity (g/capita/day)","S2766","Cephalopods","2023","2023","g/cap/d","0","E","Estimated value",""
"FBS","Food Balances (2010-)","050","Bangladesh","681","Fat supply quantity (t)","S2766","Cephalopods","2023","2023","t","0.74","E","Estimated value",""
"FBS","Food Balances (2010-)","050","Bangladesh","5611","Import quantity","S2767","Molluscs, Other","2023","2023","1000 t","1","E","Estimated value",""
"FBS","Food Balances (2010-)","050","Bangladesh","5911","Export quantity","S2767","Molluscs, Other","2023","2023","1000 t","0","E","Estimated value",""
"FBS","Food Balances (2010-)","050","Bangladesh","5301","Domestic supply quantity","S2767","Molluscs, Other","2023","2023","1000 t","1","I","Value imputed by a receiving agency",""
"FBS","Food Balances (2010-)","050","Bangladesh","5142","Food","S2767","Molluscs, Other","2023","2023","1000 t","1","E","Estimated value",""
"FBS","Food Balances (2010-)","050","Bangladesh","645","Food supply quantity (kg/capita/yr)","S2767","Molluscs, Other","2023","2023","kg/cap","0.01","E","Estimated value",""
"FBS","Food Balances (2010-)","050","Bangladesh","664","Food supply (kcal/capita/day)","S2767","Molluscs, Other","2023","2023","kcal/cap/d","0","E","Estimated value",""
"FBS","Food Balances (2010-)","050","Bangladesh","661","Food supply (kcal)","S2767","Molluscs, Other","2023","2023","million Kcal","128.96","E","Estimated value",""
"FBS","Food Balances (2010-)","050","Bangladesh","674","Protein supply quantity (g/capita/day)","S2767","Molluscs, Other","2023","2023","g/cap/d","0","E","Estimated value",""
"FBS","Food Balances (2010-)","050","Bangladesh","671","Protein supply quantity (t)","S2767","Molluscs, Other","2023","2023","t","22.03","E","Estimated value",""
"FBS","Food Balances (2010-)","050","Bangladesh","684","Fat supply quantity (g/capita/day)","S2767","Molluscs, Other","2023","2023","g/cap/d","0","E","Estimated value",""
"FBS","Food Balances (2010-)","050","Bangladesh","681","Fat supply quantity (t)","S2767","Molluscs, Other","2023","2023","t","2.45","E","Estimated value",""
"FBS","Food Balances (2010-)","050","Bangladesh","5511","Production","S2769","Aquatic Animals, Others","2023","2023","1000 t","0","E","Estimated value",""
"FBS","Food Balances (2010-)","050","Bangladesh","5611","Import quantity","S2769","Aquatic Animals, Others","2023","2023","1000 t","0","E","Estimated value",""
"FBS","Food Balances (2010-)","050","Bangladesh","5301","Domestic supply quantity","S2769","Aquatic Animals, Others","2023","2023","1000 t","0","I","Value imputed by a receiving agency",""
"FBS","Food Balances (2010-)","050","Bangladesh","5142","Food","S2769","Aquatic Animals, Others","2023","2023","1000 t","0","E","Estimated value",""
"FBS","Food Balances (2010-)","050","Bangladesh","645","Food supply quantity (kg/capita/yr)","S2769","Aquatic Animals, Others","2023","2023","kg/cap","0","E","Estimated value",""
"FBS","Food Balances (2010-)","050","Bangladesh","664","Food supply (kcal/capita/day)","S2769","Aquatic Animals, Others","2023","2023","kcal/cap/d","0","E","Estimated value",""
"FBS","Food Balances (2010-)","050","Bangladesh","661","Food supply (kcal)","S2769","Aquatic Animals, Others","2023","2023","million Kcal","1.97","E","Estimated value",""
"FBS","Food Balances (2010-)","050","Bangladesh","674","Protein supply quantity (g/capita/day)","S2769","Aquatic Animals, Others","2023","2023","g/cap/d","0","E","Estimated value",""
"FBS","Food Balances (2010-)","050","Bangladesh","671","Protein supply quantity (t)","S2769","Aquatic Animals, Others","2023","2023","t","0.37","E","Estimated value",""
"FBS","Food Balances (2010-)","050","Bangladesh","684","Fat supply quantity (g/capita/day)","S2769","Aquatic Animals, Others","2023","2023","g/cap/d","0","E","Estimated value",""
"FBS","Food Balances (2010-)","050","Bangladesh","681","Fat supply quantity (t)","S2769","Aquatic Animals, Others","2023","2023","t","0.04","E","Estimated value",""
"FBS","Food Balances (2010-)","050","Bangladesh","5611","Import quantity","S2775","Aquatic Plants","2023","2023","1000 t","0","E","Estimated value",""
"FBS","Food Balances (2010-)","050","Bangladesh","5911","Export quantity","S2775","Aquatic Plants","2023","2023","1000 t","0","E","Estimated value",""
"FBS","Food Balances (2010-)","050","Bangladesh","5301","Domestic supply quantity","S2775","Aquatic Plants","2023","2023","1000 t","0","I","Value imputed by a receiving agency",""
"FBS","Food Balances (2010-)","050","Bangladesh","5154","Other uses (non-food)","S2775","Aquatic Plants","2023","2023","1000 t","0","E","Estimated value",""
"FBS","Food Balances (2010-)","050","Bangladesh","5142","Food","S2775","Aquatic Plants","2023","2023","1000 t","0","E","Estimated value",""
"FBS","Food Balances (2010-)","050","Bangladesh","645","Food supply quantity (kg/capita/yr)","S2775","Aquatic Plants","2023","2023","kg/cap","0","E","Estimated value",""
"FBS","Food Balances (2010-)","050","Bangladesh","5611","Import quantity","S2680","Infant food","2023","2023","1000 t","5","I","Value imputed by a receiving agency",""
"FBS","Food Balances (2010-)","050","Bangladesh","5072","Stock Variation","S2680","Infant food","2023","2023","1000 t","0","I","Value imputed by a receiving agency",""
"FBS","Food Balances (2010-)","050","Bangladesh","5911","Export quantity","S2680","Infant food","2023","2023","1000 t","0","I","Value imputed by a receiving agency",""
"FBS","Food Balances (2010-)","050","Bangladesh","5301","Domestic supply quantity","S2680","Infant food","2023","2023","1000 t","5","I","Value imputed by a receiving agency",""
"FBS","Food Balances (2010-)","050","Bangladesh","5170","Residuals","S2680","Infant food","2023","2023","1000 t","0","I","Value imputed by a receiving agency",""
"FBS","Food Balances (2010-)","050","Bangladesh","5142","Food","S2680","Infant food","2023","2023","1000 t","5","I","Value imputed by a receiving agency",""
"FBS","Food Balances (2010-)","050","Bangladesh","645","Food supply quantity (kg/capita/yr)","S2680","Infant food","2023","2023","kg/cap","0.03","E","Estimated value",""
"FBS","Food Balances (2010-)","050","Bangladesh","664","Food supply (kcal/capita/day)","S2680","Infant food","2023","2023","kcal/cap/d","0.24","E","Estimated value",""
"FBS","Food Balances (2010-)","050","Bangladesh","661","Food supply (kcal)","S2680","Infant food","2023","2023","million Kcal","14794.94","I","Value imputed by a receiving agency",""
"FBS","Food Balances (2010-)","050","Bangladesh","674","Protein supply quantity (g/capita/day)","S2680","Infant food","2023","2023","g/cap/d","0.01","E","Estimated value",""
"FBS","Food Balances (2010-)","050","Bangladesh","671","Protein supply quantity (t)","S2680","Infant food","2023","2023","t","443.37","I","Value imputed by a receiving agency",""
"FBS","Food Balances (2010-)","050","Bangladesh","684","Fat supply quantity (g/capita/day)","S2680","Infant food","2023","2023","g/cap/d","0.01","E","Estimated value",""
"FBS","Food Balances (2010-)","050","Bangladesh","681","Fat supply quantity (t)","S2680","Infant food","2023","2023","t","607.22","I","Value imputed by a receiving agency",""
"FBS","Food Balances (2010-)","050","Bangladesh","5611","Import quantity","S2899","Miscellaneous","2023","2023","1000 t","34","I","Value imputed by a receiving agency",""
"FBS","Food Balances (2010-)","050","Bangladesh","5072","Stock Variation","S2899","Miscellaneous","2023","2023","1000 t","0","I","Value imputed by a receiving agency",""
"FBS","Food Balances (2010-)","050","Bangladesh","5911","Export quantity","S2899","Miscellaneous","2023","2023","1000 t","8","I","Value imputed by a receiving agency",""
"FBS","Food Balances (2010-)","050","Bangladesh","5301","Domestic supply quantity","S2899","Miscellaneous","2023","2023","1000 t","26","I","Value imputed by a receiving agency",""
"FBS","Food Balances (2010-)","050","Bangladesh","5170","Residuals","S2899","Miscellaneous","2023","2023","1000 t","0","I","Value imputed by a receiving agency",""
"FBS","Food Balances (2010-)","050","Bangladesh","5142","Food","S2899","Miscellaneous","2023","2023","1000 t","26","I","Value imputed by a receiving agency",""
"FBS","Food Balances (2010-)","050","Bangladesh","645","Food supply quantity (kg/capita/yr)","S2899","Miscellaneous","2023","2023","kg/cap","0.15","E","Estimated value",""
"FBS","Food Balances (2010-)","050","Bangladesh","664","Food supply (kcal/capita/day)","S2899","Miscellaneous","2023","2023","kcal/cap/d","0.46","E","Estimated value",""
"FBS","Food Balances (2010-)","050","Bangladesh","661","Food supply (kcal)","S2899","Miscellaneous","2023","2023","million Kcal","28575.69","I","Value imputed by a receiving agency",""
"FBS","Food Balances (2010-)","050","Bangladesh","674","Protein supply quantity (g/capita/day)","S2899","Miscellaneous","2023","2023","g/cap/d","0.03","E","Estimated value",""
"FBS","Food Balances (2010-)","050","Bangladesh","671","Protein supply quantity (t)","S2899","Miscellaneous","2023","2023","t","1740.52","I","Value imputed by a receiving agency",""
"FBS","Food Balances (2010-)","050","Bangladesh","684","Fat supply quantity (g/capita/day)","S2899","Miscellaneous","2023","2023","g/cap/d","0","E","Estimated value",""
"FBS","Food Balances (2010-)","050","Bangladesh","681","Fat supply quantity (t)","S2899","Miscellaneous","2023","2023","t","285.76","I","Value imputed by a receiving agency",""
