Domain Code,Domain,Area Code (M49),Area,Element Code,Element,Item Code (CPC),Item,Year Code,Year,Unit,Value,Flag,Flag Description
"TI","Trade Indices","050","Bangladesh","462","Import Value Index (2014-2016 = 100)","01341","Apples","2024","2024","","118","E","Estimated value"
"TI","Trade Indices","050","Bangladesh","464","Import Unit/Value Index (2014-2016 = 100)","01341","Apples","2024","2024","","119","E","Estimated value"
"TI","Trade Indices","050","Bangladesh","465","Import Quantity Index (2014-2016 = 100)","01341","Apples","2024","2024","","98","E","Estimated value"
"TI","Trade Indices","050","Bangladesh","492","Export Value Index (2014-2016 = 100)","01341","Apples","2024","2024","","5648","E","Estimated value"
"TI","Trade Indices","050","Bangladesh","494","Export Unit/Value Index (2014-2016 = 100)","01341","Apples","2024","2024","","66","E","Estimated value"
"TI","Trade Indices","050","Bangladesh","495","Export Quantity Index (2014-2016 = 100)","01341","Apples","2024","2024","","4073","E","Estimated value"
"TI","Trade Indices","050","Bangladesh","462","Import Value Index (2014-2016 = 100)","01312","Bananas","2024","2024","","2","E","Estimated value"
"TI","Trade Indices","050","Bangladesh","464","Import Unit/Value Index (2014-2016 = 100)","01312","Bananas","2024","2024","","1009","E","Estimated value"
"TI","Trade Indices","050","Bangladesh","465","Import Quantity Index (2014-2016 = 100)","01312","Bananas","2024","2024","","0","E","Estimated value"
"TI","Trade Indices","050","Bangladesh","492","Export Value Index (2014-2016 = 100)","01312","Bananas","2024","2024","","83","E","Estimated value"
"TI","Trade Indices","050","Bangladesh","494","Export Unit/Value Index (2014-2016 = 100)","01312","Bananas","2024","2024","","106","E","Estimated value"
"TI","Trade Indices","050","Bangladesh","495","Export Quantity Index (2014-2016 = 100)","01312","Bananas","2024","2024","","81","E","Estimated value"
"TI","Trade Indices","050","Bangladesh","462","Import Value Index (2014-2016 = 100)","0115","Barley","2024","2024","","18195012","E","Estimated value"
"TI","Trade Indices","050","Bangladesh","464","Import Unit/Value Index (2014-2016 = 100)","0115","Barley","2024","2024","","19","E","Estimated value"
"TI","Trade Indices","050","Bangladesh","465","Import Quantity Index (2014-2016 = 100)","0115","Barley","2024","2024","","95574320","E","Estimated value"
"TI","Trade Indices","050","Bangladesh","462","Import Value Index (2014-2016 = 100)","24310.01","Beer of barley, malted","2024","2024","","11","E","Estimated value"
"TI","Trade Indices","050","Bangladesh","464","Import Unit/Value Index (2014-2016 = 100)","24310.01","Beer of barley, malted","2024","2024","","148","E","Estimated value"
"TI","Trade Indices","050","Bangladesh","465","Import Quantity Index (2014-2016 = 100)","24310.01","Beer of barley, malted","2024","2024","","7","E","Estimated value"
"TI","Trade Indices","050","Bangladesh","462","Import Value Index (2014-2016 = 100)","39120.13","Bran of cereals n.e.c.","2024","2024","","5361","E","Estimated value"
"TI","Trade Indices","050","Bangladesh","464","Import Unit/Value Index (2014-2016 = 100)","39120.13","Bran of cereals n.e.c.","2024","2024","","132","E","Estimated value"
"TI","Trade Indices","050","Bangladesh","465","Import Quantity Index (2014-2016 = 100)","39120.13","Bran of cereals n.e.c.","2024","2024","","4218","E","Estimated value"
"TI","Trade Indices","050","Bangladesh","492","Export Value Index (2014-2016 = 100)","39120.13","Bran of cereals n.e.c.","2024","2024","","12","E","Estimated value"
"TI","Trade Indices","050","Bangladesh","494","Export Unit/Value Index (2014-2016 = 100)","39120.13","Bran of cereals n.e.c.","2024","2024","","13","E","Estimated value"
"TI","Trade Indices","050","Bangladesh","495","Export Quantity Index (2014-2016 = 100)","39120.13","Bran of cereals n.e.c.","2024","2024","","91","E","Estimated value"
"TI","Trade Indices","050","Bangladesh","462","Import Value Index (2014-2016 = 100)","22241.01","Butter of cow milk","2024","2024","","55","E","Estimated value"
"TI","Trade Indices","050","Bangladesh","464","Import Unit/Value Index (2014-2016 = 100)","22241.01","Butter of cow milk","2024","2024","","151","E","Estimated value"
"TI","Trade Indices","050","Bangladesh","465","Import Quantity Index (2014-2016 = 100)","22241.01","Butter of cow milk","2024","2024","","35","E","Estimated value"
"TI","Trade Indices","050","Bangladesh","492","Export Value Index (2014-2016 = 100)","22241.01","Butter of cow milk","2024","2024","","304","E","Estimated value"
"TI","Trade Indices","050","Bangladesh","494","Export Unit/Value Index (2014-2016 = 100)","22241.01","Butter of cow milk","2024","2024","","124","E","Estimated value"
"TI","Trade Indices","050","Bangladesh","495","Export Quantity Index (2014-2016 = 100)","22241.01","Butter of cow milk","2024","2024","","216","E","Estimated value"
"TI","Trade Indices","050","Bangladesh","462","Import Value Index (2014-2016 = 100)","21910.05","Cake of copra","2024","2024","","2","E","Estimated value"
"TI","Trade Indices","050","Bangladesh","464","Import Unit/Value Index (2014-2016 = 100)","21910.05","Cake of copra","2024","2024","","121","E","Estimated value"
"TI","Trade Indices","050","Bangladesh","465","Import Quantity Index (2014-2016 = 100)","21910.05","Cake of copra","2024","2024","","2","E","Estimated value"
"TI","Trade Indices","050","Bangladesh","462","Import Value Index (2014-2016 = 100)","21910.15","Cake of cottonseed","2024","2024","","61","E","Estimated value"
"TI","Trade Indices","050","Bangladesh","464","Import Unit/Value Index (2014-2016 = 100)","21910.15","Cake of cottonseed","2024","2024","","98","E","Estimated value"
"TI","Trade Indices","050","Bangladesh","465","Import Quantity Index (2014-2016 = 100)","21910.15","Cake of cottonseed","2024","2024","","61","E","Estimated value"
"TI","Trade Indices","050","Bangladesh","462","Import Value Index (2014-2016 = 100)","21910.16","Cake of linseed","2024","2024","","14","E","Estimated value"
"TI","Trade Indices","050","Bangladesh","464","Import Unit/Value Index (2014-2016 = 100)","21910.16","Cake of linseed","2024","2024","","90","E","Estimated value"
"TI","Trade Indices","050","Bangladesh","465","Import Quantity Index (2014-2016 = 100)","21910.16","Cake of linseed","2024","2024","","15","E","Estimated value"
"TI","Trade Indices","050","Bangladesh","462","Import Value Index (2014-2016 = 100)","21910.06","Cake of palm kernel","2024","2024","","2252","E","Estimated value"
"TI","Trade Indices","050","Bangladesh","464","Import Unit/Value Index (2014-2016 = 100)","21910.06","Cake of palm kernel","2024","2024","","110","E","Estimated value"
"TI","Trade Indices","050","Bangladesh","465","Import Quantity Index (2014-2016 = 100)","21910.06","Cake of palm kernel","2024","2024","","1373","E","Estimated value"
"TI","Trade Indices","050","Bangladesh","462","Import Value Index (2014-2016 = 100)","21910.08","Cake of rapeseed","2024","2024","","440","E","Estimated value"
"TI","Trade Indices","050","Bangladesh","464","Import Unit/Value Index (2014-2016 = 100)","21910.08","Cake of rapeseed","2024","2024","","95","E","Estimated value"
"TI","Trade Indices","050","Bangladesh","465","Import Quantity Index (2014-2016 = 100)","21910.08","Cake of rapeseed","2024","2024","","450","E","Estimated value"
"TI","Trade Indices","050","Bangladesh","462","Import Value Index (2014-2016 = 100)","21910.03","Cake of soya beans","2024","2024","","236","E","Estimated value"
"TI","Trade Indices","050","Bangladesh","464","Import Unit/Value Index (2014-2016 = 100)","21910.03","Cake of soya beans","2024","2024","","94","E","Estimated value"
"TI","Trade Indices","050","Bangladesh","465","Import Quantity Index (2014-2016 = 100)","21910.03","Cake of soya beans","2024","2024","","240","E","Estimated value"
"TI","Trade Indices","050","Bangladesh","492","Export Value Index (2014-2016 = 100)","21910.03","Cake of soya beans","2024","2024","","0","E","Estimated value"
"TI","Trade Indices","050","Bangladesh","494","Export Unit/Value Index (2014-2016 = 100)","21910.03","Cake of soya beans","2024","2024","","189","E","Estimated value"
"TI","Trade Indices","050","Bangladesh","495","Export Quantity Index (2014-2016 = 100)","21910.03","Cake of soya beans","2024","2024","","0","E","Estimated value"
"TI","Trade Indices","050","Bangladesh","462","Import Value Index (2014-2016 = 100)","21910.07","Cake of sunflower seed","2024","2024","","27","E","Estimated value"
"TI","Trade Indices","050","Bangladesh","464","Import Unit/Value Index (2014-2016 = 100)","21910.07","Cake of sunflower seed","2024","2024","","47","E","Estimated value"
"TI","Trade Indices","050","Bangladesh","465","Import Quantity Index (2014-2016 = 100)","21910.07","Cake of sunflower seed","2024","2024","","31","E","Estimated value"
"TI","Trade Indices","050","Bangladesh","462","Import Value Index (2014-2016 = 100)","21910.90","Cake, oilseeds nes","2024","2024","","95","E","Estimated value"
"TI","Trade Indices","050","Bangladesh","464","Import Unit/Value Index (2014-2016 = 100)","21910.90","Cake, oilseeds nes","2024","2024","","113","E","Estimated value"
"TI","Trade Indices","050","Bangladesh","465","Import Quantity Index (2014-2016 = 100)","21910.90","Cake, oilseeds nes","2024","2024","","83","E","Estimated value"
"TI","Trade Indices","050","Bangladesh","492","Export Value Index (2014-2016 = 100)","21910.90","Cake, oilseeds nes","2024","2024","","6","E","Estimated value"
"TI","Trade Indices","050","Bangladesh","494","Export Unit/Value Index (2014-2016 = 100)","21910.90","Cake, oilseeds nes","2024","2024","","80","E","Estimated value"
"TI","Trade Indices","050","Bangladesh","495","Export Quantity Index (2014-2016 = 100)","21910.90","Cake, oilseeds nes","2024","2024","","6","E","Estimated value"
"TI","Trade Indices","050","Bangladesh","462","Import Value Index (2014-2016 = 100)","02111","Cattle","2024","2024","","47","E","Estimated value"
"TI","Trade Indices","050","Bangladesh","462","Import Value Index (2014-2016 = 100)","23140.08","Cereal preparations","2024","2024","","199","E","Estimated value"
"TI","Trade Indices","050","Bangladesh","464","Import Unit/Value Index (2014-2016 = 100)","23140.08","Cereal preparations","2024","2024","","136","E","Estimated value"
"TI","Trade Indices","050","Bangladesh","465","Import Quantity Index (2014-2016 = 100)","23140.08","Cereal preparations","2024","2024","","147","E","Estimated value"
"TI","Trade Indices","050","Bangladesh","492","Export Value Index (2014-2016 = 100)","23140.08","Cereal preparations","2024","2024","","115","E","Estimated value"
"TI","Trade Indices","050","Bangladesh","494","Export Unit/Value Index (2014-2016 = 100)","23140.08","Cereal preparations","2024","2024","","82","E","Estimated value"
"TI","Trade Indices","050","Bangladesh","495","Export Quantity Index (2014-2016 = 100)","23140.08","Cereal preparations","2024","2024","","138","E","Estimated value"
"TI","Trade Indices","050","Bangladesh","462","Import Value Index (2014-2016 = 100)","01199.90","Cereals n.e.c.","2024","2024","","525","E","Estimated value"
"TI","Trade Indices","050","Bangladesh","464","Import Unit/Value Index (2014-2016 = 100)","01199.90","Cereals n.e.c.","2024","2024","","76","E","Estimated value"
"TI","Trade Indices","050","Bangladesh","465","Import Quantity Index (2014-2016 = 100)","01199.90","Cereals n.e.c.","2024","2024","","711","E","Estimated value"
"TI","Trade Indices","050","Bangladesh","492","Export Value Index (2014-2016 = 100)","01199.90","Cereals n.e.c.","2024","2024","","378","E","Estimated value"
"TI","Trade Indices","050","Bangladesh","494","Export Unit/Value Index (2014-2016 = 100)","01199.90","Cereals n.e.c.","2024","2024","","25","E","Estimated value"
"TI","Trade Indices","050","Bangladesh","495","Export Quantity Index (2014-2016 = 100)","01199.90","Cereals n.e.c.","2024","2024","","947","E","Estimated value"
"TI","Trade Indices","050","Bangladesh","462","Import Value Index (2014-2016 = 100)","22251.01","Cheese from whole cow milk","2024","2024","","237","E","Estimated value"
"TI","Trade Indices","050","Bangladesh","464","Import Unit/Value Index (2014-2016 = 100)","22251.01","Cheese from whole cow milk","2024","2024","","140","E","Estimated value"
"TI","Trade Indices","050","Bangladesh","465","Import Quantity Index (2014-2016 = 100)","22251.01","Cheese from whole cow milk","2024","2024","","175","E","Estimated value"
"TI","Trade Indices","050","Bangladesh","492","Export Value Index (2014-2016 = 100)","22251.01","Cheese from whole cow milk","2024","2024","","771","E","Estimated value"
"TI","Trade Indices","050","Bangladesh","494","Export Unit/Value Index (2014-2016 = 100)","22251.01","Cheese from whole cow milk","2024","2024","","236","E","Estimated value"
"TI","Trade Indices","050","Bangladesh","495","Export Quantity Index (2014-2016 = 100)","22251.01","Cheese from whole cow milk","2024","2024","","510","E","Estimated value"
"TI","Trade Indices","050","Bangladesh","462","Import Value Index (2014-2016 = 100)","01652","Chillies and peppers, dry (Capsicum spp., Pimenta spp.), raw","2024","2024","","435","E","Estimated value"
"TI","Trade Indices","050","Bangladesh","464","Import Unit/Value Index (2014-2016 = 100)","01652","Chillies and peppers, dry (Capsicum spp., Pimenta spp.), raw","2024","2024","","152","E","Estimated value"
"TI","Trade Indices","050","Bangladesh","465","Import Quantity Index (2014-2016 = 100)","01652","Chillies and peppers, dry (Capsicum spp., Pimenta spp.), raw","2024","2024","","269","E","Estimated value"
"TI","Trade Indices","050","Bangladesh","492","Export Value Index (2014-2016 = 100)","01652","Chillies and peppers, dry (Capsicum spp., Pimenta spp.), raw","2024","2024","","312","E","Estimated value"
"TI","Trade Indices","050","Bangladesh","494","Export Unit/Value Index (2014-2016 = 100)","01652","Chillies and peppers, dry (Capsicum spp., Pimenta spp.), raw","2024","2024","","314","E","Estimated value"
"TI","Trade Indices","050","Bangladesh","495","Export Quantity Index (2014-2016 = 100)","01652","Chillies and peppers, dry (Capsicum spp., Pimenta spp.), raw","2024","2024","","103","E","Estimated value"
"TI","Trade Indices","050","Bangladesh","462","Import Value Index (2014-2016 = 100)","F0666","Chocolate products nes","2024","2024","","197","E","Estimated value"
"TI","Trade Indices","050","Bangladesh","464","Import Unit/Value Index (2014-2016 = 100)","F0666","Chocolate products nes","2024","2024","","157","E","Estimated value"
"TI","Trade Indices","050","Bangladesh","465","Import Quantity Index (2014-2016 = 100)","F0666","Chocolate products nes","2024","2024","","124","E","Estimated value"
"TI","Trade Indices","050","Bangladesh","492","Export Value Index (2014-2016 = 100)","F0666","Chocolate products nes","2024","2024","","600","E","Estimated value"
"TI","Trade Indices","050","Bangladesh","494","Export Unit/Value Index (2014-2016 = 100)","F0666","Chocolate products nes","2024","2024","","221","E","Estimated value"
"TI","Trade Indices","050","Bangladesh","495","Export Quantity Index (2014-2016 = 100)","F0666","Chocolate products nes","2024","2024","","265","E","Estimated value"
"TI","Trade Indices","050","Bangladesh","462","Import Value Index (2014-2016 = 100)","01640","Cocoa beans","2024","2024","","654021","E","Estimated value"
"TI","Trade Indices","050","Bangladesh","464","Import Unit/Value Index (2014-2016 = 100)","01640","Cocoa beans","2024","2024","","389","E","Estimated value"
"TI","Trade Indices","050","Bangladesh","465","Import Quantity Index (2014-2016 = 100)","01640","Cocoa beans","2024","2024","","168200","E","Estimated value"
"TI","Trade Indices","050","Bangladesh","462","Import Value Index (2014-2016 = 100)","23620","Cocoa butter, fat and oil","2024","2024","","24","E","Estimated value"
"TI","Trade Indices","050","Bangladesh","464","Import Unit/Value Index (2014-2016 = 100)","23620","Cocoa butter, fat and oil","2024","2024","","111","E","Estimated value"
"TI","Trade Indices","050","Bangladesh","465","Import Quantity Index (2014-2016 = 100)","23620","Cocoa butter, fat and oil","2024","2024","","21","E","Estimated value"
"TI","Trade Indices","050","Bangladesh","462","Import Value Index (2014-2016 = 100)","23610.01","Cocoa paste not defatted","2024","2024","","43","E","Estimated value"
"TI","Trade Indices","050","Bangladesh","464","Import Unit/Value Index (2014-2016 = 100)","23610.01","Cocoa paste not defatted","2024","2024","","155","E","Estimated value"
"TI","Trade Indices","050","Bangladesh","465","Import Quantity Index (2014-2016 = 100)","23610.01","Cocoa paste not defatted","2024","2024","","27","E","Estimated value"
"TI","Trade Indices","050","Bangladesh","462","Import Value Index (2014-2016 = 100)","F0665","Cocoa powder and cake","2024","2024","","645","E","Estimated value"
"TI","Trade Indices","050","Bangladesh","464","Import Unit/Value Index (2014-2016 = 100)","F0665","Cocoa powder and cake","2024","2024","","232","E","Estimated value"
"TI","Trade Indices","050","Bangladesh","465","Import Quantity Index (2014-2016 = 100)","F0665","Cocoa powder and cake","2024","2024","","286","E","Estimated value"
"TI","Trade Indices","050","Bangladesh","492","Export Value Index (2014-2016 = 100)","F0665","Cocoa powder and cake","2024","2024","","40","E","Estimated value"
"TI","Trade Indices","050","Bangladesh","494","Export Unit/Value Index (2014-2016 = 100)","F0665","Cocoa powder and cake","2024","2024","","17","E","Estimated value"
"TI","Trade Indices","050","Bangladesh","495","Export Quantity Index (2014-2016 = 100)","F0665","Cocoa powder and cake","2024","2024","","232","E","Estimated value"
"TI","Trade Indices","050","Bangladesh","462","Import Value Index (2014-2016 = 100)","2166","Coconut oil","2024","2024","","72","E","Estimated value"
"TI","Trade Indices","050","Bangladesh","464","Import Unit/Value Index (2014-2016 = 100)","2166","Coconut oil","2024","2024","","136","E","Estimated value"
"TI","Trade Indices","050","Bangladesh","465","Import Quantity Index (2014-2016 = 100)","2166","Coconut oil","2024","2024","","54","E","Estimated value"
"TI","Trade Indices","050","Bangladesh","492","Export Value Index (2014-2016 = 100)","2166","Coconut oil","2024","2024","","165","E","Estimated value"
"TI","Trade Indices","050","Bangladesh","494","Export Unit/Value Index (2014-2016 = 100)","2166","Coconut oil","2024","2024","","26","E","Estimated value"
"TI","Trade Indices","050","Bangladesh","495","Export Quantity Index (2014-2016 = 100)","2166","Coconut oil","2024","2024","","404","E","Estimated value"
"TI","Trade Indices","050","Bangladesh","462","Import Value Index (2014-2016 = 100)","21429.07","Coconuts, desiccated","2024","2024","","122","E","Estimated value"
"TI","Trade Indices","050","Bangladesh","464","Import Unit/Value Index (2014-2016 = 100)","21429.07","Coconuts, desiccated","2024","2024","","98","E","Estimated value"
"TI","Trade Indices","050","Bangladesh","465","Import Quantity Index (2014-2016 = 100)","21429.07","Coconuts, desiccated","2024","2024","","123","E","Estimated value"
"TI","Trade Indices","050","Bangladesh","492","Export Value Index (2014-2016 = 100)","21429.07","Coconuts, desiccated","2024","2024","","251","E","Estimated value"
"TI","Trade Indices","050","Bangladesh","494","Export Unit/Value Index (2014-2016 = 100)","21429.07","Coconuts, desiccated","2024","2024","","128","E","Estimated value"
"TI","Trade Indices","050","Bangladesh","495","Export Quantity Index (2014-2016 = 100)","21429.07","Coconuts, desiccated","2024","2024","","200","E","Estimated value"
"TI","Trade Indices","050","Bangladesh","462","Import Value Index (2014-2016 = 100)","01460","Coconuts, in shell","2024","2024","","160","E","Estimated value"
"TI","Trade Indices","050","Bangladesh","464","Import Unit/Value Index (2014-2016 = 100)","01460","Coconuts, in shell","2024","2024","","19","E","Estimated value"
"TI","Trade Indices","050","Bangladesh","465","Import Quantity Index (2014-2016 = 100)","01460","Coconuts, in shell","2024","2024","","866","E","Estimated value"
"TI","Trade Indices","050","Bangladesh","492","Export Value Index (2014-2016 = 100)","01460","Coconuts, in shell","2024","2024","","189","E","Estimated value"
"TI","Trade Indices","050","Bangladesh","494","Export Unit/Value Index (2014-2016 = 100)","01460","Coconuts, in shell","2024","2024","","439","E","Estimated value"
"TI","Trade Indices","050","Bangladesh","495","Export Quantity Index (2014-2016 = 100)","01460","Coconuts, in shell","2024","2024","","50","E","Estimated value"
"TI","Trade Indices","050","Bangladesh","462","Import Value Index (2014-2016 = 100)","23912.02","Coffee extracts","2024","2024","","269","E","Estimated value"
"TI","Trade Indices","050","Bangladesh","464","Import Unit/Value Index (2014-2016 = 100)","23912.02","Coffee extracts","2024","2024","","121","E","Estimated value"
"TI","Trade Indices","050","Bangladesh","465","Import Quantity Index (2014-2016 = 100)","23912.02","Coffee extracts","2024","2024","","223","E","Estimated value"
"TI","Trade Indices","050","Bangladesh","492","Export Value Index (2014-2016 = 100)","23912.02","Coffee extracts","2024","2024","","18","E","Estimated value"
"TI","Trade Indices","050","Bangladesh","494","Export Unit/Value Index (2014-2016 = 100)","23912.02","Coffee extracts","2024","2024","","34","E","Estimated value"
"TI","Trade Indices","050","Bangladesh","495","Export Quantity Index (2014-2016 = 100)","23912.02","Coffee extracts","2024","2024","","15","E","Estimated value"
"TI","Trade Indices","050","Bangladesh","462","Import Value Index (2014-2016 = 100)","01610","Coffee, green","2024","2024","","376","E","Estimated value"
"TI","Trade Indices","050","Bangladesh","464","Import Unit/Value Index (2014-2016 = 100)","01610","Coffee, green","2024","2024","","215","E","Estimated value"
"TI","Trade Indices","050","Bangladesh","465","Import Quantity Index (2014-2016 = 100)","01610","Coffee, green","2024","2024","","128","E","Estimated value"
"TI","Trade Indices","050","Bangladesh","492","Export Value Index (2014-2016 = 100)","01610","Coffee, green","2024","2024","","192","E","Estimated value"
"TI","Trade Indices","050","Bangladesh","494","Export Unit/Value Index (2014-2016 = 100)","01610","Coffee, green","2024","2024","","158","E","Estimated value"
"TI","Trade Indices","050","Bangladesh","495","Export Quantity Index (2014-2016 = 100)","01610","Coffee, green","2024","2024","","59","E","Estimated value"
"TI","Trade Indices","050","Bangladesh","462","Import Value Index (2014-2016 = 100)","01492","Copra","2024","2024","","73","E","Estimated value"
"TI","Trade Indices","050","Bangladesh","464","Import Unit/Value Index (2014-2016 = 100)","01492","Copra","2024","2024","","79","E","Estimated value"
"TI","Trade Indices","050","Bangladesh","465","Import Quantity Index (2014-2016 = 100)","01492","Copra","2024","2024","","92","E","Estimated value"
"TI","Trade Indices","050","Bangladesh","462","Import Value Index (2014-2016 = 100)","01921.02","Cotton lint, ginned","2024","2024","","178","E","Estimated value"
"TI","Trade Indices","050","Bangladesh","464","Import Unit/Value Index (2014-2016 = 100)","01921.02","Cotton lint, ginned","2024","2024","","116","E","Estimated value"
"TI","Trade Indices","050","Bangladesh","465","Import Quantity Index (2014-2016 = 100)","01921.02","Cotton lint, ginned","2024","2024","","150","E","Estimated value"
"TI","Trade Indices","050","Bangladesh","492","Export Value Index (2014-2016 = 100)","01921.02","Cotton lint, ginned","2024","2024","","2249","E","Estimated value"
"TI","Trade Indices","050","Bangladesh","494","Export Unit/Value Index (2014-2016 = 100)","01921.02","Cotton lint, ginned","2024","2024","","90","E","Estimated value"
"TI","Trade Indices","050","Bangladesh","495","Export Quantity Index (2014-2016 = 100)","01921.02","Cotton lint, ginned","2024","2024","","1179","E","Estimated value"
"TI","Trade Indices","050","Bangladesh","462","Import Value Index (2014-2016 = 100)","0143","Cotton seed","2024","2024","","1377","E","Estimated value"
"TI","Trade Indices","050","Bangladesh","464","Import Unit/Value Index (2014-2016 = 100)","0143","Cotton seed","2024","2024","","205","E","Estimated value"
"TI","Trade Indices","050","Bangladesh","465","Import Quantity Index (2014-2016 = 100)","0143","Cotton seed","2024","2024","","69","E","Estimated value"
"TI","Trade Indices","050","Bangladesh","462","Import Value Index (2014-2016 = 100)","2168","Cottonseed oil","2024","2024","","18867","E","Estimated value"
"TI","Trade Indices","050","Bangladesh","464","Import Unit/Value Index (2014-2016 = 100)","2168","Cottonseed oil","2024","2024","","102","E","Estimated value"
"TI","Trade Indices","050","Bangladesh","465","Import Quantity Index (2014-2016 = 100)","2168","Cottonseed oil","2024","2024","","18500","E","Estimated value"
"TI","Trade Indices","050","Bangladesh","462","Import Value Index (2014-2016 = 100)","01314","Dates","2024","2024","","60","E","Estimated value"
"TI","Trade Indices","050","Bangladesh","464","Import Unit/Value Index (2014-2016 = 100)","01314","Dates","2024","2024","","182","E","Estimated value"
"TI","Trade Indices","050","Bangladesh","465","Import Quantity Index (2014-2016 = 100)","01314","Dates","2024","2024","","33","E","Estimated value"
"TI","Trade Indices","050","Bangladesh","492","Export Value Index (2014-2016 = 100)","01314","Dates","2024","2024","","919","E","Estimated value"
"TI","Trade Indices","050","Bangladesh","494","Export Unit/Value Index (2014-2016 = 100)","01314","Dates","2024","2024","","65","E","Estimated value"
"TI","Trade Indices","050","Bangladesh","495","Export Quantity Index (2014-2016 = 100)","01314","Dates","2024","2024","","1661","E","Estimated value"
"TI","Trade Indices","050","Bangladesh","462","Import Value Index (2014-2016 = 100)","01599.10","Edible roots and tubers with high starch or inulin content, n.e.c., fresh","2024","2024","","4","E","Estimated value"
"TI","Trade Indices","050","Bangladesh","464","Import Unit/Value Index (2014-2016 = 100)","01599.10","Edible roots and tubers with high starch or inulin content, n.e.c., fresh","2024","2024","","28","E","Estimated value"
"TI","Trade Indices","050","Bangladesh","465","Import Quantity Index (2014-2016 = 100)","01599.10","Edible roots and tubers with high starch or inulin content, n.e.c., fresh","2024","2024","","13","E","Estimated value"
"TI","Trade Indices","050","Bangladesh","492","Export Value Index (2014-2016 = 100)","01599.10","Edible roots and tubers with high starch or inulin content, n.e.c., fresh","2024","2024","","418","E","Estimated value"
"TI","Trade Indices","050","Bangladesh","494","Export Unit/Value Index (2014-2016 = 100)","01599.10","Edible roots and tubers with high starch or inulin content, n.e.c., fresh","2024","2024","","119","E","Estimated value"
"TI","Trade Indices","050","Bangladesh","495","Export Quantity Index (2014-2016 = 100)","01599.10","Edible roots and tubers with high starch or inulin content, n.e.c., fresh","2024","2024","","391","E","Estimated value"
"TI","Trade Indices","050","Bangladesh","462","Import Value Index (2014-2016 = 100)","21185","Extracts and juices of meat, fish, crustaceans, molluscs or other aquatic invertebrates","2024","2024","","3","E","Estimated value"
"TI","Trade Indices","050","Bangladesh","464","Import Unit/Value Index (2014-2016 = 100)","21185","Extracts and juices of meat, fish, crustaceans, molluscs or other aquatic invertebrates","2024","2024","","62","E","Estimated value"
"TI","Trade Indices","050","Bangladesh","465","Import Quantity Index (2014-2016 = 100)","21185","Extracts and juices of meat, fish, crustaceans, molluscs or other aquatic invertebrates","2024","2024","","2","E","Estimated value"
"TI","Trade Indices","050","Bangladesh","462","Import Value Index (2014-2016 = 100)","F1243","Fat preparations n.e.c.","2024","2024","","344","E","Estimated value"
"TI","Trade Indices","050","Bangladesh","464","Import Unit/Value Index (2014-2016 = 100)","F1243","Fat preparations n.e.c.","2024","2024","","126","E","Estimated value"
"TI","Trade Indices","050","Bangladesh","465","Import Quantity Index (2014-2016 = 100)","F1243","Fat preparations n.e.c.","2024","2024","","274","E","Estimated value"
"TI","Trade Indices","050","Bangladesh","492","Export Value Index (2014-2016 = 100)","F1243","Fat preparations n.e.c.","2024","2024","","289","E","Estimated value"
"TI","Trade Indices","050","Bangladesh","494","Export Unit/Value Index (2014-2016 = 100)","F1243","Fat preparations n.e.c.","2024","2024","","472","E","Estimated value"
"TI","Trade Indices","050","Bangladesh","495","Export Quantity Index (2014-2016 = 100)","F1243","Fat preparations n.e.c.","2024","2024","","61","E","Estimated value"
"TI","Trade Indices","050","Bangladesh","462","Import Value Index (2014-2016 = 100)","26190.01","Flax, processed but not spun","2024","2024","","642","E","Estimated value"
"TI","Trade Indices","050","Bangladesh","464","Import Unit/Value Index (2014-2016 = 100)","26190.01","Flax, processed but not spun","2024","2024","","181","E","Estimated value"
"TI","Trade Indices","050","Bangladesh","465","Import Quantity Index (2014-2016 = 100)","26190.01","Flax, processed but not spun","2024","2024","","355","E","Estimated value"
"TI","Trade Indices","050","Bangladesh","492","Export Value Index (2014-2016 = 100)","26190.01","Flax, processed but not spun","2024","2024","","304","E","Estimated value"
"TI","Trade Indices","050","Bangladesh","494","Export Unit/Value Index (2014-2016 = 100)","26190.01","Flax, processed but not spun","2024","2024","","398","E","Estimated value"
"TI","Trade Indices","050","Bangladesh","495","Export Quantity Index (2014-2016 = 100)","26190.01","Flax, processed but not spun","2024","2024","","75","E","Estimated value"
"TI","Trade Indices","050","Bangladesh","462","Import Value Index (2014-2016 = 100)","23120.90","Flour of cereals n.e.c.","2024","2024","","251","E","Estimated value"
"TI","Trade Indices","050","Bangladesh","464","Import Unit/Value Index (2014-2016 = 100)","23120.90","Flour of cereals n.e.c.","2024","2024","","199","E","Estimated value"
"TI","Trade Indices","050","Bangladesh","465","Import Quantity Index (2014-2016 = 100)","23120.90","Flour of cereals n.e.c.","2024","2024","","123","E","Estimated value"
"TI","Trade Indices","050","Bangladesh","492","Export Value Index (2014-2016 = 100)","23120.90","Flour of cereals n.e.c.","2024","2024","","104","E","Estimated value"
"TI","Trade Indices","050","Bangladesh","494","Export Unit/Value Index (2014-2016 = 100)","23120.90","Flour of cereals n.e.c.","2024","2024","","181","E","Estimated value"
"TI","Trade Indices","050","Bangladesh","495","Export Quantity Index (2014-2016 = 100)","23120.90","Flour of cereals n.e.c.","2024","2024","","64","E","Estimated value"
"TI","Trade Indices","050","Bangladesh","462","Import Value Index (2014-2016 = 100)","21392","Flour, meal, powder, flakes, granules and pellets of potatoes","2024","2024","","214","E","Estimated value"
"TI","Trade Indices","050","Bangladesh","464","Import Unit/Value Index (2014-2016 = 100)","21392","Flour, meal, powder, flakes, granules and pellets of potatoes","2024","2024","","122","E","Estimated value"
"TI","Trade Indices","050","Bangladesh","465","Import Quantity Index (2014-2016 = 100)","21392","Flour, meal, powder, flakes, granules and pellets of potatoes","2024","2024","","172","E","Estimated value"
"TI","Trade Indices","050","Bangladesh","492","Export Value Index (2014-2016 = 100)","21392","Flour, meal, powder, flakes, granules and pellets of potatoes","2024","2024","","153","E","Estimated value"
"TI","Trade Indices","050","Bangladesh","494","Export Unit/Value Index (2014-2016 = 100)","21392","Flour, meal, powder, flakes, granules and pellets of potatoes","2024","2024","","128","E","Estimated value"
"TI","Trade Indices","050","Bangladesh","495","Export Quantity Index (2014-2016 = 100)","21392","Flour, meal, powder, flakes, granules and pellets of potatoes","2024","2024","","117","E","Estimated value"
"TI","Trade Indices","050","Bangladesh","462","Import Value Index (2014-2016 = 100)","21920","Flours and meals of oil seeds or oleaginous fruits, except those of mustard","2024","2024","","12","E","Estimated value"
"TI","Trade Indices","050","Bangladesh","464","Import Unit/Value Index (2014-2016 = 100)","21920","Flours and meals of oil seeds or oleaginous fruits, except those of mustard","2024","2024","","87","E","Estimated value"
"TI","Trade Indices","050","Bangladesh","465","Import Quantity Index (2014-2016 = 100)","21920","Flours and meals of oil seeds or oleaginous fruits, except those of mustard","2024","2024","","11","E","Estimated value"
"TI","Trade Indices","050","Bangladesh","462","Import Value Index (2014-2016 = 100)","39170.01","Food wastes","2024","2024","","135","E","Estimated value"
"TI","Trade Indices","050","Bangladesh","464","Import Unit/Value Index (2014-2016 = 100)","39170.01","Food wastes","2024","2024","","166","E","Estimated value"
"TI","Trade Indices","050","Bangladesh","465","Import Quantity Index (2014-2016 = 100)","39170.01","Food wastes","2024","2024","","75","E","Estimated value"
"TI","Trade Indices","050","Bangladesh","492","Export Value Index (2014-2016 = 100)","39170.01","Food wastes","2024","2024","","13","E","Estimated value"
"TI","Trade Indices","050","Bangladesh","494","Export Unit/Value Index (2014-2016 = 100)","39170.01","Food wastes","2024","2024","","234","E","Estimated value"
"TI","Trade Indices","050","Bangladesh","495","Export Quantity Index (2014-2016 = 100)","39170.01","Food wastes","2024","2024","","4","E","Estimated value"
"TI","Trade Indices","050","Bangladesh","462","Import Value Index (2014-2016 = 100)","F0623","Fruit prepared n.e.c.","2024","2024","","142","E","Estimated value"
"TI","Trade Indices","050","Bangladesh","464","Import Unit/Value Index (2014-2016 = 100)","F0623","Fruit prepared n.e.c.","2024","2024","","197","E","Estimated value"
"TI","Trade Indices","050","Bangladesh","465","Import Quantity Index (2014-2016 = 100)","F0623","Fruit prepared n.e.c.","2024","2024","","48","E","Estimated value"
"TI","Trade Indices","050","Bangladesh","492","Export Value Index (2014-2016 = 100)","F0623","Fruit prepared n.e.c.","2024","2024","","140","E","Estimated value"
"TI","Trade Indices","050","Bangladesh","494","Export Unit/Value Index (2014-2016 = 100)","F0623","Fruit prepared n.e.c.","2024","2024","","97","E","Estimated value"
"TI","Trade Indices","050","Bangladesh","495","Export Quantity Index (2014-2016 = 100)","F0623","Fruit prepared n.e.c.","2024","2024","","144","E","Estimated value"
"TI","Trade Indices","050","Bangladesh","462","Import Value Index (2014-2016 = 100)","39130.04","Gluten feed and meal","2024","2024","","1204","E","Estimated value"
"TI","Trade Indices","050","Bangladesh","464","Import Unit/Value Index (2014-2016 = 100)","39130.04","Gluten feed and meal","2024","2024","","122","E","Estimated value"
"TI","Trade Indices","050","Bangladesh","465","Import Quantity Index (2014-2016 = 100)","39130.04","Gluten feed and meal","2024","2024","","1016","E","Estimated value"
"TI","Trade Indices","050","Bangladesh","462","Import Value Index (2014-2016 = 100)","01330","Grapes","2024","2024","","348","E","Estimated value"
"TI","Trade Indices","050","Bangladesh","464","Import Unit/Value Index (2014-2016 = 100)","01330","Grapes","2024","2024","","83","E","Estimated value"
"TI","Trade Indices","050","Bangladesh","465","Import Quantity Index (2014-2016 = 100)","01330","Grapes","2024","2024","","362","E","Estimated value"
"TI","Trade Indices","050","Bangladesh","492","Export Value Index (2014-2016 = 100)","01330","Grapes","2024","2024","","196","E","Estimated value"
"TI","Trade Indices","050","Bangladesh","494","Export Unit/Value Index (2014-2016 = 100)","01330","Grapes","2024","2024","","153","E","Estimated value"
"TI","Trade Indices","050","Bangladesh","495","Export Quantity Index (2014-2016 = 100)","01330","Grapes","2024","2024","","104","E","Estimated value"
"TI","Trade Indices","050","Bangladesh","462","Import Value Index (2014-2016 = 100)","2162","Groundnut oil","2024","2024","","234","E","Estimated value"
"TI","Trade Indices","050","Bangladesh","464","Import Unit/Value Index (2014-2016 = 100)","2162","Groundnut oil","2024","2024","","113","E","Estimated value"
"TI","Trade Indices","050","Bangladesh","465","Import Quantity Index (2014-2016 = 100)","2162","Groundnut oil","2024","2024","","211","E","Estimated value"
"TI","Trade Indices","050","Bangladesh","462","Import Value Index (2014-2016 = 100)","0142","Groundnuts, excluding shelled","2024","2024","","66580","E","Estimated value"
"TI","Trade Indices","050","Bangladesh","464","Import Unit/Value Index (2014-2016 = 100)","0142","Groundnuts, excluding shelled","2024","2024","","42","E","Estimated value"
"TI","Trade Indices","050","Bangladesh","465","Import Quantity Index (2014-2016 = 100)","0142","Groundnuts, excluding shelled","2024","2024","","263907","E","Estimated value"
"TI","Trade Indices","050","Bangladesh","492","Export Value Index (2014-2016 = 100)","0142","Groundnuts, excluding shelled","2024","2024","","0","E","Estimated value"
"TI","Trade Indices","050","Bangladesh","494","Export Unit/Value Index (2014-2016 = 100)","0142","Groundnuts, excluding shelled","2024","2024","","452","E","Estimated value"
"TI","Trade Indices","050","Bangladesh","495","Export Quantity Index (2014-2016 = 100)","0142","Groundnuts, excluding shelled","2024","2024","","0","E","Estimated value"
"TI","Trade Indices","050","Bangladesh","462","Import Value Index (2014-2016 = 100)","21421","Groundnuts, shelled","2024","2024","","1475","E","Estimated value"
"TI","Trade Indices","050","Bangladesh","464","Import Unit/Value Index (2014-2016 = 100)","21421","Groundnuts, shelled","2024","2024","","60","E","Estimated value"
"TI","Trade Indices","050","Bangladesh","465","Import Quantity Index (2014-2016 = 100)","21421","Groundnuts, shelled","2024","2024","","2414","E","Estimated value"
"TI","Trade Indices","050","Bangladesh","462","Import Value Index (2014-2016 = 100)","0231","Hen eggs in shell, fresh","2024","2024","","1194","E","Estimated value"
"TI","Trade Indices","050","Bangladesh","464","Import Unit/Value Index (2014-2016 = 100)","0231","Hen eggs in shell, fresh","2024","2024","","6","E","Estimated value"
"TI","Trade Indices","050","Bangladesh","465","Import Quantity Index (2014-2016 = 100)","0231","Hen eggs in shell, fresh","2024","2024","","20448","E","Estimated value"
"TI","Trade Indices","050","Bangladesh","462","Import Value Index (2014-2016 = 100)","02951.04","Hides, wet-salted of cattle","2024","2024","","4","E","Estimated value"
"TI","Trade Indices","050","Bangladesh","464","Import Unit/Value Index (2014-2016 = 100)","02951.04","Hides, wet-salted of cattle","2024","2024","","8","E","Estimated value"
"TI","Trade Indices","050","Bangladesh","465","Import Quantity Index (2014-2016 = 100)","02951.04","Hides, wet-salted of cattle","2024","2024","","66","E","Estimated value"
"TI","Trade Indices","050","Bangladesh","492","Export Value Index (2014-2016 = 100)","02951.04","Hides, wet-salted of cattle","2024","2024","","33","E","Estimated value"
"TI","Trade Indices","050","Bangladesh","494","Export Unit/Value Index (2014-2016 = 100)","02951.04","Hides, wet-salted of cattle","2024","2024","","3","E","Estimated value"
"TI","Trade Indices","050","Bangladesh","495","Export Quantity Index (2014-2016 = 100)","02951.04","Hides, wet-salted of cattle","2024","2024","","1239","E","Estimated value"
"TI","Trade Indices","050","Bangladesh","462","Import Value Index (2014-2016 = 100)","F1275","hydrogenated oils and fats","2024","2024","","123","E","Estimated value"
"TI","Trade Indices","050","Bangladesh","464","Import Unit/Value Index (2014-2016 = 100)","F1275","hydrogenated oils and fats","2024","2024","","89","E","Estimated value"
"TI","Trade Indices","050","Bangladesh","465","Import Quantity Index (2014-2016 = 100)","F1275","hydrogenated oils and fats","2024","2024","","141","E","Estimated value"
"TI","Trade Indices","050","Bangladesh","492","Export Value Index (2014-2016 = 100)","F1275","hydrogenated oils and fats","2024","2024","","1592","E","Estimated value"
"TI","Trade Indices","050","Bangladesh","494","Export Unit/Value Index (2014-2016 = 100)","F1275","hydrogenated oils and fats","2024","2024","","83","E","Estimated value"
"TI","Trade Indices","050","Bangladesh","495","Export Quantity Index (2014-2016 = 100)","F1275","hydrogenated oils and fats","2024","2024","","922","E","Estimated value"
"TI","Trade Indices","050","Bangladesh","462","Import Value Index (2014-2016 = 100)","23991.01","Infant food","2024","2024","","231","E","Estimated value"
"TI","Trade Indices","050","Bangladesh","464","Import Unit/Value Index (2014-2016 = 100)","23991.01","Infant food","2024","2024","","86","E","Estimated value"
"TI","Trade Indices","050","Bangladesh","465","Import Quantity Index (2014-2016 = 100)","23991.01","Infant food","2024","2024","","262","E","Estimated value"
"TI","Trade Indices","050","Bangladesh","492","Export Value Index (2014-2016 = 100)","23991.01","Infant food","2024","2024","","69","E","Estimated value"
"TI","Trade Indices","050","Bangladesh","494","Export Unit/Value Index (2014-2016 = 100)","23991.01","Infant food","2024","2024","","88","E","Estimated value"
"TI","Trade Indices","050","Bangladesh","495","Export Quantity Index (2014-2016 = 100)","23991.01","Infant food","2024","2024","","142","E","Estimated value"
"TI","Trade Indices","050","Bangladesh","462","Import Value Index (2014-2016 = 100)","21439.90","Juice of fruits n.e.c.","2024","2024","","151","E","Estimated value"
"TI","Trade Indices","050","Bangladesh","464","Import Unit/Value Index (2014-2016 = 100)","21439.90","Juice of fruits n.e.c.","2024","2024","","136","E","Estimated value"
"TI","Trade Indices","050","Bangladesh","465","Import Quantity Index (2014-2016 = 100)","21439.90","Juice of fruits n.e.c.","2024","2024","","104","E","Estimated value"
"TI","Trade Indices","050","Bangladesh","492","Export Value Index (2014-2016 = 100)","21439.90","Juice of fruits n.e.c.","2024","2024","","9","E","Estimated value"
"TI","Trade Indices","050","Bangladesh","494","Export Unit/Value Index (2014-2016 = 100)","21439.90","Juice of fruits n.e.c.","2024","2024","","87","E","Estimated value"
"TI","Trade Indices","050","Bangladesh","495","Export Quantity Index (2014-2016 = 100)","21439.90","Juice of fruits n.e.c.","2024","2024","","11","E","Estimated value"
"TI","Trade Indices","050","Bangladesh","462","Import Value Index (2014-2016 = 100)","01922.01","Jute, raw or retted","2024","2024","","165","E","Estimated value"
"TI","Trade Indices","050","Bangladesh","464","Import Unit/Value Index (2014-2016 = 100)","01922.01","Jute, raw or retted","2024","2024","","93","E","Estimated value"
"TI","Trade Indices","050","Bangladesh","465","Import Quantity Index (2014-2016 = 100)","01922.01","Jute, raw or retted","2024","2024","","199","E","Estimated value"
"TI","Trade Indices","050","Bangladesh","492","Export Value Index (2014-2016 = 100)","01922.01","Jute, raw or retted","2024","2024","","93","E","Estimated value"
"TI","Trade Indices","050","Bangladesh","494","Export Unit/Value Index (2014-2016 = 100)","01922.01","Jute, raw or retted","2024","2024","","103","E","Estimated value"
"TI","Trade Indices","050","Bangladesh","495","Export Quantity Index (2014-2016 = 100)","01922.01","Jute, raw or retted","2024","2024","","92","E","Estimated value"
"TI","Trade Indices","050","Bangladesh","462","Import Value Index (2014-2016 = 100)","01322","Lemons and limes","2024","2024","","24","E","Estimated value"
"TI","Trade Indices","050","Bangladesh","464","Import Unit/Value Index (2014-2016 = 100)","01322","Lemons and limes","2024","2024","","109","E","Estimated value"
"TI","Trade Indices","050","Bangladesh","465","Import Quantity Index (2014-2016 = 100)","01322","Lemons and limes","2024","2024","","13","E","Estimated value"
"TI","Trade Indices","050","Bangladesh","492","Export Value Index (2014-2016 = 100)","01322","Lemons and limes","2024","2024","","216","E","Estimated value"
"TI","Trade Indices","050","Bangladesh","494","Export Unit/Value Index (2014-2016 = 100)","01322","Lemons and limes","2024","2024","","96","E","Estimated value"
"TI","Trade Indices","050","Bangladesh","495","Export Quantity Index (2014-2016 = 100)","01322","Lemons and limes","2024","2024","","211","E","Estimated value"
"TI","Trade Indices","050","Bangladesh","462","Import Value Index (2014-2016 = 100)","01441","Linseed","2024","2024","","157","E","Estimated value"
"TI","Trade Indices","050","Bangladesh","464","Import Unit/Value Index (2014-2016 = 100)","01441","Linseed","2024","2024","","6","E","Estimated value"
"TI","Trade Indices","050","Bangladesh","465","Import Quantity Index (2014-2016 = 100)","01441","Linseed","2024","2024","","221","E","Estimated value"
"TI","Trade Indices","050","Bangladesh","462","Import Value Index (2014-2016 = 100)","0112","Maize (corn)","2024","2024","","179","E","Estimated value"
"TI","Trade Indices","050","Bangladesh","464","Import Unit/Value Index (2014-2016 = 100)","0112","Maize (corn)","2024","2024","","95","E","Estimated value"
"TI","Trade Indices","050","Bangladesh","465","Import Quantity Index (2014-2016 = 100)","0112","Maize (corn)","2024","2024","","176","E","Estimated value"
"TI","Trade Indices","050","Bangladesh","492","Export Value Index (2014-2016 = 100)","0112","Maize (corn)","2024","2024","","955","E","Estimated value"
"TI","Trade Indices","050","Bangladesh","494","Export Unit/Value Index (2014-2016 = 100)","0112","Maize (corn)","2024","2024","","21","E","Estimated value"
"TI","Trade Indices","050","Bangladesh","495","Export Quantity Index (2014-2016 = 100)","0112","Maize (corn)","2024","2024","","5712","E","Estimated value"
"TI","Trade Indices","050","Bangladesh","462","Import Value Index (2014-2016 = 100)","24320","Malt, whether or not roasted","2024","2024","","389","E","Estimated value"
"TI","Trade Indices","050","Bangladesh","464","Import Unit/Value Index (2014-2016 = 100)","24320","Malt, whether or not roasted","2024","2024","","140","E","Estimated value"
"TI","Trade Indices","050","Bangladesh","465","Import Quantity Index (2014-2016 = 100)","24320","Malt, whether or not roasted","2024","2024","","274","E","Estimated value"
"TI","Trade Indices","050","Bangladesh","462","Import Value Index (2014-2016 = 100)","21190.01","Meat meal","2024","2024","","16","E","Estimated value"
"TI","Trade Indices","050","Bangladesh","464","Import Unit/Value Index (2014-2016 = 100)","21190.01","Meat meal","2024","2024","","27","E","Estimated value"
"TI","Trade Indices","050","Bangladesh","465","Import Quantity Index (2014-2016 = 100)","21190.01","Meat meal","2024","2024","","11","E","Estimated value"
"TI","Trade Indices","050","Bangladesh","462","Import Value Index (2014-2016 = 100)","21111.01","Meat of cattle with the bone, fresh or chilled","2024","2024","","30","E","Estimated value"
"TI","Trade Indices","050","Bangladesh","464","Import Unit/Value Index (2014-2016 = 100)","21111.01","Meat of cattle with the bone, fresh or chilled","2024","2024","","365","E","Estimated value"
"TI","Trade Indices","050","Bangladesh","465","Import Quantity Index (2014-2016 = 100)","21111.01","Meat of cattle with the bone, fresh or chilled","2024","2024","","4","E","Estimated value"
"TI","Trade Indices","050","Bangladesh","492","Export Value Index (2014-2016 = 100)","21111.01","Meat of cattle with the bone, fresh or chilled","2024","2024","","11","E","Estimated value"
"TI","Trade Indices","050","Bangladesh","494","Export Unit/Value Index (2014-2016 = 100)","21111.01","Meat of cattle with the bone, fresh or chilled","2024","2024","","174","E","Estimated value"
"TI","Trade Indices","050","Bangladesh","495","Export Quantity Index (2014-2016 = 100)","21111.01","Meat of cattle with the bone, fresh or chilled","2024","2024","","5","E","Estimated value"
"TI","Trade Indices","050","Bangladesh","462","Import Value Index (2014-2016 = 100)","21121","Meat of chickens, fresh or chilled","2024","2024","","6","E","Estimated value"
"TI","Trade Indices","050","Bangladesh","464","Import Unit/Value Index (2014-2016 = 100)","21121","Meat of chickens, fresh or chilled","2024","2024","","166","E","Estimated value"
"TI","Trade Indices","050","Bangladesh","465","Import Quantity Index (2014-2016 = 100)","21121","Meat of chickens, fresh or chilled","2024","2024","","3","E","Estimated value"
"TI","Trade Indices","050","Bangladesh","492","Export Value Index (2014-2016 = 100)","21121","Meat of chickens, fresh or chilled","2024","2024","","69","E","Estimated value"
"TI","Trade Indices","050","Bangladesh","494","Export Unit/Value Index (2014-2016 = 100)","21121","Meat of chickens, fresh or chilled","2024","2024","","91","E","Estimated value"
"TI","Trade Indices","050","Bangladesh","495","Export Quantity Index (2014-2016 = 100)","21121","Meat of chickens, fresh or chilled","2024","2024","","76","E","Estimated value"
"TI","Trade Indices","050","Bangladesh","462","Import Value Index (2014-2016 = 100)","21113.01","Meat of pig with the bone, fresh or chilled","2024","2024","","8","E","Estimated value"
"TI","Trade Indices","050","Bangladesh","464","Import Unit/Value Index (2014-2016 = 100)","21113.01","Meat of pig with the bone, fresh or chilled","2024","2024","","78","E","Estimated value"
"TI","Trade Indices","050","Bangladesh","465","Import Quantity Index (2014-2016 = 100)","21113.01","Meat of pig with the bone, fresh or chilled","2024","2024","","13","E","Estimated value"
"TI","Trade Indices","050","Bangladesh","462","Import Value Index (2014-2016 = 100)","21115","Meat of sheep, fresh or chilled","2024","2024","","1902","E","Estimated value"
"TI","Trade Indices","050","Bangladesh","464","Import Unit/Value Index (2014-2016 = 100)","21115","Meat of sheep, fresh or chilled","2024","2024","","52","E","Estimated value"
"TI","Trade Indices","050","Bangladesh","465","Import Quantity Index (2014-2016 = 100)","21115","Meat of sheep, fresh or chilled","2024","2024","","655","E","Estimated value"
"TI","Trade Indices","050","Bangladesh","492","Export Value Index (2014-2016 = 100)","21115","Meat of sheep, fresh or chilled","2024","2024","","13","E","Estimated value"
"TI","Trade Indices","050","Bangladesh","494","Export Unit/Value Index (2014-2016 = 100)","21115","Meat of sheep, fresh or chilled","2024","2024","","187","E","Estimated value"
"TI","Trade Indices","050","Bangladesh","495","Export Quantity Index (2014-2016 = 100)","21115","Meat of sheep, fresh or chilled","2024","2024","","5","E","Estimated value"
"TI","Trade Indices","050","Bangladesh","462","Import Value Index (2014-2016 = 100)","F1172","Meat prepared n.e.c.","2024","2024","","123","E","Estimated value"
"TI","Trade Indices","050","Bangladesh","464","Import Unit/Value Index (2014-2016 = 100)","F1172","Meat prepared n.e.c.","2024","2024","","130","E","Estimated value"
"TI","Trade Indices","050","Bangladesh","465","Import Quantity Index (2014-2016 = 100)","F1172","Meat prepared n.e.c.","2024","2024","","81","E","Estimated value"
"TI","Trade Indices","050","Bangladesh","492","Export Value Index (2014-2016 = 100)","F1172","Meat prepared n.e.c.","2024","2024","","2","E","Estimated value"
"TI","Trade Indices","050","Bangladesh","494","Export Unit/Value Index (2014-2016 = 100)","F1172","Meat prepared n.e.c.","2024","2024","","33","E","Estimated value"
"TI","Trade Indices","050","Bangladesh","495","Export Quantity Index (2014-2016 = 100)","F1172","Meat prepared n.e.c.","2024","2024","","5","E","Estimated value"
"TI","Trade Indices","050","Bangladesh","462","Import Value Index (2014-2016 = 100)","02910","Natural honey","2024","2024","","163","E","Estimated value"
"TI","Trade Indices","050","Bangladesh","464","Import Unit/Value Index (2014-2016 = 100)","02910","Natural honey","2024","2024","","84","E","Estimated value"
"TI","Trade Indices","050","Bangladesh","465","Import Quantity Index (2014-2016 = 100)","02910","Natural honey","2024","2024","","195","E","Estimated value"
"TI","Trade Indices","050","Bangladesh","492","Export Value Index (2014-2016 = 100)","02910","Natural honey","2024","2024","","56","E","Estimated value"
"TI","Trade Indices","050","Bangladesh","494","Export Unit/Value Index (2014-2016 = 100)","02910","Natural honey","2024","2024","","177","E","Estimated value"
"TI","Trade Indices","050","Bangladesh","495","Export Quantity Index (2014-2016 = 100)","02910","Natural honey","2024","2024","","29","E","Estimated value"
"TI","Trade Indices","050","Bangladesh","462","Import Value Index (2014-2016 = 100)","01950.02","Natural rubber in other forms","2024","2024","","21","E","Estimated value"
"TI","Trade Indices","050","Bangladesh","464","Import Unit/Value Index (2014-2016 = 100)","01950.02","Natural rubber in other forms","2024","2024","","95","E","Estimated value"
"TI","Trade Indices","050","Bangladesh","465","Import Quantity Index (2014-2016 = 100)","01950.02","Natural rubber in other forms","2024","2024","","22","E","Estimated value"
"TI","Trade Indices","050","Bangladesh","492","Export Value Index (2014-2016 = 100)","01950.02","Natural rubber in other forms","2024","2024","","99","E","Estimated value"
"TI","Trade Indices","050","Bangladesh","494","Export Unit/Value Index (2014-2016 = 100)","01950.02","Natural rubber in other forms","2024","2024","","100","E","Estimated value"
"TI","Trade Indices","050","Bangladesh","495","Export Quantity Index (2014-2016 = 100)","01950.02","Natural rubber in other forms","2024","2024","","98","E","Estimated value"
"TI","Trade Indices","050","Bangladesh","462","Import Value Index (2014-2016 = 100)","0117","Oats","2024","2024","","689","E","Estimated value"
"TI","Trade Indices","050","Bangladesh","464","Import Unit/Value Index (2014-2016 = 100)","0117","Oats","2024","2024","","48","E","Estimated value"
"TI","Trade Indices","050","Bangladesh","465","Import Quantity Index (2014-2016 = 100)","0117","Oats","2024","2024","","563","E","Estimated value"
"TI","Trade Indices","050","Bangladesh","462","Import Value Index (2014-2016 = 100)","21170.93","Offals n.e.c. (excluding mammals), fresh, chilled or frozen","2024","2024","","3309","E","Estimated value"
"TI","Trade Indices","050","Bangladesh","464","Import Unit/Value Index (2014-2016 = 100)","21170.93","Offals n.e.c. (excluding mammals), fresh, chilled or frozen","2024","2024","","108","E","Estimated value"
"TI","Trade Indices","050","Bangladesh","465","Import Quantity Index (2014-2016 = 100)","21170.93","Offals n.e.c. (excluding mammals), fresh, chilled or frozen","2024","2024","","3016","E","Estimated value"
"TI","Trade Indices","050","Bangladesh","492","Export Value Index (2014-2016 = 100)","21170.93","Offals n.e.c. (excluding mammals), fresh, chilled or frozen","2024","2024","","0","E","Estimated value"
"TI","Trade Indices","050","Bangladesh","494","Export Unit/Value Index (2014-2016 = 100)","21170.93","Offals n.e.c. (excluding mammals), fresh, chilled or frozen","2024","2024","","135","E","Estimated value"
"TI","Trade Indices","050","Bangladesh","495","Export Quantity Index (2014-2016 = 100)","21170.93","Offals n.e.c. (excluding mammals), fresh, chilled or frozen","2024","2024","","0","E","Estimated value"
"TI","Trade Indices","050","Bangladesh","462","Import Value Index (2014-2016 = 100)","21691.04","Oil of castor beans","2024","2024","","175","E","Estimated value"
"TI","Trade Indices","050","Bangladesh","464","Import Unit/Value Index (2014-2016 = 100)","21691.04","Oil of castor beans","2024","2024","","89","E","Estimated value"
"TI","Trade Indices","050","Bangladesh","465","Import Quantity Index (2014-2016 = 100)","21691.04","Oil of castor beans","2024","2024","","198","E","Estimated value"
"TI","Trade Indices","050","Bangladesh","492","Export Value Index (2014-2016 = 100)","21691.04","Oil of castor beans","2024","2024","","49","E","Estimated value"
"TI","Trade Indices","050","Bangladesh","494","Export Unit/Value Index (2014-2016 = 100)","21691.04","Oil of castor beans","2024","2024","","72","E","Estimated value"
"TI","Trade Indices","050","Bangladesh","495","Export Quantity Index (2014-2016 = 100)","21691.04","Oil of castor beans","2024","2024","","68","E","Estimated value"
"TI","Trade Indices","050","Bangladesh","462","Import Value Index (2014-2016 = 100)","21691.12","Oil of linseed","2024","2024","","134","E","Estimated value"
"TI","Trade Indices","050","Bangladesh","464","Import Unit/Value Index (2014-2016 = 100)","21691.12","Oil of linseed","2024","2024","","137","E","Estimated value"
"TI","Trade Indices","050","Bangladesh","465","Import Quantity Index (2014-2016 = 100)","21691.12","Oil of linseed","2024","2024","","97","E","Estimated value"
"TI","Trade Indices","050","Bangladesh","492","Export Value Index (2014-2016 = 100)","21691.12","Oil of linseed","2024","2024","","43","E","Estimated value"
"TI","Trade Indices","050","Bangladesh","494","Export Unit/Value Index (2014-2016 = 100)","21691.12","Oil of linseed","2024","2024","","31","E","Estimated value"
"TI","Trade Indices","050","Bangladesh","495","Export Quantity Index (2014-2016 = 100)","21691.12","Oil of linseed","2024","2024","","141","E","Estimated value"
"TI","Trade Indices","050","Bangladesh","462","Import Value Index (2014-2016 = 100)","21691.02","Oil of maize","2024","2024","","55","E","Estimated value"
"TI","Trade Indices","050","Bangladesh","464","Import Unit/Value Index (2014-2016 = 100)","21691.02","Oil of maize","2024","2024","","118","E","Estimated value"
"TI","Trade Indices","050","Bangladesh","465","Import Quantity Index (2014-2016 = 100)","21691.02","Oil of maize","2024","2024","","46","E","Estimated value"
"TI","Trade Indices","050","Bangladesh","492","Export Value Index (2014-2016 = 100)","21691.02","Oil of maize","2024","2024","","2705170","E","Estimated value"
"TI","Trade Indices","050","Bangladesh","494","Export Unit/Value Index (2014-2016 = 100)","21691.02","Oil of maize","2024","2024","","121","E","Estimated value"
"TI","Trade Indices","050","Bangladesh","495","Export Quantity Index (2014-2016 = 100)","21691.02","Oil of maize","2024","2024","","2230620","E","Estimated value"
"TI","Trade Indices","050","Bangladesh","462","Import Value Index (2014-2016 = 100)","21691.14","Oil of palm kernel","2024","2024","","87","E","Estimated value"
"TI","Trade Indices","050","Bangladesh","464","Import Unit/Value Index (2014-2016 = 100)","21691.14","Oil of palm kernel","2024","2024","","123","E","Estimated value"
"TI","Trade Indices","050","Bangladesh","465","Import Quantity Index (2014-2016 = 100)","21691.14","Oil of palm kernel","2024","2024","","70","E","Estimated value"
"TI","Trade Indices","050","Bangladesh","462","Import Value Index (2014-2016 = 100)","2167","Olive oil","2024","2024","","87","E","Estimated value"
"TI","Trade Indices","050","Bangladesh","464","Import Unit/Value Index (2014-2016 = 100)","2167","Olive oil","2024","2024","","166","E","Estimated value"
"TI","Trade Indices","050","Bangladesh","465","Import Quantity Index (2014-2016 = 100)","2167","Olive oil","2024","2024","","53","E","Estimated value"
"TI","Trade Indices","050","Bangladesh","492","Export Value Index (2014-2016 = 100)","2167","Olive oil","2024","2024","","82","E","Estimated value"
"TI","Trade Indices","050","Bangladesh","494","Export Unit/Value Index (2014-2016 = 100)","2167","Olive oil","2024","2024","","94","E","Estimated value"
"TI","Trade Indices","050","Bangladesh","495","Export Quantity Index (2014-2016 = 100)","2167","Olive oil","2024","2024","","90","E","Estimated value"
"TI","Trade Indices","050","Bangladesh","462","Import Value Index (2014-2016 = 100)","01253.02","Onions and shallots, dry (excluding dehydrated)","2024","2024","","171","E","Estimated value"
"TI","Trade Indices","050","Bangladesh","464","Import Unit/Value Index (2014-2016 = 100)","01253.02","Onions and shallots, dry (excluding dehydrated)","2024","2024","","157","E","Estimated value"
"TI","Trade Indices","050","Bangladesh","465","Import Quantity Index (2014-2016 = 100)","01253.02","Onions and shallots, dry (excluding dehydrated)","2024","2024","","114","E","Estimated value"
"TI","Trade Indices","050","Bangladesh","492","Export Value Index (2014-2016 = 100)","01253.02","Onions and shallots, dry (excluding dehydrated)","2024","2024","","85","E","Estimated value"
"TI","Trade Indices","050","Bangladesh","494","Export Unit/Value Index (2014-2016 = 100)","01253.02","Onions and shallots, dry (excluding dehydrated)","2024","2024","","381","E","Estimated value"
"TI","Trade Indices","050","Bangladesh","495","Export Quantity Index (2014-2016 = 100)","01253.02","Onions and shallots, dry (excluding dehydrated)","2024","2024","","23","E","Estimated value"
"TI","Trade Indices","050","Bangladesh","462","Import Value Index (2014-2016 = 100)","01323","Oranges","2024","2024","","256","E","Estimated value"
"TI","Trade Indices","050","Bangladesh","464","Import Unit/Value Index (2014-2016 = 100)","01323","Oranges","2024","2024","","99","E","Estimated value"
"TI","Trade Indices","050","Bangladesh","465","Import Quantity Index (2014-2016 = 100)","01323","Oranges","2024","2024","","234","E","Estimated value"
"TI","Trade Indices","050","Bangladesh","492","Export Value Index (2014-2016 = 100)","01323","Oranges","2024","2024","","933","E","Estimated value"
"TI","Trade Indices","050","Bangladesh","494","Export Unit/Value Index (2014-2016 = 100)","01323","Oranges","2024","2024","","70","E","Estimated value"
"TI","Trade Indices","050","Bangladesh","495","Export Quantity Index (2014-2016 = 100)","01323","Oranges","2024","2024","","1070","E","Estimated value"
"TI","Trade Indices","050","Bangladesh","462","Import Value Index (2014-2016 = 100)","01329","Other citrus fruit, n.e.c.","2024","2024","","72","E","Estimated value"
"TI","Trade Indices","050","Bangladesh","464","Import Unit/Value Index (2014-2016 = 100)","01329","Other citrus fruit, n.e.c.","2024","2024","","68","E","Estimated value"
"TI","Trade Indices","050","Bangladesh","465","Import Quantity Index (2014-2016 = 100)","01329","Other citrus fruit, n.e.c.","2024","2024","","107","E","Estimated value"
"TI","Trade Indices","050","Bangladesh","492","Export Value Index (2014-2016 = 100)","01329","Other citrus fruit, n.e.c.","2024","2024","","244","E","Estimated value"
"TI","Trade Indices","050","Bangladesh","494","Export Unit/Value Index (2014-2016 = 100)","01329","Other citrus fruit, n.e.c.","2024","2024","","77","E","Estimated value"
"TI","Trade Indices","050","Bangladesh","495","Export Quantity Index (2014-2016 = 100)","01329","Other citrus fruit, n.e.c.","2024","2024","","316","E","Estimated value"
"TI","Trade Indices","050","Bangladesh","462","Import Value Index (2014-2016 = 100)","21419.99","Other fruit n.e.c., dried","2024","2024","","152","E","Estimated value"
"TI","Trade Indices","050","Bangladesh","464","Import Unit/Value Index (2014-2016 = 100)","21419.99","Other fruit n.e.c., dried","2024","2024","","80","E","Estimated value"
"TI","Trade Indices","050","Bangladesh","465","Import Quantity Index (2014-2016 = 100)","21419.99","Other fruit n.e.c., dried","2024","2024","","161","E","Estimated value"
"TI","Trade Indices","050","Bangladesh","492","Export Value Index (2014-2016 = 100)","21419.99","Other fruit n.e.c., dried","2024","2024","","90","E","Estimated value"
"TI","Trade Indices","050","Bangladesh","494","Export Unit/Value Index (2014-2016 = 100)","21419.99","Other fruit n.e.c., dried","2024","2024","","239","E","Estimated value"
"TI","Trade Indices","050","Bangladesh","495","Export Quantity Index (2014-2016 = 100)","21419.99","Other fruit n.e.c., dried","2024","2024","","49","E","Estimated value"
"TI","Trade Indices","050","Bangladesh","462","Import Value Index (2014-2016 = 100)","01359.90","Other fruits, n.e.c.","2024","2024","","197","E","Estimated value"
"TI","Trade Indices","050","Bangladesh","464","Import Unit/Value Index (2014-2016 = 100)","01359.90","Other fruits, n.e.c.","2024","2024","","73","E","Estimated value"
"TI","Trade Indices","050","Bangladesh","465","Import Quantity Index (2014-2016 = 100)","01359.90","Other fruits, n.e.c.","2024","2024","","262","E","Estimated value"
"TI","Trade Indices","050","Bangladesh","492","Export Value Index (2014-2016 = 100)","01359.90","Other fruits, n.e.c.","2024","2024","","347","E","Estimated value"
"TI","Trade Indices","050","Bangladesh","494","Export Unit/Value Index (2014-2016 = 100)","01359.90","Other fruits, n.e.c.","2024","2024","","106","E","Estimated value"
"TI","Trade Indices","050","Bangladesh","495","Export Quantity Index (2014-2016 = 100)","01359.90","Other fruits, n.e.c.","2024","2024","","296","E","Estimated value"
"TI","Trade Indices","050","Bangladesh","462","Import Value Index (2014-2016 = 100)","25090","Other manufactured tobacco and manufactured tobacco substitutes; "homogenized" or "reconstituted" tobacco; tobacco extracts and essences","2024","2024","","80","E","Estimated value"
"TI","Trade Indices","050","Bangladesh","464","Import Unit/Value Index (2014-2016 = 100)","25090","Other manufactured tobacco and manufactured tobacco substitutes; "homogenized" or "reconstituted" tobacco; tobacco extracts and essences","2024","2024","","57","E","Estimated value"
"TI","Trade Indices","050","Bangladesh","465","Import Quantity Index (2014-2016 = 100)","25090","Other manufactured tobacco and manufactured tobacco substitutes; "homogenized" or "reconstituted" tobacco; tobacco extracts and essences","2024","2024","","134","E","Estimated value"
"TI","Trade Indices","050","Bangladesh","492","Export Value Index (2014-2016 = 100)","25090","Other manufactured tobacco and manufactured tobacco substitutes; "homogenized" or "reconstituted" tobacco; tobacco extracts and essences","2024","2024","","13","E","Estimated value"
"TI","Trade Indices","050","Bangladesh","494","Export Unit/Value Index (2014-2016 = 100)","25090","Other manufactured tobacco and manufactured tobacco substitutes; "homogenized" or "reconstituted" tobacco; tobacco extracts and essences","2024","2024","","264","E","Estimated value"
"TI","Trade Indices","050","Bangladesh","495","Export Quantity Index (2014-2016 = 100)","25090","Other manufactured tobacco and manufactured tobacco substitutes; "homogenized" or "reconstituted" tobacco; tobacco extracts and essences","2024","2024","","4","E","Estimated value"
"TI","Trade Indices","050","Bangladesh","462","Import Value Index (2014-2016 = 100)","21183","Other meat and edible meat offal, salted, in brine, dried or smoked; edible flours and meals of meat or meat offal","2024","2024","","202","E","Estimated value"
"TI","Trade Indices","050","Bangladesh","464","Import Unit/Value Index (2014-2016 = 100)","21183","Other meat and edible meat offal, salted, in brine, dried or smoked; edible flours and meals of meat or meat offal","2024","2024","","150","E","Estimated value"
"TI","Trade Indices","050","Bangladesh","465","Import Quantity Index (2014-2016 = 100)","21183","Other meat and edible meat offal, salted, in brine, dried or smoked; edible flours and meals of meat or meat offal","2024","2024","","120","E","Estimated value"
"TI","Trade Indices","050","Bangladesh","492","Export Value Index (2014-2016 = 100)","21183","Other meat and edible meat offal, salted, in brine, dried or smoked; edible flours and meals of meat or meat offal","2024","2024","","315","E","Estimated value"
"TI","Trade Indices","050","Bangladesh","494","Export Unit/Value Index (2014-2016 = 100)","21183","Other meat and edible meat offal, salted, in brine, dried or smoked; edible flours and meals of meat or meat offal","2024","2024","","401","E","Estimated value"
"TI","Trade Indices","050","Bangladesh","495","Export Quantity Index (2014-2016 = 100)","21183","Other meat and edible meat offal, salted, in brine, dried or smoked; edible flours and meals of meat or meat offal","2024","2024","","79","E","Estimated value"
"TI","Trade Indices","050","Bangladesh","462","Import Value Index (2014-2016 = 100)","21691.90","Other oil of vegetable origin, crude n.e.c.","2024","2024","","1838","E","Estimated value"
"TI","Trade Indices","050","Bangladesh","464","Import Unit/Value Index (2014-2016 = 100)","21691.90","Other oil of vegetable origin, crude n.e.c.","2024","2024","","59","E","Estimated value"
"TI","Trade Indices","050","Bangladesh","465","Import Quantity Index (2014-2016 = 100)","21691.90","Other oil of vegetable origin, crude n.e.c.","2024","2024","","2616","E","Estimated value"
"TI","Trade Indices","050","Bangladesh","492","Export Value Index (2014-2016 = 100)","21691.90","Other oil of vegetable origin, crude n.e.c.","2024","2024","","1412","E","Estimated value"
"TI","Trade Indices","050","Bangladesh","494","Export Unit/Value Index (2014-2016 = 100)","21691.90","Other oil of vegetable origin, crude n.e.c.","2024","2024","","94","E","Estimated value"
"TI","Trade Indices","050","Bangladesh","495","Export Quantity Index (2014-2016 = 100)","21691.90","Other oil of vegetable origin, crude n.e.c.","2024","2024","","1444","E","Estimated value"
"TI","Trade Indices","050","Bangladesh","462","Import Value Index (2014-2016 = 100)","01709.90","Other pulses n.e.c.","2024","2024","","191","E","Estimated value"
"TI","Trade Indices","050","Bangladesh","464","Import Unit/Value Index (2014-2016 = 100)","01709.90","Other pulses n.e.c.","2024","2024","","118","E","Estimated value"
"TI","Trade Indices","050","Bangladesh","465","Import Quantity Index (2014-2016 = 100)","01709.90","Other pulses n.e.c.","2024","2024","","162","E","Estimated value"
"TI","Trade Indices","050","Bangladesh","492","Export Value Index (2014-2016 = 100)","01709.90","Other pulses n.e.c.","2024","2024","","122","E","Estimated value"
"TI","Trade Indices","050","Bangladesh","494","Export Unit/Value Index (2014-2016 = 100)","01709.90","Other pulses n.e.c.","2024","2024","","37","E","Estimated value"
"TI","Trade Indices","050","Bangladesh","495","Export Quantity Index (2014-2016 = 100)","01709.90","Other pulses n.e.c.","2024","2024","","317","E","Estimated value"
"TI","Trade Indices","050","Bangladesh","462","Import Value Index (2014-2016 = 100)","01699","Other stimulant, spice and aromatic crops, n.e.c.","2024","2024","","269","E","Estimated value"
"TI","Trade Indices","050","Bangladesh","464","Import Unit/Value Index (2014-2016 = 100)","01699","Other stimulant, spice and aromatic crops, n.e.c.","2024","2024","","118","E","Estimated value"
"TI","Trade Indices","050","Bangladesh","465","Import Quantity Index (2014-2016 = 100)","01699","Other stimulant, spice and aromatic crops, n.e.c.","2024","2024","","224","E","Estimated value"
"TI","Trade Indices","050","Bangladesh","492","Export Value Index (2014-2016 = 100)","01699","Other stimulant, spice and aromatic crops, n.e.c.","2024","2024","","223","E","Estimated value"
"TI","Trade Indices","050","Bangladesh","494","Export Unit/Value Index (2014-2016 = 100)","01699","Other stimulant, spice and aromatic crops, n.e.c.","2024","2024","","125","E","Estimated value"
"TI","Trade Indices","050","Bangladesh","495","Export Quantity Index (2014-2016 = 100)","01699","Other stimulant, spice and aromatic crops, n.e.c.","2024","2024","","180","E","Estimated value"
"TI","Trade Indices","050","Bangladesh","462","Import Value Index (2014-2016 = 100)","01290.90","Other vegetables, fresh n.e.c.","2024","2024","","390","E","Estimated value"
"TI","Trade Indices","050","Bangladesh","464","Import Unit/Value Index (2014-2016 = 100)","01290.90","Other vegetables, fresh n.e.c.","2024","2024","","90","E","Estimated value"
"TI","Trade Indices","050","Bangladesh","465","Import Quantity Index (2014-2016 = 100)","01290.90","Other vegetables, fresh n.e.c.","2024","2024","","376","E","Estimated value"
"TI","Trade Indices","050","Bangladesh","492","Export Value Index (2014-2016 = 100)","01290.90","Other vegetables, fresh n.e.c.","2024","2024","","41","E","Estimated value"
"TI","Trade Indices","050","Bangladesh","494","Export Unit/Value Index (2014-2016 = 100)","01290.90","Other vegetables, fresh n.e.c.","2024","2024","","92","E","Estimated value"
"TI","Trade Indices","050","Bangladesh","495","Export Quantity Index (2014-2016 = 100)","01290.90","Other vegetables, fresh n.e.c.","2024","2024","","42","E","Estimated value"
"TI","Trade Indices","050","Bangladesh","462","Import Value Index (2014-2016 = 100)","2165","Palm oil","2024","2024","","114","E","Estimated value"
"TI","Trade Indices","050","Bangladesh","464","Import Unit/Value Index (2014-2016 = 100)","2165","Palm oil","2024","2024","","142","E","Estimated value"
"TI","Trade Indices","050","Bangladesh","465","Import Quantity Index (2014-2016 = 100)","2165","Palm oil","2024","2024","","77","E","Estimated value"
"TI","Trade Indices","050","Bangladesh","492","Export Value Index (2014-2016 = 100)","2165","Palm oil","2024","2024","","581","E","Estimated value"
"TI","Trade Indices","050","Bangladesh","494","Export Unit/Value Index (2014-2016 = 100)","2165","Palm oil","2024","2024","","121","E","Estimated value"
"TI","Trade Indices","050","Bangladesh","495","Export Quantity Index (2014-2016 = 100)","2165","Palm oil","2024","2024","","328","E","Estimated value"
"TI","Trade Indices","050","Bangladesh","462","Import Value Index (2014-2016 = 100)","F0022","Pastry","2024","2024","","116","E","Estimated value"
"TI","Trade Indices","050","Bangladesh","464","Import Unit/Value Index (2014-2016 = 100)","F0022","Pastry","2024","2024","","134","E","Estimated value"
"TI","Trade Indices","050","Bangladesh","465","Import Quantity Index (2014-2016 = 100)","F0022","Pastry","2024","2024","","92","E","Estimated value"
"TI","Trade Indices","050","Bangladesh","492","Export Value Index (2014-2016 = 100)","F0022","Pastry","2024","2024","","286","E","Estimated value"
"TI","Trade Indices","050","Bangladesh","494","Export Unit/Value Index (2014-2016 = 100)","F0022","Pastry","2024","2024","","86","E","Estimated value"
"TI","Trade Indices","050","Bangladesh","495","Export Quantity Index (2014-2016 = 100)","F0022","Pastry","2024","2024","","335","E","Estimated value"
"TI","Trade Indices","050","Bangladesh","462","Import Value Index (2014-2016 = 100)","01345","Peaches and nectarines","2024","2024","","76","E","Estimated value"
"TI","Trade Indices","050","Bangladesh","464","Import Unit/Value Index (2014-2016 = 100)","01345","Peaches and nectarines","2024","2024","","141","E","Estimated value"
"TI","Trade Indices","050","Bangladesh","465","Import Quantity Index (2014-2016 = 100)","01345","Peaches and nectarines","2024","2024","","39","E","Estimated value"
"TI","Trade Indices","050","Bangladesh","462","Import Value Index (2014-2016 = 100)","01342.01","Pears","2024","2024","","191","E","Estimated value"
"TI","Trade Indices","050","Bangladesh","464","Import Unit/Value Index (2014-2016 = 100)","01342.01","Pears","2024","2024","","162","E","Estimated value"
"TI","Trade Indices","050","Bangladesh","465","Import Quantity Index (2014-2016 = 100)","01342.01","Pears","2024","2024","","135","E","Estimated value"
"TI","Trade Indices","050","Bangladesh","462","Import Value Index (2014-2016 = 100)","01651","Pepper (Piper spp.), raw","2024","2024","","28","E","Estimated value"
"TI","Trade Indices","050","Bangladesh","464","Import Unit/Value Index (2014-2016 = 100)","01651","Pepper (Piper spp.), raw","2024","2024","","87","E","Estimated value"
"TI","Trade Indices","050","Bangladesh","465","Import Quantity Index (2014-2016 = 100)","01651","Pepper (Piper spp.), raw","2024","2024","","34","E","Estimated value"
"TI","Trade Indices","050","Bangladesh","492","Export Value Index (2014-2016 = 100)","01651","Pepper (Piper spp.), raw","2024","2024","","234","E","Estimated value"
"TI","Trade Indices","050","Bangladesh","494","Export Unit/Value Index (2014-2016 = 100)","01651","Pepper (Piper spp.), raw","2024","2024","","161","E","Estimated value"
"TI","Trade Indices","050","Bangladesh","495","Export Quantity Index (2014-2016 = 100)","01651","Pepper (Piper spp.), raw","2024","2024","","133","E","Estimated value"
"TI","Trade Indices","050","Bangladesh","462","Import Value Index (2014-2016 = 100)","01318","Pineapples","2024","2024","","6294","E","Estimated value"
"TI","Trade Indices","050","Bangladesh","464","Import Unit/Value Index (2014-2016 = 100)","01318","Pineapples","2024","2024","","76","E","Estimated value"
"TI","Trade Indices","050","Bangladesh","465","Import Quantity Index (2014-2016 = 100)","01318","Pineapples","2024","2024","","1645","E","Estimated value"
"TI","Trade Indices","050","Bangladesh","492","Export Value Index (2014-2016 = 100)","01318","Pineapples","2024","2024","","550","E","Estimated value"
"TI","Trade Indices","050","Bangladesh","494","Export Unit/Value Index (2014-2016 = 100)","01318","Pineapples","2024","2024","","103","E","Estimated value"
"TI","Trade Indices","050","Bangladesh","495","Export Quantity Index (2014-2016 = 100)","01318","Pineapples","2024","2024","","187","E","Estimated value"
"TI","Trade Indices","050","Bangladesh","462","Import Value Index (2014-2016 = 100)","21491","Pineapples, otherwise prepared or preserved","2024","2024","","15","E","Estimated value"
"TI","Trade Indices","050","Bangladesh","464","Import Unit/Value Index (2014-2016 = 100)","21491","Pineapples, otherwise prepared or preserved","2024","2024","","122","E","Estimated value"
"TI","Trade Indices","050","Bangladesh","465","Import Quantity Index (2014-2016 = 100)","21491","Pineapples, otherwise prepared or preserved","2024","2024","","14","E","Estimated value"
"TI","Trade Indices","050","Bangladesh","492","Export Value Index (2014-2016 = 100)","21491","Pineapples, otherwise prepared or preserved","2024","2024","","0","E","Estimated value"
"TI","Trade Indices","050","Bangladesh","494","Export Unit/Value Index (2014-2016 = 100)","21491","Pineapples, otherwise prepared or preserved","2024","2024","","169","E","Estimated value"
"TI","Trade Indices","050","Bangladesh","495","Export Quantity Index (2014-2016 = 100)","21491","Pineapples, otherwise prepared or preserved","2024","2024","","0","E","Estimated value"
"TI","Trade Indices","050","Bangladesh","462","Import Value Index (2014-2016 = 100)","01510","Potatoes","2024","2024","","471","E","Estimated value"
"TI","Trade Indices","050","Bangladesh","464","Import Unit/Value Index (2014-2016 = 100)","01510","Potatoes","2024","2024","","33","E","Estimated value"
"TI","Trade Indices","050","Bangladesh","465","Import Quantity Index (2014-2016 = 100)","01510","Potatoes","2024","2024","","1399","E","Estimated value"
"TI","Trade Indices","050","Bangladesh","492","Export Value Index (2014-2016 = 100)","01510","Potatoes","2024","2024","","12","E","Estimated value"
"TI","Trade Indices","050","Bangladesh","494","Export Unit/Value Index (2014-2016 = 100)","01510","Potatoes","2024","2024","","112","E","Estimated value"
"TI","Trade Indices","050","Bangladesh","495","Export Quantity Index (2014-2016 = 100)","01510","Potatoes","2024","2024","","11","E","Estimated value"
"TI","Trade Indices","050","Bangladesh","462","Import Value Index (2014-2016 = 100)","21411","Raisins","2024","2024","","97","E","Estimated value"
"TI","Trade Indices","050","Bangladesh","464","Import Unit/Value Index (2014-2016 = 100)","21411","Raisins","2024","2024","","165","E","Estimated value"
"TI","Trade Indices","050","Bangladesh","465","Import Quantity Index (2014-2016 = 100)","21411","Raisins","2024","2024","","58","E","Estimated value"
"TI","Trade Indices","050","Bangladesh","492","Export Value Index (2014-2016 = 100)","21411","Raisins","2024","2024","","6","E","Estimated value"
"TI","Trade Indices","050","Bangladesh","494","Export Unit/Value Index (2014-2016 = 100)","21411","Raisins","2024","2024","","76","E","Estimated value"
"TI","Trade Indices","050","Bangladesh","495","Export Quantity Index (2014-2016 = 100)","21411","Raisins","2024","2024","","11","E","Estimated value"
"TI","Trade Indices","050","Bangladesh","462","Import Value Index (2014-2016 = 100)","01443","Rape or colza seed","2024","2024","","378","E","Estimated value"
"TI","Trade Indices","050","Bangladesh","464","Import Unit/Value Index (2014-2016 = 100)","01443","Rape or colza seed","2024","2024","","123","E","Estimated value"
"TI","Trade Indices","050","Bangladesh","465","Import Quantity Index (2014-2016 = 100)","01443","Rape or colza seed","2024","2024","","303","E","Estimated value"
"TI","Trade Indices","050","Bangladesh","492","Export Value Index (2014-2016 = 100)","01443","Rape or colza seed","2024","2024","","172","E","Estimated value"
"TI","Trade Indices","050","Bangladesh","494","Export Unit/Value Index (2014-2016 = 100)","01443","Rape or colza seed","2024","2024","","181","E","Estimated value"
"TI","Trade Indices","050","Bangladesh","495","Export Quantity Index (2014-2016 = 100)","01443","Rape or colza seed","2024","2024","","68","E","Estimated value"
"TI","Trade Indices","050","Bangladesh","462","Import Value Index (2014-2016 = 100)","21641.01","Rapeseed or canola oil, crude","2024","2024","","37","E","Estimated value"
"TI","Trade Indices","050","Bangladesh","464","Import Unit/Value Index (2014-2016 = 100)","21641.01","Rapeseed or canola oil, crude","2024","2024","","156","E","Estimated value"
"TI","Trade Indices","050","Bangladesh","465","Import Quantity Index (2014-2016 = 100)","21641.01","Rapeseed or canola oil, crude","2024","2024","","20","E","Estimated value"
"TI","Trade Indices","050","Bangladesh","492","Export Value Index (2014-2016 = 100)","21641.01","Rapeseed or canola oil, crude","2024","2024","","162","E","Estimated value"
"TI","Trade Indices","050","Bangladesh","494","Export Unit/Value Index (2014-2016 = 100)","21641.01","Rapeseed or canola oil, crude","2024","2024","","115","E","Estimated value"
"TI","Trade Indices","050","Bangladesh","495","Export Quantity Index (2014-2016 = 100)","21641.01","Rapeseed or canola oil, crude","2024","2024","","136","E","Estimated value"
"TI","Trade Indices","050","Bangladesh","462","Import Value Index (2014-2016 = 100)","2351f","Raw cane or beet sugar (centrifugal only)","2024","2024","","109","E","Estimated value"
"TI","Trade Indices","050","Bangladesh","464","Import Unit/Value Index (2014-2016 = 100)","2351f","Raw cane or beet sugar (centrifugal only)","2024","2024","","136","E","Estimated value"
"TI","Trade Indices","050","Bangladesh","465","Import Quantity Index (2014-2016 = 100)","2351f","Raw cane or beet sugar (centrifugal only)","2024","2024","","79","E","Estimated value"
"TI","Trade Indices","050","Bangladesh","492","Export Value Index (2014-2016 = 100)","2351f","Raw cane or beet sugar (centrifugal only)","2024","2024","","124","E","Estimated value"
"TI","Trade Indices","050","Bangladesh","494","Export Unit/Value Index (2014-2016 = 100)","2351f","Raw cane or beet sugar (centrifugal only)","2024","2024","","483","E","Estimated value"
"TI","Trade Indices","050","Bangladesh","495","Export Quantity Index (2014-2016 = 100)","2351f","Raw cane or beet sugar (centrifugal only)","2024","2024","","25","E","Estimated value"
"TI","Trade Indices","050","Bangladesh","462","Import Value Index (2014-2016 = 100)","02211","Raw milk of cattle","2024","2024","","95","E","Estimated value"
"TI","Trade Indices","050","Bangladesh","464","Import Unit/Value Index (2014-2016 = 100)","02211","Raw milk of cattle","2024","2024","","94","E","Estimated value"
"TI","Trade Indices","050","Bangladesh","465","Import Quantity Index (2014-2016 = 100)","02211","Raw milk of cattle","2024","2024","","88","E","Estimated value"
"TI","Trade Indices","050","Bangladesh","492","Export Value Index (2014-2016 = 100)","02211","Raw milk of cattle","2024","2024","","3195","E","Estimated value"
"TI","Trade Indices","050","Bangladesh","494","Export Unit/Value Index (2014-2016 = 100)","02211","Raw milk of cattle","2024","2024","","50","E","Estimated value"
"TI","Trade Indices","050","Bangladesh","495","Export Quantity Index (2014-2016 = 100)","02211","Raw milk of cattle","2024","2024","","3401","E","Estimated value"
"TI","Trade Indices","050","Bangladesh","462","Import Value Index (2014-2016 = 100)","26110","Raw silk (not thrown)","2024","2024","","181","E","Estimated value"
"TI","Trade Indices","050","Bangladesh","464","Import Unit/Value Index (2014-2016 = 100)","26110","Raw silk (not thrown)","2024","2024","","89","E","Estimated value"
"TI","Trade Indices","050","Bangladesh","465","Import Quantity Index (2014-2016 = 100)","26110","Raw silk (not thrown)","2024","2024","","207","E","Estimated value"
"TI","Trade Indices","050","Bangladesh","492","Export Value Index (2014-2016 = 100)","26110","Raw silk (not thrown)","2024","2024","","20","E","Estimated value"
"TI","Trade Indices","050","Bangladesh","494","Export Unit/Value Index (2014-2016 = 100)","26110","Raw silk (not thrown)","2024","2024","","2","E","Estimated value"
"TI","Trade Indices","050","Bangladesh","495","Export Quantity Index (2014-2016 = 100)","26110","Raw silk (not thrown)","2024","2024","","185","E","Estimated value"
"TI","Trade Indices","050","Bangladesh","462","Import Value Index (2014-2016 = 100)","23520","Refined sugar","2024","2024","","871","E","Estimated value"
"TI","Trade Indices","050","Bangladesh","464","Import Unit/Value Index (2014-2016 = 100)","23520","Refined sugar","2024","2024","","126","E","Estimated value"
"TI","Trade Indices","050","Bangladesh","465","Import Quantity Index (2014-2016 = 100)","23520","Refined sugar","2024","2024","","617","E","Estimated value"
"TI","Trade Indices","050","Bangladesh","492","Export Value Index (2014-2016 = 100)","23520","Refined sugar","2024","2024","","1","E","Estimated value"
"TI","Trade Indices","050","Bangladesh","494","Export Unit/Value Index (2014-2016 = 100)","23520","Refined sugar","2024","2024","","661","E","Estimated value"
"TI","Trade Indices","050","Bangladesh","495","Export Quantity Index (2014-2016 = 100)","23520","Refined sugar","2024","2024","","0","E","Estimated value"
"TI","Trade Indices","050","Bangladesh","462","Import Value Index (2014-2016 = 100)","23161.02","Rice, milled","2024","2024","","58","E","Estimated value"
"TI","Trade Indices","050","Bangladesh","464","Import Unit/Value Index (2014-2016 = 100)","23161.02","Rice, milled","2024","2024","","111","E","Estimated value"
"TI","Trade Indices","050","Bangladesh","465","Import Quantity Index (2014-2016 = 100)","23161.02","Rice, milled","2024","2024","","44","E","Estimated value"
"TI","Trade Indices","050","Bangladesh","492","Export Value Index (2014-2016 = 100)","23161.02","Rice, milled","2024","2024","","83","E","Estimated value"
"TI","Trade Indices","050","Bangladesh","494","Export Unit/Value Index (2014-2016 = 100)","23161.02","Rice, milled","2024","2024","","125","E","Estimated value"
"TI","Trade Indices","050","Bangladesh","495","Export Quantity Index (2014-2016 = 100)","23161.02","Rice, milled","2024","2024","","52","E","Estimated value"
"TI","Trade Indices","050","Bangladesh","462","Import Value Index (2014-2016 = 100)","01446","Safflower seed","2024","2024","","20","E","Estimated value"
"TI","Trade Indices","050","Bangladesh","464","Import Unit/Value Index (2014-2016 = 100)","01446","Safflower seed","2024","2024","","2","E","Estimated value"
"TI","Trade Indices","050","Bangladesh","465","Import Quantity Index (2014-2016 = 100)","01446","Safflower seed","2024","2024","","80","E","Estimated value"
"TI","Trade Indices","050","Bangladesh","462","Import Value Index (2014-2016 = 100)","21184.02","Sausages and similar products of meat, offal or blood of pig","2024","2024","","641","E","Estimated value"
"TI","Trade Indices","050","Bangladesh","464","Import Unit/Value Index (2014-2016 = 100)","21184.02","Sausages and similar products of meat, offal or blood of pig","2024","2024","","87","E","Estimated value"
"TI","Trade Indices","050","Bangladesh","465","Import Quantity Index (2014-2016 = 100)","21184.02","Sausages and similar products of meat, offal or blood of pig","2024","2024","","726","E","Estimated value"
"TI","Trade Indices","050","Bangladesh","462","Import Value Index (2014-2016 = 100)","01444","Sesame seed","2024","2024","","805","E","Estimated value"
"TI","Trade Indices","050","Bangladesh","464","Import Unit/Value Index (2014-2016 = 100)","01444","Sesame seed","2024","2024","","114","E","Estimated value"
"TI","Trade Indices","050","Bangladesh","465","Import Quantity Index (2014-2016 = 100)","01444","Sesame seed","2024","2024","","475","E","Estimated value"
"TI","Trade Indices","050","Bangladesh","492","Export Value Index (2014-2016 = 100)","01444","Sesame seed","2024","2024","","81","E","Estimated value"
"TI","Trade Indices","050","Bangladesh","494","Export Unit/Value Index (2014-2016 = 100)","01444","Sesame seed","2024","2024","","94","E","Estimated value"
"TI","Trade Indices","050","Bangladesh","495","Export Quantity Index (2014-2016 = 100)","01444","Sesame seed","2024","2024","","87","E","Estimated value"
"TI","Trade Indices","050","Bangladesh","462","Import Value Index (2014-2016 = 100)","22212","Skim milk and whey powder","2024","2024","","131","E","Estimated value"
"TI","Trade Indices","050","Bangladesh","464","Import Unit/Value Index (2014-2016 = 100)","22212","Skim milk and whey powder","2024","2024","","112","E","Estimated value"
"TI","Trade Indices","050","Bangladesh","465","Import Quantity Index (2014-2016 = 100)","22212","Skim milk and whey powder","2024","2024","","115","E","Estimated value"
"TI","Trade Indices","050","Bangladesh","492","Export Value Index (2014-2016 = 100)","22212","Skim milk and whey powder","2024","2024","","11","E","Estimated value"
"TI","Trade Indices","050","Bangladesh","494","Export Unit/Value Index (2014-2016 = 100)","22212","Skim milk and whey powder","2024","2024","","15","E","Estimated value"
"TI","Trade Indices","050","Bangladesh","495","Export Quantity Index (2014-2016 = 100)","22212","Skim milk and whey powder","2024","2024","","50","E","Estimated value"
"TI","Trade Indices","050","Bangladesh","462","Import Value Index (2014-2016 = 100)","22221.02","Skim milk, evaporated","2024","2024","","39","E","Estimated value"
"TI","Trade Indices","050","Bangladesh","464","Import Unit/Value Index (2014-2016 = 100)","22221.02","Skim milk, evaporated","2024","2024","","65","E","Estimated value"
"TI","Trade Indices","050","Bangladesh","465","Import Quantity Index (2014-2016 = 100)","22221.02","Skim milk, evaporated","2024","2024","","62","E","Estimated value"
"TI","Trade Indices","050","Bangladesh","492","Export Value Index (2014-2016 = 100)","22221.02","Skim milk, evaporated","2024","2024","","31","E","Estimated value"
"TI","Trade Indices","050","Bangladesh","494","Export Unit/Value Index (2014-2016 = 100)","22221.02","Skim milk, evaporated","2024","2024","","11","E","Estimated value"
"TI","Trade Indices","050","Bangladesh","495","Export Quantity Index (2014-2016 = 100)","22221.02","Skim milk, evaporated","2024","2024","","43","E","Estimated value"
"TI","Trade Indices","050","Bangladesh","462","Import Value Index (2014-2016 = 100)","02953.04","Skins, dry-salted of sheep","2024","2024","","0","E","Estimated value"
"TI","Trade Indices","050","Bangladesh","464","Import Unit/Value Index (2014-2016 = 100)","02953.04","Skins, dry-salted of sheep","2024","2024","","54","E","Estimated value"
"TI","Trade Indices","050","Bangladesh","465","Import Quantity Index (2014-2016 = 100)","02953.04","Skins, dry-salted of sheep","2024","2024","","0","E","Estimated value"
"TI","Trade Indices","050","Bangladesh","462","Import Value Index (2014-2016 = 100)","2161","Soya bean oil","2024","2024","","102","E","Estimated value"
"TI","Trade Indices","050","Bangladesh","464","Import Unit/Value Index (2014-2016 = 100)","2161","Soya bean oil","2024","2024","","127","E","Estimated value"
"TI","Trade Indices","050","Bangladesh","465","Import Quantity Index (2014-2016 = 100)","2161","Soya bean oil","2024","2024","","78","E","Estimated value"
"TI","Trade Indices","050","Bangladesh","492","Export Value Index (2014-2016 = 100)","2161","Soya bean oil","2024","2024","","11685139","E","Estimated value"
"TI","Trade Indices","050","Bangladesh","494","Export Unit/Value Index (2014-2016 = 100)","2161","Soya bean oil","2024","2024","","18","E","Estimated value"
"TI","Trade Indices","050","Bangladesh","495","Export Quantity Index (2014-2016 = 100)","2161","Soya bean oil","2024","2024","","63615550","E","Estimated value"
"TI","Trade Indices","050","Bangladesh","462","Import Value Index (2014-2016 = 100)","0141","Soya beans","2024","2024","","252","E","Estimated value"
"TI","Trade Indices","050","Bangladesh","464","Import Unit/Value Index (2014-2016 = 100)","0141","Soya beans","2024","2024","","104","E","Estimated value"
"TI","Trade Indices","050","Bangladesh","465","Import Quantity Index (2014-2016 = 100)","0141","Soya beans","2024","2024","","239","E","Estimated value"
"TI","Trade Indices","050","Bangladesh","492","Export Value Index (2014-2016 = 100)","0141","Soya beans","2024","2024","","5","E","Estimated value"
"TI","Trade Indices","050","Bangladesh","494","Export Unit/Value Index (2014-2016 = 100)","0141","Soya beans","2024","2024","","259","E","Estimated value"
"TI","Trade Indices","050","Bangladesh","495","Export Quantity Index (2014-2016 = 100)","0141","Soya beans","2024","2024","","1","E","Estimated value"
"TI","Trade Indices","050","Bangladesh","462","Import Value Index (2014-2016 = 100)","23210.04","Sugar and syrups n.e.c.","2024","2024","","201","E","Estimated value"
"TI","Trade Indices","050","Bangladesh","464","Import Unit/Value Index (2014-2016 = 100)","23210.04","Sugar and syrups n.e.c.","2024","2024","","100","E","Estimated value"
"TI","Trade Indices","050","Bangladesh","465","Import Quantity Index (2014-2016 = 100)","23210.04","Sugar and syrups n.e.c.","2024","2024","","199","E","Estimated value"
"TI","Trade Indices","050","Bangladesh","492","Export Value Index (2014-2016 = 100)","23210.04","Sugar and syrups n.e.c.","2024","2024","","356","E","Estimated value"
"TI","Trade Indices","050","Bangladesh","494","Export Unit/Value Index (2014-2016 = 100)","23210.04","Sugar and syrups n.e.c.","2024","2024","","90","E","Estimated value"
"TI","Trade Indices","050","Bangladesh","495","Export Quantity Index (2014-2016 = 100)","23210.04","Sugar and syrups n.e.c.","2024","2024","","293","E","Estimated value"
"TI","Trade Indices","050","Bangladesh","462","Import Value Index (2014-2016 = 100)","23670.01","Sugar confectionery","2024","2024","","86","E","Estimated value"
"TI","Trade Indices","050","Bangladesh","464","Import Unit/Value Index (2014-2016 = 100)","23670.01","Sugar confectionery","2024","2024","","155","E","Estimated value"
"TI","Trade Indices","050","Bangladesh","465","Import Quantity Index (2014-2016 = 100)","23670.01","Sugar confectionery","2024","2024","","62","E","Estimated value"
"TI","Trade Indices","050","Bangladesh","492","Export Value Index (2014-2016 = 100)","23670.01","Sugar confectionery","2024","2024","","161","E","Estimated value"
"TI","Trade Indices","050","Bangladesh","494","Export Unit/Value Index (2014-2016 = 100)","23670.01","Sugar confectionery","2024","2024","","76","E","Estimated value"
"TI","Trade Indices","050","Bangladesh","495","Export Quantity Index (2014-2016 = 100)","23670.01","Sugar confectionery","2024","2024","","193","E","Estimated value"
"TI","Trade Indices","050","Bangladesh","462","Import Value Index (2014-2016 = 100)","01445","Sunflower seed","2024","2024","","1662","E","Estimated value"
"TI","Trade Indices","050","Bangladesh","464","Import Unit/Value Index (2014-2016 = 100)","01445","Sunflower seed","2024","2024","","100","E","Estimated value"
"TI","Trade Indices","050","Bangladesh","465","Import Quantity Index (2014-2016 = 100)","01445","Sunflower seed","2024","2024","","1205","E","Estimated value"
"TI","Trade Indices","050","Bangladesh","462","Import Value Index (2014-2016 = 100)","21631.01","Sunflower-seed oil, crude","2024","2024","","455","E","Estimated value"
"TI","Trade Indices","050","Bangladesh","464","Import Unit/Value Index (2014-2016 = 100)","21631.01","Sunflower-seed oil, crude","2024","2024","","101","E","Estimated value"
"TI","Trade Indices","050","Bangladesh","465","Import Quantity Index (2014-2016 = 100)","21631.01","Sunflower-seed oil, crude","2024","2024","","448","E","Estimated value"
"TI","Trade Indices","050","Bangladesh","462","Import Value Index (2014-2016 = 100)","21523","Tallow","2024","2024","","125","E","Estimated value"
"TI","Trade Indices","050","Bangladesh","464","Import Unit/Value Index (2014-2016 = 100)","21523","Tallow","2024","2024","","189","E","Estimated value"
"TI","Trade Indices","050","Bangladesh","465","Import Quantity Index (2014-2016 = 100)","21523","Tallow","2024","2024","","45","E","Estimated value"
"TI","Trade Indices","050","Bangladesh","462","Import Value Index (2014-2016 = 100)","01620","Tea leaves","2024","2024","","4","E","Estimated value"
"TI","Trade Indices","050","Bangladesh","464","Import Unit/Value Index (2014-2016 = 100)","01620","Tea leaves","2024","2024","","222","E","Estimated value"
"TI","Trade Indices","050","Bangladesh","465","Import Quantity Index (2014-2016 = 100)","01620","Tea leaves","2024","2024","","2","E","Estimated value"
"TI","Trade Indices","050","Bangladesh","492","Export Value Index (2014-2016 = 100)","01620","Tea leaves","2024","2024","","88","E","Estimated value"
"TI","Trade Indices","050","Bangladesh","494","Export Unit/Value Index (2014-2016 = 100)","01620","Tea leaves","2024","2024","","100","E","Estimated value"
"TI","Trade Indices","050","Bangladesh","495","Export Quantity Index (2014-2016 = 100)","01620","Tea leaves","2024","2024","","74","E","Estimated value"
"TI","Trade Indices","050","Bangladesh","462","Import Value Index (2014-2016 = 100)","01234","Tomatoes","2024","2024","","271","E","Estimated value"
"TI","Trade Indices","050","Bangladesh","464","Import Unit/Value Index (2014-2016 = 100)","01234","Tomatoes","2024","2024","","90","E","Estimated value"
"TI","Trade Indices","050","Bangladesh","465","Import Quantity Index (2014-2016 = 100)","01234","Tomatoes","2024","2024","","313","E","Estimated value"
"TI","Trade Indices","050","Bangladesh","492","Export Value Index (2014-2016 = 100)","01234","Tomatoes","2024","2024","","20","E","Estimated value"
"TI","Trade Indices","050","Bangladesh","494","Export Unit/Value Index (2014-2016 = 100)","01234","Tomatoes","2024","2024","","50","E","Estimated value"
"TI","Trade Indices","050","Bangladesh","495","Export Quantity Index (2014-2016 = 100)","01234","Tomatoes","2024","2024","","34","E","Estimated value"
"TI","Trade Indices","050","Bangladesh","462","Import Value Index (2014-2016 = 100)","01970","Unmanufactured tobacco","2024","2024","","57","E","Estimated value"
"TI","Trade Indices","050","Bangladesh","464","Import Unit/Value Index (2014-2016 = 100)","01970","Unmanufactured tobacco","2024","2024","","159","E","Estimated value"
"TI","Trade Indices","050","Bangladesh","465","Import Quantity Index (2014-2016 = 100)","01970","Unmanufactured tobacco","2024","2024","","36","E","Estimated value"
"TI","Trade Indices","050","Bangladesh","492","Export Value Index (2014-2016 = 100)","01970","Unmanufactured tobacco","2024","2024","","220","E","Estimated value"
"TI","Trade Indices","050","Bangladesh","494","Export Unit/Value Index (2014-2016 = 100)","01970","Unmanufactured tobacco","2024","2024","","132","E","Estimated value"
"TI","Trade Indices","050","Bangladesh","495","Export Quantity Index (2014-2016 = 100)","01970","Unmanufactured tobacco","2024","2024","","168","E","Estimated value"
"TI","Trade Indices","050","Bangladesh","462","Import Value Index (2014-2016 = 100)","01658","Vanilla, raw","2024","2024","","273","E","Estimated value"
"TI","Trade Indices","050","Bangladesh","464","Import Unit/Value Index (2014-2016 = 100)","01658","Vanilla, raw","2024","2024","","1398","E","Estimated value"
"TI","Trade Indices","050","Bangladesh","465","Import Quantity Index (2014-2016 = 100)","01658","Vanilla, raw","2024","2024","","7","E","Estimated value"
"TI","Trade Indices","050","Bangladesh","492","Export Value Index (2014-2016 = 100)","01658","Vanilla, raw","2024","2024","","32","E","Estimated value"
"TI","Trade Indices","050","Bangladesh","494","Export Unit/Value Index (2014-2016 = 100)","01658","Vanilla, raw","2024","2024","","124","E","Estimated value"
"TI","Trade Indices","050","Bangladesh","495","Export Quantity Index (2014-2016 = 100)","01658","Vanilla, raw","2024","2024","","22","E","Estimated value"
"TI","Trade Indices","050","Bangladesh","462","Import Value Index (2014-2016 = 100)","39120.91","Vegetable products for feed n.e.c.","2024","2024","","0","E","Estimated value"
"TI","Trade Indices","050","Bangladesh","464","Import Unit/Value Index (2014-2016 = 100)","39120.91","Vegetable products for feed n.e.c.","2024","2024","","1707","E","Estimated value"
"TI","Trade Indices","050","Bangladesh","465","Import Quantity Index (2014-2016 = 100)","39120.91","Vegetable products for feed n.e.c.","2024","2024","","0","E","Estimated value"
"TI","Trade Indices","050","Bangladesh","492","Export Value Index (2014-2016 = 100)","39120.91","Vegetable products for feed n.e.c.","2024","2024","","18280","E","Estimated value"
"TI","Trade Indices","050","Bangladesh","494","Export Unit/Value Index (2014-2016 = 100)","39120.91","Vegetable products for feed n.e.c.","2024","2024","","330","E","Estimated value"
"TI","Trade Indices","050","Bangladesh","495","Export Quantity Index (2014-2016 = 100)","39120.91","Vegetable products for feed n.e.c.","2024","2024","","5538","E","Estimated value"
"TI","Trade Indices","050","Bangladesh","462","Import Value Index (2014-2016 = 100)","F0473","Vegetables frozen","2024","2024","","203","E","Estimated value"
"TI","Trade Indices","050","Bangladesh","464","Import Unit/Value Index (2014-2016 = 100)","F0473","Vegetables frozen","2024","2024","","60","E","Estimated value"
"TI","Trade Indices","050","Bangladesh","465","Import Quantity Index (2014-2016 = 100)","F0473","Vegetables frozen","2024","2024","","339","E","Estimated value"
"TI","Trade Indices","050","Bangladesh","492","Export Value Index (2014-2016 = 100)","F0473","Vegetables frozen","2024","2024","","25","E","Estimated value"
"TI","Trade Indices","050","Bangladesh","494","Export Unit/Value Index (2014-2016 = 100)","F0473","Vegetables frozen","2024","2024","","106","E","Estimated value"
"TI","Trade Indices","050","Bangladesh","495","Export Quantity Index (2014-2016 = 100)","F0473","Vegetables frozen","2024","2024","","32","E","Estimated value"
"TI","Trade Indices","050","Bangladesh","462","Import Value Index (2014-2016 = 100)","F0472","Vegetables preserved nes (o/t vinegar)","2024","2024","","240","E","Estimated value"
"TI","Trade Indices","050","Bangladesh","464","Import Unit/Value Index (2014-2016 = 100)","F0472","Vegetables preserved nes (o/t vinegar)","2024","2024","","121","E","Estimated value"
"TI","Trade Indices","050","Bangladesh","465","Import Quantity Index (2014-2016 = 100)","F0472","Vegetables preserved nes (o/t vinegar)","2024","2024","","203","E","Estimated value"
"TI","Trade Indices","050","Bangladesh","492","Export Value Index (2014-2016 = 100)","F0472","Vegetables preserved nes (o/t vinegar)","2024","2024","","114","E","Estimated value"
"TI","Trade Indices","050","Bangladesh","494","Export Unit/Value Index (2014-2016 = 100)","F0472","Vegetables preserved nes (o/t vinegar)","2024","2024","","113","E","Estimated value"
"TI","Trade Indices","050","Bangladesh","495","Export Quantity Index (2014-2016 = 100)","F0472","Vegetables preserved nes (o/t vinegar)","2024","2024","","92","E","Estimated value"
"TI","Trade Indices","050","Bangladesh","462","Import Value Index (2014-2016 = 100)","21393.90","Vegetables, dehydrated","2024","2024","","219","E","Estimated value"
"TI","Trade Indices","050","Bangladesh","464","Import Unit/Value Index (2014-2016 = 100)","21393.90","Vegetables, dehydrated","2024","2024","","99","E","Estimated value"
"TI","Trade Indices","050","Bangladesh","465","Import Quantity Index (2014-2016 = 100)","21393.90","Vegetables, dehydrated","2024","2024","","166","E","Estimated value"
"TI","Trade Indices","050","Bangladesh","492","Export Value Index (2014-2016 = 100)","21393.90","Vegetables, dehydrated","2024","2024","","7184","E","Estimated value"
"TI","Trade Indices","050","Bangladesh","494","Export Unit/Value Index (2014-2016 = 100)","21393.90","Vegetables, dehydrated","2024","2024","","116","E","Estimated value"
"TI","Trade Indices","050","Bangladesh","495","Export Quantity Index (2014-2016 = 100)","21393.90","Vegetables, dehydrated","2024","2024","","6105","E","Estimated value"
"TI","Trade Indices","050","Bangladesh","462","Import Value Index (2014-2016 = 100)","21429.02","Walnuts, shelled","2024","2024","","68","E","Estimated value"
"TI","Trade Indices","050","Bangladesh","464","Import Unit/Value Index (2014-2016 = 100)","21429.02","Walnuts, shelled","2024","2024","","203","E","Estimated value"
"TI","Trade Indices","050","Bangladesh","465","Import Quantity Index (2014-2016 = 100)","21429.02","Walnuts, shelled","2024","2024","","28","E","Estimated value"
"TI","Trade Indices","050","Bangladesh","492","Export Value Index (2014-2016 = 100)","21429.02","Walnuts, shelled","2024","2024","","1","E","Estimated value"
"TI","Trade Indices","050","Bangladesh","494","Export Unit/Value Index (2014-2016 = 100)","21429.02","Walnuts, shelled","2024","2024","","29","E","Estimated value"
"TI","Trade Indices","050","Bangladesh","495","Export Quantity Index (2014-2016 = 100)","21429.02","Walnuts, shelled","2024","2024","","2","E","Estimated value"
"TI","Trade Indices","050","Bangladesh","462","Import Value Index (2014-2016 = 100)","0111","Wheat","2024","2024","","78","E","Estimated value"
"TI","Trade Indices","050","Bangladesh","464","Import Unit/Value Index (2014-2016 = 100)","0111","Wheat","2024","2024","","106","E","Estimated value"
"TI","Trade Indices","050","Bangladesh","465","Import Quantity Index (2014-2016 = 100)","0111","Wheat","2024","2024","","70","E","Estimated value"
"TI","Trade Indices","050","Bangladesh","492","Export Value Index (2014-2016 = 100)","0111","Wheat","2024","2024","","54","E","Estimated value"
"TI","Trade Indices","050","Bangladesh","494","Export Unit/Value Index (2014-2016 = 100)","0111","Wheat","2024","2024","","130","E","Estimated value"
"TI","Trade Indices","050","Bangladesh","495","Export Quantity Index (2014-2016 = 100)","0111","Wheat","2024","2024","","15","E","Estimated value"
"TI","Trade Indices","050","Bangladesh","462","Import Value Index (2014-2016 = 100)","23110","Wheat and meslin flour","2024","2024","","11","E","Estimated value"
"TI","Trade Indices","050","Bangladesh","464","Import Unit/Value Index (2014-2016 = 100)","23110","Wheat and meslin flour","2024","2024","","178","E","Estimated value"
"TI","Trade Indices","050","Bangladesh","465","Import Quantity Index (2014-2016 = 100)","23110","Wheat and meslin flour","2024","2024","","6","E","Estimated value"
"TI","Trade Indices","050","Bangladesh","492","Export Value Index (2014-2016 = 100)","23110","Wheat and meslin flour","2024","2024","","1257","E","Estimated value"
"TI","Trade Indices","050","Bangladesh","494","Export Unit/Value Index (2014-2016 = 100)","23110","Wheat and meslin flour","2024","2024","","70","E","Estimated value"
"TI","Trade Indices","050","Bangladesh","495","Export Quantity Index (2014-2016 = 100)","23110","Wheat and meslin flour","2024","2024","","1708","E","Estimated value"
"TI","Trade Indices","050","Bangladesh","462","Import Value Index (2014-2016 = 100)","22130.02","Whey, dry","2024","2024","","106","E","Estimated value"
"TI","Trade Indices","050","Bangladesh","464","Import Unit/Value Index (2014-2016 = 100)","22130.02","Whey, dry","2024","2024","","94","E","Estimated value"
"TI","Trade Indices","050","Bangladesh","465","Import Quantity Index (2014-2016 = 100)","22130.02","Whey, dry","2024","2024","","115","E","Estimated value"
"TI","Trade Indices","050","Bangladesh","492","Export Value Index (2014-2016 = 100)","22130.02","Whey, dry","2024","2024","","235","E","Estimated value"
"TI","Trade Indices","050","Bangladesh","494","Export Unit/Value Index (2014-2016 = 100)","22130.02","Whey, dry","2024","2024","","182","E","Estimated value"
"TI","Trade Indices","050","Bangladesh","495","Export Quantity Index (2014-2016 = 100)","22130.02","Whey, dry","2024","2024","","129","E","Estimated value"
"TI","Trade Indices","050","Bangladesh","462","Import Value Index (2014-2016 = 100)","24212.02","Wine","2024","2024","","33","E","Estimated value"
"TI","Trade Indices","050","Bangladesh","464","Import Unit/Value Index (2014-2016 = 100)","24212.02","Wine","2024","2024","","386","E","Estimated value"
"TI","Trade Indices","050","Bangladesh","465","Import Quantity Index (2014-2016 = 100)","24212.02","Wine","2024","2024","","9","E","Estimated value"
"TI","Trade Indices","050","Bangladesh","492","Export Value Index (2014-2016 = 100)","24212.02","Wine","2024","2024","","5","E","Estimated value"
"TI","Trade Indices","050","Bangladesh","494","Export Unit/Value Index (2014-2016 = 100)","24212.02","Wine","2024","2024","","396","E","Estimated value"
"TI","Trade Indices","050","Bangladesh","495","Export Quantity Index (2014-2016 = 100)","24212.02","Wine","2024","2024","","0","E","Estimated value"
"TI","Trade Indices","050","Bangladesh","462","Import Value Index (2014-2016 = 100)","26130","Wool, degreased or carbonized, not carded or combed","2024","2024","","1427","E","Estimated value"
"TI","Trade Indices","050","Bangladesh","464","Import Unit/Value Index (2014-2016 = 100)","26130","Wool, degreased or carbonized, not carded or combed","2024","2024","","36","E","Estimated value"
"TI","Trade Indices","050","Bangladesh","465","Import Quantity Index (2014-2016 = 100)","26130","Wool, degreased or carbonized, not carded or combed","2024","2024","","3367","E","Estimated value"
"TI","Trade Indices","050","Bangladesh","462","Import Value Index (2014-2016 = 100)","22230.01","Yoghurt","2024","2024","","287","E","Estimated value"
"TI","Trade Indices","050","Bangladesh","464","Import Unit/Value Index (2014-2016 = 100)","22230.01","Yoghurt","2024","2024","","97","E","Estimated value"
"TI","Trade Indices","050","Bangladesh","465","Import Quantity Index (2014-2016 = 100)","22230.01","Yoghurt","2024","2024","","284","E","Estimated value"
"TI","Trade Indices","050","Bangladesh","492","Export Value Index (2014-2016 = 100)","22230.01","Yoghurt","2024","2024","","5460","E","Estimated value"
"TI","Trade Indices","050","Bangladesh","494","Export Unit/Value Index (2014-2016 = 100)","22230.01","Yoghurt","2024","2024","","203","E","Estimated value"
"TI","Trade Indices","050","Bangladesh","495","Export Quantity Index (2014-2016 = 100)","22230.01","Yoghurt","2024","2024","","2683","E","Estimated value"
