Domain Code,Domain,Area Code (M49),Area,Element Code,Element,Item Code (CPC),Item,Year Code,Year,Unit,Value,Flag,Flag Description,Note
"TCL","Crops and livestock products","050","Bangladesh","5610","Import quantity","01929.07","Abaca, manila hemp, raw","2024","2024","t","33.81","X","Figure from external organization","Estimated data using trading partners database"
"TCL","Crops and livestock products","050","Bangladesh","5622","Import value","01929.07","Abaca, manila hemp, raw","2024","2024","1000 USD","95","X","Figure from external organization","Estimated data using trading partners database"
"TCL","Crops and livestock products","050","Bangladesh","5610","Import quantity","01371","Almonds, in shell","2024","2024","t","39.92","X","Figure from external organization","Estimated data using trading partners database"
"TCL","Crops and livestock products","050","Bangladesh","5622","Import value","01371","Almonds, in shell","2024","2024","1000 USD","206","X","Figure from external organization","Estimated data using trading partners database"
"TCL","Crops and livestock products","050","Bangladesh","5910","Export quantity","01371","Almonds, in shell","2024","2024","t","0.21","X","Figure from external organization","Estimated data using trading partners database"
"TCL","Crops and livestock products","050","Bangladesh","5922","Export value","01371","Almonds, in shell","2024","2024","1000 USD","0","X","Figure from external organization","Estimated data using trading partners database"
"TCL","Crops and livestock products","050","Bangladesh","5610","Import quantity","21422","Almonds, shelled","2024","2024","t","2244.88","X","Figure from external organization","Estimated data using trading partners database"
"TCL","Crops and livestock products","050","Bangladesh","5622","Import value","21422","Almonds, shelled","2024","2024","1000 USD","12948","X","Figure from external organization","Estimated data using trading partners database"
"TCL","Crops and livestock products","050","Bangladesh","5910","Export quantity","21422","Almonds, shelled","2024","2024","t","0.33","X","Figure from external organization","Estimated data using trading partners database"
"TCL","Crops and livestock products","050","Bangladesh","5922","Export value","21422","Almonds, shelled","2024","2024","1000 USD","2","X","Figure from external organization","Estimated data using trading partners database"
"TCL","Crops and livestock products","050","Bangladesh","5610","Import quantity","21529.03","Animal oils and fats n.e.c.","2024","2024","t","0.06","X","Figure from external organization","Estimated data using trading partners database"
"TCL","Crops and livestock products","050","Bangladesh","5622","Import value","21529.03","Animal oils and fats n.e.c.","2024","2024","1000 USD","0","X","Figure from external organization","Estimated data using trading partners database"
"TCL","Crops and livestock products","050","Bangladesh","5610","Import quantity","34550","Animal or vegetable fats and oils and their fractions, chemically modified, except those hydrogenated, inter-esterified, re-esterified or elaidinized; inedible mixtures or preparations of animal or vegetable fats or oils","2024","2024","t","945.99","X","Figure from external organization","Estimated data using trading partners database"
"TCL","Crops and livestock products","050","Bangladesh","5622","Import value","34550","Animal or vegetable fats and oils and their fractions, chemically modified, except those hydrogenated, inter-esterified, re-esterified or elaidinized; inedible mixtures or preparations of animal or vegetable fats or oils","2024","2024","1000 USD","1741","X","Figure from external organization","Estimated data using trading partners database"
"TCL","Crops and livestock products","050","Bangladesh","5910","Export quantity","34550","Animal or vegetable fats and oils and their fractions, chemically modified, except those hydrogenated, inter-esterified, re-esterified or elaidinized; inedible mixtures or preparations of animal or vegetable fats or oils","2024","2024","t","1672.35","X","Figure from external organization","Estimated data using trading partners database"
"TCL","Crops and livestock products","050","Bangladesh","5922","Export value","34550","Animal or vegetable fats and oils and their fractions, chemically modified, except those hydrogenated, inter-esterified, re-esterified or elaidinized; inedible mixtures or preparations of animal or vegetable fats or oils","2024","2024","1000 USD","1339","X","Figure from external organization","Estimated data using trading partners database"
"TCL","Crops and livestock products","050","Bangladesh","5610","Import quantity","01654","Anise, badian, coriander, cumin, caraway, fennel and juniper berries, raw","2024","2024","t","43607.06","X","Figure from external organization","Estimated data using trading partners database"
"TCL","Crops and livestock products","050","Bangladesh","5622","Import value","01654","Anise, badian, coriander, cumin, caraway, fennel and juniper berries, raw","2024","2024","1000 USD","120796","X","Figure from external organization","Estimated data using trading partners database"
"TCL","Crops and livestock products","050","Bangladesh","5910","Export quantity","01654","Anise, badian, coriander, cumin, caraway, fennel and juniper berries, raw","2024","2024","t","1003.46","X","Figure from external organization","Estimated data using trading partners database"
"TCL","Crops and livestock products","050","Bangladesh","5922","Export value","01654","Anise, badian, coriander, cumin, caraway, fennel and juniper berries, raw","2024","2024","1000 USD","3094","X","Figure from external organization","Estimated data using trading partners database"
"TCL","Crops and livestock products","050","Bangladesh","5610","Import quantity","21435.01","Apple juice","2024","2024","t","474.24","X","Figure from external organization","Estimated data using trading partners database"
"TCL","Crops and livestock products","050","Bangladesh","5622","Import value","21435.01","Apple juice","2024","2024","1000 USD","911","X","Figure from external organization","Estimated data using trading partners database"
"TCL","Crops and livestock products","050","Bangladesh","5910","Export quantity","21435.01","Apple juice","2024","2024","t","0.12","X","Figure from external organization","Estimated data using trading partners database"
"TCL","Crops and livestock products","050","Bangladesh","5922","Export value","21435.01","Apple juice","2024","2024","1000 USD","0","X","Figure from external organization","Estimated data using trading partners database"
"TCL","Crops and livestock products","050","Bangladesh","5610","Import quantity","21435.02","Apple juice, concentrated","2024","2024","t","156.29","X","Figure from external organization","Estimated data using trading partners database"
"TCL","Crops and livestock products","050","Bangladesh","5622","Import value","21435.02","Apple juice, concentrated","2024","2024","1000 USD","237","X","Figure from external organization","Estimated data using trading partners database"
"TCL","Crops and livestock products","050","Bangladesh","5910","Export quantity","21435.02","Apple juice, concentrated","2024","2024","t","27.97","X","Figure from external organization","Estimated data using trading partners database"
"TCL","Crops and livestock products","050","Bangladesh","5922","Export value","21435.02","Apple juice, concentrated","2024","2024","1000 USD","13","X","Figure from external organization","Estimated data using trading partners database"
"TCL","Crops and livestock products","050","Bangladesh","5610","Import quantity","01341","Apples","2024","2024","t","177804.25","X","Figure from external organization","Estimated data using trading partners database"
"TCL","Crops and livestock products","050","Bangladesh","5622","Import value","01341","Apples","2024","2024","1000 USD","147552","X","Figure from external organization","Estimated data using trading partners database"
"TCL","Crops and livestock products","050","Bangladesh","5910","Export quantity","01341","Apples","2024","2024","t","14.66","X","Figure from external organization","Estimated data using trading partners database"
"TCL","Crops and livestock products","050","Bangladesh","5922","Export value","01341","Apples","2024","2024","1000 USD","18","X","Figure from external organization","Estimated data using trading partners database"
"TCL","Crops and livestock products","050","Bangladesh","5610","Import quantity","01343","Apricots","2024","2024","t","0.01","X","Figure from external organization","Estimated data using trading partners database"
"TCL","Crops and livestock products","050","Bangladesh","5622","Import value","01343","Apricots","2024","2024","1000 USD","0","X","Figure from external organization","Estimated data using trading partners database"
"TCL","Crops and livestock products","050","Bangladesh","5610","Import quantity","21419.01","Apricots, dried","2024","2024","t","1","X","Figure from external organization","Estimated data using trading partners database"
"TCL","Crops and livestock products","050","Bangladesh","5622","Import value","21419.01","Apricots, dried","2024","2024","1000 USD","2","X","Figure from external organization","Estimated data using trading partners database"
"TCL","Crops and livestock products","050","Bangladesh","5610","Import quantity","01379.01","Areca nuts","2024","2024","t","45680.45","X","Figure from external organization","Estimated data using trading partners database"
"TCL","Crops and livestock products","050","Bangladesh","5622","Import value","01379.01","Areca nuts","2024","2024","1000 USD","48261","X","Figure from external organization","Estimated data using trading partners database"
"TCL","Crops and livestock products","050","Bangladesh","5910","Export quantity","01379.01","Areca nuts","2024","2024","t","10917.07","X","Figure from external organization","Estimated data using trading partners database"
"TCL","Crops and livestock products","050","Bangladesh","5922","Export value","01379.01","Areca nuts","2024","2024","1000 USD","42129","X","Figure from external organization","Estimated data using trading partners database"
"TCL","Crops and livestock products","050","Bangladesh","5910","Export quantity","01216","Artichokes","2024","2024","t","80.34","X","Figure from external organization","Estimated data using trading partners database"
"TCL","Crops and livestock products","050","Bangladesh","5922","Export value","01216","Artichokes","2024","2024","1000 USD","130","X","Figure from external organization","Estimated data using trading partners database"
"TCL","Crops and livestock products","050","Bangladesh","5610","Import quantity","01211","Asparagus","2024","2024","t","11.03","X","Figure from external organization","Estimated data using trading partners database"
"TCL","Crops and livestock products","050","Bangladesh","5622","Import value","01211","Asparagus","2024","2024","1000 USD","26","X","Figure from external organization","Estimated data using trading partners database"
"TCL","Crops and livestock products","050","Bangladesh","5910","Export quantity","01211","Asparagus","2024","2024","t","0.33","X","Figure from external organization","Estimated data using trading partners database"
"TCL","Crops and livestock products","050","Bangladesh","5922","Export value","01211","Asparagus","2024","2024","1000 USD","1","X","Figure from external organization","Estimated data using trading partners database"
"TCL","Crops and livestock products","050","Bangladesh","5610","Import quantity","01311","Avocados","2024","2024","t","20.78","X","Figure from external organization","Estimated data using trading partners database"
"TCL","Crops and livestock products","050","Bangladesh","5622","Import value","01311","Avocados","2024","2024","1000 USD","37","X","Figure from external organization","Estimated data using trading partners database"
"TCL","Crops and livestock products","050","Bangladesh","5610","Import quantity","01312","Bananas","2024","2024","t","0.06","X","Figure from external organization","Estimated data using trading partners database"
"TCL","Crops and livestock products","050","Bangladesh","5622","Import value","01312","Bananas","2024","2024","1000 USD","0","X","Figure from external organization","Estimated data using trading partners database"
"TCL","Crops and livestock products","050","Bangladesh","5910","Export quantity","01312","Bananas","2024","2024","t","8.33","X","Figure from external organization","Estimated data using trading partners database"
"TCL","Crops and livestock products","050","Bangladesh","5922","Export value","01312","Bananas","2024","2024","1000 USD","28","X","Figure from external organization","Estimated data using trading partners database"
"TCL","Crops and livestock products","050","Bangladesh","5610","Import quantity","0115","Barley","2024","2024","t","23893.58","X","Figure from external organization","Estimated data using trading partners database"
"TCL","Crops and livestock products","050","Bangladesh","5622","Import value","0115","Barley","2024","2024","1000 USD","3363","X","Figure from external organization","Estimated data using trading partners database"
"TCL","Crops and livestock products","050","Bangladesh","5910","Export quantity","23120.02","Barley flour and grits","2024","2024","t","2","X","Figure from external organization","Estimated data using trading partners database"
"TCL","Crops and livestock products","050","Bangladesh","5922","Export value","23120.02","Barley flour and grits","2024","2024","1000 USD","0","X","Figure from external organization","Estimated data using trading partners database"
"TCL","Crops and livestock products","050","Bangladesh","5610","Import quantity","01701","Beans, dry","2024","2024","t","33392.29","X","Figure from external organization","Estimated data using trading partners database"
"TCL","Crops and livestock products","050","Bangladesh","5622","Import value","01701","Beans, dry","2024","2024","1000 USD","32809","X","Figure from external organization","Estimated data using trading partners database"
"TCL","Crops and livestock products","050","Bangladesh","5910","Export quantity","01701","Beans, dry","2024","2024","t","39.05","X","Figure from external organization","Estimated data using trading partners database"
"TCL","Crops and livestock products","050","Bangladesh","5922","Export value","01701","Beans, dry","2024","2024","1000 USD","68","X","Figure from external organization","Estimated data using trading partners database"
"TCL","Crops and livestock products","050","Bangladesh","5610","Import quantity","F0875","Beef and veal preparations nes","2024","2024","t","50.43","X","Figure from external organization","Estimated data using trading partners database"
"TCL","Crops and livestock products","050","Bangladesh","5622","Import value","F0875","Beef and veal preparations nes","2024","2024","1000 USD","223","X","Figure from external organization","Estimated data using trading partners database"
"TCL","Crops and livestock products","050","Bangladesh","5910","Export quantity","F0875","Beef and veal preparations nes","2024","2024","t","22.83","X","Figure from external organization","Estimated data using trading partners database"
"TCL","Crops and livestock products","050","Bangladesh","5922","Export value","F0875","Beef and veal preparations nes","2024","2024","1000 USD","29","X","Figure from external organization","Estimated data using trading partners database"
"TCL","Crops and livestock products","050","Bangladesh","5610","Import quantity","24310.01","Beer of barley, malted","2024","2024","t","293.93","X","Figure from external organization","Estimated data using trading partners database"
"TCL","Crops and livestock products","050","Bangladesh","5622","Import value","24310.01","Beer of barley, malted","2024","2024","1000 USD","432","X","Figure from external organization","Estimated data using trading partners database"
"TCL","Crops and livestock products","050","Bangladesh","5610","Import quantity","02960.01","Beeswax","2024","2024","t","7.43","X","Figure from external organization","Estimated data using trading partners database"
"TCL","Crops and livestock products","050","Bangladesh","5622","Import value","02960.01","Beeswax","2024","2024","1000 USD","50","X","Figure from external organization","Estimated data using trading partners database"
"TCL","Crops and livestock products","050","Bangladesh","5910","Export quantity","02960.01","Beeswax","2024","2024","t","0.01","X","Figure from external organization","Estimated data using trading partners database"
"TCL","Crops and livestock products","050","Bangladesh","5922","Export value","02960.01","Beeswax","2024","2024","1000 USD","1","X","Figure from external organization","Estimated data using trading partners database"
"TCL","Crops and livestock products","050","Bangladesh","5610","Import quantity","21182","Bovine meat, salted, dried or smoked","2024","2024","t","0","X","Figure from external organization","Estimated data using trading partners database"
"TCL","Crops and livestock products","050","Bangladesh","5622","Import value","21182","Bovine meat, salted, dried or smoked","2024","2024","1000 USD","0","X","Figure from external organization","Estimated data using trading partners database"
"TCL","Crops and livestock products","050","Bangladesh","5910","Export quantity","21182","Bovine meat, salted, dried or smoked","2024","2024","t","85.2","X","Figure from external organization","Estimated data using trading partners database"
"TCL","Crops and livestock products","050","Bangladesh","5922","Export value","21182","Bovine meat, salted, dried or smoked","2024","2024","1000 USD","530","X","Figure from external organization","Estimated data using trading partners database"
"TCL","Crops and livestock products","050","Bangladesh","5610","Import quantity","39120.13","Bran of cereals n.e.c.","2024","2024","t","1047.71","X","Figure from external organization","Estimated data using trading partners database"
"TCL","Crops and livestock products","050","Bangladesh","5622","Import value","39120.13","Bran of cereals n.e.c.","2024","2024","1000 USD","203","X","Figure from external organization","Estimated data using trading partners database"
"TCL","Crops and livestock products","050","Bangladesh","5910","Export quantity","39120.13","Bran of cereals n.e.c.","2024","2024","t","15584","X","Figure from external organization","Estimated data using trading partners database"
"TCL","Crops and livestock products","050","Bangladesh","5922","Export value","39120.13","Bran of cereals n.e.c.","2024","2024","1000 USD","349","X","Figure from external organization","Estimated data using trading partners database"
"TCL","Crops and livestock products","050","Bangladesh","5610","Import quantity","39120.04","Bran of maize","2024","2024","t","4756.74","X","Figure from external organization","Estimated data using trading partners database"
"TCL","Crops and livestock products","050","Bangladesh","5622","Import value","39120.04","Bran of maize","2024","2024","1000 USD","956","X","Figure from external organization","Estimated data using trading partners database"
"TCL","Crops and livestock products","050","Bangladesh","5910","Export quantity","39120.04","Bran of maize","2024","2024","t","0.09","X","Figure from external organization","Estimated data using trading partners database"
"TCL","Crops and livestock products","050","Bangladesh","5922","Export value","39120.04","Bran of maize","2024","2024","1000 USD","0","X","Figure from external organization","Estimated data using trading partners database"
"TCL","Crops and livestock products","050","Bangladesh","5610","Import quantity","39120.14","Bran of pulses","2024","2024","t","32535.2","X","Figure from external organization","Estimated data using trading partners database"
"TCL","Crops and livestock products","050","Bangladesh","5622","Import value","39120.14","Bran of pulses","2024","2024","1000 USD","12730","X","Figure from external organization","Estimated data using trading partners database"
"TCL","Crops and livestock products","050","Bangladesh","5610","Import quantity","39120.01","Bran of wheat","2024","2024","t","455694.94","X","Figure from external organization","Estimated data using trading partners database"
"TCL","Crops and livestock products","050","Bangladesh","5622","Import value","39120.01","Bran of wheat","2024","2024","1000 USD","123419","X","Figure from external organization","Estimated data using trading partners database"
"TCL","Crops and livestock products","050","Bangladesh","5610","Import quantity","21429.01","Brazil nuts, shelled","2024","2024","t","5.13","X","Figure from external organization","Estimated data using trading partners database"
"TCL","Crops and livestock products","050","Bangladesh","5622","Import value","21429.01","Brazil nuts, shelled","2024","2024","1000 USD","24","X","Figure from external organization","Estimated data using trading partners database"
"TCL","Crops and livestock products","050","Bangladesh","5910","Export quantity","21429.01","Brazil nuts, shelled","2024","2024","t","0.02","X","Figure from external organization","Estimated data using trading partners database"
"TCL","Crops and livestock products","050","Bangladesh","5922","Export value","21429.01","Brazil nuts, shelled","2024","2024","1000 USD","0","X","Figure from external organization","Estimated data using trading partners database"
"TCL","Crops and livestock products","050","Bangladesh","5610","Import quantity","F0020","Bread","2024","2024","t","18.88","X","Figure from external organization","Estimated data using trading partners database"
"TCL","Crops and livestock products","050","Bangladesh","5622","Import value","F0020","Bread","2024","2024","1000 USD","38","X","Figure from external organization","Estimated data using trading partners database"
"TCL","Crops and livestock products","050","Bangladesh","5910","Export quantity","F0020","Bread","2024","2024","t","12747.49","X","Figure from external organization","Estimated data using trading partners database"
"TCL","Crops and livestock products","050","Bangladesh","5922","Export value","F0020","Bread","2024","2024","1000 USD","15712","X","Figure from external organization","Estimated data using trading partners database"
"TCL","Crops and livestock products","050","Bangladesh","5610","Import quantity","23140.03","Breakfast cereals","2024","2024","t","2572.79","X","Figure from external organization","Estimated data using trading partners database"
"TCL","Crops and livestock products","050","Bangladesh","5622","Import value","23140.03","Breakfast cereals","2024","2024","1000 USD","6043","X","Figure from external organization","Estimated data using trading partners database"
"TCL","Crops and livestock products","050","Bangladesh","5910","Export quantity","23140.03","Breakfast cereals","2024","2024","t","10917.45","X","Figure from external organization","Estimated data using trading partners database"
"TCL","Crops and livestock products","050","Bangladesh","5922","Export value","23140.03","Breakfast cereals","2024","2024","1000 USD","10591","X","Figure from external organization","Estimated data using trading partners database"
"TCL","Crops and livestock products","050","Bangladesh","5610","Import quantity","39160","Brewing or distilling dregs and waste","2024","2024","t","187587.8","X","Figure from external organization","Estimated data using trading partners database"
"TCL","Crops and livestock products","050","Bangladesh","5622","Import value","39160","Brewing or distilling dregs and waste","2024","2024","1000 USD","60276","X","Figure from external organization","Estimated data using trading partners database"
"TCL","Crops and livestock products","050","Bangladesh","5610","Import quantity","01702","Broad beans and horse beans, dry","2024","2024","t","551.22","X","Figure from external organization","Estimated data using trading partners database"
"TCL","Crops and livestock products","050","Bangladesh","5622","Import value","01702","Broad beans and horse beans, dry","2024","2024","1000 USD","265","X","Figure from external organization","Estimated data using trading partners database"
"TCL","Crops and livestock products","050","Bangladesh","5910","Export quantity","01702","Broad beans and horse beans, dry","2024","2024","t","0.2","X","Figure from external organization","Estimated data using trading partners database"
"TCL","Crops and livestock products","050","Bangladesh","5922","Export value","01702","Broad beans and horse beans, dry","2024","2024","1000 USD","0","X","Figure from external organization","Estimated data using trading partners database"
"TCL","Crops and livestock products","050","Bangladesh","5610","Import quantity","01243","Broad beans and horse beans, green","2024","2024","t","0.03","X","Figure from external organization","Estimated data using trading partners database"
"TCL","Crops and livestock products","050","Bangladesh","5622","Import value","01243","Broad beans and horse beans, green","2024","2024","1000 USD","0","X","Figure from external organization","Estimated data using trading partners database"
"TCL","Crops and livestock products","050","Bangladesh","5910","Export quantity","01243","Broad beans and horse beans, green","2024","2024","t","106.9","X","Figure from external organization","Estimated data using trading partners database"
"TCL","Crops and livestock products","050","Bangladesh","5922","Export value","01243","Broad beans and horse beans, green","2024","2024","1000 USD","156","X","Figure from external organization","Estimated data using trading partners database"
"TCL","Crops and livestock products","050","Bangladesh","5610","Import quantity","01192","Buckwheat","2024","2024","t","17","X","Figure from external organization","Estimated data using trading partners database"
"TCL","Crops and livestock products","050","Bangladesh","5622","Import value","01192","Buckwheat","2024","2024","1000 USD","12","X","Figure from external organization","Estimated data using trading partners database"
"TCL","Crops and livestock products","050","Bangladesh","5610","Import quantity","22241.01","Butter of cow milk","2024","2024","t","229.45","X","Figure from external organization","Estimated data using trading partners database"
"TCL","Crops and livestock products","050","Bangladesh","5622","Import value","22241.01","Butter of cow milk","2024","2024","1000 USD","1472","X","Figure from external organization","Estimated data using trading partners database"
"TCL","Crops and livestock products","050","Bangladesh","5910","Export quantity","22241.01","Butter of cow milk","2024","2024","t","16.04","X","Figure from external organization","Estimated data using trading partners database"
"TCL","Crops and livestock products","050","Bangladesh","5922","Export value","22241.01","Butter of cow milk","2024","2024","1000 USD","109","X","Figure from external organization","Estimated data using trading partners database"
"TCL","Crops and livestock products","050","Bangladesh","5610","Import quantity","22230.03","Buttermilk, curdled and acidified milk","2024","2024","t","93.97","X","Figure from external organization","Estimated data using trading partners database"
"TCL","Crops and livestock products","050","Bangladesh","5622","Import value","22230.03","Buttermilk, curdled and acidified milk","2024","2024","1000 USD","117","X","Figure from external organization","Estimated data using trading partners database"
"TCL","Crops and livestock products","050","Bangladesh","5910","Export quantity","22230.03","Buttermilk, curdled and acidified milk","2024","2024","t","336.88","X","Figure from external organization","Estimated data using trading partners database"
"TCL","Crops and livestock products","050","Bangladesh","5922","Export value","22230.03","Buttermilk, curdled and acidified milk","2024","2024","1000 USD","108","X","Figure from external organization","Estimated data using trading partners database"
"TCL","Crops and livestock products","050","Bangladesh","5610","Import quantity","01212","Cabbages","2024","2024","t","4.45","X","Figure from external organization","Estimated data using trading partners database"
"TCL","Crops and livestock products","050","Bangladesh","5622","Import value","01212","Cabbages","2024","2024","1000 USD","2","X","Figure from external organization","Estimated data using trading partners database"
"TCL","Crops and livestock products","050","Bangladesh","5910","Export quantity","01212","Cabbages","2024","2024","t","1215.87","X","Figure from external organization","Estimated data using trading partners database"
"TCL","Crops and livestock products","050","Bangladesh","5922","Export value","01212","Cabbages","2024","2024","1000 USD","363","X","Figure from external organization","Estimated data using trading partners database"
"TCL","Crops and livestock products","050","Bangladesh","5610","Import quantity","21910.05","Cake of copra","2024","2024","t","0.3","X","Figure from external organization","Estimated data using trading partners database"
"TCL","Crops and livestock products","050","Bangladesh","5622","Import value","21910.05","Cake of copra","2024","2024","1000 USD","0","X","Figure from external organization","Estimated data using trading partners database"
"TCL","Crops and livestock products","050","Bangladesh","5610","Import quantity","21910.15","Cake of cottonseed","2024","2024","t","1879.25","X","Figure from external organization","Estimated data using trading partners database"
"TCL","Crops and livestock products","050","Bangladesh","5622","Import value","21910.15","Cake of cottonseed","2024","2024","1000 USD","683","X","Figure from external organization","Estimated data using trading partners database"
"TCL","Crops and livestock products","050","Bangladesh","5610","Import quantity","21910.16","Cake of linseed","2024","2024","t","164.25","X","Figure from external organization","Estimated data using trading partners database"
"TCL","Crops and livestock products","050","Bangladesh","5622","Import value","21910.16","Cake of linseed","2024","2024","1000 USD","94","X","Figure from external organization","Estimated data using trading partners database"
"TCL","Crops and livestock products","050","Bangladesh","5610","Import quantity","21910.12","Cake of mustard seed","2024","2024","t","199.92","X","Figure from external organization","Estimated data using trading partners database"
"TCL","Crops and livestock products","050","Bangladesh","5622","Import value","21910.12","Cake of mustard seed","2024","2024","1000 USD","75","X","Figure from external organization","Estimated data using trading partners database"
"TCL","Crops and livestock products","050","Bangladesh","5910","Export quantity","21910.12","Cake of mustard seed","2024","2024","t","175","X","Figure from external organization","Estimated data using trading partners database"
"TCL","Crops and livestock products","050","Bangladesh","5922","Export value","21910.12","Cake of mustard seed","2024","2024","1000 USD","22","X","Figure from external organization","Estimated data using trading partners database"
"TCL","Crops and livestock products","050","Bangladesh","5610","Import quantity","21910.06","Cake of palm kernel","2024","2024","t","8223.53","X","Figure from external organization","Estimated data using trading partners database"
"TCL","Crops and livestock products","050","Bangladesh","5622","Import value","21910.06","Cake of palm kernel","2024","2024","1000 USD","1558","X","Figure from external organization","Estimated data using trading partners database"
"TCL","Crops and livestock products","050","Bangladesh","5610","Import quantity","21910.08","Cake of rapeseed","2024","2024","t","487213","X","Figure from external organization","Estimated data using trading partners database"
"TCL","Crops and livestock products","050","Bangladesh","5622","Import value","21910.08","Cake of rapeseed","2024","2024","1000 USD","150178","X","Figure from external organization","Estimated data using trading partners database"
"TCL","Crops and livestock products","050","Bangladesh","5610","Import quantity","21910.03","Cake of soya beans","2024","2024","t","798581.03","X","Figure from external organization","Estimated data using trading partners database"
"TCL","Crops and livestock products","050","Bangladesh","5622","Import value","21910.03","Cake of soya beans","2024","2024","1000 USD","389124","X","Figure from external organization","Estimated data using trading partners database"
"TCL","Crops and livestock products","050","Bangladesh","5910","Export quantity","21910.03","Cake of soya beans","2024","2024","t","0.54","X","Figure from external organization","Estimated data using trading partners database"
"TCL","Crops and livestock products","050","Bangladesh","5922","Export value","21910.03","Cake of soya beans","2024","2024","1000 USD","1","X","Figure from external organization","Estimated data using trading partners database"
"TCL","Crops and livestock products","050","Bangladesh","5610","Import quantity","21910.07","Cake of sunflower seed","2024","2024","t","1580.78","X","Figure from external organization","Estimated data using trading partners database"
"TCL","Crops and livestock products","050","Bangladesh","5622","Import value","21910.07","Cake of sunflower seed","2024","2024","1000 USD","308","X","Figure from external organization","Estimated data using trading partners database"
"TCL","Crops and livestock products","050","Bangladesh","5610","Import quantity","21910.90","Cake, oilseeds nes","2024","2024","t","69015","X","Figure from external organization","Estimated data using trading partners database"
"TCL","Crops and livestock products","050","Bangladesh","5622","Import value","21910.90","Cake, oilseeds nes","2024","2024","1000 USD","25072","X","Figure from external organization","Estimated data using trading partners database"
"TCL","Crops and livestock products","050","Bangladesh","5910","Export quantity","21910.90","Cake, oilseeds nes","2024","2024","t","40","X","Figure from external organization","Estimated data using trading partners database"
"TCL","Crops and livestock products","050","Bangladesh","5922","Export value","21910.90","Cake, oilseeds nes","2024","2024","1000 USD","8","X","Figure from external organization","Estimated data using trading partners database"
"TCL","Crops and livestock products","050","Bangladesh","5608","Import quantity","02121.01","Camels","2024","2024","An","20","X","Figure from external organization","Estimated data using trading partners database"
"TCL","Crops and livestock products","050","Bangladesh","5622","Import value","02121.01","Camels","2024","2024","1000 USD","30","X","Figure from external organization","Estimated data using trading partners database"
"TCL","Crops and livestock products","050","Bangladesh","5610","Import quantity","01195","Canary seed","2024","2024","t","101.36","X","Figure from external organization","Estimated data using trading partners database"
"TCL","Crops and livestock products","050","Bangladesh","5622","Import value","01195","Canary seed","2024","2024","1000 USD","92","X","Figure from external organization","Estimated data using trading partners database"
"TCL","Crops and livestock products","050","Bangladesh","5610","Import quantity","21397.01","Canned mushrooms","2024","2024","t","1339.17","X","Figure from external organization","Estimated data using trading partners database"
"TCL","Crops and livestock products","050","Bangladesh","5622","Import value","21397.01","Canned mushrooms","2024","2024","1000 USD","4453","X","Figure from external organization","Estimated data using trading partners database"
"TCL","Crops and livestock products","050","Bangladesh","5610","Import quantity","01229","Cantaloupes and other melons","2024","2024","t","25.4","X","Figure from external organization","Estimated data using trading partners database"
"TCL","Crops and livestock products","050","Bangladesh","5622","Import value","01229","Cantaloupes and other melons","2024","2024","1000 USD","12","X","Figure from external organization","Estimated data using trading partners database"
"TCL","Crops and livestock products","050","Bangladesh","5910","Export quantity","01229","Cantaloupes and other melons","2024","2024","t","0.71","X","Figure from external organization","Estimated data using trading partners database"
"TCL","Crops and livestock products","050","Bangladesh","5922","Export value","01229","Cantaloupes and other melons","2024","2024","1000 USD","1","X","Figure from external organization","Estimated data using trading partners database"
"TCL","Crops and livestock products","050","Bangladesh","5610","Import quantity","01251","Carrots and turnips","2024","2024","t","11022.69","X","Figure from external organization","Estimated data using trading partners database"
"TCL","Crops and livestock products","050","Bangladesh","5622","Import value","01251","Carrots and turnips","2024","2024","1000 USD","5055","X","Figure from external organization","Estimated data using trading partners database"
"TCL","Crops and livestock products","050","Bangladesh","5910","Export quantity","01251","Carrots and turnips","2024","2024","t","44.89","X","Figure from external organization","Estimated data using trading partners database"
"TCL","Crops and livestock products","050","Bangladesh","5922","Export value","01251","Carrots and turnips","2024","2024","1000 USD","24","X","Figure from external organization","Estimated data using trading partners database"
"TCL","Crops and livestock products","050","Bangladesh","5610","Import quantity","01372","Cashew nuts, in shell","2024","2024","t","480.51","X","Figure from external organization","Estimated data using trading partners database"
"TCL","Crops and livestock products","050","Bangladesh","5622","Import value","01372","Cashew nuts, in shell","2024","2024","1000 USD","795","X","Figure from external organization","Estimated data using trading partners database"
"TCL","Crops and livestock products","050","Bangladesh","5910","Export quantity","01372","Cashew nuts, in shell","2024","2024","t","315","X","Figure from external organization","Estimated data using trading partners database"
"TCL","Crops and livestock products","050","Bangladesh","5922","Export value","01372","Cashew nuts, in shell","2024","2024","1000 USD","206","X","Figure from external organization","Estimated data using trading partners database"
"TCL","Crops and livestock products","050","Bangladesh","5610","Import quantity","21424","Cashew nuts, shelled","2024","2024","t","867.77","X","Figure from external organization","Estimated data using trading partners database"
"TCL","Crops and livestock products","050","Bangladesh","5622","Import value","21424","Cashew nuts, shelled","2024","2024","1000 USD","4600","X","Figure from external organization","Estimated data using trading partners database"
"TCL","Crops and livestock products","050","Bangladesh","5910","Export quantity","21424","Cashew nuts, shelled","2024","2024","t","0.24","X","Figure from external organization","Estimated data using trading partners database"
"TCL","Crops and livestock products","050","Bangladesh","5922","Export value","21424","Cashew nuts, shelled","2024","2024","1000 USD","5","X","Figure from external organization","Estimated data using trading partners database"
"TCL","Crops and livestock products","050","Bangladesh","5910","Export quantity","01520.02","Cassava, dry","2024","2024","t","7.96","I","Value imputed by a receiving agency",""
"TCL","Crops and livestock products","050","Bangladesh","5922","Export value","01520.02","Cassava, dry","2024","2024","1000 USD","13","X","Figure from external organization","Estimated data using trading partners database"
"TCL","Crops and livestock products","050","Bangladesh","5608","Import quantity","02111","Cattle","2024","2024","An","19","X","Figure from external organization","Estimated data using trading partners database"
"TCL","Crops and livestock products","050","Bangladesh","5622","Import value","02111","Cattle","2024","2024","1000 USD","52","X","Figure from external organization","Estimated data using trading partners database"
"TCL","Crops and livestock products","050","Bangladesh","5610","Import quantity","21512","Cattle fat, unrendered","2024","2024","t","0.01","X","Figure from external organization","Estimated data using trading partners database"
"TCL","Crops and livestock products","050","Bangladesh","5622","Import value","21512","Cattle fat, unrendered","2024","2024","1000 USD","0","X","Figure from external organization","Estimated data using trading partners database"
"TCL","Crops and livestock products","050","Bangladesh","5910","Export quantity","21512","Cattle fat, unrendered","2024","2024","t","3.1","X","Figure from external organization","Estimated data using trading partners database"
"TCL","Crops and livestock products","050","Bangladesh","5922","Export value","21512","Cattle fat, unrendered","2024","2024","1000 USD","5","X","Figure from external organization","Estimated data using trading partners database"
"TCL","Crops and livestock products","050","Bangladesh","5610","Import quantity","01213","Cauliflowers and broccoli","2024","2024","t","13.79","X","Figure from external organization","Estimated data using trading partners database"
"TCL","Crops and livestock products","050","Bangladesh","5622","Import value","01213","Cauliflowers and broccoli","2024","2024","1000 USD","15","X","Figure from external organization","Estimated data using trading partners database"
"TCL","Crops and livestock products","050","Bangladesh","5910","Export quantity","01213","Cauliflowers and broccoli","2024","2024","t","19","X","Figure from external organization","Estimated data using trading partners database"
"TCL","Crops and livestock products","050","Bangladesh","5922","Export value","01213","Cauliflowers and broccoli","2024","2024","1000 USD","24","X","Figure from external organization","Estimated data using trading partners database"
"TCL","Crops and livestock products","050","Bangladesh","5610","Import quantity","23140.08","Cereal preparations","2024","2024","t","4.02","X","Figure from external organization","Estimated data using trading partners database"
"TCL","Crops and livestock products","050","Bangladesh","5622","Import value","23140.08","Cereal preparations","2024","2024","1000 USD","6","X","Figure from external organization","Estimated data using trading partners database"
"TCL","Crops and livestock products","050","Bangladesh","5910","Export quantity","23140.08","Cereal preparations","2024","2024","t","110.06","X","Figure from external organization","Estimated data using trading partners database"
"TCL","Crops and livestock products","050","Bangladesh","5922","Export value","23140.08","Cereal preparations","2024","2024","1000 USD","57","X","Figure from external organization","Estimated data using trading partners database"
"TCL","Crops and livestock products","050","Bangladesh","5610","Import quantity","01199.90","Cereals n.e.c.","2024","2024","t","93.28","X","Figure from external organization","Estimated data using trading partners database"
"TCL","Crops and livestock products","050","Bangladesh","5622","Import value","01199.90","Cereals n.e.c.","2024","2024","1000 USD","133","X","Figure from external organization","Estimated data using trading partners database"
"TCL","Crops and livestock products","050","Bangladesh","5910","Export quantity","01199.90","Cereals n.e.c.","2024","2024","t","1.1","X","Figure from external organization","Estimated data using trading partners database"
"TCL","Crops and livestock products","050","Bangladesh","5922","Export value","01199.90","Cereals n.e.c.","2024","2024","1000 USD","2","X","Figure from external organization","Estimated data using trading partners database"
"TCL","Crops and livestock products","050","Bangladesh","5610","Import quantity","22251.01","Cheese from whole cow milk","2024","2024","t","542.41","X","Figure from external organization","Estimated data using trading partners database"
"TCL","Crops and livestock products","050","Bangladesh","5622","Import value","22251.01","Cheese from whole cow milk","2024","2024","1000 USD","2885","X","Figure from external organization","Estimated data using trading partners database"
"TCL","Crops and livestock products","050","Bangladesh","5910","Export quantity","22251.01","Cheese from whole cow milk","2024","2024","t","20.47","X","Figure from external organization","Estimated data using trading partners database"
"TCL","Crops and livestock products","050","Bangladesh","5922","Export value","22251.01","Cheese from whole cow milk","2024","2024","1000 USD","77","X","Figure from external organization","Estimated data using trading partners database"
"TCL","Crops and livestock products","050","Bangladesh","5610","Import quantity","01344.02","Cherries","2024","2024","t","3.08","X","Figure from external organization","Estimated data using trading partners database"
"TCL","Crops and livestock products","050","Bangladesh","5622","Import value","01344.02","Cherries","2024","2024","1000 USD","4","X","Figure from external organization","Estimated data using trading partners database"
"TCL","Crops and livestock products","050","Bangladesh","5910","Export quantity","01344.02","Cherries","2024","2024","t","40.58","X","Figure from external organization","Estimated data using trading partners database"
"TCL","Crops and livestock products","050","Bangladesh","5922","Export value","01344.02","Cherries","2024","2024","1000 USD","27","X","Figure from external organization","Estimated data using trading partners database"
"TCL","Crops and livestock products","050","Bangladesh","5910","Export quantity","01373","Chestnuts, in shell","2024","2024","t","1.29","X","Figure from external organization","Estimated data using trading partners database"
"TCL","Crops and livestock products","050","Bangladesh","5922","Export value","01373","Chestnuts, in shell","2024","2024","1000 USD","1","X","Figure from external organization","Estimated data using trading partners database"
"TCL","Crops and livestock products","050","Bangladesh","5610","Import quantity","01703","Chick peas, dry","2024","2024","t","282402.65","X","Figure from external organization","Estimated data using trading partners database"
"TCL","Crops and livestock products","050","Bangladesh","5622","Import value","01703","Chick peas, dry","2024","2024","1000 USD","214457","X","Figure from external organization","Estimated data using trading partners database"
"TCL","Crops and livestock products","050","Bangladesh","5910","Export quantity","01703","Chick peas, dry","2024","2024","t","31.63","X","Figure from external organization","Estimated data using trading partners database"
"TCL","Crops and livestock products","050","Bangladesh","5922","Export value","01703","Chick peas, dry","2024","2024","1000 USD","38","X","Figure from external organization","Estimated data using trading partners database"
"TCL","Crops and livestock products","050","Bangladesh","5609","Import quantity","02151","Chickens","2024","2024","1000 An","3324","X","Figure from external organization","Estimated data using trading partners database"
"TCL","Crops and livestock products","050","Bangladesh","5622","Import value","02151","Chickens","2024","2024","1000 USD","31639","X","Figure from external organization","Estimated data using trading partners database"
"TCL","Crops and livestock products","050","Bangladesh","5910","Export quantity","01691","Chicory roots","2024","2024","t","0.12","X","Figure from external organization","Estimated data using trading partners database"
"TCL","Crops and livestock products","050","Bangladesh","5922","Export value","01691","Chicory roots","2024","2024","1000 USD","3","X","Figure from external organization","Estimated data using trading partners database"
"TCL","Crops and livestock products","050","Bangladesh","5610","Import quantity","01652","Chillies and peppers, dry (Capsicum spp., Pimenta spp.), raw","2024","2024","t","60715.11","X","Figure from external organization","Estimated data using trading partners database"
"TCL","Crops and livestock products","050","Bangladesh","5622","Import value","01652","Chillies and peppers, dry (Capsicum spp., Pimenta spp.), raw","2024","2024","1000 USD","140973","X","Figure from external organization","Estimated data using trading partners database"
"TCL","Crops and livestock products","050","Bangladesh","5910","Export quantity","01652","Chillies and peppers, dry (Capsicum spp., Pimenta spp.), raw","2024","2024","t","825.84","X","Figure from external organization","Estimated data using trading partners database"
"TCL","Crops and livestock products","050","Bangladesh","5922","Export value","01652","Chillies and peppers, dry (Capsicum spp., Pimenta spp.), raw","2024","2024","1000 USD","3489","X","Figure from external organization","Estimated data using trading partners database"
"TCL","Crops and livestock products","050","Bangladesh","5610","Import quantity","01231","Chillies and peppers, green (Capsicum spp. and Pimenta spp.)","2024","2024","t","57320.33","X","Figure from external organization","Estimated data using trading partners database"
"TCL","Crops and livestock products","050","Bangladesh","5622","Import value","01231","Chillies and peppers, green (Capsicum spp. and Pimenta spp.)","2024","2024","1000 USD","17809","X","Figure from external organization","Estimated data using trading partners database"
"TCL","Crops and livestock products","050","Bangladesh","5910","Export quantity","01231","Chillies and peppers, green (Capsicum spp. and Pimenta spp.)","2024","2024","t","195.53","X","Figure from external organization","Estimated data using trading partners database"
"TCL","Crops and livestock products","050","Bangladesh","5922","Export value","01231","Chillies and peppers, green (Capsicum spp. and Pimenta spp.)","2024","2024","1000 USD","355","X","Figure from external organization","Estimated data using trading partners database"
"TCL","Crops and livestock products","050","Bangladesh","5610","Import quantity","F0666","Chocolate products nes","2024","2024","t","3323.09","X","Figure from external organization","Estimated data using trading partners database"
"TCL","Crops and livestock products","050","Bangladesh","5622","Import value","F0666","Chocolate products nes","2024","2024","1000 USD","16644","X","Figure from external organization","Estimated data using trading partners database"
"TCL","Crops and livestock products","050","Bangladesh","5910","Export quantity","F0666","Chocolate products nes","2024","2024","t","1116.37","X","Figure from external organization","Estimated data using trading partners database"
"TCL","Crops and livestock products","050","Bangladesh","5922","Export value","F0666","Chocolate products nes","2024","2024","1000 USD","3530","X","Figure from external organization","Estimated data using trading partners database"
"TCL","Crops and livestock products","050","Bangladesh","5610","Import quantity","24230.03","Cider and other fermented beverages","2024","2024","t","0.37","X","Figure from external organization","Estimated data using trading partners database"
"TCL","Crops and livestock products","050","Bangladesh","5622","Import value","24230.03","Cider and other fermented beverages","2024","2024","1000 USD","2","X","Figure from external organization","Estimated data using trading partners database"
"TCL","Crops and livestock products","050","Bangladesh","5610","Import quantity","25020.01","Cigarettes","2024","2024","t","76.57","X","Figure from external organization","Estimated data using trading partners database"
"TCL","Crops and livestock products","050","Bangladesh","5622","Import value","25020.01","Cigarettes","2024","2024","1000 USD","2555","X","Figure from external organization","Estimated data using trading partners database"
"TCL","Crops and livestock products","050","Bangladesh","5910","Export quantity","25020.01","Cigarettes","2024","2024","t","2.36","X","Figure from external organization","Estimated data using trading partners database"
"TCL","Crops and livestock products","050","Bangladesh","5922","Export value","25020.01","Cigarettes","2024","2024","1000 USD","126","X","Figure from external organization","Estimated data using trading partners database"
"TCL","Crops and livestock products","050","Bangladesh","5610","Import quantity","25020.02","Cigars and cheroots","2024","2024","t","9.69","X","Figure from external organization","Estimated data using trading partners database"
"TCL","Crops and livestock products","050","Bangladesh","5622","Import value","25020.02","Cigars and cheroots","2024","2024","1000 USD","391","X","Figure from external organization","Estimated data using trading partners database"
"TCL","Crops and livestock products","050","Bangladesh","5910","Export quantity","25020.02","Cigars and cheroots","2024","2024","t","3.81","X","Figure from external organization","Estimated data using trading partners database"
"TCL","Crops and livestock products","050","Bangladesh","5922","Export value","25020.02","Cigars and cheroots","2024","2024","1000 USD","167","X","Figure from external organization","Estimated data using trading partners database"
"TCL","Crops and livestock products","050","Bangladesh","5610","Import quantity","01655","Cinnamon and cinnamon-tree flowers, raw","2024","2024","t","8238.59","X","Figure from external organization","Estimated data using trading partners database"
"TCL","Crops and livestock products","050","Bangladesh","5622","Import value","01655","Cinnamon and cinnamon-tree flowers, raw","2024","2024","1000 USD","19373","X","Figure from external organization","Estimated data using trading partners database"
"TCL","Crops and livestock products","050","Bangladesh","5910","Export quantity","01655","Cinnamon and cinnamon-tree flowers, raw","2024","2024","t","40.3","X","Figure from external organization","Estimated data using trading partners database"
"TCL","Crops and livestock products","050","Bangladesh","5922","Export value","01655","Cinnamon and cinnamon-tree flowers, raw","2024","2024","1000 USD","146","X","Figure from external organization","Estimated data using trading partners database"
"TCL","Crops and livestock products","050","Bangladesh","5610","Import quantity","21439.05","Citrus juice, concentrated n.e.c.","2024","2024","t","101.86","X","Figure from external organization","Estimated data using trading partners database"
"TCL","Crops and livestock products","050","Bangladesh","5622","Import value","21439.05","Citrus juice, concentrated n.e.c.","2024","2024","1000 USD","477","X","Figure from external organization","Estimated data using trading partners database"
"TCL","Crops and livestock products","050","Bangladesh","5610","Import quantity","01656","Cloves (whole stems), raw","2024","2024","t","2531.76","X","Figure from external organization","Estimated data using trading partners database"
"TCL","Crops and livestock products","050","Bangladesh","5622","Import value","01656","Cloves (whole stems), raw","2024","2024","1000 USD","18605","X","Figure from external organization","Estimated data using trading partners database"
"TCL","Crops and livestock products","050","Bangladesh","5910","Export quantity","01656","Cloves (whole stems), raw","2024","2024","t","0.64","X","Figure from external organization","Estimated data using trading partners database"
"TCL","Crops and livestock products","050","Bangladesh","5922","Export value","01656","Cloves (whole stems), raw","2024","2024","1000 USD","5","X","Figure from external organization","Estimated data using trading partners database"
"TCL","Crops and livestock products","050","Bangladesh","5610","Import quantity","01640","Cocoa beans","2024","2024","t","5.05","X","Figure from external organization","Estimated data using trading partners database"
"TCL","Crops and livestock products","050","Bangladesh","5622","Import value","01640","Cocoa beans","2024","2024","1000 USD","36","X","Figure from external organization","Estimated data using trading partners database"
"TCL","Crops and livestock products","050","Bangladesh","5610","Import quantity","23620","Cocoa butter, fat and oil","2024","2024","t","24.73","X","Figure from external organization","Estimated data using trading partners database"
"TCL","Crops and livestock products","050","Bangladesh","5622","Import value","23620","Cocoa butter, fat and oil","2024","2024","1000 USD","118","X","Figure from external organization","Estimated data using trading partners database"
"TCL","Crops and livestock products","050","Bangladesh","5610","Import quantity","23610.01","Cocoa paste not defatted","2024","2024","t","8.81","X","Figure from external organization","Estimated data using trading partners database"
"TCL","Crops and livestock products","050","Bangladesh","5622","Import value","23610.01","Cocoa paste not defatted","2024","2024","1000 USD","43","X","Figure from external organization","Estimated data using trading partners database"
"TCL","Crops and livestock products","050","Bangladesh","5610","Import quantity","F0665","Cocoa powder and cake","2024","2024","t","2914.94","X","Figure from external organization","Estimated data using trading partners database"
"TCL","Crops and livestock products","050","Bangladesh","5622","Import value","F0665","Cocoa powder and cake","2024","2024","1000 USD","13055","X","Figure from external organization","Estimated data using trading partners database"
"TCL","Crops and livestock products","050","Bangladesh","5910","Export quantity","F0665","Cocoa powder and cake","2024","2024","t","0.12","X","Figure from external organization","Estimated data using trading partners database"
"TCL","Crops and livestock products","050","Bangladesh","5922","Export value","F0665","Cocoa powder and cake","2024","2024","1000 USD","1","X","Figure from external organization","Estimated data using trading partners database"
"TCL","Crops and livestock products","050","Bangladesh","5610","Import quantity","2166","Coconut oil","2024","2024","t","2304.49","X","Figure from external organization","Estimated data using trading partners database"
"TCL","Crops and livestock products","050","Bangladesh","5622","Import value","2166","Coconut oil","2024","2024","1000 USD","4412","X","Figure from external organization","Estimated data using trading partners database"
"TCL","Crops and livestock products","050","Bangladesh","5910","Export quantity","2166","Coconut oil","2024","2024","t","60.85","X","Figure from external organization","Estimated data using trading partners database"
"TCL","Crops and livestock products","050","Bangladesh","5922","Export value","2166","Coconut oil","2024","2024","1000 USD","68","X","Figure from external organization","Estimated data using trading partners database"
"TCL","Crops and livestock products","050","Bangladesh","5610","Import quantity","21429.07","Coconuts, desiccated","2024","2024","t","1215.67","X","Figure from external organization","Estimated data using trading partners database"
"TCL","Crops and livestock products","050","Bangladesh","5622","Import value","21429.07","Coconuts, desiccated","2024","2024","1000 USD","1229","X","Figure from external organization","Estimated data using trading partners database"
"TCL","Crops and livestock products","050","Bangladesh","5910","Export quantity","21429.07","Coconuts, desiccated","2024","2024","t","4.53","X","Figure from external organization","Estimated data using trading partners database"
"TCL","Crops and livestock products","050","Bangladesh","5922","Export value","21429.07","Coconuts, desiccated","2024","2024","1000 USD","13","X","Figure from external organization","Estimated data using trading partners database"
"TCL","Crops and livestock products","050","Bangladesh","5610","Import quantity","01460","Coconuts, in shell","2024","2024","t","15556.07","X","Figure from external organization","Estimated data using trading partners database"
"TCL","Crops and livestock products","050","Bangladesh","5622","Import value","01460","Coconuts, in shell","2024","2024","1000 USD","3412","X","Figure from external organization","Estimated data using trading partners database"
"TCL","Crops and livestock products","050","Bangladesh","5910","Export quantity","01460","Coconuts, in shell","2024","2024","t","11.64","X","Figure from external organization","Estimated data using trading partners database"
"TCL","Crops and livestock products","050","Bangladesh","5922","Export value","01460","Coconuts, in shell","2024","2024","1000 USD","49","X","Figure from external organization","Estimated data using trading partners database"
"TCL","Crops and livestock products","050","Bangladesh","5610","Import quantity","23912.02","Coffee extracts","2024","2024","t","1276.38","X","Figure from external organization","Estimated data using trading partners database"
"TCL","Crops and livestock products","050","Bangladesh","5622","Import value","23912.02","Coffee extracts","2024","2024","1000 USD","12786","X","Figure from external organization","Estimated data using trading partners database"
"TCL","Crops and livestock products","050","Bangladesh","5910","Export quantity","23912.02","Coffee extracts","2024","2024","t","0.02","X","Figure from external organization","Estimated data using trading partners database"
"TCL","Crops and livestock products","050","Bangladesh","5922","Export value","23912.02","Coffee extracts","2024","2024","1000 USD","0","X","Figure from external organization","Estimated data using trading partners database"
"TCL","Crops and livestock products","050","Bangladesh","5610","Import quantity","39150.01","Coffee husks and skins","2024","2024","t","0.01","X","Figure from external organization","Estimated data using trading partners database"
"TCL","Crops and livestock products","050","Bangladesh","5622","Import value","39150.01","Coffee husks and skins","2024","2024","1000 USD","0","X","Figure from external organization","Estimated data using trading partners database"
"TCL","Crops and livestock products","050","Bangladesh","5910","Export quantity","39150.01","Coffee husks and skins","2024","2024","t","0","X","Figure from external organization","Estimated data using trading partners database"
"TCL","Crops and livestock products","050","Bangladesh","5922","Export value","39150.01","Coffee husks and skins","2024","2024","1000 USD","0","X","Figure from external organization","Estimated data using trading partners database"
"TCL","Crops and livestock products","050","Bangladesh","5610","Import quantity","23912.01","Coffee substitutes","2024","2024","t","1.16","X","Figure from external organization","Estimated data using trading partners database"
"TCL","Crops and livestock products","050","Bangladesh","5622","Import value","23912.01","Coffee substitutes","2024","2024","1000 USD","4","X","Figure from external organization","Estimated data using trading partners database"
"TCL","Crops and livestock products","050","Bangladesh","5910","Export quantity","23912.01","Coffee substitutes","2024","2024","t","0","X","Figure from external organization","Estimated data using trading partners database"
"TCL","Crops and livestock products","050","Bangladesh","5922","Export value","23912.01","Coffee substitutes","2024","2024","1000 USD","0","X","Figure from external organization","Estimated data using trading partners database"
"TCL","Crops and livestock products","050","Bangladesh","5610","Import quantity","23911","Coffee, decaffeinated or roasted","2024","2024","t","32.83","X","Figure from external organization","Estimated data using trading partners database"
"TCL","Crops and livestock products","050","Bangladesh","5622","Import value","23911","Coffee, decaffeinated or roasted","2024","2024","1000 USD","340","X","Figure from external organization","Estimated data using trading partners database"
"TCL","Crops and livestock products","050","Bangladesh","5910","Export quantity","23911","Coffee, decaffeinated or roasted","2024","2024","t","0.18","X","Figure from external organization","Estimated data using trading partners database"
"TCL","Crops and livestock products","050","Bangladesh","5922","Export value","23911","Coffee, decaffeinated or roasted","2024","2024","1000 USD","2","X","Figure from external organization","Estimated data using trading partners database"
"TCL","Crops and livestock products","050","Bangladesh","5610","Import quantity","01610","Coffee, green","2024","2024","t","148.25","X","Figure from external organization","Estimated data using trading partners database"
"TCL","Crops and livestock products","050","Bangladesh","5622","Import value","01610","Coffee, green","2024","2024","1000 USD","1111","X","Figure from external organization","Estimated data using trading partners database"
"TCL","Crops and livestock products","050","Bangladesh","5910","Export quantity","01610","Coffee, green","2024","2024","t","0.2","X","Figure from external organization","Estimated data using trading partners database"
"TCL","Crops and livestock products","050","Bangladesh","5922","Export value","01610","Coffee, green","2024","2024","1000 USD","1","X","Figure from external organization","Estimated data using trading partners database"
"TCL","Crops and livestock products","050","Bangladesh","5610","Import quantity","01929.08","Coir, raw","2024","2024","t","67.35","X","Figure from external organization","Estimated data using trading partners database"
"TCL","Crops and livestock products","050","Bangladesh","5622","Import value","01929.08","Coir, raw","2024","2024","1000 USD","43","X","Figure from external organization","Estimated data using trading partners database"
"TCL","Crops and livestock products","050","Bangladesh","5910","Export quantity","01929.08","Coir, raw","2024","2024","t","1.83","X","Figure from external organization","Estimated data using trading partners database"
"TCL","Crops and livestock products","050","Bangladesh","5922","Export value","01929.08","Coir, raw","2024","2024","1000 USD","5","X","Figure from external organization","Estimated data using trading partners database"
"TCL","Crops and livestock products","050","Bangladesh","5610","Import quantity","23490.01","Communion wafers, empty cachets of a kind suitable for pharmaceutical use, sealing wafers, rice paper and similar products.","2024","2024","t","288.05","X","Figure from external organization","Estimated data using trading partners database"
"TCL","Crops and livestock products","050","Bangladesh","5622","Import value","23490.01","Communion wafers, empty cachets of a kind suitable for pharmaceutical use, sealing wafers, rice paper and similar products.","2024","2024","1000 USD","1148","X","Figure from external organization","Estimated data using trading partners database"
"TCL","Crops and livestock products","050","Bangladesh","5910","Export quantity","23490.01","Communion wafers, empty cachets of a kind suitable for pharmaceutical use, sealing wafers, rice paper and similar products.","2024","2024","t","2665.59","X","Figure from external organization","Estimated data using trading partners database"
"TCL","Crops and livestock products","050","Bangladesh","5922","Export value","23490.01","Communion wafers, empty cachets of a kind suitable for pharmaceutical use, sealing wafers, rice paper and similar products.","2024","2024","1000 USD","3501","X","Figure from external organization","Estimated data using trading partners database"
"TCL","Crops and livestock products","050","Bangladesh","5610","Import quantity","23319.04","Compound feed n.e.c.","2024","2024","t","108541.6","X","Figure from external organization","Estimated data using trading partners database"
"TCL","Crops and livestock products","050","Bangladesh","5622","Import value","23319.04","Compound feed n.e.c.","2024","2024","1000 USD","139755","X","Figure from external organization","Estimated data using trading partners database"
"TCL","Crops and livestock products","050","Bangladesh","5910","Export quantity","23319.04","Compound feed n.e.c.","2024","2024","t","0","X","Figure from external organization","Estimated data using trading partners database"
"TCL","Crops and livestock products","050","Bangladesh","5922","Export value","23319.04","Compound feed n.e.c.","2024","2024","1000 USD","0","X","Figure from external organization","Estimated data using trading partners database"
"TCL","Crops and livestock products","050","Bangladesh","5610","Import quantity","01492","Copra","2024","2024","t","20623.6","X","Figure from external organization","Estimated data using trading partners database"
"TCL","Crops and livestock products","050","Bangladesh","5622","Import value","01492","Copra","2024","2024","1000 USD","19634","X","Figure from external organization","Estimated data using trading partners database"
"TCL","Crops and livestock products","050","Bangladesh","5610","Import quantity","01921.02","Cotton lint, ginned","2024","2024","t","1310806.72","X","Figure from external organization","Estimated data using trading partners database"
"TCL","Crops and livestock products","050","Bangladesh","5622","Import value","01921.02","Cotton lint, ginned","2024","2024","1000 USD","2825443","X","Figure from external organization","Estimated data using trading partners database"
"TCL","Crops and livestock products","050","Bangladesh","5910","Export quantity","01921.02","Cotton lint, ginned","2024","2024","t","294.74","X","Figure from external organization","Estimated data using trading partners database"
"TCL","Crops and livestock products","050","Bangladesh","5922","Export value","01921.02","Cotton lint, ginned","2024","2024","1000 USD","257","X","Figure from external organization","Estimated data using trading partners database"
"TCL","Crops and livestock products","050","Bangladesh","5610","Import quantity","21800","Cotton linters","2024","2024","t","100.16","X","Figure from external organization","Estimated data using trading partners database"
"TCL","Crops and livestock products","050","Bangladesh","5622","Import value","21800","Cotton linters","2024","2024","1000 USD","196","X","Figure from external organization","Estimated data using trading partners database"
"TCL","Crops and livestock products","050","Bangladesh","5610","Import quantity","0143","Cotton seed","2024","2024","t","17.77","X","Figure from external organization","Estimated data using trading partners database"
"TCL","Crops and livestock products","050","Bangladesh","5622","Import value","0143","Cotton seed","2024","2024","1000 USD","226","X","Figure from external organization","Estimated data using trading partners database"
"TCL","Crops and livestock products","050","Bangladesh","5910","Export quantity","0143","Cotton seed","2024","2024","t","2","X","Figure from external organization","Estimated data using trading partners database"
"TCL","Crops and livestock products","050","Bangladesh","5922","Export value","0143","Cotton seed","2024","2024","1000 USD","4","X","Figure from external organization","Estimated data using trading partners database"
"TCL","Crops and livestock products","050","Bangladesh","5610","Import quantity","F0769","Cotton waste","2024","2024","t","8420.52","X","Figure from external organization","Estimated data using trading partners database"
"TCL","Crops and livestock products","050","Bangladesh","5622","Import value","F0769","Cotton waste","2024","2024","1000 USD","6642","X","Figure from external organization","Estimated data using trading partners database"
"TCL","Crops and livestock products","050","Bangladesh","5910","Export quantity","F0769","Cotton waste","2024","2024","t","37627.67","X","Figure from external organization","Estimated data using trading partners database"
"TCL","Crops and livestock products","050","Bangladesh","5922","Export value","F0769","Cotton waste","2024","2024","1000 USD","14621","X","Figure from external organization","Estimated data using trading partners database"
"TCL","Crops and livestock products","050","Bangladesh","5610","Import quantity","26160","Cotton, carded or combed","2024","2024","t","1504.27","X","Figure from external organization","Estimated data using trading partners database"
"TCL","Crops and livestock products","050","Bangladesh","5622","Import value","26160","Cotton, carded or combed","2024","2024","1000 USD","2876","X","Figure from external organization","Estimated data using trading partners database"
"TCL","Crops and livestock products","050","Bangladesh","5910","Export quantity","26160","Cotton, carded or combed","2024","2024","t","0.08","X","Figure from external organization","Estimated data using trading partners database"
"TCL","Crops and livestock products","050","Bangladesh","5922","Export value","26160","Cotton, carded or combed","2024","2024","1000 USD","3","X","Figure from external organization","Estimated data using trading partners database"
"TCL","Crops and livestock products","050","Bangladesh","5610","Import quantity","2168","Cottonseed oil","2024","2024","t","0.19","X","Figure from external organization","Estimated data using trading partners database"
"TCL","Crops and livestock products","050","Bangladesh","5622","Import value","2168","Cottonseed oil","2024","2024","1000 USD","1","X","Figure from external organization","Estimated data using trading partners database"
"TCL","Crops and livestock products","050","Bangladesh","5910","Export quantity","01706","Cow peas, dry","2024","2024","t","12.04","X","Figure from external organization","Estimated data using trading partners database"
"TCL","Crops and livestock products","050","Bangladesh","5922","Export value","01706","Cow peas, dry","2024","2024","1000 USD","1","X","Figure from external organization","Estimated data using trading partners database"
"TCL","Crops and livestock products","050","Bangladesh","5910","Export quantity","01355.02","Cranberries","2024","2024","t","16.69","X","Figure from external organization","Estimated data using trading partners database"
"TCL","Crops and livestock products","050","Bangladesh","5922","Export value","01355.02","Cranberries","2024","2024","1000 USD","21","X","Figure from external organization","Estimated data using trading partners database"
"TCL","Crops and livestock products","050","Bangladesh","5610","Import quantity","22120","Cream, fresh","2024","2024","t","81.39","X","Figure from external organization","Estimated data using trading partners database"
"TCL","Crops and livestock products","050","Bangladesh","5622","Import value","22120","Cream, fresh","2024","2024","1000 USD","198","X","Figure from external organization","Estimated data using trading partners database"
"TCL","Crops and livestock products","050","Bangladesh","5910","Export quantity","22120","Cream, fresh","2024","2024","t","132.74","X","Figure from external organization","Estimated data using trading partners database"
"TCL","Crops and livestock products","050","Bangladesh","5922","Export value","22120","Cream, fresh","2024","2024","1000 USD","95","X","Figure from external organization","Estimated data using trading partners database"
"TCL","Crops and livestock products","050","Bangladesh","5622","Import value","F1293","Crude organic material n.e.c.","2024","2024","1000 USD","153194","X","Figure from external organization","Estimated data using trading partners database"
"TCL","Crops and livestock products","050","Bangladesh","5922","Export value","F1293","Crude organic material n.e.c.","2024","2024","1000 USD","16064","X","Figure from external organization","Estimated data using trading partners database"
"TCL","Crops and livestock products","050","Bangladesh","5610","Import quantity","01232","Cucumbers and gherkins","2024","2024","t","1.54","X","Figure from external organization","Estimated data using trading partners database"
"TCL","Crops and livestock products","050","Bangladesh","5622","Import value","01232","Cucumbers and gherkins","2024","2024","1000 USD","3","X","Figure from external organization","Estimated data using trading partners database"
"TCL","Crops and livestock products","050","Bangladesh","5910","Export quantity","01232","Cucumbers and gherkins","2024","2024","t","45.87","X","Figure from external organization","Estimated data using trading partners database"
"TCL","Crops and livestock products","050","Bangladesh","5922","Export value","01232","Cucumbers and gherkins","2024","2024","1000 USD","62","X","Figure from external organization","Estimated data using trading partners database"
"TCL","Crops and livestock products","050","Bangladesh","5910","Export quantity","01351.01","Currants","2024","2024","t","0.26","X","Figure from external organization","Estimated data using trading partners database"
"TCL","Crops and livestock products","050","Bangladesh","5922","Export value","01351.01","Currants","2024","2024","1000 USD","0","X","Figure from external organization","Estimated data using trading partners database"
"TCL","Crops and livestock products","050","Bangladesh","5610","Import quantity","22290","Dairy products n.e.c.","2024","2024","t","530.32","X","Figure from external organization","Estimated data using trading partners database"
"TCL","Crops and livestock products","050","Bangladesh","5622","Import value","22290","Dairy products n.e.c.","2024","2024","1000 USD","979","X","Figure from external organization","Estimated data using trading partners database"
"TCL","Crops and livestock products","050","Bangladesh","5610","Import quantity","01314","Dates","2024","2024","t","11533.59","X","Figure from external organization","Estimated data using trading partners database"
"TCL","Crops and livestock products","050","Bangladesh","5622","Import value","01314","Dates","2024","2024","1000 USD","12794","X","Figure from external organization","Estimated data using trading partners database"
"TCL","Crops and livestock products","050","Bangladesh","5910","Export quantity","01314","Dates","2024","2024","t","38.81","X","Figure from external organization","Estimated data using trading partners database"
"TCL","Crops and livestock products","050","Bangladesh","5922","Export value","01314","Dates","2024","2024","1000 USD","51","X","Figure from external organization","Estimated data using trading partners database"
"TCL","Crops and livestock products","050","Bangladesh","5610","Import quantity","23311","Dog or cat food, put up for retail sale","2024","2024","t","3751.54","X","Figure from external organization","Estimated data using trading partners database"
"TCL","Crops and livestock products","050","Bangladesh","5622","Import value","23311","Dog or cat food, put up for retail sale","2024","2024","1000 USD","7494","X","Figure from external organization","Estimated data using trading partners database"
"TCL","Crops and livestock products","050","Bangladesh","5910","Export quantity","23311","Dog or cat food, put up for retail sale","2024","2024","t","10.35","X","Figure from external organization","Estimated data using trading partners database"
"TCL","Crops and livestock products","050","Bangladesh","5922","Export value","23311","Dog or cat food, put up for retail sale","2024","2024","1000 USD","77","X","Figure from external organization","Estimated data using trading partners database"
"TCL","Crops and livestock products","050","Bangladesh","5610","Import quantity","21393.01","Dried mushrooms","2024","2024","t","23.48","X","Figure from external organization","Estimated data using trading partners database"
"TCL","Crops and livestock products","050","Bangladesh","5622","Import value","21393.01","Dried mushrooms","2024","2024","1000 USD","138","X","Figure from external organization","Estimated data using trading partners database"
"TCL","Crops and livestock products","050","Bangladesh","5910","Export quantity","21393.01","Dried mushrooms","2024","2024","t","191.72","X","Figure from external organization","Estimated data using trading partners database"
"TCL","Crops and livestock products","050","Bangladesh","5922","Export value","21393.01","Dried mushrooms","2024","2024","1000 USD","568","X","Figure from external organization","Estimated data using trading partners database"
"TCL","Crops and livestock products","050","Bangladesh","5609","Import quantity","02154","Ducks","2024","2024","1000 An","81","X","Figure from external organization","Estimated data using trading partners database"
"TCL","Crops and livestock products","050","Bangladesh","5622","Import value","02154","Ducks","2024","2024","1000 USD","534","X","Figure from external organization","Estimated data using trading partners database"
"TCL","Crops and livestock products","050","Bangladesh","5610","Import quantity","21151","Edible offal of cattle, fresh, chilled or frozen","2024","2024","t","222.07","X","Figure from external organization","Estimated data using trading partners database"
"TCL","Crops and livestock products","050","Bangladesh","5622","Import value","21151","Edible offal of cattle, fresh, chilled or frozen","2024","2024","1000 USD","774","X","Figure from external organization","Estimated data using trading partners database"
"TCL","Crops and livestock products","050","Bangladesh","5910","Export quantity","21151","Edible offal of cattle, fresh, chilled or frozen","2024","2024","t","0.14","X","Figure from external organization","Estimated data using trading partners database"
"TCL","Crops and livestock products","050","Bangladesh","5922","Export value","21151","Edible offal of cattle, fresh, chilled or frozen","2024","2024","1000 USD","1","X","Figure from external organization","Estimated data using trading partners database"
"TCL","Crops and livestock products","050","Bangladesh","5610","Import quantity","01599.10","Edible roots and tubers with high starch or inulin content, n.e.c., fresh","2024","2024","t","0.09","X","Figure from external organization","Estimated data using trading partners database"
"TCL","Crops and livestock products","050","Bangladesh","5622","Import value","01599.10","Edible roots and tubers with high starch or inulin content, n.e.c., fresh","2024","2024","1000 USD","0","X","Figure from external organization","Estimated data using trading partners database"
"TCL","Crops and livestock products","050","Bangladesh","5910","Export quantity","01599.10","Edible roots and tubers with high starch or inulin content, n.e.c., fresh","2024","2024","t","619.47","X","Figure from external organization","Estimated data using trading partners database"
"TCL","Crops and livestock products","050","Bangladesh","5922","Export value","01599.10","Edible roots and tubers with high starch or inulin content, n.e.c., fresh","2024","2024","1000 USD","1412","X","Figure from external organization","Estimated data using trading partners database"
"TCL","Crops and livestock products","050","Bangladesh","5610","Import quantity","01233","Eggplants (aubergines)","2024","2024","t","10.09","X","Figure from external organization","Estimated data using trading partners database"
"TCL","Crops and livestock products","050","Bangladesh","5622","Import value","01233","Eggplants (aubergines)","2024","2024","1000 USD","4","X","Figure from external organization","Estimated data using trading partners database"
"TCL","Crops and livestock products","050","Bangladesh","5910","Export quantity","01233","Eggplants (aubergines)","2024","2024","t","222.47","X","Figure from external organization","Estimated data using trading partners database"
"TCL","Crops and livestock products","050","Bangladesh","5922","Export value","01233","Eggplants (aubergines)","2024","2024","1000 USD","276","X","Figure from external organization","Estimated data using trading partners database"
"TCL","Crops and livestock products","050","Bangladesh","5610","Import quantity","0232","Eggs from other birds in shell, fresh, n.e.c.","2024","2024","t","0.51","X","Figure from external organization","Estimated data using trading partners database"
"TCL","Crops and livestock products","050","Bangladesh","5622","Import value","0232","Eggs from other birds in shell, fresh, n.e.c.","2024","2024","1000 USD","1","X","Figure from external organization","Estimated data using trading partners database"
"TCL","Crops and livestock products","050","Bangladesh","5610","Import quantity","23993.03","Eggs, dried","2024","2024","t","6.7","X","Figure from external organization","Estimated data using trading partners database"
"TCL","Crops and livestock products","050","Bangladesh","5622","Import value","23993.03","Eggs, dried","2024","2024","1000 USD","76","X","Figure from external organization","Estimated data using trading partners database"
"TCL","Crops and livestock products","050","Bangladesh","5610","Import quantity","35410.90","Essential oils n.e.c.","2024","2024","t","394.46","X","Figure from external organization","Estimated data using trading partners database"
"TCL","Crops and livestock products","050","Bangladesh","5622","Import value","35410.90","Essential oils n.e.c.","2024","2024","1000 USD","4693","X","Figure from external organization","Estimated data using trading partners database"
"TCL","Crops and livestock products","050","Bangladesh","5910","Export quantity","35410.90","Essential oils n.e.c.","2024","2024","t","112.47","X","Figure from external organization","Estimated data using trading partners database"
"TCL","Crops and livestock products","050","Bangladesh","5922","Export value","35410.90","Essential oils n.e.c.","2024","2024","1000 USD","2046","X","Figure from external organization","Estimated data using trading partners database"
"TCL","Crops and livestock products","050","Bangladesh","5610","Import quantity","21185","Extracts and juices of meat, fish, crustaceans, molluscs or other aquatic invertebrates","2024","2024","t","0.73","X","Figure from external organization","Estimated data using trading partners database"
"TCL","Crops and livestock products","050","Bangladesh","5622","Import value","21185","Extracts and juices of meat, fish, crustaceans, molluscs or other aquatic invertebrates","2024","2024","1000 USD","1","X","Figure from external organization","Estimated data using trading partners database"
"TCL","Crops and livestock products","050","Bangladesh","5610","Import quantity","23914","Extracts, essences and concentrates of tea or mate, and preparations with a basis thereof or with a basis of tea or maté","2024","2024","t","234.67","X","Figure from external organization","Estimated data using trading partners database"
"TCL","Crops and livestock products","050","Bangladesh","5622","Import value","23914","Extracts, essences and concentrates of tea or mate, and preparations with a basis thereof or with a basis of tea or maté","2024","2024","1000 USD","1363","X","Figure from external organization","Estimated data using trading partners database"
"TCL","Crops and livestock products","050","Bangladesh","5910","Export quantity","23914","Extracts, essences and concentrates of tea or mate, and preparations with a basis thereof or with a basis of tea or maté","2024","2024","t","1.15","X","Figure from external organization","Estimated data using trading partners database"
"TCL","Crops and livestock products","050","Bangladesh","5922","Export value","23914","Extracts, essences and concentrates of tea or mate, and preparations with a basis thereof or with a basis of tea or maté","2024","2024","1000 USD","5","X","Figure from external organization","Estimated data using trading partners database"
"TCL","Crops and livestock products","050","Bangladesh","5610","Import quantity","F1243","Fat preparations n.e.c.","2024","2024","t","2692.69","X","Figure from external organization","Estimated data using trading partners database"
"TCL","Crops and livestock products","050","Bangladesh","5622","Import value","F1243","Fat preparations n.e.c.","2024","2024","1000 USD","4527","X","Figure from external organization","Estimated data using trading partners database"
"TCL","Crops and livestock products","050","Bangladesh","5910","Export quantity","F1243","Fat preparations n.e.c.","2024","2024","t","39.12","X","Figure from external organization","Estimated data using trading partners database"
"TCL","Crops and livestock products","050","Bangladesh","5922","Export value","F1243","Fat preparations n.e.c.","2024","2024","1000 USD","196","X","Figure from external organization","Estimated data using trading partners database"
"TCL","Crops and livestock products","050","Bangladesh","5610","Import quantity","23319.06","Feed supplements","2024","2024","t","2986.32","X","Figure from external organization","Estimated data using trading partners database"
"TCL","Crops and livestock products","050","Bangladesh","5622","Import value","23319.06","Feed supplements","2024","2024","1000 USD","10413","X","Figure from external organization","Estimated data using trading partners database"
"TCL","Crops and livestock products","050","Bangladesh","5910","Export quantity","23319.06","Feed supplements","2024","2024","t","0","X","Figure from external organization","Estimated data using trading partners database"
"TCL","Crops and livestock products","050","Bangladesh","5922","Export value","23319.06","Feed supplements","2024","2024","1000 USD","0","X","Figure from external organization","Estimated data using trading partners database"
"TCL","Crops and livestock products","050","Bangladesh","5610","Import quantity","23319.01","Feed, compound, cattle","2024","2024","t","2984.13","I","Value imputed by a receiving agency",""
"TCL","Crops and livestock products","050","Bangladesh","5622","Import value","23319.01","Feed, compound, cattle","2024","2024","1000 USD","2314","X","Figure from external organization","Estimated data using trading partners database"
"TCL","Crops and livestock products","050","Bangladesh","5610","Import quantity","23319.02","Feed, compound, poultry","2024","2024","t","3.46","X","Figure from external organization","Estimated data using trading partners database"
"TCL","Crops and livestock products","050","Bangladesh","5622","Import value","23319.02","Feed, compound, poultry","2024","2024","1000 USD","19","X","Figure from external organization","Estimated data using trading partners database"
"TCL","Crops and livestock products","050","Bangladesh","5910","Export quantity","39170.02","Feed, food waste preparations","2024","2024","t","0","X","Figure from external organization","Estimated data using trading partners database"
"TCL","Crops and livestock products","050","Bangladesh","5922","Export value","39170.02","Feed, food waste preparations","2024","2024","1000 USD","0","X","Figure from external organization","Estimated data using trading partners database"
"TCL","Crops and livestock products","050","Bangladesh","5610","Import quantity","01315","Figs","2024","2024","t","26.75","X","Figure from external organization","Estimated data using trading partners database"
"TCL","Crops and livestock products","050","Bangladesh","5622","Import value","01315","Figs","2024","2024","1000 USD","34","X","Figure from external organization","Estimated data using trading partners database"
"TCL","Crops and livestock products","050","Bangladesh","5610","Import quantity","21419.02","Figs, dried","2024","2024","t","13","X","Figure from external organization","Estimated data using trading partners database"
"TCL","Crops and livestock products","050","Bangladesh","5622","Import value","21419.02","Figs, dried","2024","2024","1000 USD","33","X","Figure from external organization","Estimated data using trading partners database"
"TCL","Crops and livestock products","050","Bangladesh","5910","Export quantity","21419.02","Figs, dried","2024","2024","t","0","X","Figure from external organization","Estimated data using trading partners database"
"TCL","Crops and livestock products","050","Bangladesh","5922","Export value","21419.02","Figs, dried","2024","2024","1000 USD","0","X","Figure from external organization","Estimated data using trading partners database"
"TCL","Crops and livestock products","050","Bangladesh","5610","Import quantity","26190.01","Flax, processed but not spun","2024","2024","t","2719.61","X","Figure from external organization","Estimated data using trading partners database"
"TCL","Crops and livestock products","050","Bangladesh","5622","Import value","26190.01","Flax, processed but not spun","2024","2024","1000 USD","22353","X","Figure from external organization","Estimated data using trading partners database"
"TCL","Crops and livestock products","050","Bangladesh","5910","Export quantity","26190.02","Flax, tow and waste","2024","2024","t","45","X","Figure from external organization","Estimated data using trading partners database"
"TCL","Crops and livestock products","050","Bangladesh","5922","Export value","26190.02","Flax, tow and waste","2024","2024","1000 USD","129","X","Figure from external organization","Estimated data using trading partners database"
"TCL","Crops and livestock products","050","Bangladesh","5610","Import quantity","23170.01","Flour of cassava","2024","2024","t","11.65","X","Figure from external organization","Estimated data using trading partners database"
"TCL","Crops and livestock products","050","Bangladesh","5622","Import value","23170.01","Flour of cassava","2024","2024","1000 USD","84","X","Figure from external organization","Estimated data using trading partners database"
"TCL","Crops and livestock products","050","Bangladesh","5610","Import quantity","23120.90","Flour of cereals n.e.c.","2024","2024","t","138.09","X","Figure from external organization","Estimated data using trading partners database"
"TCL","Crops and livestock products","050","Bangladesh","5622","Import value","23120.90","Flour of cereals n.e.c.","2024","2024","1000 USD","498","X","Figure from external organization","Estimated data using trading partners database"
"TCL","Crops and livestock products","050","Bangladesh","5910","Export quantity","23120.90","Flour of cereals n.e.c.","2024","2024","t","40.45","X","Figure from external organization","Estimated data using trading partners database"
"TCL","Crops and livestock products","050","Bangladesh","5922","Export value","23120.90","Flour of cereals n.e.c.","2024","2024","1000 USD","30","X","Figure from external organization","Estimated data using trading partners database"
"TCL","Crops and livestock products","050","Bangladesh","5610","Import quantity","23170.04","Flour of fruits","2024","2024","t","120.74","X","Figure from external organization","Estimated data using trading partners database"
"TCL","Crops and livestock products","050","Bangladesh","5622","Import value","23170.04","Flour of fruits","2024","2024","1000 USD","112","X","Figure from external organization","Estimated data using trading partners database"
"TCL","Crops and livestock products","050","Bangladesh","5910","Export quantity","23170.04","Flour of fruits","2024","2024","t","3.38","X","Figure from external organization","Estimated data using trading partners database"
"TCL","Crops and livestock products","050","Bangladesh","5922","Export value","23170.04","Flour of fruits","2024","2024","1000 USD","7","X","Figure from external organization","Estimated data using trading partners database"
"TCL","Crops and livestock products","050","Bangladesh","5610","Import quantity","23120.03","Flour of maize","2024","2024","t","432.25","X","Figure from external organization","Estimated data using trading partners database"
"TCL","Crops and livestock products","050","Bangladesh","5622","Import value","23120.03","Flour of maize","2024","2024","1000 USD","212","X","Figure from external organization","Estimated data using trading partners database"
"TCL","Crops and livestock products","050","Bangladesh","5910","Export quantity","23120.03","Flour of maize","2024","2024","t","4.4","X","Figure from external organization","Estimated data using trading partners database"
"TCL","Crops and livestock products","050","Bangladesh","5922","Export value","23120.03","Flour of maize","2024","2024","1000 USD","5","X","Figure from external organization","Estimated data using trading partners database"
"TCL","Crops and livestock products","050","Bangladesh","5910","Export quantity","23120.05","Flour of millet","2024","2024","t","0.53","X","Figure from external organization","Estimated data using trading partners database"
"TCL","Crops and livestock products","050","Bangladesh","5922","Export value","23120.05","Flour of millet","2024","2024","1000 USD","1","X","Figure from external organization","Estimated data using trading partners database"
"TCL","Crops and livestock products","050","Bangladesh","5910","Export quantity","23120.10","Flour of mixed grain","2024","2024","t","4.35","X","Figure from external organization","Estimated data using trading partners database"
"TCL","Crops and livestock products","050","Bangladesh","5922","Export value","23120.10","Flour of mixed grain","2024","2024","1000 USD","10","X","Figure from external organization","Estimated data using trading partners database"
"TCL","Crops and livestock products","050","Bangladesh","5610","Import quantity","23995.03","Flour of mustard seed","2024","2024","t","121.9","X","Figure from external organization","Estimated data using trading partners database"
"TCL","Crops and livestock products","050","Bangladesh","5622","Import value","23995.03","Flour of mustard seed","2024","2024","1000 USD","191","X","Figure from external organization","Estimated data using trading partners database"
"TCL","Crops and livestock products","050","Bangladesh","5910","Export quantity","23995.03","Flour of mustard seed","2024","2024","t","52.23","X","Figure from external organization","Estimated data using trading partners database"
"TCL","Crops and livestock products","050","Bangladesh","5922","Export value","23995.03","Flour of mustard seed","2024","2024","1000 USD","64","X","Figure from external organization","Estimated data using trading partners database"
"TCL","Crops and livestock products","050","Bangladesh","5910","Export quantity","23170.03","Flour of pulses","2024","2024","t","85.59","X","Figure from external organization","Estimated data using trading partners database"
"TCL","Crops and livestock products","050","Bangladesh","5922","Export value","23170.03","Flour of pulses","2024","2024","1000 USD","79","X","Figure from external organization","Estimated data using trading partners database"
"TCL","Crops and livestock products","050","Bangladesh","5610","Import quantity","23120.01","Flour of rice","2024","2024","t","0.01","X","Figure from external organization","Estimated data using trading partners database"
"TCL","Crops and livestock products","050","Bangladesh","5622","Import value","23120.01","Flour of rice","2024","2024","1000 USD","0","X","Figure from external organization","Estimated data using trading partners database"
"TCL","Crops and livestock products","050","Bangladesh","5910","Export quantity","23120.01","Flour of rice","2024","2024","t","22.55","X","Figure from external organization","Estimated data using trading partners database"
"TCL","Crops and livestock products","050","Bangladesh","5922","Export value","23120.01","Flour of rice","2024","2024","1000 USD","24","X","Figure from external organization","Estimated data using trading partners database"
"TCL","Crops and livestock products","050","Bangladesh","5910","Export quantity","23170.02","Flour of roots and tubers n.e.c.","2024","2024","t","0.6","X","Figure from external organization","Estimated data using trading partners database"
"TCL","Crops and livestock products","050","Bangladesh","5922","Export value","23170.02","Flour of roots and tubers n.e.c.","2024","2024","1000 USD","1","X","Figure from external organization","Estimated data using trading partners database"
"TCL","Crops and livestock products","050","Bangladesh","5610","Import quantity","21392","Flour, meal, powder, flakes, granules and pellets of potatoes","2024","2024","t","2010.53","X","Figure from external organization","Estimated data using trading partners database"
"TCL","Crops and livestock products","050","Bangladesh","5622","Import value","21392","Flour, meal, powder, flakes, granules and pellets of potatoes","2024","2024","1000 USD","4350","X","Figure from external organization","Estimated data using trading partners database"
"TCL","Crops and livestock products","050","Bangladesh","5910","Export quantity","21392","Flour, meal, powder, flakes, granules and pellets of potatoes","2024","2024","t","1419.24","X","Figure from external organization","Estimated data using trading partners database"
"TCL","Crops and livestock products","050","Bangladesh","5922","Export value","21392","Flour, meal, powder, flakes, granules and pellets of potatoes","2024","2024","1000 USD","2082","X","Figure from external organization","Estimated data using trading partners database"
"TCL","Crops and livestock products","050","Bangladesh","5610","Import quantity","21920","Flours and meals of oil seeds or oleaginous fruits, except those of mustard","2024","2024","t","2112.88","X","Figure from external organization","Estimated data using trading partners database"
"TCL","Crops and livestock products","050","Bangladesh","5622","Import value","21920","Flours and meals of oil seeds or oleaginous fruits, except those of mustard","2024","2024","1000 USD","1154","X","Figure from external organization","Estimated data using trading partners database"
"TCL","Crops and livestock products","050","Bangladesh","5910","Export quantity","21920","Flours and meals of oil seeds or oleaginous fruits, except those of mustard","2024","2024","t","10.25","X","Figure from external organization","Estimated data using trading partners database"
"TCL","Crops and livestock products","050","Bangladesh","5922","Export value","21920","Flours and meals of oil seeds or oleaginous fruits, except those of mustard","2024","2024","1000 USD","20","X","Figure from external organization","Estimated data using trading partners database"
"TCL","Crops and livestock products","050","Bangladesh","5610","Import quantity","F1232","Food preparations n.e.c.","2024","2024","t","36771.74","X","Figure from external organization","Estimated data using trading partners database"
"TCL","Crops and livestock products","050","Bangladesh","5622","Import value","F1232","Food preparations n.e.c.","2024","2024","1000 USD","130396","X","Figure from external organization","Estimated data using trading partners database"
"TCL","Crops and livestock products","050","Bangladesh","5910","Export quantity","F1232","Food preparations n.e.c.","2024","2024","t","8209.09","I","Value imputed by a receiving agency",""
"TCL","Crops and livestock products","050","Bangladesh","5922","Export value","F1232","Food preparations n.e.c.","2024","2024","1000 USD","19045","X","Figure from external organization","Estimated data using trading partners database"
"TCL","Crops and livestock products","050","Bangladesh","5610","Import quantity","23999.02","Food preparations of flour, meal or malt extract","2024","2024","t","45965.8","X","Figure from external organization","Estimated data using trading partners database"
"TCL","Crops and livestock products","050","Bangladesh","5622","Import value","23999.02","Food preparations of flour, meal or malt extract","2024","2024","1000 USD","132106","X","Figure from external organization","Estimated data using trading partners database"
"TCL","Crops and livestock products","050","Bangladesh","5910","Export quantity","23999.02","Food preparations of flour, meal or malt extract","2024","2024","t","560.83","X","Figure from external organization","Estimated data using trading partners database"
"TCL","Crops and livestock products","050","Bangladesh","5922","Export value","23999.02","Food preparations of flour, meal or malt extract","2024","2024","1000 USD","1062","X","Figure from external organization","Estimated data using trading partners database"
"TCL","Crops and livestock products","050","Bangladesh","5610","Import quantity","39170.01","Food wastes","2024","2024","t","35006.63","X","Figure from external organization","Estimated data using trading partners database"
"TCL","Crops and livestock products","050","Bangladesh","5622","Import value","39170.01","Food wastes","2024","2024","1000 USD","82363","X","Figure from external organization","Estimated data using trading partners database"
"TCL","Crops and livestock products","050","Bangladesh","5610","Import quantity","F0623","Fruit prepared n.e.c.","2024","2024","t","1632.5","X","Figure from external organization","Estimated data using trading partners database"
"TCL","Crops and livestock products","050","Bangladesh","5622","Import value","F0623","Fruit prepared n.e.c.","2024","2024","1000 USD","3484","X","Figure from external organization","Estimated data using trading partners database"
"TCL","Crops and livestock products","050","Bangladesh","5910","Export quantity","F0623","Fruit prepared n.e.c.","2024","2024","t","2725.5","X","Figure from external organization","Estimated data using trading partners database"
"TCL","Crops and livestock products","050","Bangladesh","5922","Export value","F0623","Fruit prepared n.e.c.","2024","2024","1000 USD","2674","X","Figure from external organization","Estimated data using trading partners database"
"TCL","Crops and livestock products","050","Bangladesh","5610","Import quantity","23670.02","Fruit, nuts, peel, sugar preserved","2024","2024","t","1135.08","X","Figure from external organization","Estimated data using trading partners database"
"TCL","Crops and livestock products","050","Bangladesh","5622","Import value","23670.02","Fruit, nuts, peel, sugar preserved","2024","2024","1000 USD","988","X","Figure from external organization","Estimated data using trading partners database"
"TCL","Crops and livestock products","050","Bangladesh","5910","Export quantity","23670.02","Fruit, nuts, peel, sugar preserved","2024","2024","t","20.66","X","Figure from external organization","Estimated data using trading partners database"
"TCL","Crops and livestock products","050","Bangladesh","5922","Export value","23670.02","Fruit, nuts, peel, sugar preserved","2024","2024","1000 USD","47","X","Figure from external organization","Estimated data using trading partners database"
"TCL","Crops and livestock products","050","Bangladesh","5609","Import quantity","02153","Geese","2024","2024","1000 An","0","X","Figure from external organization","Estimated data using trading partners database"
"TCL","Crops and livestock products","050","Bangladesh","5622","Import value","02153","Geese","2024","2024","1000 USD","0","X","Figure from external organization","Estimated data using trading partners database"
"TCL","Crops and livestock products","050","Bangladesh","5910","Export quantity","23140.06","Germ of maize","2024","2024","t","15.63","X","Figure from external organization","Estimated data using trading partners database"
"TCL","Crops and livestock products","050","Bangladesh","5922","Export value","23140.06","Germ of maize","2024","2024","1000 USD","19","X","Figure from external organization","Estimated data using trading partners database"
"TCL","Crops and livestock products","050","Bangladesh","5910","Export quantity","23140.01","Germ of wheat","2024","2024","t","0","X","Figure from external organization","Estimated data using trading partners database"
"TCL","Crops and livestock products","050","Bangladesh","5922","Export value","23140.01","Germ of wheat","2024","2024","1000 USD","0","X","Figure from external organization","Estimated data using trading partners database"
"TCL","Crops and livestock products","050","Bangladesh","5610","Import quantity","22241.02","Ghee from cow milk","2024","2024","t","130.7","X","Figure from external organization","Estimated data using trading partners database"
"TCL","Crops and livestock products","050","Bangladesh","5622","Import value","22241.02","Ghee from cow milk","2024","2024","1000 USD","731","X","Figure from external organization","Estimated data using trading partners database"
"TCL","Crops and livestock products","050","Bangladesh","5910","Export quantity","22241.02","Ghee from cow milk","2024","2024","t","70.18","X","Figure from external organization","Estimated data using trading partners database"
"TCL","Crops and livestock products","050","Bangladesh","5922","Export value","22241.02","Ghee from cow milk","2024","2024","1000 USD","600","X","Figure from external organization","Estimated data using trading partners database"
"TCL","Crops and livestock products","050","Bangladesh","5610","Import quantity","01657","Ginger, raw","2024","2024","t","141622.77","X","Figure from external organization","Estimated data using trading partners database"
"TCL","Crops and livestock products","050","Bangladesh","5622","Import value","01657","Ginger, raw","2024","2024","1000 USD","119388","X","Figure from external organization","Estimated data using trading partners database"
"TCL","Crops and livestock products","050","Bangladesh","5910","Export quantity","01657","Ginger, raw","2024","2024","t","70","X","Figure from external organization","Estimated data using trading partners database"
"TCL","Crops and livestock products","050","Bangladesh","5922","Export value","01657","Ginger, raw","2024","2024","1000 USD","155","X","Figure from external organization","Estimated data using trading partners database"
"TCL","Crops and livestock products","050","Bangladesh","5610","Import quantity","23210.05","Glucose and dextrose","2024","2024","t","20270.1","X","Figure from external organization","Estimated data using trading partners database"
"TCL","Crops and livestock products","050","Bangladesh","5622","Import value","23210.05","Glucose and dextrose","2024","2024","1000 USD","14160","X","Figure from external organization","Estimated data using trading partners database"
"TCL","Crops and livestock products","050","Bangladesh","5910","Export quantity","23210.05","Glucose and dextrose","2024","2024","t","0.17","X","Figure from external organization","Estimated data using trading partners database"
"TCL","Crops and livestock products","050","Bangladesh","5922","Export value","23210.05","Glucose and dextrose","2024","2024","1000 USD","2","X","Figure from external organization","Estimated data using trading partners database"
"TCL","Crops and livestock products","050","Bangladesh","5610","Import quantity","39130.04","Gluten feed and meal","2024","2024","t","42509.19","X","Figure from external organization","Estimated data using trading partners database"
"TCL","Crops and livestock products","050","Bangladesh","5622","Import value","39130.04","Gluten feed and meal","2024","2024","1000 USD","24312","X","Figure from external organization","Estimated data using trading partners database"
"TCL","Crops and livestock products","050","Bangladesh","5610","Import quantity","21434","Grape juice","2024","2024","t","123.24","X","Figure from external organization","Estimated data using trading partners database"
"TCL","Crops and livestock products","050","Bangladesh","5622","Import value","21434","Grape juice","2024","2024","1000 USD","223","X","Figure from external organization","Estimated data using trading partners database"
"TCL","Crops and livestock products","050","Bangladesh","5910","Export quantity","21434","Grape juice","2024","2024","t","0.23","X","Figure from external organization","Estimated data using trading partners database"
"TCL","Crops and livestock products","050","Bangladesh","5922","Export value","21434","Grape juice","2024","2024","1000 USD","1","X","Figure from external organization","Estimated data using trading partners database"
"TCL","Crops and livestock products","050","Bangladesh","5910","Export quantity","21432","Grapefruit juice","2024","2024","t","8.78","X","Figure from external organization","Estimated data using trading partners database"
"TCL","Crops and livestock products","050","Bangladesh","5922","Export value","21432","Grapefruit juice","2024","2024","1000 USD","6","X","Figure from external organization","Estimated data using trading partners database"
"TCL","Crops and livestock products","050","Bangladesh","5610","Import quantity","21432.01","Grapefruit juice, concentrated","2024","2024","t","27.85","X","Figure from external organization","Estimated data using trading partners database"
"TCL","Crops and livestock products","050","Bangladesh","5622","Import value","21432.01","Grapefruit juice, concentrated","2024","2024","1000 USD","43","X","Figure from external organization","Estimated data using trading partners database"
"TCL","Crops and livestock products","050","Bangladesh","5610","Import quantity","01330","Grapes","2024","2024","t","104131.84","X","Figure from external organization","Estimated data using trading partners database"
"TCL","Crops and livestock products","050","Bangladesh","5622","Import value","01330","Grapes","2024","2024","1000 USD","70910","X","Figure from external organization","Estimated data using trading partners database"
"TCL","Crops and livestock products","050","Bangladesh","5910","Export quantity","01330","Grapes","2024","2024","t","0.57","X","Figure from external organization","Estimated data using trading partners database"
"TCL","Crops and livestock products","050","Bangladesh","5922","Export value","01330","Grapes","2024","2024","1000 USD","2","X","Figure from external organization","Estimated data using trading partners database"
"TCL","Crops and livestock products","050","Bangladesh","5910","Export quantity","01290.01","Green corn (maize)","2024","2024","t","904.94","X","Figure from external organization","Estimated data using trading partners database"
"TCL","Crops and livestock products","050","Bangladesh","5922","Export value","01290.01","Green corn (maize)","2024","2024","1000 USD","3250","X","Figure from external organization","Estimated data using trading partners database"
"TCL","Crops and livestock products","050","Bangladesh","5610","Import quantity","01252","Green garlic","2024","2024","t","174305.77","X","Figure from external organization","Estimated data using trading partners database"
"TCL","Crops and livestock products","050","Bangladesh","5622","Import value","01252","Green garlic","2024","2024","1000 USD","212777","X","Figure from external organization","Estimated data using trading partners database"
"TCL","Crops and livestock products","050","Bangladesh","5910","Export quantity","01252","Green garlic","2024","2024","t","0.54","X","Figure from external organization","Estimated data using trading partners database"
"TCL","Crops and livestock products","050","Bangladesh","5922","Export value","01252","Green garlic","2024","2024","1000 USD","2","X","Figure from external organization","Estimated data using trading partners database"
"TCL","Crops and livestock products","050","Bangladesh","5610","Import quantity","2162","Groundnut oil","2024","2024","t","32.44","X","Figure from external organization","Estimated data using trading partners database"
"TCL","Crops and livestock products","050","Bangladesh","5622","Import value","2162","Groundnut oil","2024","2024","1000 USD","159","X","Figure from external organization","Estimated data using trading partners database"
"TCL","Crops and livestock products","050","Bangladesh","5610","Import quantity","0142","Groundnuts, excluding shelled","2024","2024","t","4953.61","X","Figure from external organization","Estimated data using trading partners database"
"TCL","Crops and livestock products","050","Bangladesh","5622","Import value","0142","Groundnuts, excluding shelled","2024","2024","1000 USD","4084","X","Figure from external organization","Estimated data using trading partners database"
"TCL","Crops and livestock products","050","Bangladesh","5910","Export quantity","0142","Groundnuts, excluding shelled","2024","2024","t","0.04","X","Figure from external organization","Estimated data using trading partners database"
"TCL","Crops and livestock products","050","Bangladesh","5922","Export value","0142","Groundnuts, excluding shelled","2024","2024","1000 USD","0","X","Figure from external organization","Estimated data using trading partners database"
"TCL","Crops and livestock products","050","Bangladesh","5610","Import quantity","21421","Groundnuts, shelled","2024","2024","t","17804.4","X","Figure from external organization","Estimated data using trading partners database"
"TCL","Crops and livestock products","050","Bangladesh","5622","Import value","21421","Groundnuts, shelled","2024","2024","1000 USD","14750","X","Figure from external organization","Estimated data using trading partners database"
"TCL","Crops and livestock products","050","Bangladesh","5610","Import quantity","26150.01","Hair, carded/combed","2024","2024","t","0","X","Figure from external organization","Estimated data using trading partners database"
"TCL","Crops and livestock products","050","Bangladesh","5622","Import value","26150.01","Hair, carded/combed","2024","2024","1000 USD","0","X","Figure from external organization","Estimated data using trading partners database"
"TCL","Crops and livestock products","050","Bangladesh","5910","Export quantity","26150.01","Hair, carded/combed","2024","2024","t","0.46","X","Figure from external organization","Estimated data using trading partners database"
"TCL","Crops and livestock products","050","Bangladesh","5922","Export value","26150.01","Hair, carded/combed","2024","2024","1000 USD","14","X","Figure from external organization","Estimated data using trading partners database"
"TCL","Crops and livestock products","050","Bangladesh","5910","Export quantity","02942.90","Hair, coarse nes","2024","2024","t","10.02","X","Figure from external organization","Estimated data using trading partners database"
"TCL","Crops and livestock products","050","Bangladesh","5922","Export value","02942.90","Hair, coarse nes","2024","2024","1000 USD","38","X","Figure from external organization","Estimated data using trading partners database"
"TCL","Crops and livestock products","050","Bangladesh","5910","Export quantity","02943.01","Hair, goat, fine","2024","2024","t","0.01","X","Figure from external organization","Estimated data using trading partners database"
"TCL","Crops and livestock products","050","Bangladesh","5922","Export value","02943.01","Hair, goat, fine","2024","2024","1000 USD","0","X","Figure from external organization","Estimated data using trading partners database"
"TCL","Crops and livestock products","050","Bangladesh","5610","Import quantity","21423","Hazelnuts, shelled","2024","2024","t","0.17","X","Figure from external organization","Estimated data using trading partners database"
"TCL","Crops and livestock products","050","Bangladesh","5622","Import value","21423","Hazelnuts, shelled","2024","2024","1000 USD","2","X","Figure from external organization","Estimated data using trading partners database"
"TCL","Crops and livestock products","050","Bangladesh","5610","Import quantity","01449.02","Hempseed","2024","2024","t","8.43","X","Figure from external organization","Estimated data using trading partners database"
"TCL","Crops and livestock products","050","Bangladesh","5622","Import value","01449.02","Hempseed","2024","2024","1000 USD","16","X","Figure from external organization","Estimated data using trading partners database"
"TCL","Crops and livestock products","050","Bangladesh","5610","Import quantity","0231","Hen eggs in shell, fresh","2024","2024","t","142.78","X","Figure from external organization","Estimated data using trading partners database"
"TCL","Crops and livestock products","050","Bangladesh","5622","Import value","0231","Hen eggs in shell, fresh","2024","2024","1000 USD","128","X","Figure from external organization","Estimated data using trading partners database"
"TCL","Crops and livestock products","050","Bangladesh","5610","Import quantity","02951.05","Hides, cattle, dry salted","2024","2024","t","124.03","X","Figure from external organization","Estimated data using trading partners database"
"TCL","Crops and livestock products","050","Bangladesh","5622","Import value","02951.05","Hides, cattle, dry salted","2024","2024","1000 USD","33","X","Figure from external organization","Estimated data using trading partners database"
"TCL","Crops and livestock products","050","Bangladesh","5910","Export quantity","02951.05","Hides, cattle, dry salted","2024","2024","t","0","X","Figure from external organization","Estimated data using trading partners database"
"TCL","Crops and livestock products","050","Bangladesh","5922","Export value","02951.05","Hides, cattle, dry salted","2024","2024","1000 USD","0","X","Figure from external organization","Estimated data using trading partners database"
"TCL","Crops and livestock products","050","Bangladesh","5910","Export quantity","02951.04","Hides, wet-salted of cattle","2024","2024","t","492.06","X","Figure from external organization","Estimated data using trading partners database"
"TCL","Crops and livestock products","050","Bangladesh","5922","Export value","02951.04","Hides, wet-salted of cattle","2024","2024","1000 USD","102","X","Figure from external organization","Estimated data using trading partners database"
"TCL","Crops and livestock products","050","Bangladesh","5610","Import quantity","23991.03","Homogenized cooked fruit, prepared","2024","2024","t","7.43","X","Figure from external organization","Estimated data using trading partners database"
"TCL","Crops and livestock products","050","Bangladesh","5622","Import value","23991.03","Homogenized cooked fruit, prepared","2024","2024","1000 USD","13","X","Figure from external organization","Estimated data using trading partners database"
"TCL","Crops and livestock products","050","Bangladesh","5910","Export quantity","23991.03","Homogenized cooked fruit, prepared","2024","2024","t","10.86","X","Figure from external organization","Estimated data using trading partners database"
"TCL","Crops and livestock products","050","Bangladesh","5922","Export value","23991.03","Homogenized cooked fruit, prepared","2024","2024","1000 USD","11","X","Figure from external organization","Estimated data using trading partners database"
"TCL","Crops and livestock products","050","Bangladesh","5910","Export quantity","23991.04","Homogenized meat preparations","2024","2024","t","0.37","X","Figure from external organization","Estimated data using trading partners database"
"TCL","Crops and livestock products","050","Bangladesh","5922","Export value","23991.04","Homogenized meat preparations","2024","2024","1000 USD","4","X","Figure from external organization","Estimated data using trading partners database"
"TCL","Crops and livestock products","050","Bangladesh","5610","Import quantity","23991.02","Homogenized vegetable preparations","2024","2024","t","0.06","X","Figure from external organization","Estimated data using trading partners database"
"TCL","Crops and livestock products","050","Bangladesh","5622","Import value","23991.02","Homogenized vegetable preparations","2024","2024","1000 USD","0","X","Figure from external organization","Estimated data using trading partners database"
"TCL","Crops and livestock products","050","Bangladesh","5910","Export quantity","23991.02","Homogenized vegetable preparations","2024","2024","t","7.21","X","Figure from external organization","Estimated data using trading partners database"
"TCL","Crops and livestock products","050","Bangladesh","5922","Export value","23991.02","Homogenized vegetable preparations","2024","2024","1000 USD","15","X","Figure from external organization","Estimated data using trading partners database"
"TCL","Crops and livestock products","050","Bangladesh","5610","Import quantity","23162","Husked rice","2024","2024","t","100000","E","Estimated value",""
"TCL","Crops and livestock products","050","Bangladesh","5622","Import value","23162","Husked rice","2024","2024","1000 USD","46600","E","Estimated value",""
"TCL","Crops and livestock products","050","Bangladesh","5910","Export quantity","23162","Husked rice","2024","2024","t","14.4","X","Figure from external organization","Estimated data using trading partners database"
"TCL","Crops and livestock products","050","Bangladesh","5922","Export value","23162","Husked rice","2024","2024","1000 USD","19","X","Figure from external organization","Estimated data using trading partners database"
"TCL","Crops and livestock products","050","Bangladesh","5610","Import quantity","F1275","hydrogenated oils and fats","2024","2024","t","34992.37","X","Figure from external organization","Estimated data using trading partners database"
"TCL","Crops and livestock products","050","Bangladesh","5622","Import value","F1275","hydrogenated oils and fats","2024","2024","1000 USD","20587","X","Figure from external organization","Estimated data using trading partners database"
"TCL","Crops and livestock products","050","Bangladesh","5910","Export quantity","F1275","hydrogenated oils and fats","2024","2024","t","3.02","X","Figure from external organization","Estimated data using trading partners database"
"TCL","Crops and livestock products","050","Bangladesh","5922","Export value","F1275","hydrogenated oils and fats","2024","2024","1000 USD","5","X","Figure from external organization","Estimated data using trading partners database"
"TCL","Crops and livestock products","050","Bangladesh","5610","Import quantity","22270","Ice cream and other edible ice","2024","2024","t","27.08","X","Figure from external organization","Estimated data using trading partners database"
"TCL","Crops and livestock products","050","Bangladesh","5622","Import value","22270","Ice cream and other edible ice","2024","2024","1000 USD","247","X","Figure from external organization","Estimated data using trading partners database"
"TCL","Crops and livestock products","050","Bangladesh","5910","Export quantity","22270","Ice cream and other edible ice","2024","2024","t","44.05","X","Figure from external organization","Estimated data using trading partners database"
"TCL","Crops and livestock products","050","Bangladesh","5922","Export value","22270","Ice cream and other edible ice","2024","2024","1000 USD","22","X","Figure from external organization","Estimated data using trading partners database"
"TCL","Crops and livestock products","050","Bangladesh","5610","Import quantity","34120","Industrial monocarboxylic fatty acids; acid oils from refining","2024","2024","t","23861.1","X","Figure from external organization","Estimated data using trading partners database"
"TCL","Crops and livestock products","050","Bangladesh","5622","Import value","34120","Industrial monocarboxylic fatty acids; acid oils from refining","2024","2024","1000 USD","26551","X","Figure from external organization","Estimated data using trading partners database"
"TCL","Crops and livestock products","050","Bangladesh","5910","Export quantity","34120","Industrial monocarboxylic fatty acids; acid oils from refining","2024","2024","t","28248.73","X","Figure from external organization","Estimated data using trading partners database"
"TCL","Crops and livestock products","050","Bangladesh","5922","Export value","34120","Industrial monocarboxylic fatty acids; acid oils from refining","2024","2024","1000 USD","22232","X","Figure from external organization","Estimated data using trading partners database"
"TCL","Crops and livestock products","050","Bangladesh","5610","Import quantity","23991.01","Infant food","2024","2024","t","2448.21","X","Figure from external organization","Estimated data using trading partners database"
"TCL","Crops and livestock products","050","Bangladesh","5622","Import value","23991.01","Infant food","2024","2024","1000 USD","13953","X","Figure from external organization","Estimated data using trading partners database"
"TCL","Crops and livestock products","050","Bangladesh","5910","Export quantity","23991.01","Infant food","2024","2024","t","21.1","X","Figure from external organization","Estimated data using trading partners database"
"TCL","Crops and livestock products","050","Bangladesh","5922","Export value","23991.01","Infant food","2024","2024","1000 USD","18","X","Figure from external organization","Estimated data using trading partners database"
"TCL","Crops and livestock products","050","Bangladesh","5610","Import quantity","21691.06","Jojoba oil","2024","2024","t","0.2","X","Figure from external organization","Estimated data using trading partners database"
"TCL","Crops and livestock products","050","Bangladesh","5622","Import value","21691.06","Jojoba oil","2024","2024","1000 USD","10","X","Figure from external organization","Estimated data using trading partners database"
"TCL","Crops and livestock products","050","Bangladesh","5910","Export quantity","21439.04","Juice of citrus fruit n.e.c.","2024","2024","t","2.92","X","Figure from external organization","Estimated data using trading partners database"
"TCL","Crops and livestock products","050","Bangladesh","5922","Export value","21439.04","Juice of citrus fruit n.e.c.","2024","2024","1000 USD","3","X","Figure from external organization","Estimated data using trading partners database"
"TCL","Crops and livestock products","050","Bangladesh","5610","Import quantity","21439.90","Juice of fruits n.e.c.","2024","2024","t","370.75","X","Figure from external organization","Estimated data using trading partners database"
"TCL","Crops and livestock products","050","Bangladesh","5622","Import value","21439.90","Juice of fruits n.e.c.","2024","2024","1000 USD","507","X","Figure from external organization","Estimated data using trading partners database"
"TCL","Crops and livestock products","050","Bangladesh","5910","Export quantity","21439.90","Juice of fruits n.e.c.","2024","2024","t","4981.92","X","Figure from external organization","Estimated data using trading partners database"
"TCL","Crops and livestock products","050","Bangladesh","5922","Export value","21439.90","Juice of fruits n.e.c.","2024","2024","1000 USD","2439","X","Figure from external organization","Estimated data using trading partners database"
"TCL","Crops and livestock products","050","Bangladesh","5610","Import quantity","21433.01","Juice of pineapples, concentrated","2024","2024","t","4.56","X","Figure from external organization","Estimated data using trading partners database"
"TCL","Crops and livestock products","050","Bangladesh","5622","Import value","21433.01","Juice of pineapples, concentrated","2024","2024","1000 USD","4","X","Figure from external organization","Estimated data using trading partners database"
"TCL","Crops and livestock products","050","Bangladesh","5910","Export quantity","21433.01","Juice of pineapples, concentrated","2024","2024","t","45.69","X","Figure from external organization","Estimated data using trading partners database"
"TCL","Crops and livestock products","050","Bangladesh","5922","Export value","21433.01","Juice of pineapples, concentrated","2024","2024","1000 USD","20","X","Figure from external organization","Estimated data using trading partners database"
"TCL","Crops and livestock products","050","Bangladesh","5610","Import quantity","01922.01","Jute, raw or retted","2024","2024","t","55","X","Figure from external organization","Estimated data using trading partners database"
"TCL","Crops and livestock products","050","Bangladesh","5622","Import value","01922.01","Jute, raw or retted","2024","2024","1000 USD","65","X","Figure from external organization","Estimated data using trading partners database"
"TCL","Crops and livestock products","050","Bangladesh","5910","Export quantity","01922.01","Jute, raw or retted","2024","2024","t","205423.76","X","Figure from external organization","Estimated data using trading partners database"
"TCL","Crops and livestock products","050","Bangladesh","5922","Export value","01922.01","Jute, raw or retted","2024","2024","1000 USD","128262","X","Figure from external organization","Estimated data using trading partners database"
"TCL","Crops and livestock products","050","Bangladesh","5610","Import quantity","01352","Kiwi fruit","2024","2024","t","21.91","X","Figure from external organization","Estimated data using trading partners database"
"TCL","Crops and livestock products","050","Bangladesh","5622","Import value","01352","Kiwi fruit","2024","2024","1000 USD","31","X","Figure from external organization","Estimated data using trading partners database"
"TCL","Crops and livestock products","050","Bangladesh","5610","Import quantity","23210.06","Lactose","2024","2024","t","4228.73","X","Figure from external organization","Estimated data using trading partners database"
"TCL","Crops and livestock products","050","Bangladesh","5622","Import value","23210.06","Lactose","2024","2024","1000 USD","11429","X","Figure from external organization","Estimated data using trading partners database"
"TCL","Crops and livestock products","050","Bangladesh","5910","Export quantity","F1217","Leather used & waste","2024","2024","t","0.03","X","Figure from external organization","Estimated data using trading partners database"
"TCL","Crops and livestock products","050","Bangladesh","5922","Export value","F1217","Leather used & waste","2024","2024","1000 USD","0","X","Figure from external organization","Estimated data using trading partners database"
"TCL","Crops and livestock products","050","Bangladesh","5610","Import quantity","01254","Leeks and other alliaceous vegetables","2024","2024","t","1.99","X","Figure from external organization","Estimated data using trading partners database"
"TCL","Crops and livestock products","050","Bangladesh","5622","Import value","01254","Leeks and other alliaceous vegetables","2024","2024","1000 USD","2","X","Figure from external organization","Estimated data using trading partners database"
"TCL","Crops and livestock products","050","Bangladesh","5910","Export quantity","01254","Leeks and other alliaceous vegetables","2024","2024","t","3.64","X","Figure from external organization","Estimated data using trading partners database"
"TCL","Crops and livestock products","050","Bangladesh","5922","Export value","01254","Leeks and other alliaceous vegetables","2024","2024","1000 USD","19","X","Figure from external organization","Estimated data using trading partners database"
"TCL","Crops and livestock products","050","Bangladesh","5910","Export quantity","21439.03","Lemon juice, concentrated","2024","2024","t","13.02","X","Figure from external organization","Estimated data using trading partners database"
"TCL","Crops and livestock products","050","Bangladesh","5922","Export value","21439.03","Lemon juice, concentrated","2024","2024","1000 USD","7","X","Figure from external organization","Estimated data using trading partners database"
"TCL","Crops and livestock products","050","Bangladesh","5610","Import quantity","01322","Lemons and limes","2024","2024","t","27.49","X","Figure from external organization","Estimated data using trading partners database"
"TCL","Crops and livestock products","050","Bangladesh","5622","Import value","01322","Lemons and limes","2024","2024","1000 USD","19","X","Figure from external organization","Estimated data using trading partners database"
"TCL","Crops and livestock products","050","Bangladesh","5910","Export quantity","01322","Lemons and limes","2024","2024","t","263.92","X","Figure from external organization","Estimated data using trading partners database"
"TCL","Crops and livestock products","050","Bangladesh","5922","Export value","01322","Lemons and limes","2024","2024","1000 USD","502","X","Figure from external organization","Estimated data using trading partners database"
"TCL","Crops and livestock products","050","Bangladesh","5610","Import quantity","01704","Lentils, dry","2024","2024","t","652099.8","X","Figure from external organization","Estimated data using trading partners database"
"TCL","Crops and livestock products","050","Bangladesh","5622","Import value","01704","Lentils, dry","2024","2024","1000 USD","478563","X","Figure from external organization","Estimated data using trading partners database"
"TCL","Crops and livestock products","050","Bangladesh","5910","Export quantity","01704","Lentils, dry","2024","2024","t","96.59","X","Figure from external organization","Estimated data using trading partners database"
"TCL","Crops and livestock products","050","Bangladesh","5922","Export value","01704","Lentils, dry","2024","2024","1000 USD","110","X","Figure from external organization","Estimated data using trading partners database"
"TCL","Crops and livestock products","050","Bangladesh","5610","Import quantity","01214","Lettuce and chicory","2024","2024","t","150.59","X","Figure from external organization","Estimated data using trading partners database"
"TCL","Crops and livestock products","050","Bangladesh","5622","Import value","01214","Lettuce and chicory","2024","2024","1000 USD","158","X","Figure from external organization","Estimated data using trading partners database"
"TCL","Crops and livestock products","050","Bangladesh","5910","Export quantity","01214","Lettuce and chicory","2024","2024","t","0.02","X","Figure from external organization","Estimated data using trading partners database"
"TCL","Crops and livestock products","050","Bangladesh","5922","Export value","01214","Lettuce and chicory","2024","2024","1000 USD","0","X","Figure from external organization","Estimated data using trading partners database"
"TCL","Crops and livestock products","050","Bangladesh","5610","Import quantity","01441","Linseed","2024","2024","t","140.43","X","Figure from external organization","Estimated data using trading partners database"
"TCL","Crops and livestock products","050","Bangladesh","5622","Import value","01441","Linseed","2024","2024","1000 USD","38","X","Figure from external organization","Estimated data using trading partners database"
"TCL","Crops and livestock products","050","Bangladesh","5610","Import quantity","21189.01","Liver preparations","2024","2024","t","0","X","Figure from external organization","Estimated data using trading partners database"
"TCL","Crops and livestock products","050","Bangladesh","5622","Import value","21189.01","Liver preparations","2024","2024","1000 USD","0","X","Figure from external organization","Estimated data using trading partners database"
"TCL","Crops and livestock products","050","Bangladesh","5610","Import quantity","0112","Maize (corn)","2024","2024","t","1180356.01","X","Figure from external organization","Estimated data using trading partners database"
"TCL","Crops and livestock products","050","Bangladesh","5622","Import value","0112","Maize (corn)","2024","2024","1000 USD","277942","X","Figure from external organization","Estimated data using trading partners database"
"TCL","Crops and livestock products","050","Bangladesh","5910","Export quantity","0112","Maize (corn)","2024","2024","t","61.77","X","Figure from external organization","Estimated data using trading partners database"
"TCL","Crops and livestock products","050","Bangladesh","5922","Export value","0112","Maize (corn)","2024","2024","1000 USD","121","X","Figure from external organization","Estimated data using trading partners database"
"TCL","Crops and livestock products","050","Bangladesh","5610","Import quantity","23999.01","Malt extract","2024","2024","t","1014","X","Figure from external organization","Estimated data using trading partners database"
"TCL","Crops and livestock products","050","Bangladesh","5622","Import value","23999.01","Malt extract","2024","2024","1000 USD","8775","X","Figure from external organization","Estimated data using trading partners database"
"TCL","Crops and livestock products","050","Bangladesh","5910","Export quantity","23999.01","Malt extract","2024","2024","t","2.89","X","Figure from external organization","Estimated data using trading partners database"
"TCL","Crops and livestock products","050","Bangladesh","5922","Export value","23999.01","Malt extract","2024","2024","1000 USD","10","X","Figure from external organization","Estimated data using trading partners database"
"TCL","Crops and livestock products","050","Bangladesh","5610","Import quantity","24320","Malt, whether or not roasted","2024","2024","t","513.26","X","Figure from external organization","Estimated data using trading partners database"
"TCL","Crops and livestock products","050","Bangladesh","5622","Import value","24320","Malt, whether or not roasted","2024","2024","1000 USD","431","X","Figure from external organization","Estimated data using trading partners database"
"TCL","Crops and livestock products","050","Bangladesh","5610","Import quantity","01316","Mangoes, guavas and mangosteens","2024","2024","t","32.32","X","Figure from external organization","Estimated data using trading partners database"
"TCL","Crops and livestock products","050","Bangladesh","5622","Import value","01316","Mangoes, guavas and mangosteens","2024","2024","1000 USD","78","X","Figure from external organization","Estimated data using trading partners database"
"TCL","Crops and livestock products","050","Bangladesh","5910","Export quantity","01316","Mangoes, guavas and mangosteens","2024","2024","t","946.24","X","Figure from external organization","Estimated data using trading partners database"
"TCL","Crops and livestock products","050","Bangladesh","5922","Export value","01316","Mangoes, guavas and mangosteens","2024","2024","1000 USD","2626","X","Figure from external organization","Estimated data using trading partners database"
"TCL","Crops and livestock products","050","Bangladesh","5610","Import quantity","21700.02","Margarine and shortening","2024","2024","t","5400.49","X","Figure from external organization","Estimated data using trading partners database"
"TCL","Crops and livestock products","050","Bangladesh","5622","Import value","21700.02","Margarine and shortening","2024","2024","1000 USD","7467","X","Figure from external organization","Estimated data using trading partners database"
"TCL","Crops and livestock products","050","Bangladesh","5910","Export quantity","21700.02","Margarine and shortening","2024","2024","t","3.3","X","Figure from external organization","Estimated data using trading partners database"
"TCL","Crops and livestock products","050","Bangladesh","5922","Export value","21700.02","Margarine and shortening","2024","2024","1000 USD","8","X","Figure from external organization","Estimated data using trading partners database"
"TCL","Crops and livestock products","050","Bangladesh","5910","Export quantity","01630","Maté leaves","2024","2024","t","0","X","Figure from external organization","Estimated data using trading partners database"
"TCL","Crops and livestock products","050","Bangladesh","5922","Export value","01630","Maté leaves","2024","2024","1000 USD","0","X","Figure from external organization","Estimated data using trading partners database"
"TCL","Crops and livestock products","050","Bangladesh","5610","Import quantity","21190.01","Meat meal","2024","2024","t","9330.14","X","Figure from external organization","Estimated data using trading partners database"
"TCL","Crops and livestock products","050","Bangladesh","5622","Import value","21190.01","Meat meal","2024","2024","1000 USD","5977","X","Figure from external organization","Estimated data using trading partners database"
"TCL","Crops and livestock products","050","Bangladesh","5610","Import quantity","21111.02","Meat of cattle boneless, fresh or chilled","2024","2024","t","17.72","X","Figure from external organization","Estimated data using trading partners database"
"TCL","Crops and livestock products","050","Bangladesh","5622","Import value","21111.02","Meat of cattle boneless, fresh or chilled","2024","2024","1000 USD","223","X","Figure from external organization","Estimated data using trading partners database"
"TCL","Crops and livestock products","050","Bangladesh","5910","Export quantity","21111.02","Meat of cattle boneless, fresh or chilled","2024","2024","t","2.59","X","Figure from external organization","Estimated data using trading partners database"
"TCL","Crops and livestock products","050","Bangladesh","5922","Export value","21111.02","Meat of cattle boneless, fresh or chilled","2024","2024","1000 USD","25","X","Figure from external organization","Estimated data using trading partners database"
"TCL","Crops and livestock products","050","Bangladesh","5610","Import quantity","21111.01","Meat of cattle with the bone, fresh or chilled","2024","2024","t","0.62","X","Figure from external organization","Estimated data using trading partners database"
"TCL","Crops and livestock products","050","Bangladesh","5622","Import value","21111.01","Meat of cattle with the bone, fresh or chilled","2024","2024","1000 USD","4","X","Figure from external organization","Estimated data using trading partners database"
"TCL","Crops and livestock products","050","Bangladesh","5910","Export quantity","21111.01","Meat of cattle with the bone, fresh or chilled","2024","2024","t","18.34","X","Figure from external organization","Estimated data using trading partners database"
"TCL","Crops and livestock products","050","Bangladesh","5922","Export value","21111.01","Meat of cattle with the bone, fresh or chilled","2024","2024","1000 USD","107","X","Figure from external organization","Estimated data using trading partners database"
"TCL","Crops and livestock products","050","Bangladesh","5610","Import quantity","21121","Meat of chickens, fresh or chilled","2024","2024","t","1.63","X","Figure from external organization","Estimated data using trading partners database"
"TCL","Crops and livestock products","050","Bangladesh","5622","Import value","21121","Meat of chickens, fresh or chilled","2024","2024","1000 USD","4","X","Figure from external organization","Estimated data using trading partners database"
"TCL","Crops and livestock products","050","Bangladesh","5910","Export quantity","21121","Meat of chickens, fresh or chilled","2024","2024","t","0.7","X","Figure from external organization","Estimated data using trading partners database"
"TCL","Crops and livestock products","050","Bangladesh","5922","Export value","21121","Meat of chickens, fresh or chilled","2024","2024","1000 USD","4","X","Figure from external organization","Estimated data using trading partners database"
"TCL","Crops and livestock products","050","Bangladesh","5610","Import quantity","21116","Meat of goat, fresh or chilled","2024","2024","t","0.07","X","Figure from external organization","Estimated data using trading partners database"
"TCL","Crops and livestock products","050","Bangladesh","5622","Import value","21116","Meat of goat, fresh or chilled","2024","2024","1000 USD","1","X","Figure from external organization","Estimated data using trading partners database"
"TCL","Crops and livestock products","050","Bangladesh","5610","Import quantity","21113.02","Meat of pig boneless, fresh or chilled","2024","2024","t","0.07","X","Figure from external organization","Estimated data using trading partners database"
"TCL","Crops and livestock products","050","Bangladesh","5622","Import value","21113.02","Meat of pig boneless, fresh or chilled","2024","2024","1000 USD","1","X","Figure from external organization","Estimated data using trading partners database"
"TCL","Crops and livestock products","050","Bangladesh","5610","Import quantity","21113.01","Meat of pig with the bone, fresh or chilled","2024","2024","t","0.02","X","Figure from external organization","Estimated data using trading partners database"
"TCL","Crops and livestock products","050","Bangladesh","5622","Import value","21113.01","Meat of pig with the bone, fresh or chilled","2024","2024","1000 USD","0","X","Figure from external organization","Estimated data using trading partners database"
"TCL","Crops and livestock products","050","Bangladesh","5610","Import quantity","21115","Meat of sheep, fresh or chilled","2024","2024","t","3720.59","I","Value imputed by a receiving agency",""
"TCL","Crops and livestock products","050","Bangladesh","5622","Import value","21115","Meat of sheep, fresh or chilled","2024","2024","1000 USD","8608","X","Figure from external organization","Estimated data using trading partners database"
"TCL","Crops and livestock products","050","Bangladesh","5910","Export quantity","21115","Meat of sheep, fresh or chilled","2024","2024","t","2.88","X","Figure from external organization","Estimated data using trading partners database"
"TCL","Crops and livestock products","050","Bangladesh","5922","Export value","21115","Meat of sheep, fresh or chilled","2024","2024","1000 USD","23","X","Figure from external organization","Estimated data using trading partners database"
"TCL","Crops and livestock products","050","Bangladesh","5610","Import quantity","21124","Meat of turkeys, fresh or chilled","2024","2024","t","0.08","X","Figure from external organization","Estimated data using trading partners database"
"TCL","Crops and livestock products","050","Bangladesh","5622","Import value","21124","Meat of turkeys, fresh or chilled","2024","2024","1000 USD","0","X","Figure from external organization","Estimated data using trading partners database"
"TCL","Crops and livestock products","050","Bangladesh","5610","Import quantity","F1172","Meat prepared n.e.c.","2024","2024","t","0.01","X","Figure from external organization","Estimated data using trading partners database"
"TCL","Crops and livestock products","050","Bangladesh","5622","Import value","F1172","Meat prepared n.e.c.","2024","2024","1000 USD","0","X","Figure from external organization","Estimated data using trading partners database"
"TCL","Crops and livestock products","050","Bangladesh","5610","Import quantity","01449.01","Melonseed","2024","2024","t","65.57","X","Figure from external organization","Estimated data using trading partners database"
"TCL","Crops and livestock products","050","Bangladesh","5622","Import value","01449.01","Melonseed","2024","2024","1000 USD","1654","X","Figure from external organization","Estimated data using trading partners database"
"TCL","Crops and livestock products","050","Bangladesh","5610","Import quantity","0118","Millet","2024","2024","t","869.41","X","Figure from external organization","Estimated data using trading partners database"
"TCL","Crops and livestock products","050","Bangladesh","5622","Import value","0118","Millet","2024","2024","1000 USD","348","X","Figure from external organization","Estimated data using trading partners database"
"TCL","Crops and livestock products","050","Bangladesh","5910","Export quantity","0118","Millet","2024","2024","t","107.5","X","Figure from external organization","Estimated data using trading partners database"
"TCL","Crops and livestock products","050","Bangladesh","5922","Export value","0118","Millet","2024","2024","1000 USD","37","X","Figure from external organization","Estimated data using trading partners database"
"TCL","Crops and livestock products","050","Bangladesh","5610","Import quantity","01199.02","Mixed grain","2024","2024","t","1.63","X","Figure from external organization","Estimated data using trading partners database"
"TCL","Crops and livestock products","050","Bangladesh","5622","Import value","01199.02","Mixed grain","2024","2024","1000 USD","2","X","Figure from external organization","Estimated data using trading partners database"
"TCL","Crops and livestock products","050","Bangladesh","5610","Import quantity","23180","Mixes and doughs for the preparation of bakers' wares","2024","2024","t","1131.56","X","Figure from external organization","Estimated data using trading partners database"
"TCL","Crops and livestock products","050","Bangladesh","5622","Import value","23180","Mixes and doughs for the preparation of bakers' wares","2024","2024","1000 USD","2308","X","Figure from external organization","Estimated data using trading partners database"
"TCL","Crops and livestock products","050","Bangladesh","5910","Export quantity","23180","Mixes and doughs for the preparation of bakers' wares","2024","2024","t","5864.89","X","Figure from external organization","Estimated data using trading partners database"
"TCL","Crops and livestock products","050","Bangladesh","5922","Export value","23180","Mixes and doughs for the preparation of bakers' wares","2024","2024","1000 USD","6823","X","Figure from external organization","Estimated data using trading partners database"
"TCL","Crops and livestock products","050","Bangladesh","5610","Import quantity","23540","Molasses","2024","2024","t","182138.93","X","Figure from external organization","Estimated data using trading partners database"
"TCL","Crops and livestock products","050","Bangladesh","5622","Import value","23540","Molasses","2024","2024","1000 USD","38298","X","Figure from external organization","Estimated data using trading partners database"
"TCL","Crops and livestock products","050","Bangladesh","5910","Export quantity","23540","Molasses","2024","2024","t","299.5","X","Figure from external organization","Estimated data using trading partners database"
"TCL","Crops and livestock products","050","Bangladesh","5922","Export value","23540","Molasses","2024","2024","1000 USD","526","X","Figure from external organization","Estimated data using trading partners database"
"TCL","Crops and livestock products","050","Bangladesh","5608","Import quantity","02133","Mules and hinnies","2024","2024","An","5","X","Figure from external organization","Estimated data using trading partners database"
"TCL","Crops and livestock products","050","Bangladesh","5622","Import value","02133","Mules and hinnies","2024","2024","1000 USD","15","X","Figure from external organization","Estimated data using trading partners database"
"TCL","Crops and livestock products","050","Bangladesh","5610","Import quantity","01270","Mushrooms and truffles","2024","2024","t","10.03","X","Figure from external organization","Estimated data using trading partners database"
"TCL","Crops and livestock products","050","Bangladesh","5622","Import value","01270","Mushrooms and truffles","2024","2024","1000 USD","10","X","Figure from external organization","Estimated data using trading partners database"
"TCL","Crops and livestock products","050","Bangladesh","5910","Export quantity","01270","Mushrooms and truffles","2024","2024","t","0","X","Figure from external organization","Estimated data using trading partners database"
"TCL","Crops and livestock products","050","Bangladesh","5922","Export value","01270","Mushrooms and truffles","2024","2024","1000 USD","1","X","Figure from external organization","Estimated data using trading partners database"
"TCL","Crops and livestock products","050","Bangladesh","5610","Import quantity","24212.01","Must of grape","2024","2024","t","0.02","X","Figure from external organization","Estimated data using trading partners database"
"TCL","Crops and livestock products","050","Bangladesh","5622","Import value","24212.01","Must of grape","2024","2024","1000 USD","0","X","Figure from external organization","Estimated data using trading partners database"
"TCL","Crops and livestock products","050","Bangladesh","5610","Import quantity","01442","Mustard seed","2024","2024","t","2541.75","X","Figure from external organization","Estimated data using trading partners database"
"TCL","Crops and livestock products","050","Bangladesh","5622","Import value","01442","Mustard seed","2024","2024","1000 USD","1492","X","Figure from external organization","Estimated data using trading partners database"
"TCL","Crops and livestock products","050","Bangladesh","5910","Export quantity","01442","Mustard seed","2024","2024","t","8.31","X","Figure from external organization","Estimated data using trading partners database"
"TCL","Crops and livestock products","050","Bangladesh","5922","Export value","01442","Mustard seed","2024","2024","1000 USD","25","X","Figure from external organization","Estimated data using trading partners database"
"TCL","Crops and livestock products","050","Bangladesh","5610","Import quantity","21641.02","Mustard seed oil, crude","2024","2024","t","10","X","Figure from external organization","Estimated data using trading partners database"
"TCL","Crops and livestock products","050","Bangladesh","5622","Import value","21641.02","Mustard seed oil, crude","2024","2024","1000 USD","20","X","Figure from external organization","Estimated data using trading partners database"
"TCL","Crops and livestock products","050","Bangladesh","5910","Export quantity","21641.02","Mustard seed oil, crude","2024","2024","t","25.31","X","Figure from external organization","Estimated data using trading partners database"
"TCL","Crops and livestock products","050","Bangladesh","5922","Export value","21641.02","Mustard seed oil, crude","2024","2024","1000 USD","63","X","Figure from external organization","Estimated data using trading partners database"
"TCL","Crops and livestock products","050","Bangladesh","5610","Import quantity","02910","Natural honey","2024","2024","t","1129.8","X","Figure from external organization","Estimated data using trading partners database"
"TCL","Crops and livestock products","050","Bangladesh","5622","Import value","02910","Natural honey","2024","2024","1000 USD","2619","X","Figure from external organization","Estimated data using trading partners database"
"TCL","Crops and livestock products","050","Bangladesh","5910","Export quantity","02910","Natural honey","2024","2024","t","47.86","X","Figure from external organization","Estimated data using trading partners database"
"TCL","Crops and livestock products","050","Bangladesh","5922","Export value","02910","Natural honey","2024","2024","1000 USD","118","X","Figure from external organization","Estimated data using trading partners database"
"TCL","Crops and livestock products","050","Bangladesh","5610","Import quantity","01950.02","Natural rubber in other forms","2024","2024","t","1126.82","X","Figure from external organization","Estimated data using trading partners database"
"TCL","Crops and livestock products","050","Bangladesh","5622","Import value","01950.02","Natural rubber in other forms","2024","2024","1000 USD","1911","X","Figure from external organization","Estimated data using trading partners database"
"TCL","Crops and livestock products","050","Bangladesh","5910","Export quantity","01950.02","Natural rubber in other forms","2024","2024","t","4468.73","X","Figure from external organization","Estimated data using trading partners database"
"TCL","Crops and livestock products","050","Bangladesh","5922","Export value","01950.02","Natural rubber in other forms","2024","2024","1000 USD","6733","X","Figure from external organization","Estimated data using trading partners database"
"TCL","Crops and livestock products","050","Bangladesh","5610","Import quantity","01950.01","Natural rubber in primary forms","2024","2024","t","503.36","X","Figure from external organization","Estimated data using trading partners database"
"TCL","Crops and livestock products","050","Bangladesh","5622","Import value","01950.01","Natural rubber in primary forms","2024","2024","1000 USD","1013","X","Figure from external organization","Estimated data using trading partners database"
"TCL","Crops and livestock products","050","Bangladesh","5910","Export quantity","01950.01","Natural rubber in primary forms","2024","2024","t","0.71","X","Figure from external organization","Estimated data using trading partners database"
"TCL","Crops and livestock products","050","Bangladesh","5922","Export value","01950.01","Natural rubber in primary forms","2024","2024","1000 USD","5","X","Figure from external organization","Estimated data using trading partners database"
"TCL","Crops and livestock products","050","Bangladesh","5610","Import quantity","01653","Nutmeg, mace, cardamoms, raw","2024","2024","t","3617.14","X","Figure from external organization","Estimated data using trading partners database"
"TCL","Crops and livestock products","050","Bangladesh","5622","Import value","01653","Nutmeg, mace, cardamoms, raw","2024","2024","1000 USD","49806","X","Figure from external organization","Estimated data using trading partners database"
"TCL","Crops and livestock products","050","Bangladesh","5910","Export quantity","01653","Nutmeg, mace, cardamoms, raw","2024","2024","t","2.74","X","Figure from external organization","Estimated data using trading partners database"
"TCL","Crops and livestock products","050","Bangladesh","5922","Export value","01653","Nutmeg, mace, cardamoms, raw","2024","2024","1000 USD","43","X","Figure from external organization","Estimated data using trading partners database"
"TCL","Crops and livestock products","050","Bangladesh","5610","Import quantity","0117","Oats","2024","2024","t","200.92","X","Figure from external organization","Estimated data using trading partners database"
"TCL","Crops and livestock products","050","Bangladesh","5622","Import value","0117","Oats","2024","2024","1000 USD","198","X","Figure from external organization","Estimated data using trading partners database"
"TCL","Crops and livestock products","050","Bangladesh","5610","Import quantity","23140.07","Oats, rolled","2024","2024","t","498.09","X","Figure from external organization","Estimated data using trading partners database"
"TCL","Crops and livestock products","050","Bangladesh","5622","Import value","23140.07","Oats, rolled","2024","2024","1000 USD","1177","X","Figure from external organization","Estimated data using trading partners database"
"TCL","Crops and livestock products","050","Bangladesh","5910","Export quantity","23140.07","Oats, rolled","2024","2024","t","0","X","Figure from external organization","Estimated data using trading partners database"
"TCL","Crops and livestock products","050","Bangladesh","5922","Export value","23140.07","Oats, rolled","2024","2024","1000 USD","0","X","Figure from external organization","Estimated data using trading partners database"
"TCL","Crops and livestock products","050","Bangladesh","5610","Import quantity","21691.04","Oil of castor beans","2024","2024","t","243.99","X","Figure from external organization","Estimated data using trading partners database"
"TCL","Crops and livestock products","050","Bangladesh","5622","Import value","21691.04","Oil of castor beans","2024","2024","1000 USD","866","X","Figure from external organization","Estimated data using trading partners database"
"TCL","Crops and livestock products","050","Bangladesh","5910","Export quantity","21691.04","Oil of castor beans","2024","2024","t","24.34","X","Figure from external organization","Estimated data using trading partners database"
"TCL","Crops and livestock products","050","Bangladesh","5922","Export value","21691.04","Oil of castor beans","2024","2024","1000 USD","36","X","Figure from external organization","Estimated data using trading partners database"
"TCL","Crops and livestock products","050","Bangladesh","5610","Import quantity","35410.01","Oil of citronella","2024","2024","t","50.41","X","Figure from external organization","Estimated data using trading partners database"
"TCL","Crops and livestock products","050","Bangladesh","5622","Import value","35410.01","Oil of citronella","2024","2024","1000 USD","116","X","Figure from external organization","Estimated data using trading partners database"
"TCL","Crops and livestock products","050","Bangladesh","5910","Export quantity","35410.01","Oil of citronella","2024","2024","t","0.25","X","Figure from external organization","Estimated data using trading partners database"
"TCL","Crops and livestock products","050","Bangladesh","5922","Export value","35410.01","Oil of citronella","2024","2024","1000 USD","16","X","Figure from external organization","Estimated data using trading partners database"
"TCL","Crops and livestock products","050","Bangladesh","5610","Import quantity","21691.12","Oil of linseed","2024","2024","t","9.17","X","Figure from external organization","Estimated data using trading partners database"
"TCL","Crops and livestock products","050","Bangladesh","5622","Import value","21691.12","Oil of linseed","2024","2024","1000 USD","36","X","Figure from external organization","Estimated data using trading partners database"
"TCL","Crops and livestock products","050","Bangladesh","5910","Export quantity","21691.12","Oil of linseed","2024","2024","t","3.24","X","Figure from external organization","Estimated data using trading partners database"
"TCL","Crops and livestock products","050","Bangladesh","5922","Export value","21691.12","Oil of linseed","2024","2024","1000 USD","4","X","Figure from external organization","Estimated data using trading partners database"
"TCL","Crops and livestock products","050","Bangladesh","5610","Import quantity","21691.02","Oil of maize","2024","2024","t","33.76","X","Figure from external organization","Estimated data using trading partners database"
"TCL","Crops and livestock products","050","Bangladesh","5622","Import value","21691.02","Oil of maize","2024","2024","1000 USD","74","X","Figure from external organization","Estimated data using trading partners database"
"TCL","Crops and livestock products","050","Bangladesh","5910","Export quantity","21691.02","Oil of maize","2024","2024","t","680.54","X","Figure from external organization","Estimated data using trading partners database"
"TCL","Crops and livestock products","050","Bangladesh","5922","Export value","21691.02","Oil of maize","2024","2024","1000 USD","1284","X","Figure from external organization","Estimated data using trading partners database"
"TCL","Crops and livestock products","050","Bangladesh","5610","Import quantity","21673","Oil of olive residues","2024","2024","t","149.19","X","Figure from external organization","Estimated data using trading partners database"
"TCL","Crops and livestock products","050","Bangladesh","5622","Import value","21673","Oil of olive residues","2024","2024","1000 USD","909","X","Figure from external organization","Estimated data using trading partners database"
"TCL","Crops and livestock products","050","Bangladesh","5910","Export quantity","21673","Oil of olive residues","2024","2024","t","1.08","X","Figure from external organization","Estimated data using trading partners database"
"TCL","Crops and livestock products","050","Bangladesh","5922","Export value","21673","Oil of olive residues","2024","2024","1000 USD","2","X","Figure from external organization","Estimated data using trading partners database"
"TCL","Crops and livestock products","050","Bangladesh","5610","Import quantity","21691.14","Oil of palm kernel","2024","2024","t","9064.38","X","Figure from external organization","Estimated data using trading partners database"
"TCL","Crops and livestock products","050","Bangladesh","5622","Import value","21691.14","Oil of palm kernel","2024","2024","1000 USD","12934","X","Figure from external organization","Estimated data using trading partners database"
"TCL","Crops and livestock products","050","Bangladesh","5910","Export quantity","21691.14","Oil of palm kernel","2024","2024","t","1.09","X","Figure from external organization","Estimated data using trading partners database"
"TCL","Crops and livestock products","050","Bangladesh","5922","Export value","21691.14","Oil of palm kernel","2024","2024","1000 USD","2","X","Figure from external organization","Estimated data using trading partners database"
"TCL","Crops and livestock products","050","Bangladesh","5610","Import quantity","21691.07","Oil of sesame seed","2024","2024","t","88.13","X","Figure from external organization","Estimated data using trading partners database"
"TCL","Crops and livestock products","050","Bangladesh","5622","Import value","21691.07","Oil of sesame seed","2024","2024","1000 USD","328","X","Figure from external organization","Estimated data using trading partners database"
"TCL","Crops and livestock products","050","Bangladesh","5910","Export quantity","21691.07","Oil of sesame seed","2024","2024","t","2569.16","X","Figure from external organization","Estimated data using trading partners database"
"TCL","Crops and livestock products","050","Bangladesh","5922","Export value","21691.07","Oil of sesame seed","2024","2024","1000 USD","5410","X","Figure from external organization","Estimated data using trading partners database"
"TCL","Crops and livestock products","050","Bangladesh","5610","Import quantity","2167","Olive oil","2024","2024","t","118.45","X","Figure from external organization","Estimated data using trading partners database"
"TCL","Crops and livestock products","050","Bangladesh","5622","Import value","2167","Olive oil","2024","2024","1000 USD","1131","X","Figure from external organization","Estimated data using trading partners database"
"TCL","Crops and livestock products","050","Bangladesh","5910","Export quantity","01450","Olives","2024","2024","t","33.27","X","Figure from external organization","Estimated data using trading partners database"
"TCL","Crops and livestock products","050","Bangladesh","5922","Export value","01450","Olives","2024","2024","1000 USD","83","X","Figure from external organization","Estimated data using trading partners database"
"TCL","Crops and livestock products","050","Bangladesh","5610","Import quantity","F0262","Olives preserved","2024","2024","t","273.44","X","Figure from external organization","Estimated data using trading partners database"
"TCL","Crops and livestock products","050","Bangladesh","5622","Import value","F0262","Olives preserved","2024","2024","1000 USD","768","X","Figure from external organization","Estimated data using trading partners database"
"TCL","Crops and livestock products","050","Bangladesh","5910","Export quantity","F0262","Olives preserved","2024","2024","t","32.83","X","Figure from external organization","Estimated data using trading partners database"
"TCL","Crops and livestock products","050","Bangladesh","5922","Export value","F0262","Olives preserved","2024","2024","1000 USD","83","X","Figure from external organization","Estimated data using trading partners database"
"TCL","Crops and livestock products","050","Bangladesh","5610","Import quantity","01253.02","Onions and shallots, dry (excluding dehydrated)","2024","2024","t","438517.74","X","Figure from external organization","Estimated data using trading partners database"
"TCL","Crops and livestock products","050","Bangladesh","5622","Import value","01253.02","Onions and shallots, dry (excluding dehydrated)","2024","2024","1000 USD","215088","X","Figure from external organization","Estimated data using trading partners database"
"TCL","Crops and livestock products","050","Bangladesh","5910","Export quantity","01253.02","Onions and shallots, dry (excluding dehydrated)","2024","2024","t","22.42","X","Figure from external organization","Estimated data using trading partners database"
"TCL","Crops and livestock products","050","Bangladesh","5922","Export value","01253.02","Onions and shallots, dry (excluding dehydrated)","2024","2024","1000 USD","21","X","Figure from external organization","Estimated data using trading partners database"
"TCL","Crops and livestock products","050","Bangladesh","5610","Import quantity","01253.01","Onions and shallots, green","2024","2024","t","263.9","X","Figure from external organization","Estimated data using trading partners database"
"TCL","Crops and livestock products","050","Bangladesh","5622","Import value","01253.01","Onions and shallots, green","2024","2024","1000 USD","76","X","Figure from external organization","Estimated data using trading partners database"
"TCL","Crops and livestock products","050","Bangladesh","5910","Export quantity","01253.01","Onions and shallots, green","2024","2024","t","1.1","X","Figure from external organization","Estimated data using trading partners database"
"TCL","Crops and livestock products","050","Bangladesh","5922","Export value","01253.01","Onions and shallots, green","2024","2024","1000 USD","2","X","Figure from external organization","Estimated data using trading partners database"
"TCL","Crops and livestock products","050","Bangladesh","5610","Import quantity","21431.01","Orange juice","2024","2024","t","308.16","X","Figure from external organization","Estimated data using trading partners database"
"TCL","Crops and livestock products","050","Bangladesh","5622","Import value","21431.01","Orange juice","2024","2024","1000 USD","266","X","Figure from external organization","Estimated data using trading partners database"
"TCL","Crops and livestock products","050","Bangladesh","5910","Export quantity","21431.01","Orange juice","2024","2024","t","36.53","X","Figure from external organization","Estimated data using trading partners database"
"TCL","Crops and livestock products","050","Bangladesh","5922","Export value","21431.01","Orange juice","2024","2024","1000 USD","16","X","Figure from external organization","Estimated data using trading partners database"
"TCL","Crops and livestock products","050","Bangladesh","5610","Import quantity","21431.02","Orange juice, concentrated","2024","2024","t","73.98","X","Figure from external organization","Estimated data using trading partners database"
"TCL","Crops and livestock products","050","Bangladesh","5622","Import value","21431.02","Orange juice, concentrated","2024","2024","1000 USD","186","X","Figure from external organization","Estimated data using trading partners database"
"TCL","Crops and livestock products","050","Bangladesh","5910","Export quantity","21431.02","Orange juice, concentrated","2024","2024","t","4.3","X","Figure from external organization","Estimated data using trading partners database"
"TCL","Crops and livestock products","050","Bangladesh","5922","Export value","21431.02","Orange juice, concentrated","2024","2024","1000 USD","3","X","Figure from external organization","Estimated data using trading partners database"
"TCL","Crops and livestock products","050","Bangladesh","5610","Import quantity","01323","Oranges","2024","2024","t","194573.52","X","Figure from external organization","Estimated data using trading partners database"
"TCL","Crops and livestock products","050","Bangladesh","5622","Import value","01323","Oranges","2024","2024","1000 USD","105340","X","Figure from external organization","Estimated data using trading partners database"
"TCL","Crops and livestock products","050","Bangladesh","5910","Export quantity","01323","Oranges","2024","2024","t","1.54","X","Figure from external organization","Estimated data using trading partners database"
"TCL","Crops and livestock products","050","Bangladesh","5922","Export value","01323","Oranges","2024","2024","1000 USD","3","X","Figure from external organization","Estimated data using trading partners database"
"TCL","Crops and livestock products","050","Bangladesh","5610","Import quantity","01241.90","Other beans, green","2024","2024","t","53.15","X","Figure from external organization","Estimated data using trading partners database"
"TCL","Crops and livestock products","050","Bangladesh","5622","Import value","01241.90","Other beans, green","2024","2024","1000 USD","27","X","Figure from external organization","Estimated data using trading partners database"
"TCL","Crops and livestock products","050","Bangladesh","5910","Export quantity","01241.90","Other beans, green","2024","2024","t","166.85","X","Figure from external organization","Estimated data using trading partners database"
"TCL","Crops and livestock products","050","Bangladesh","5922","Export value","01241.90","Other beans, green","2024","2024","1000 USD","426","X","Figure from external organization","Estimated data using trading partners database"
"TCL","Crops and livestock products","050","Bangladesh","5610","Import quantity","01355.90","Other berries and fruits of the genus vaccinium n.e.c.","2024","2024","t","0.02","X","Figure from external organization","Estimated data using trading partners database"
"TCL","Crops and livestock products","050","Bangladesh","5622","Import value","01355.90","Other berries and fruits of the genus vaccinium n.e.c.","2024","2024","1000 USD","0","X","Figure from external organization","Estimated data using trading partners database"
"TCL","Crops and livestock products","050","Bangladesh","5910","Export quantity","01355.90","Other berries and fruits of the genus vaccinium n.e.c.","2024","2024","t","0.27","X","Figure from external organization","Estimated data using trading partners database"
"TCL","Crops and livestock products","050","Bangladesh","5922","Export value","01355.90","Other berries and fruits of the genus vaccinium n.e.c.","2024","2024","1000 USD","0","X","Figure from external organization","Estimated data using trading partners database"
"TCL","Crops and livestock products","050","Bangladesh","5610","Import quantity","01329","Other citrus fruit, n.e.c.","2024","2024","t","3830.07","X","Figure from external organization","Estimated data using trading partners database"
"TCL","Crops and livestock products","050","Bangladesh","5622","Import value","01329","Other citrus fruit, n.e.c.","2024","2024","1000 USD","1183","X","Figure from external organization","Estimated data using trading partners database"
"TCL","Crops and livestock products","050","Bangladesh","5910","Export quantity","01329","Other citrus fruit, n.e.c.","2024","2024","t","239.52","X","Figure from external organization","Estimated data using trading partners database"
"TCL","Crops and livestock products","050","Bangladesh","5922","Export value","01329","Other citrus fruit, n.e.c.","2024","2024","1000 USD","1154","X","Figure from external organization","Estimated data using trading partners database"
"TCL","Crops and livestock products","050","Bangladesh","5610","Import quantity","01929.90","Other fibre crops, raw, n.e.c.","2024","2024","t","197.23","X","Figure from external organization","Estimated data using trading partners database"
"TCL","Crops and livestock products","050","Bangladesh","5622","Import value","01929.90","Other fibre crops, raw, n.e.c.","2024","2024","1000 USD","126","X","Figure from external organization","Estimated data using trading partners database"
"TCL","Crops and livestock products","050","Bangladesh","5910","Export quantity","01929.90","Other fibre crops, raw, n.e.c.","2024","2024","t","56.56","X","Figure from external organization","Estimated data using trading partners database"
"TCL","Crops and livestock products","050","Bangladesh","5922","Export value","01929.90","Other fibre crops, raw, n.e.c.","2024","2024","1000 USD","84","X","Figure from external organization","Estimated data using trading partners database"
"TCL","Crops and livestock products","050","Bangladesh","5610","Import quantity","01919.96","Other forage products, n.e.c.","2024","2024","t","0.03","X","Figure from external organization","Estimated data using trading partners database"
"TCL","Crops and livestock products","050","Bangladesh","5622","Import value","01919.96","Other forage products, n.e.c.","2024","2024","1000 USD","0","X","Figure from external organization","Estimated data using trading partners database"
"TCL","Crops and livestock products","050","Bangladesh","5910","Export quantity","01919.96","Other forage products, n.e.c.","2024","2024","t","0.07","X","Figure from external organization","Estimated data using trading partners database"
"TCL","Crops and livestock products","050","Bangladesh","5922","Export value","01919.96","Other forage products, n.e.c.","2024","2024","1000 USD","2","X","Figure from external organization","Estimated data using trading partners database"
"TCL","Crops and livestock products","050","Bangladesh","5610","Import quantity","23210.03","Other fructose and syrup","2024","2024","t","3.2","X","Figure from external organization","Estimated data using trading partners database"
"TCL","Crops and livestock products","050","Bangladesh","5622","Import value","23210.03","Other fructose and syrup","2024","2024","1000 USD","3","X","Figure from external organization","Estimated data using trading partners database"
"TCL","Crops and livestock products","050","Bangladesh","5910","Export quantity","23210.03","Other fructose and syrup","2024","2024","t","9.7","X","Figure from external organization","Estimated data using trading partners database"
"TCL","Crops and livestock products","050","Bangladesh","5922","Export value","23210.03","Other fructose and syrup","2024","2024","1000 USD","33","X","Figure from external organization","Estimated data using trading partners database"
"TCL","Crops and livestock products","050","Bangladesh","5610","Import quantity","21419.99","Other fruit n.e.c., dried","2024","2024","t","18051.99","X","Figure from external organization","Estimated data using trading partners database"
"TCL","Crops and livestock products","050","Bangladesh","5622","Import value","21419.99","Other fruit n.e.c., dried","2024","2024","1000 USD","6786","X","Figure from external organization","Estimated data using trading partners database"
"TCL","Crops and livestock products","050","Bangladesh","5910","Export quantity","21419.99","Other fruit n.e.c., dried","2024","2024","t","107.5","X","Figure from external organization","Estimated data using trading partners database"
"TCL","Crops and livestock products","050","Bangladesh","5922","Export value","21419.99","Other fruit n.e.c., dried","2024","2024","1000 USD","514","X","Figure from external organization","Estimated data using trading partners database"
"TCL","Crops and livestock products","050","Bangladesh","5610","Import quantity","01359.90","Other fruits, n.e.c.","2024","2024","t","39542.42","X","Figure from external organization","Estimated data using trading partners database"
"TCL","Crops and livestock products","050","Bangladesh","5622","Import value","01359.90","Other fruits, n.e.c.","2024","2024","1000 USD","14699","X","Figure from external organization","Estimated data using trading partners database"
"TCL","Crops and livestock products","050","Bangladesh","5910","Export quantity","01359.90","Other fruits, n.e.c.","2024","2024","t","718.04","X","Figure from external organization","Estimated data using trading partners database"
"TCL","Crops and livestock products","050","Bangladesh","5922","Export value","01359.90","Other fruits, n.e.c.","2024","2024","1000 USD","2642","X","Figure from external organization","Estimated data using trading partners database"
"TCL","Crops and livestock products","050","Bangladesh","5622","Import value","02199.10","Other live animals non food, n.e.c.","2024","2024","1000 USD","201","X","Figure from external organization","Estimated data using trading partners database"
"TCL","Crops and livestock products","050","Bangladesh","5922","Export value","02199.10","Other live animals non food, n.e.c.","2024","2024","1000 USD","4","X","Figure from external organization","Estimated data using trading partners database"
"TCL","Crops and livestock products","050","Bangladesh","5622","Import value","02199.20","Other live animals, n.e.c.","2024","2024","1000 USD","7","X","Figure from external organization","Estimated data using trading partners database"
"TCL","Crops and livestock products","050","Bangladesh","5922","Export value","02199.20","Other live animals, n.e.c.","2024","2024","1000 USD","0","X","Figure from external organization","Estimated data using trading partners database"
"TCL","Crops and livestock products","050","Bangladesh","5610","Import quantity","25090","Other manufactured tobacco and manufactured tobacco substitutes; "homogenized" or "reconstituted" tobacco; tobacco extracts and essences","2024","2024","t","474.7","X","Figure from external organization","Estimated data using trading partners database"
"TCL","Crops and livestock products","050","Bangladesh","5622","Import value","25090","Other manufactured tobacco and manufactured tobacco substitutes; "homogenized" or "reconstituted" tobacco; tobacco extracts and essences","2024","2024","1000 USD","3623","X","Figure from external organization","Estimated data using trading partners database"
"TCL","Crops and livestock products","050","Bangladesh","5910","Export quantity","25090","Other manufactured tobacco and manufactured tobacco substitutes; "homogenized" or "reconstituted" tobacco; tobacco extracts and essences","2024","2024","t","68.72","X","Figure from external organization","Estimated data using trading partners database"
"TCL","Crops and livestock products","050","Bangladesh","5922","Export value","25090","Other manufactured tobacco and manufactured tobacco substitutes; "homogenized" or "reconstituted" tobacco; tobacco extracts and essences","2024","2024","1000 USD","430","X","Figure from external organization","Estimated data using trading partners database"
"TCL","Crops and livestock products","050","Bangladesh","5610","Import quantity","21183","Other meat and edible meat offal, salted, in brine, dried or smoked; edible flours and meals of meat or meat offal","2024","2024","t","26.18","X","Figure from external organization","Estimated data using trading partners database"
"TCL","Crops and livestock products","050","Bangladesh","5622","Import value","21183","Other meat and edible meat offal, salted, in brine, dried or smoked; edible flours and meals of meat or meat offal","2024","2024","1000 USD","479","X","Figure from external organization","Estimated data using trading partners database"
"TCL","Crops and livestock products","050","Bangladesh","5610","Import quantity","24490","Other non-alcoholic caloric beverages","2024","2024","t","532.43","X","Figure from external organization","Estimated data using trading partners database"
"TCL","Crops and livestock products","050","Bangladesh","5622","Import value","24490","Other non-alcoholic caloric beverages","2024","2024","1000 USD","1044","X","Figure from external organization","Estimated data using trading partners database"
"TCL","Crops and livestock products","050","Bangladesh","5910","Export quantity","24490","Other non-alcoholic caloric beverages","2024","2024","t","72028.1","X","Figure from external organization","Estimated data using trading partners database"
"TCL","Crops and livestock products","050","Bangladesh","5922","Export value","24490","Other non-alcoholic caloric beverages","2024","2024","1000 USD","34914","X","Figure from external organization","Estimated data using trading partners database"
"TCL","Crops and livestock products","050","Bangladesh","5610","Import quantity","01379.90","Other nuts (excluding wild edible nuts and groundnuts), in shell, n.e.c.","2024","2024","t","1738.76","X","Figure from external organization","Estimated data using trading partners database"
"TCL","Crops and livestock products","050","Bangladesh","5622","Import value","01379.90","Other nuts (excluding wild edible nuts and groundnuts), in shell, n.e.c.","2024","2024","1000 USD","1642","X","Figure from external organization","Estimated data using trading partners database"
"TCL","Crops and livestock products","050","Bangladesh","5910","Export quantity","01379.90","Other nuts (excluding wild edible nuts and groundnuts), in shell, n.e.c.","2024","2024","t","27.86","X","Figure from external organization","Estimated data using trading partners database"
"TCL","Crops and livestock products","050","Bangladesh","5922","Export value","01379.90","Other nuts (excluding wild edible nuts and groundnuts), in shell, n.e.c.","2024","2024","1000 USD","42","X","Figure from external organization","Estimated data using trading partners database"
"TCL","Crops and livestock products","050","Bangladesh","5610","Import quantity","21691.90","Other oil of vegetable origin, crude n.e.c.","2024","2024","t","2163.33","X","Figure from external organization","Estimated data using trading partners database"
"TCL","Crops and livestock products","050","Bangladesh","5622","Import value","21691.90","Other oil of vegetable origin, crude n.e.c.","2024","2024","1000 USD","4704","X","Figure from external organization","Estimated data using trading partners database"
"TCL","Crops and livestock products","050","Bangladesh","5910","Export quantity","21691.90","Other oil of vegetable origin, crude n.e.c.","2024","2024","t","104204.91","X","Figure from external organization","Estimated data using trading partners database"
"TCL","Crops and livestock products","050","Bangladesh","5922","Export value","21691.90","Other oil of vegetable origin, crude n.e.c.","2024","2024","1000 USD","97203","X","Figure from external organization","Estimated data using trading partners database"
"TCL","Crops and livestock products","050","Bangladesh","5610","Import quantity","01449.90","Other oil seeds, n.e.c.","2024","2024","t","1869.46","X","Figure from external organization","Estimated data using trading partners database"
"TCL","Crops and livestock products","050","Bangladesh","5622","Import value","01449.90","Other oil seeds, n.e.c.","2024","2024","1000 USD","2892","X","Figure from external organization","Estimated data using trading partners database"
"TCL","Crops and livestock products","050","Bangladesh","5910","Export quantity","01449.90","Other oil seeds, n.e.c.","2024","2024","t","106.18","X","Figure from external organization","Estimated data using trading partners database"
"TCL","Crops and livestock products","050","Bangladesh","5922","Export value","01449.90","Other oil seeds, n.e.c.","2024","2024","1000 USD","78","X","Figure from external organization","Estimated data using trading partners database"
"TCL","Crops and livestock products","050","Bangladesh","5610","Import quantity","01709.90","Other pulses n.e.c.","2024","2024","t","28679.36","X","Figure from external organization","Estimated data using trading partners database"
"TCL","Crops and livestock products","050","Bangladesh","5622","Import value","01709.90","Other pulses n.e.c.","2024","2024","1000 USD","21449","X","Figure from external organization","Estimated data using trading partners database"
"TCL","Crops and livestock products","050","Bangladesh","5910","Export quantity","01709.90","Other pulses n.e.c.","2024","2024","t","29.77","X","Figure from external organization","Estimated data using trading partners database"
"TCL","Crops and livestock products","050","Bangladesh","5922","Export value","01709.90","Other pulses n.e.c.","2024","2024","1000 USD","34","X","Figure from external organization","Estimated data using trading partners database"
"TCL","Crops and livestock products","050","Bangladesh","5610","Import quantity","02959.99","Other raw skins of other animals, preserved","2024","2024","t","11.83","X","Figure from external organization","Estimated data using trading partners database"
"TCL","Crops and livestock products","050","Bangladesh","5622","Import value","02959.99","Other raw skins of other animals, preserved","2024","2024","1000 USD","12","X","Figure from external organization","Estimated data using trading partners database"
"TCL","Crops and livestock products","050","Bangladesh","5910","Export quantity","02959.99","Other raw skins of other animals, preserved","2024","2024","t","4642.47","X","Figure from external organization","Estimated data using trading partners database"
"TCL","Crops and livestock products","050","Bangladesh","5922","Export value","02959.99","Other raw skins of other animals, preserved","2024","2024","1000 USD","632","X","Figure from external organization","Estimated data using trading partners database"
"TCL","Crops and livestock products","050","Bangladesh","5610","Import quantity","01699","Other stimulant, spice and aromatic crops, n.e.c.","2024","2024","t","48171.18","X","Figure from external organization","Estimated data using trading partners database"
"TCL","Crops and livestock products","050","Bangladesh","5622","Import value","01699","Other stimulant, spice and aromatic crops, n.e.c.","2024","2024","1000 USD","64657","X","Figure from external organization","Estimated data using trading partners database"
"TCL","Crops and livestock products","050","Bangladesh","5910","Export quantity","01699","Other stimulant, spice and aromatic crops, n.e.c.","2024","2024","t","10356.84","X","Figure from external organization","Estimated data using trading partners database"
"TCL","Crops and livestock products","050","Bangladesh","5922","Export value","01699","Other stimulant, spice and aromatic crops, n.e.c.","2024","2024","1000 USD","28689","X","Figure from external organization","Estimated data using trading partners database"
"TCL","Crops and livestock products","050","Bangladesh","5610","Import quantity","01349.20","Other stone fruits","2024","2024","t","100","X","Figure from external organization","Estimated data using trading partners database"
"TCL","Crops and livestock products","050","Bangladesh","5622","Import value","01349.20","Other stone fruits","2024","2024","1000 USD","25","X","Figure from external organization","Estimated data using trading partners database"
"TCL","Crops and livestock products","050","Bangladesh","5910","Export quantity","21419.91","Other tropical fruit, dried","2024","2024","t","2.81","X","Figure from external organization","Estimated data using trading partners database"
"TCL","Crops and livestock products","050","Bangladesh","5922","Export value","21419.91","Other tropical fruit, dried","2024","2024","1000 USD","20","X","Figure from external organization","Estimated data using trading partners database"
"TCL","Crops and livestock products","050","Bangladesh","5610","Import quantity","01319","Other tropical fruits, n.e.c.","2024","2024","t","3.69","X","Figure from external organization","Estimated data using trading partners database"
"TCL","Crops and livestock products","050","Bangladesh","5622","Import value","01319","Other tropical fruits, n.e.c.","2024","2024","1000 USD","17","X","Figure from external organization","Estimated data using trading partners database"
"TCL","Crops and livestock products","050","Bangladesh","5910","Export quantity","01319","Other tropical fruits, n.e.c.","2024","2024","t","314.32","X","Figure from external organization","Estimated data using trading partners database"
"TCL","Crops and livestock products","050","Bangladesh","5922","Export value","01319","Other tropical fruits, n.e.c.","2024","2024","1000 USD","640","X","Figure from external organization","Estimated data using trading partners database"
"TCL","Crops and livestock products","050","Bangladesh","5610","Import quantity","21329","Other vegetable juices","2024","2024","t","2.38","X","Figure from external organization","Estimated data using trading partners database"
"TCL","Crops and livestock products","050","Bangladesh","5622","Import value","21329","Other vegetable juices","2024","2024","1000 USD","9","X","Figure from external organization","Estimated data using trading partners database"
"TCL","Crops and livestock products","050","Bangladesh","5910","Export quantity","21329","Other vegetable juices","2024","2024","t","577.56","X","Figure from external organization","Estimated data using trading partners database"
"TCL","Crops and livestock products","050","Bangladesh","5922","Export value","21329","Other vegetable juices","2024","2024","1000 USD","378","X","Figure from external organization","Estimated data using trading partners database"
"TCL","Crops and livestock products","050","Bangladesh","5610","Import quantity","21330.90","Other vegetables provisionally preserved","2024","2024","t","0.01","X","Figure from external organization","Estimated data using trading partners database"
"TCL","Crops and livestock products","050","Bangladesh","5622","Import value","21330.90","Other vegetables provisionally preserved","2024","2024","1000 USD","0","X","Figure from external organization","Estimated data using trading partners database"
"TCL","Crops and livestock products","050","Bangladesh","5910","Export quantity","21330.90","Other vegetables provisionally preserved","2024","2024","t","35.79","X","Figure from external organization","Estimated data using trading partners database"
"TCL","Crops and livestock products","050","Bangladesh","5922","Export value","21330.90","Other vegetables provisionally preserved","2024","2024","1000 USD","125","X","Figure from external organization","Estimated data using trading partners database"
"TCL","Crops and livestock products","050","Bangladesh","5610","Import quantity","01290.90","Other vegetables, fresh n.e.c.","2024","2024","t","3182.86","X","Figure from external organization","Estimated data using trading partners database"
"TCL","Crops and livestock products","050","Bangladesh","5622","Import value","01290.90","Other vegetables, fresh n.e.c.","2024","2024","1000 USD","556","X","Figure from external organization","Estimated data using trading partners database"
"TCL","Crops and livestock products","050","Bangladesh","5910","Export quantity","01290.90","Other vegetables, fresh n.e.c.","2024","2024","t","1044.36","X","Figure from external organization","Estimated data using trading partners database"
"TCL","Crops and livestock products","050","Bangladesh","5922","Export value","01290.90","Other vegetables, fresh n.e.c.","2024","2024","1000 USD","2198","X","Figure from external organization","Estimated data using trading partners database"
"TCL","Crops and livestock products","050","Bangladesh","5910","Export quantity","01491.02","Palm kernels","2024","2024","t","0.06","X","Figure from external organization","Estimated data using trading partners database"
"TCL","Crops and livestock products","050","Bangladesh","5922","Export value","01491.02","Palm kernels","2024","2024","1000 USD","0","X","Figure from external organization","Estimated data using trading partners database"
"TCL","Crops and livestock products","050","Bangladesh","5610","Import quantity","2165","Palm oil","2024","2024","t","1415319.46","X","Figure from external organization","Estimated data using trading partners database"
"TCL","Crops and livestock products","050","Bangladesh","5622","Import value","2165","Palm oil","2024","2024","1000 USD","1465063","X","Figure from external organization","Estimated data using trading partners database"
"TCL","Crops and livestock products","050","Bangladesh","5910","Export quantity","2165","Palm oil","2024","2024","t","765.84","X","Figure from external organization","Estimated data using trading partners database"
"TCL","Crops and livestock products","050","Bangladesh","5922","Export value","2165","Palm oil","2024","2024","1000 USD","867","X","Figure from external organization","Estimated data using trading partners database"
"TCL","Crops and livestock products","050","Bangladesh","5610","Import quantity","01317","Papayas","2024","2024","t","13.25","X","Figure from external organization","Estimated data using trading partners database"
"TCL","Crops and livestock products","050","Bangladesh","5622","Import value","01317","Papayas","2024","2024","1000 USD","29","X","Figure from external organization","Estimated data using trading partners database"
"TCL","Crops and livestock products","050","Bangladesh","5910","Export quantity","01317","Papayas","2024","2024","t","49.6","X","Figure from external organization","Estimated data using trading partners database"
"TCL","Crops and livestock products","050","Bangladesh","5922","Export value","01317","Papayas","2024","2024","1000 USD","195","X","Figure from external organization","Estimated data using trading partners database"
"TCL","Crops and livestock products","050","Bangladesh","5610","Import quantity","21399.01","Paste of tomatoes","2024","2024","t","1163.56","X","Figure from external organization","Estimated data using trading partners database"
"TCL","Crops and livestock products","050","Bangladesh","5622","Import value","21399.01","Paste of tomatoes","2024","2024","1000 USD","1154","X","Figure from external organization","Estimated data using trading partners database"
"TCL","Crops and livestock products","050","Bangladesh","5910","Export quantity","21399.01","Paste of tomatoes","2024","2024","t","0.04","X","Figure from external organization","Estimated data using trading partners database"
"TCL","Crops and livestock products","050","Bangladesh","5922","Export value","21399.01","Paste of tomatoes","2024","2024","1000 USD","0","X","Figure from external organization","Estimated data using trading partners database"
"TCL","Crops and livestock products","050","Bangladesh","5610","Import quantity","F0022","Pastry","2024","2024","t","644.26","X","Figure from external organization","Estimated data using trading partners database"
"TCL","Crops and livestock products","050","Bangladesh","5622","Import value","F0022","Pastry","2024","2024","1000 USD","3067","X","Figure from external organization","Estimated data using trading partners database"
"TCL","Crops and livestock products","050","Bangladesh","5910","Export quantity","F0022","Pastry","2024","2024","t","33727.38","X","Figure from external organization","Estimated data using trading partners database"
"TCL","Crops and livestock products","050","Bangladesh","5922","Export value","F0022","Pastry","2024","2024","1000 USD","49831","X","Figure from external organization","Estimated data using trading partners database"
"TCL","Crops and livestock products","050","Bangladesh","5610","Import quantity","01345","Peaches and nectarines","2024","2024","t","0.18","X","Figure from external organization","Estimated data using trading partners database"
"TCL","Crops and livestock products","050","Bangladesh","5622","Import value","01345","Peaches and nectarines","2024","2024","1000 USD","0","X","Figure from external organization","Estimated data using trading partners database"
"TCL","Crops and livestock products","050","Bangladesh","5610","Import quantity","21495.02","Peanut butter","2024","2024","t","32.64","X","Figure from external organization","Estimated data using trading partners database"
"TCL","Crops and livestock products","050","Bangladesh","5622","Import value","21495.02","Peanut butter","2024","2024","1000 USD","101","X","Figure from external organization","Estimated data using trading partners database"
"TCL","Crops and livestock products","050","Bangladesh","5910","Export quantity","21495.02","Peanut butter","2024","2024","t","0.02","X","Figure from external organization","Estimated data using trading partners database"
"TCL","Crops and livestock products","050","Bangladesh","5922","Export value","21495.02","Peanut butter","2024","2024","1000 USD","3","X","Figure from external organization","Estimated data using trading partners database"
"TCL","Crops and livestock products","050","Bangladesh","5610","Import quantity","01342.01","Pears","2024","2024","t","8146.51","X","Figure from external organization","Estimated data using trading partners database"
"TCL","Crops and livestock products","050","Bangladesh","5622","Import value","01342.01","Pears","2024","2024","1000 USD","8227","X","Figure from external organization","Estimated data using trading partners database"
"TCL","Crops and livestock products","050","Bangladesh","5610","Import quantity","01705","Peas, dry","2024","2024","t","386144.31","X","Figure from external organization","Estimated data using trading partners database"
"TCL","Crops and livestock products","050","Bangladesh","5622","Import value","01705","Peas, dry","2024","2024","1000 USD","159000","X","Figure from external organization","Estimated data using trading partners database"
"TCL","Crops and livestock products","050","Bangladesh","5910","Export quantity","01705","Peas, dry","2024","2024","t","1811.33","X","Figure from external organization","Estimated data using trading partners database"
"TCL","Crops and livestock products","050","Bangladesh","5922","Export value","01705","Peas, dry","2024","2024","1000 USD","897","X","Figure from external organization","Estimated data using trading partners database"
"TCL","Crops and livestock products","050","Bangladesh","5610","Import quantity","01242","Peas, green","2024","2024","t","339.36","X","Figure from external organization","Estimated data using trading partners database"
"TCL","Crops and livestock products","050","Bangladesh","5622","Import value","01242","Peas, green","2024","2024","1000 USD","77","X","Figure from external organization","Estimated data using trading partners database"
"TCL","Crops and livestock products","050","Bangladesh","5910","Export quantity","01242","Peas, green","2024","2024","t","10.38","X","Figure from external organization","Estimated data using trading partners database"
"TCL","Crops and livestock products","050","Bangladesh","5922","Export value","01242","Peas, green","2024","2024","1000 USD","52","X","Figure from external organization","Estimated data using trading partners database"
"TCL","Crops and livestock products","050","Bangladesh","5610","Import quantity","01651","Pepper (Piper spp.), raw","2024","2024","t","446.51","X","Figure from external organization","Estimated data using trading partners database"
"TCL","Crops and livestock products","050","Bangladesh","5622","Import value","01651","Pepper (Piper spp.), raw","2024","2024","1000 USD","1997","X","Figure from external organization","Estimated data using trading partners database"
"TCL","Crops and livestock products","050","Bangladesh","5910","Export quantity","01651","Pepper (Piper spp.), raw","2024","2024","t","665.38","X","Figure from external organization","Estimated data using trading partners database"
"TCL","Crops and livestock products","050","Bangladesh","5922","Export value","01651","Pepper (Piper spp.), raw","2024","2024","1000 USD","2387","X","Figure from external organization","Estimated data using trading partners database"
"TCL","Crops and livestock products","050","Bangladesh","5610","Import quantity","01930.01","Peppermint, spearmint","2024","2024","t","191.8","X","Figure from external organization","Estimated data using trading partners database"
"TCL","Crops and livestock products","050","Bangladesh","5622","Import value","01930.01","Peppermint, spearmint","2024","2024","1000 USD","190","X","Figure from external organization","Estimated data using trading partners database"
"TCL","Crops and livestock products","050","Bangladesh","5910","Export quantity","01930.01","Peppermint, spearmint","2024","2024","t","2.64","X","Figure from external organization","Estimated data using trading partners database"
"TCL","Crops and livestock products","050","Bangladesh","5922","Export value","01930.01","Peppermint, spearmint","2024","2024","1000 USD","9","X","Figure from external organization","Estimated data using trading partners database"
"TCL","Crops and livestock products","050","Bangladesh","5610","Import quantity","01359.01","Persimmons","2024","2024","t","65.89","X","Figure from external organization","Estimated data using trading partners database"
"TCL","Crops and livestock products","050","Bangladesh","5622","Import value","01359.01","Persimmons","2024","2024","1000 USD","34","X","Figure from external organization","Estimated data using trading partners database"
"TCL","Crops and livestock products","050","Bangladesh","5610","Import quantity","F1042","Pig meat preparations","2024","2024","t","0.09","X","Figure from external organization","Estimated data using trading partners database"
"TCL","Crops and livestock products","050","Bangladesh","5622","Import value","F1042","Pig meat preparations","2024","2024","1000 USD","2","X","Figure from external organization","Estimated data using trading partners database"
"TCL","Crops and livestock products","050","Bangladesh","5610","Import quantity","01707","Pigeon peas, dry","2024","2024","t","7.7","X","Figure from external organization","Estimated data using trading partners database"
"TCL","Crops and livestock products","050","Bangladesh","5622","Import value","01707","Pigeon peas, dry","2024","2024","1000 USD","7","X","Figure from external organization","Estimated data using trading partners database"
"TCL","Crops and livestock products","050","Bangladesh","5910","Export quantity","01707","Pigeon peas, dry","2024","2024","t","1.67","X","Figure from external organization","Estimated data using trading partners database"
"TCL","Crops and livestock products","050","Bangladesh","5922","Export value","01707","Pigeon peas, dry","2024","2024","1000 USD","2","X","Figure from external organization","Estimated data using trading partners database"
"TCL","Crops and livestock products","050","Bangladesh","5610","Import quantity","21433","Pineapple juice","2024","2024","t","136.81","X","Figure from external organization","Estimated data using trading partners database"
"TCL","Crops and livestock products","050","Bangladesh","5622","Import value","21433","Pineapple juice","2024","2024","1000 USD","98","X","Figure from external organization","Estimated data using trading partners database"
"TCL","Crops and livestock products","050","Bangladesh","5910","Export quantity","21433","Pineapple juice","2024","2024","t","30.42","X","Figure from external organization","Estimated data using trading partners database"
"TCL","Crops and livestock products","050","Bangladesh","5922","Export value","21433","Pineapple juice","2024","2024","1000 USD","17","X","Figure from external organization","Estimated data using trading partners database"
"TCL","Crops and livestock products","050","Bangladesh","5610","Import quantity","01318","Pineapples","2024","2024","t","22.93","X","Figure from external organization","Estimated data using trading partners database"
"TCL","Crops and livestock products","050","Bangladesh","5622","Import value","01318","Pineapples","2024","2024","1000 USD","19","X","Figure from external organization","Estimated data using trading partners database"
"TCL","Crops and livestock products","050","Bangladesh","5910","Export quantity","01318","Pineapples","2024","2024","t","13.36","X","Figure from external organization","Estimated data using trading partners database"
"TCL","Crops and livestock products","050","Bangladesh","5922","Export value","01318","Pineapples","2024","2024","1000 USD","16","X","Figure from external organization","Estimated data using trading partners database"
"TCL","Crops and livestock products","050","Bangladesh","5610","Import quantity","21491","Pineapples, otherwise prepared or preserved","2024","2024","t","1.92","X","Figure from external organization","Estimated data using trading partners database"
"TCL","Crops and livestock products","050","Bangladesh","5622","Import value","21491","Pineapples, otherwise prepared or preserved","2024","2024","1000 USD","3","X","Figure from external organization","Estimated data using trading partners database"
"TCL","Crops and livestock products","050","Bangladesh","5910","Export quantity","21491","Pineapples, otherwise prepared or preserved","2024","2024","t","0","X","Figure from external organization","Estimated data using trading partners database"
"TCL","Crops and livestock products","050","Bangladesh","5922","Export value","21491","Pineapples, otherwise prepared or preserved","2024","2024","1000 USD","0","X","Figure from external organization","Estimated data using trading partners database"
"TCL","Crops and livestock products","050","Bangladesh","5610","Import quantity","01375","Pistachios, in shell","2024","2024","t","3.2","X","Figure from external organization","Estimated data using trading partners database"
"TCL","Crops and livestock products","050","Bangladesh","5622","Import value","01375","Pistachios, in shell","2024","2024","1000 USD","23","X","Figure from external organization","Estimated data using trading partners database"
"TCL","Crops and livestock products","050","Bangladesh","5610","Import quantity","01313","Plantains and cooking bananas","2024","2024","t","0.12","X","Figure from external organization","Estimated data using trading partners database"
"TCL","Crops and livestock products","050","Bangladesh","5622","Import value","01313","Plantains and cooking bananas","2024","2024","1000 USD","0","X","Figure from external organization","Estimated data using trading partners database"
"TCL","Crops and livestock products","050","Bangladesh","5910","Export quantity","01313","Plantains and cooking bananas","2024","2024","t","347.18","X","Figure from external organization","Estimated data using trading partners database"
"TCL","Crops and livestock products","050","Bangladesh","5922","Export value","01313","Plantains and cooking bananas","2024","2024","1000 USD","475","X","Figure from external organization","Estimated data using trading partners database"
"TCL","Crops and livestock products","050","Bangladesh","5610","Import quantity","01346","Plums and sloes","2024","2024","t","7097.61","X","Figure from external organization","Estimated data using trading partners database"
"TCL","Crops and livestock products","050","Bangladesh","5622","Import value","01346","Plums and sloes","2024","2024","1000 USD","2206","X","Figure from external organization","Estimated data using trading partners database"
"TCL","Crops and livestock products","050","Bangladesh","5910","Export quantity","01346","Plums and sloes","2024","2024","t","92.1","X","Figure from external organization","Estimated data using trading partners database"
"TCL","Crops and livestock products","050","Bangladesh","5922","Export value","01346","Plums and sloes","2024","2024","1000 USD","102","X","Figure from external organization","Estimated data using trading partners database"
"TCL","Crops and livestock products","050","Bangladesh","5610","Import quantity","21412","Plums, dried","2024","2024","t","24.11","X","Figure from external organization","Estimated data using trading partners database"
"TCL","Crops and livestock products","050","Bangladesh","5622","Import value","21412","Plums, dried","2024","2024","1000 USD","44","X","Figure from external organization","Estimated data using trading partners database"
"TCL","Crops and livestock products","050","Bangladesh","5910","Export quantity","21412","Plums, dried","2024","2024","t","0.87","X","Figure from external organization","Estimated data using trading partners database"
"TCL","Crops and livestock products","050","Bangladesh","5922","Export value","21412","Plums, dried","2024","2024","1000 USD","1","X","Figure from external organization","Estimated data using trading partners database"
"TCL","Crops and livestock products","050","Bangladesh","5610","Import quantity","01321","Pomelos and grapefruits","2024","2024","t","51.1","X","Figure from external organization","Estimated data using trading partners database"
"TCL","Crops and livestock products","050","Bangladesh","5622","Import value","01321","Pomelos and grapefruits","2024","2024","1000 USD","43","X","Figure from external organization","Estimated data using trading partners database"
"TCL","Crops and livestock products","050","Bangladesh","5910","Export quantity","01321","Pomelos and grapefruits","2024","2024","t","411.25","X","Figure from external organization","Estimated data using trading partners database"
"TCL","Crops and livestock products","050","Bangladesh","5922","Export value","01321","Pomelos and grapefruits","2024","2024","1000 USD","533","X","Figure from external organization","Estimated data using trading partners database"
"TCL","Crops and livestock products","050","Bangladesh","5610","Import quantity","01448","Poppy seed","2024","2024","t","0","X","Figure from external organization","Estimated data using trading partners database"
"TCL","Crops and livestock products","050","Bangladesh","5622","Import value","01448","Poppy seed","2024","2024","1000 USD","0","X","Figure from external organization","Estimated data using trading partners database"
"TCL","Crops and livestock products","050","Bangladesh","5610","Import quantity","01510","Potatoes","2024","2024","t","87299.33","X","Figure from external organization","Estimated data using trading partners database"
"TCL","Crops and livestock products","050","Bangladesh","5622","Import value","01510","Potatoes","2024","2024","1000 USD","23025","X","Figure from external organization","Estimated data using trading partners database"
"TCL","Crops and livestock products","050","Bangladesh","5910","Export quantity","01510","Potatoes","2024","2024","t","9214.09","X","Figure from external organization","Estimated data using trading partners database"
"TCL","Crops and livestock products","050","Bangladesh","5922","Export value","01510","Potatoes","2024","2024","1000 USD","2670","X","Figure from external organization","Estimated data using trading partners database"
"TCL","Crops and livestock products","050","Bangladesh","5610","Import quantity","21313","Potatoes, frozen","2024","2024","t","2994.95","X","Figure from external organization","Estimated data using trading partners database"
"TCL","Crops and livestock products","050","Bangladesh","5622","Import value","21313","Potatoes, frozen","2024","2024","1000 USD","2715","X","Figure from external organization","Estimated data using trading partners database"
"TCL","Crops and livestock products","050","Bangladesh","5910","Export quantity","21313","Potatoes, frozen","2024","2024","t","60.71","X","Figure from external organization","Estimated data using trading partners database"
"TCL","Crops and livestock products","050","Bangladesh","5922","Export value","21313","Potatoes, frozen","2024","2024","1000 USD","40","X","Figure from external organization","Estimated data using trading partners database"
"TCL","Crops and livestock products","050","Bangladesh","5610","Import quantity","F1061","Poultry meat preparations","2024","2024","t","146.19","X","Figure from external organization","Estimated data using trading partners database"
"TCL","Crops and livestock products","050","Bangladesh","5622","Import value","F1061","Poultry meat preparations","2024","2024","1000 USD","416","X","Figure from external organization","Estimated data using trading partners database"
"TCL","Crops and livestock products","050","Bangladesh","5910","Export quantity","F1061","Poultry meat preparations","2024","2024","t","2.96","X","Figure from external organization","Estimated data using trading partners database"
"TCL","Crops and livestock products","050","Bangladesh","5922","Export value","F1061","Poultry meat preparations","2024","2024","1000 USD","14","X","Figure from external organization","Estimated data using trading partners database"
"TCL","Crops and livestock products","050","Bangladesh","5610","Import quantity","21495.01","Prepared groundnuts","2024","2024","t","383.47","X","Figure from external organization","Estimated data using trading partners database"
"TCL","Crops and livestock products","050","Bangladesh","5622","Import value","21495.01","Prepared groundnuts","2024","2024","1000 USD","887","X","Figure from external organization","Estimated data using trading partners database"
"TCL","Crops and livestock products","050","Bangladesh","5910","Export quantity","21495.01","Prepared groundnuts","2024","2024","t","22.21","X","Figure from external organization","Estimated data using trading partners database"
"TCL","Crops and livestock products","050","Bangladesh","5922","Export value","21495.01","Prepared groundnuts","2024","2024","1000 USD","48","X","Figure from external organization","Estimated data using trading partners database"
"TCL","Crops and livestock products","050","Bangladesh","5610","Import quantity","F0235","Prepared nuts","2024","2024","t","404.29","I","Value imputed by a receiving agency",""
"TCL","Crops and livestock products","050","Bangladesh","5622","Import value","F0235","Prepared nuts","2024","2024","1000 USD","2167","X","Figure from external organization","Estimated data using trading partners database"
"TCL","Crops and livestock products","050","Bangladesh","5910","Export quantity","F0235","Prepared nuts","2024","2024","t","3712.13","X","Figure from external organization","Estimated data using trading partners database"
"TCL","Crops and livestock products","050","Bangladesh","5922","Export value","F0235","Prepared nuts","2024","2024","1000 USD","6015","X","Figure from external organization","Estimated data using trading partners database"
"TCL","Crops and livestock products","050","Bangladesh","5610","Import quantity","22251.04","Processed cheese","2024","2024","t","243.64","X","Figure from external organization","Estimated data using trading partners database"
"TCL","Crops and livestock products","050","Bangladesh","5622","Import value","22251.04","Processed cheese","2024","2024","1000 USD","1354","X","Figure from external organization","Estimated data using trading partners database"
"TCL","Crops and livestock products","050","Bangladesh","5610","Import quantity","01235","Pumpkins, squash and gourds","2024","2024","t","98.41","X","Figure from external organization","Estimated data using trading partners database"
"TCL","Crops and livestock products","050","Bangladesh","5622","Import value","01235","Pumpkins, squash and gourds","2024","2024","1000 USD","33","X","Figure from external organization","Estimated data using trading partners database"
"TCL","Crops and livestock products","050","Bangladesh","5910","Export quantity","01235","Pumpkins, squash and gourds","2024","2024","t","2030.97","X","Figure from external organization","Estimated data using trading partners database"
"TCL","Crops and livestock products","050","Bangladesh","5922","Export value","01235","Pumpkins, squash and gourds","2024","2024","1000 USD","3025","X","Figure from external organization","Estimated data using trading partners database"
"TCL","Crops and livestock products","050","Bangladesh","5910","Export quantity","01930.02","Pyrethrum, dried flowers","2024","2024","t","0.01","X","Figure from external organization","Estimated data using trading partners database"
"TCL","Crops and livestock products","050","Bangladesh","5922","Export value","01930.02","Pyrethrum, dried flowers","2024","2024","1000 USD","0","X","Figure from external organization","Estimated data using trading partners database"
"TCL","Crops and livestock products","050","Bangladesh","5910","Export quantity","01342.02","Quinces","2024","2024","t","2.59","X","Figure from external organization","Estimated data using trading partners database"
"TCL","Crops and livestock products","050","Bangladesh","5922","Export value","01342.02","Quinces","2024","2024","1000 USD","2","X","Figure from external organization","Estimated data using trading partners database"
"TCL","Crops and livestock products","050","Bangladesh","5610","Import quantity","01194","Quinoa","2024","2024","t","1","X","Figure from external organization","Estimated data using trading partners database"
"TCL","Crops and livestock products","050","Bangladesh","5622","Import value","01194","Quinoa","2024","2024","1000 USD","1","X","Figure from external organization","Estimated data using trading partners database"
"TCL","Crops and livestock products","050","Bangladesh","5610","Import quantity","21411","Raisins","2024","2024","t","2125.25","X","Figure from external organization","Estimated data using trading partners database"
"TCL","Crops and livestock products","050","Bangladesh","5622","Import value","21411","Raisins","2024","2024","1000 USD","3779","X","Figure from external organization","Estimated data using trading partners database"
"TCL","Crops and livestock products","050","Bangladesh","5910","Export quantity","21411","Raisins","2024","2024","t","1.02","X","Figure from external organization","Estimated data using trading partners database"
"TCL","Crops and livestock products","050","Bangladesh","5922","Export value","21411","Raisins","2024","2024","1000 USD","2","X","Figure from external organization","Estimated data using trading partners database"
"TCL","Crops and livestock products","050","Bangladesh","5610","Import quantity","01443","Rape or colza seed","2024","2024","t","320343.47","X","Figure from external organization","Estimated data using trading partners database"
"TCL","Crops and livestock products","050","Bangladesh","5622","Import value","01443","Rape or colza seed","2024","2024","1000 USD","179544","X","Figure from external organization","Estimated data using trading partners database"
"TCL","Crops and livestock products","050","Bangladesh","5610","Import quantity","21641.01","Rapeseed or canola oil, crude","2024","2024","t","77.02","X","Figure from external organization","Estimated data using trading partners database"
"TCL","Crops and livestock products","050","Bangladesh","5622","Import value","21641.01","Rapeseed or canola oil, crude","2024","2024","1000 USD","154","X","Figure from external organization","Estimated data using trading partners database"
"TCL","Crops and livestock products","050","Bangladesh","5910","Export quantity","21641.01","Rapeseed or canola oil, crude","2024","2024","t","4698.47","X","Figure from external organization","Estimated data using trading partners database"
"TCL","Crops and livestock products","050","Bangladesh","5922","Export value","21641.01","Rapeseed or canola oil, crude","2024","2024","1000 USD","7851","X","Figure from external organization","Estimated data using trading partners database"
"TCL","Crops and livestock products","050","Bangladesh","5610","Import quantity","2351f","Raw cane or beet sugar (centrifugal only)","2024","2024","t","1621818.59","X","Figure from external organization","Estimated data using trading partners database"
"TCL","Crops and livestock products","050","Bangladesh","5622","Import value","2351f","Raw cane or beet sugar (centrifugal only)","2024","2024","1000 USD","849904","X","Figure from external organization","Estimated data using trading partners database"
"TCL","Crops and livestock products","050","Bangladesh","5910","Export quantity","2351f","Raw cane or beet sugar (centrifugal only)","2024","2024","t","8.82","I","Value imputed by a receiving agency",""
"TCL","Crops and livestock products","050","Bangladesh","5922","Export value","2351f","Raw cane or beet sugar (centrifugal only)","2024","2024","1000 USD","26","X","Figure from external organization","Estimated data using trading partners database"
"TCL","Crops and livestock products","050","Bangladesh","5610","Import quantity","02953.01","Raw hides and skins of sheep or lambs, with wool","2024","2024","t","0.01","X","Figure from external organization","Estimated data using trading partners database"
"TCL","Crops and livestock products","050","Bangladesh","5622","Import value","02953.01","Raw hides and skins of sheep or lambs, with wool","2024","2024","1000 USD","0","X","Figure from external organization","Estimated data using trading partners database"
"TCL","Crops and livestock products","050","Bangladesh","5610","Import quantity","02211","Raw milk of cattle","2024","2024","t","353.63","X","Figure from external organization","Estimated data using trading partners database"
"TCL","Crops and livestock products","050","Bangladesh","5622","Import value","02211","Raw milk of cattle","2024","2024","1000 USD","318","X","Figure from external organization","Estimated data using trading partners database"
"TCL","Crops and livestock products","050","Bangladesh","5910","Export quantity","02211","Raw milk of cattle","2024","2024","t","2015.45","X","Figure from external organization","Estimated data using trading partners database"
"TCL","Crops and livestock products","050","Bangladesh","5922","Export value","02211","Raw milk of cattle","2024","2024","1000 USD","1393","X","Figure from external organization","Estimated data using trading partners database"
"TCL","Crops and livestock products","050","Bangladesh","5610","Import quantity","26110","Raw silk (not thrown)","2024","2024","t","52.4","X","Figure from external organization","Estimated data using trading partners database"
"TCL","Crops and livestock products","050","Bangladesh","5622","Import value","26110","Raw silk (not thrown)","2024","2024","1000 USD","3257","X","Figure from external organization","Estimated data using trading partners database"
"TCL","Crops and livestock products","050","Bangladesh","5610","Import quantity","23530","Refined cane or beet sugar, in solid form, containing added flavouring or colouring matter; maple sugar and maple syrup","2024","2024","t","0.67","X","Figure from external organization","Estimated data using trading partners database"
"TCL","Crops and livestock products","050","Bangladesh","5622","Import value","23530","Refined cane or beet sugar, in solid form, containing added flavouring or colouring matter; maple sugar and maple syrup","2024","2024","1000 USD","8","X","Figure from external organization","Estimated data using trading partners database"
"TCL","Crops and livestock products","050","Bangladesh","5910","Export quantity","23530","Refined cane or beet sugar, in solid form, containing added flavouring or colouring matter; maple sugar and maple syrup","2024","2024","t","2.81","X","Figure from external organization","Estimated data using trading partners database"
"TCL","Crops and livestock products","050","Bangladesh","5922","Export value","23530","Refined cane or beet sugar, in solid form, containing added flavouring or colouring matter; maple sugar and maple syrup","2024","2024","1000 USD","7","X","Figure from external organization","Estimated data using trading partners database"
"TCL","Crops and livestock products","050","Bangladesh","5610","Import quantity","23520","Refined sugar","2024","2024","t","180920.22","X","Figure from external organization","Estimated data using trading partners database"
"TCL","Crops and livestock products","050","Bangladesh","5622","Import value","23520","Refined sugar","2024","2024","1000 USD","124879","X","Figure from external organization","Estimated data using trading partners database"
"TCL","Crops and livestock products","050","Bangladesh","5910","Export quantity","23520","Refined sugar","2024","2024","t","18.55","X","Figure from external organization","Estimated data using trading partners database"
"TCL","Crops and livestock products","050","Bangladesh","5922","Export value","23520","Refined sugar","2024","2024","1000 USD","58","X","Figure from external organization","Estimated data using trading partners database"
"TCL","Crops and livestock products","050","Bangladesh","5610","Import quantity","21932.02","Residues of fatty substances","2024","2024","t","0.5","X","Figure from external organization","Estimated data using trading partners database"
"TCL","Crops and livestock products","050","Bangladesh","5622","Import value","21932.02","Residues of fatty substances","2024","2024","1000 USD","3","X","Figure from external organization","Estimated data using trading partners database"
"TCL","Crops and livestock products","050","Bangladesh","5610","Import quantity","0113","Rice","2024","2024","t","4381.24","X","Figure from external organization","Estimated data using trading partners database"
"TCL","Crops and livestock products","050","Bangladesh","5622","Import value","0113","Rice","2024","2024","1000 USD","12633","X","Figure from external organization","Estimated data using trading partners database"
"TCL","Crops and livestock products","050","Bangladesh","5910","Export quantity","0113","Rice","2024","2024","t","534.05","X","Figure from external organization","Estimated data using trading partners database"
"TCL","Crops and livestock products","050","Bangladesh","5922","Export value","0113","Rice","2024","2024","1000 USD","1007","X","Figure from external organization","Estimated data using trading partners database"
"TCL","Crops and livestock products","050","Bangladesh","5610","Import quantity","23161.03","Rice, broken","2024","2024","t","0.41","X","Figure from external organization","Estimated data using trading partners database"
"TCL","Crops and livestock products","050","Bangladesh","5622","Import value","23161.03","Rice, broken","2024","2024","1000 USD","3","X","Figure from external organization","Estimated data using trading partners database"
"TCL","Crops and livestock products","050","Bangladesh","5910","Export quantity","23161.03","Rice, broken","2024","2024","t","7.4","X","Figure from external organization","Estimated data using trading partners database"
"TCL","Crops and livestock products","050","Bangladesh","5922","Export value","23161.03","Rice, broken","2024","2024","1000 USD","6","X","Figure from external organization","Estimated data using trading partners database"
"TCL","Crops and livestock products","050","Bangladesh","5610","Import quantity","23161.02","Rice, milled","2024","2024","t","194427.05","X","Figure from external organization","Estimated data using trading partners database"
"TCL","Crops and livestock products","050","Bangladesh","5622","Import value","23161.02","Rice, milled","2024","2024","1000 USD","95721","X","Figure from external organization","Estimated data using trading partners database"
"TCL","Crops and livestock products","050","Bangladesh","5910","Export quantity","23161.02","Rice, milled","2024","2024","t","3926.56","X","Figure from external organization","Estimated data using trading partners database"
"TCL","Crops and livestock products","050","Bangladesh","5922","Export value","23161.02","Rice, milled","2024","2024","1000 USD","4616","X","Figure from external organization","Estimated data using trading partners database"
"TCL","Crops and livestock products","050","Bangladesh","5910","Export quantity","23161.01","Rice, milled (husked)","2024","2024","t","18.4","X","Figure from external organization","Estimated data using trading partners database"
"TCL","Crops and livestock products","050","Bangladesh","5922","Export value","23161.01","Rice, milled (husked)","2024","2024","1000 USD","18","X","Figure from external organization","Estimated data using trading partners database"
"TCL","Crops and livestock products","050","Bangladesh","5610","Import quantity","F0030","Rice, paddy (rice milled equivalent)","2024","2024","t","287275.26","E","Estimated value",""
"TCL","Crops and livestock products","050","Bangladesh","5622","Import value","F0030","Rice, paddy (rice milled equivalent)","2024","2024","1000 USD","154957","E","Estimated value",""
"TCL","Crops and livestock products","050","Bangladesh","5910","Export quantity","F0030","Rice, paddy (rice milled equivalent)","2024","2024","t","4312.46","X","Figure from external organization",""
"TCL","Crops and livestock products","050","Bangladesh","5922","Export value","F0030","Rice, paddy (rice milled equivalent)","2024","2024","1000 USD","5666","X","Figure from external organization",""
"TCL","Crops and livestock products","050","Bangladesh","5610","Import quantity","24230.02","Rice-fermented beverages","2024","2024","t","0.39","X","Figure from external organization","Estimated data using trading partners database"
"TCL","Crops and livestock products","050","Bangladesh","5622","Import value","24230.02","Rice-fermented beverages","2024","2024","1000 USD","5","X","Figure from external organization","Estimated data using trading partners database"
"TCL","Crops and livestock products","050","Bangladesh","5910","Export quantity","0116","Rye","2024","2024","t","0.19","X","Figure from external organization","Estimated data using trading partners database"
"TCL","Crops and livestock products","050","Bangladesh","5922","Export value","0116","Rye","2024","2024","1000 USD","1","X","Figure from external organization","Estimated data using trading partners database"
"TCL","Crops and livestock products","050","Bangladesh","5610","Import quantity","01446","Safflower seed","2024","2024","t","0.2","X","Figure from external organization","Estimated data using trading partners database"
"TCL","Crops and livestock products","050","Bangladesh","5622","Import value","01446","Safflower seed","2024","2024","1000 USD","0","X","Figure from external organization","Estimated data using trading partners database"
"TCL","Crops and livestock products","050","Bangladesh","5610","Import quantity","21184.01","Sausages and similar products of meat, offal or blood of beef and veal","2024","2024","t","0.36","X","Figure from external organization","Estimated data using trading partners database"
"TCL","Crops and livestock products","050","Bangladesh","5622","Import value","21184.01","Sausages and similar products of meat, offal or blood of beef and veal","2024","2024","1000 USD","0","X","Figure from external organization","Estimated data using trading partners database"
"TCL","Crops and livestock products","050","Bangladesh","5610","Import quantity","21184.02","Sausages and similar products of meat, offal or blood of pig","2024","2024","t","917.53","X","Figure from external organization","Estimated data using trading partners database"
"TCL","Crops and livestock products","050","Bangladesh","5622","Import value","21184.02","Sausages and similar products of meat, offal or blood of pig","2024","2024","1000 USD","1565","X","Figure from external organization","Estimated data using trading partners database"
"TCL","Crops and livestock products","050","Bangladesh","5610","Import quantity","01444","Sesame seed","2024","2024","t","1435.39","X","Figure from external organization","Estimated data using trading partners database"
"TCL","Crops and livestock products","050","Bangladesh","5622","Import value","01444","Sesame seed","2024","2024","1000 USD","3086","X","Figure from external organization","Estimated data using trading partners database"
"TCL","Crops and livestock products","050","Bangladesh","5910","Export quantity","01444","Sesame seed","2024","2024","t","17041.76","X","Figure from external organization","Estimated data using trading partners database"
"TCL","Crops and livestock products","050","Bangladesh","5922","Export value","01444","Sesame seed","2024","2024","1000 USD","18222","X","Figure from external organization","Estimated data using trading partners database"
"TCL","Crops and livestock products","050","Bangladesh","5910","Export quantity","02941","Shorn wool, greasy, including fleece-washed shorn wool","2024","2024","t","0.03","X","Figure from external organization","Estimated data using trading partners database"
"TCL","Crops and livestock products","050","Bangladesh","5922","Export value","02941","Shorn wool, greasy, including fleece-washed shorn wool","2024","2024","1000 USD","0","X","Figure from external organization","Estimated data using trading partners database"
"TCL","Crops and livestock products","050","Bangladesh","5610","Import quantity","39211","Silk waste","2024","2024","t","74","X","Figure from external organization","Estimated data using trading partners database"
"TCL","Crops and livestock products","050","Bangladesh","5622","Import value","39211","Silk waste","2024","2024","1000 USD","68","X","Figure from external organization","Estimated data using trading partners database"
"TCL","Crops and livestock products","050","Bangladesh","5910","Export quantity","39211","Silk waste","2024","2024","t","1","X","Figure from external organization","Estimated data using trading partners database"
"TCL","Crops and livestock products","050","Bangladesh","5922","Export value","39211","Silk waste","2024","2024","1000 USD","1","X","Figure from external organization","Estimated data using trading partners database"
"TCL","Crops and livestock products","050","Bangladesh","5910","Export quantity","02944","Silk-worm cocoons suitable for reeling","2024","2024","t","0","X","Figure from external organization","Estimated data using trading partners database"
"TCL","Crops and livestock products","050","Bangladesh","5922","Export value","02944","Silk-worm cocoons suitable for reeling","2024","2024","1000 USD","0","X","Figure from external organization","Estimated data using trading partners database"
"TCL","Crops and livestock products","050","Bangladesh","5610","Import quantity","22212","Skim milk and whey powder","2024","2024","t","34988.4","X","Figure from external organization","Estimated data using trading partners database"
"TCL","Crops and livestock products","050","Bangladesh","5622","Import value","22212","Skim milk and whey powder","2024","2024","1000 USD","104682","X","Figure from external organization","Estimated data using trading partners database"
"TCL","Crops and livestock products","050","Bangladesh","5910","Export quantity","22212","Skim milk and whey powder","2024","2024","t","90.74","X","Figure from external organization","Estimated data using trading partners database"
"TCL","Crops and livestock products","050","Bangladesh","5922","Export value","22212","Skim milk and whey powder","2024","2024","1000 USD","63","X","Figure from external organization","Estimated data using trading partners database"
"TCL","Crops and livestock products","050","Bangladesh","5610","Import quantity","22110.02","Skim milk of cows","2024","2024","t","9.01","X","Figure from external organization","Estimated data using trading partners database"
"TCL","Crops and livestock products","050","Bangladesh","5622","Import value","22110.02","Skim milk of cows","2024","2024","1000 USD","10","X","Figure from external organization","Estimated data using trading partners database"
"TCL","Crops and livestock products","050","Bangladesh","5910","Export quantity","22110.02","Skim milk of cows","2024","2024","t","0","X","Figure from external organization","Estimated data using trading partners database"
"TCL","Crops and livestock products","050","Bangladesh","5922","Export value","22110.02","Skim milk of cows","2024","2024","1000 USD","0","X","Figure from external organization","Estimated data using trading partners database"
"TCL","Crops and livestock products","050","Bangladesh","5610","Import quantity","02953.04","Skins, dry-salted of sheep","2024","2024","t","0.02","X","Figure from external organization","Estimated data using trading partners database"
"TCL","Crops and livestock products","050","Bangladesh","5622","Import value","02953.04","Skins, dry-salted of sheep","2024","2024","1000 USD","0","X","Figure from external organization","Estimated data using trading partners database"
"TCL","Crops and livestock products","050","Bangladesh","5610","Import quantity","02951.06","Skins, wet-salted of calves","2024","2024","t","13.4","X","Figure from external organization","Estimated data using trading partners database"
"TCL","Crops and livestock products","050","Bangladesh","5622","Import value","02951.06","Skins, wet-salted of calves","2024","2024","1000 USD","4","X","Figure from external organization","Estimated data using trading partners database"
"TCL","Crops and livestock products","050","Bangladesh","5610","Import quantity","0114","Sorghum","2024","2024","t","6681.69","X","Figure from external organization","Estimated data using trading partners database"
"TCL","Crops and livestock products","050","Bangladesh","5622","Import value","0114","Sorghum","2024","2024","1000 USD","2089","X","Figure from external organization","Estimated data using trading partners database"
"TCL","Crops and livestock products","050","Bangladesh","5610","Import quantity","01344.01","Sour cherries","2024","2024","t","2.72","X","Figure from external organization","Estimated data using trading partners database"
"TCL","Crops and livestock products","050","Bangladesh","5622","Import value","01344.01","Sour cherries","2024","2024","1000 USD","5","X","Figure from external organization","Estimated data using trading partners database"
"TCL","Crops and livestock products","050","Bangladesh","5610","Import quantity","2161","Soya bean oil","2024","2024","t","671718.69","X","Figure from external organization","Estimated data using trading partners database"
"TCL","Crops and livestock products","050","Bangladesh","5622","Import value","2161","Soya bean oil","2024","2024","1000 USD","701587","X","Figure from external organization","Estimated data using trading partners database"
"TCL","Crops and livestock products","050","Bangladesh","5910","Export quantity","2161","Soya bean oil","2024","2024","t","1272.31","X","Figure from external organization","Estimated data using trading partners database"
"TCL","Crops and livestock products","050","Bangladesh","5922","Export value","2161","Soya bean oil","2024","2024","1000 USD","1669","X","Figure from external organization","Estimated data using trading partners database"
"TCL","Crops and livestock products","050","Bangladesh","5610","Import quantity","0141","Soya beans","2024","2024","t","2031230.53","X","Figure from external organization","Estimated data using trading partners database"
"TCL","Crops and livestock products","050","Bangladesh","5622","Import value","0141","Soya beans","2024","2024","1000 USD","1003315","X","Figure from external organization","Estimated data using trading partners database"
"TCL","Crops and livestock products","050","Bangladesh","5910","Export quantity","0141","Soya beans","2024","2024","t","1.3","X","Figure from external organization","Estimated data using trading partners database"
"TCL","Crops and livestock products","050","Bangladesh","5922","Export value","0141","Soya beans","2024","2024","1000 USD","3","X","Figure from external organization","Estimated data using trading partners database"
"TCL","Crops and livestock products","050","Bangladesh","5610","Import quantity","23995.01","Soya sauce","2024","2024","t","599.19","X","Figure from external organization","Estimated data using trading partners database"
"TCL","Crops and livestock products","050","Bangladesh","5622","Import value","23995.01","Soya sauce","2024","2024","1000 USD","827","X","Figure from external organization","Estimated data using trading partners database"
"TCL","Crops and livestock products","050","Bangladesh","5910","Export quantity","23995.01","Soya sauce","2024","2024","t","0.28","X","Figure from external organization","Estimated data using trading partners database"
"TCL","Crops and livestock products","050","Bangladesh","5922","Export value","23995.01","Soya sauce","2024","2024","1000 USD","1","X","Figure from external organization","Estimated data using trading partners database"
"TCL","Crops and livestock products","050","Bangladesh","5610","Import quantity","01215","Spinach","2024","2024","t","1.77","X","Figure from external organization","Estimated data using trading partners database"
"TCL","Crops and livestock products","050","Bangladesh","5622","Import value","01215","Spinach","2024","2024","1000 USD","2","X","Figure from external organization","Estimated data using trading partners database"
"TCL","Crops and livestock products","050","Bangladesh","5910","Export quantity","01215","Spinach","2024","2024","t","22.79","X","Figure from external organization","Estimated data using trading partners database"
"TCL","Crops and livestock products","050","Bangladesh","5922","Export value","01215","Spinach","2024","2024","1000 USD","52","X","Figure from external organization","Estimated data using trading partners database"
"TCL","Crops and livestock products","050","Bangladesh","5610","Import quantity","23220.06","Starch of cassava","2024","2024","t","11827.37","X","Figure from external organization","Estimated data using trading partners database"
"TCL","Crops and livestock products","050","Bangladesh","5622","Import value","23220.06","Starch of cassava","2024","2024","1000 USD","7816","X","Figure from external organization","Estimated data using trading partners database"
"TCL","Crops and livestock products","050","Bangladesh","5910","Export quantity","23220.06","Starch of cassava","2024","2024","t","0","X","Figure from external organization","Estimated data using trading partners database"
"TCL","Crops and livestock products","050","Bangladesh","5922","Export value","23220.06","Starch of cassava","2024","2024","1000 USD","0","X","Figure from external organization","Estimated data using trading partners database"
"TCL","Crops and livestock products","050","Bangladesh","5610","Import quantity","01354","Strawberries","2024","2024","t","6.38","X","Figure from external organization","Estimated data using trading partners database"
"TCL","Crops and livestock products","050","Bangladesh","5622","Import value","01354","Strawberries","2024","2024","1000 USD","21","X","Figure from external organization","Estimated data using trading partners database"
"TCL","Crops and livestock products","050","Bangladesh","5910","Export quantity","01354","Strawberries","2024","2024","t","0","X","Figure from external organization","Estimated data using trading partners database"
"TCL","Crops and livestock products","050","Bangladesh","5922","Export value","01354","Strawberries","2024","2024","1000 USD","0","X","Figure from external organization","Estimated data using trading partners database"
"TCL","Crops and livestock products","050","Bangladesh","5610","Import quantity","23210.04","Sugar and syrups n.e.c.","2024","2024","t","10226.12","X","Figure from external organization","Estimated data using trading partners database"
"TCL","Crops and livestock products","050","Bangladesh","5622","Import value","23210.04","Sugar and syrups n.e.c.","2024","2024","1000 USD","9775","X","Figure from external organization","Estimated data using trading partners database"
"TCL","Crops and livestock products","050","Bangladesh","5910","Export quantity","23210.04","Sugar and syrups n.e.c.","2024","2024","t","102.66","X","Figure from external organization","Estimated data using trading partners database"
"TCL","Crops and livestock products","050","Bangladesh","5922","Export value","23210.04","Sugar and syrups n.e.c.","2024","2024","1000 USD","247","X","Figure from external organization","Estimated data using trading partners database"
"TCL","Crops and livestock products","050","Bangladesh","5910","Export quantity","01801","Sugar beet","2024","2024","t","0.01","X","Figure from external organization","Estimated data using trading partners database"
"TCL","Crops and livestock products","050","Bangladesh","5922","Export value","01801","Sugar beet","2024","2024","1000 USD","0","X","Figure from external organization","Estimated data using trading partners database"
"TCL","Crops and livestock products","050","Bangladesh","5610","Import quantity","01802","Sugar cane","2024","2024","t","41.04","X","Figure from external organization","Estimated data using trading partners database"
"TCL","Crops and livestock products","050","Bangladesh","5622","Import value","01802","Sugar cane","2024","2024","1000 USD","122","X","Figure from external organization","Estimated data using trading partners database"
"TCL","Crops and livestock products","050","Bangladesh","5910","Export quantity","01802","Sugar cane","2024","2024","t","4.97","X","Figure from external organization","Estimated data using trading partners database"
"TCL","Crops and livestock products","050","Bangladesh","5922","Export value","01802","Sugar cane","2024","2024","1000 USD","30","X","Figure from external organization","Estimated data using trading partners database"
"TCL","Crops and livestock products","050","Bangladesh","5610","Import quantity","23670.01","Sugar confectionery","2024","2024","t","754.76","X","Figure from external organization","Estimated data using trading partners database"
"TCL","Crops and livestock products","050","Bangladesh","5622","Import value","23670.01","Sugar confectionery","2024","2024","1000 USD","2976","X","Figure from external organization","Estimated data using trading partners database"
"TCL","Crops and livestock products","050","Bangladesh","5910","Export quantity","23670.01","Sugar confectionery","2024","2024","t","9505.39","X","Figure from external organization","Estimated data using trading partners database"
"TCL","Crops and livestock products","050","Bangladesh","5922","Export value","23670.01","Sugar confectionery","2024","2024","1000 USD","8513","X","Figure from external organization","Estimated data using trading partners database"
"TCL","Crops and livestock products","050","Bangladesh","5610","Import quantity","01445","Sunflower seed","2024","2024","t","237.52","X","Figure from external organization","Estimated data using trading partners database"
"TCL","Crops and livestock products","050","Bangladesh","5622","Import value","01445","Sunflower seed","2024","2024","1000 USD","610","X","Figure from external organization","Estimated data using trading partners database"
"TCL","Crops and livestock products","050","Bangladesh","5610","Import quantity","21631.01","Sunflower-seed oil, crude","2024","2024","t","9514.27","X","Figure from external organization","Estimated data using trading partners database"
"TCL","Crops and livestock products","050","Bangladesh","5622","Import value","21631.01","Sunflower-seed oil, crude","2024","2024","1000 USD","11738","X","Figure from external organization","Estimated data using trading partners database"
"TCL","Crops and livestock products","050","Bangladesh","5610","Import quantity","21319.01","Sweet corn, frozen","2024","2024","t","191.6","X","Figure from external organization","Estimated data using trading partners database"
"TCL","Crops and livestock products","050","Bangladesh","5622","Import value","21319.01","Sweet corn, frozen","2024","2024","1000 USD","228","X","Figure from external organization","Estimated data using trading partners database"
"TCL","Crops and livestock products","050","Bangladesh","5610","Import quantity","21399.03","Sweet corn, prepared or preserved","2024","2024","t","229.53","X","Figure from external organization","Estimated data using trading partners database"
"TCL","Crops and livestock products","050","Bangladesh","5622","Import value","21399.03","Sweet corn, prepared or preserved","2024","2024","1000 USD","183","X","Figure from external organization","Estimated data using trading partners database"
"TCL","Crops and livestock products","050","Bangladesh","5610","Import quantity","01530","Sweet potatoes","2024","2024","t","40.35","X","Figure from external organization","Estimated data using trading partners database"
"TCL","Crops and livestock products","050","Bangladesh","5622","Import value","01530","Sweet potatoes","2024","2024","1000 USD","9","X","Figure from external organization","Estimated data using trading partners database"
"TCL","Crops and livestock products","050","Bangladesh","5910","Export quantity","01530","Sweet potatoes","2024","2024","t","52.46","X","Figure from external organization","Estimated data using trading partners database"
"TCL","Crops and livestock products","050","Bangladesh","5922","Export value","01530","Sweet potatoes","2024","2024","1000 USD","49","X","Figure from external organization","Estimated data using trading partners database"
"TCL","Crops and livestock products","050","Bangladesh","5610","Import quantity","01324","Tangerines, mandarins, clementines","2024","2024","t","53242.29","X","Figure from external organization","Estimated data using trading partners database"
"TCL","Crops and livestock products","050","Bangladesh","5622","Import value","01324","Tangerines, mandarins, clementines","2024","2024","1000 USD","47064","X","Figure from external organization","Estimated data using trading partners database"
"TCL","Crops and livestock products","050","Bangladesh","5910","Export quantity","01324","Tangerines, mandarins, clementines","2024","2024","t","3.95","X","Figure from external organization","Estimated data using trading partners database"
"TCL","Crops and livestock products","050","Bangladesh","5922","Export value","01324","Tangerines, mandarins, clementines","2024","2024","1000 USD","8","X","Figure from external organization","Estimated data using trading partners database"
"TCL","Crops and livestock products","050","Bangladesh","5610","Import quantity","23230.02","Tapioca of cassava","2024","2024","t","12948.95","X","Figure from external organization","Estimated data using trading partners database"
"TCL","Crops and livestock products","050","Bangladesh","5622","Import value","23230.02","Tapioca of cassava","2024","2024","1000 USD","9746","X","Figure from external organization","Estimated data using trading partners database"
"TCL","Crops and livestock products","050","Bangladesh","5910","Export quantity","23230.02","Tapioca of cassava","2024","2024","t","1.32","X","Figure from external organization","Estimated data using trading partners database"
"TCL","Crops and livestock products","050","Bangladesh","5922","Export value","23230.02","Tapioca of cassava","2024","2024","1000 USD","2","X","Figure from external organization","Estimated data using trading partners database"
"TCL","Crops and livestock products","050","Bangladesh","5910","Export quantity","23230.01","Tapioca of potatoes","2024","2024","t","1.47","X","Figure from external organization","Estimated data using trading partners database"
"TCL","Crops and livestock products","050","Bangladesh","5922","Export value","23230.01","Tapioca of potatoes","2024","2024","1000 USD","11","X","Figure from external organization","Estimated data using trading partners database"
"TCL","Crops and livestock products","050","Bangladesh","5610","Import quantity","01550","Taro","2024","2024","t","103.13","X","Figure from external organization","Estimated data using trading partners database"
"TCL","Crops and livestock products","050","Bangladesh","5622","Import value","01550","Taro","2024","2024","1000 USD","14","X","Figure from external organization","Estimated data using trading partners database"
"TCL","Crops and livestock products","050","Bangladesh","5910","Export quantity","01550","Taro","2024","2024","t","472.83","X","Figure from external organization","Estimated data using trading partners database"
"TCL","Crops and livestock products","050","Bangladesh","5922","Export value","01550","Taro","2024","2024","1000 USD","817","X","Figure from external organization","Estimated data using trading partners database"
"TCL","Crops and livestock products","050","Bangladesh","5610","Import quantity","01620","Tea leaves","2024","2024","t","132.56","X","Figure from external organization","Estimated data using trading partners database"
"TCL","Crops and livestock products","050","Bangladesh","5622","Import value","01620","Tea leaves","2024","2024","1000 USD","441","X","Figure from external organization","Estimated data using trading partners database"
"TCL","Crops and livestock products","050","Bangladesh","5910","Export quantity","01620","Tea leaves","2024","2024","t","926.1","X","Figure from external organization","Estimated data using trading partners database"
"TCL","Crops and livestock products","050","Bangladesh","5922","Export value","01620","Tea leaves","2024","2024","1000 USD","2207","X","Figure from external organization","Estimated data using trading partners database"
"TCL","Crops and livestock products","050","Bangladesh","5610","Import quantity","21321","Tomato juice","2024","2024","t","3.87","X","Figure from external organization","Estimated data using trading partners database"
"TCL","Crops and livestock products","050","Bangladesh","5622","Import value","21321","Tomato juice","2024","2024","1000 USD","3","X","Figure from external organization","Estimated data using trading partners database"
"TCL","Crops and livestock products","050","Bangladesh","5610","Import quantity","01234","Tomatoes","2024","2024","t","48040.9","X","Figure from external organization","Estimated data using trading partners database"
"TCL","Crops and livestock products","050","Bangladesh","5622","Import value","01234","Tomatoes","2024","2024","1000 USD","14461","X","Figure from external organization","Estimated data using trading partners database"
"TCL","Crops and livestock products","050","Bangladesh","5910","Export quantity","01234","Tomatoes","2024","2024","t","52.97","X","Figure from external organization","Estimated data using trading partners database"
"TCL","Crops and livestock products","050","Bangladesh","5922","Export value","01234","Tomatoes","2024","2024","1000 USD","19","X","Figure from external organization","Estimated data using trading partners database"
"TCL","Crops and livestock products","050","Bangladesh","5610","Import quantity","21399.02","Tomatoes, peeled (o/t vinegar)","2024","2024","t","15","X","Figure from external organization","Estimated data using trading partners database"
"TCL","Crops and livestock products","050","Bangladesh","5622","Import value","21399.02","Tomatoes, peeled (o/t vinegar)","2024","2024","1000 USD","29","X","Figure from external organization","Estimated data using trading partners database"
"TCL","Crops and livestock products","050","Bangladesh","5910","Export quantity","21399.02","Tomatoes, peeled (o/t vinegar)","2024","2024","t","0.67","X","Figure from external organization","Estimated data using trading partners database"
"TCL","Crops and livestock products","050","Bangladesh","5922","Export value","21399.02","Tomatoes, peeled (o/t vinegar)","2024","2024","1000 USD","1","X","Figure from external organization","Estimated data using trading partners database"
"TCL","Crops and livestock products","050","Bangladesh","5910","Export quantity","01191","Triticale","2024","2024","t","0","X","Figure from external organization","Estimated data using trading partners database"
"TCL","Crops and livestock products","050","Bangladesh","5922","Export value","01191","Triticale","2024","2024","1000 USD","0","X","Figure from external organization","Estimated data using trading partners database"
"TCL","Crops and livestock products","050","Bangladesh","5610","Import quantity","01929.02","True hemp, raw or retted","2024","2024","t","12.91","X","Figure from external organization","Estimated data using trading partners database"
"TCL","Crops and livestock products","050","Bangladesh","5622","Import value","01929.02","True hemp, raw or retted","2024","2024","1000 USD","111","X","Figure from external organization","Estimated data using trading partners database"
"TCL","Crops and livestock products","050","Bangladesh","5910","Export quantity","01929.02","True hemp, raw or retted","2024","2024","t","1.08","X","Figure from external organization","Estimated data using trading partners database"
"TCL","Crops and livestock products","050","Bangladesh","5922","Export value","01929.02","True hemp, raw or retted","2024","2024","1000 USD","21","X","Figure from external organization","Estimated data using trading partners database"
"TCL","Crops and livestock products","050","Bangladesh","5610","Import quantity","23710","Uncooked pasta, not stuffed or otherwise prepared","2024","2024","t","837.12","X","Figure from external organization","Estimated data using trading partners database"
"TCL","Crops and livestock products","050","Bangladesh","5622","Import value","23710","Uncooked pasta, not stuffed or otherwise prepared","2024","2024","1000 USD","990","X","Figure from external organization","Estimated data using trading partners database"
"TCL","Crops and livestock products","050","Bangladesh","5910","Export quantity","23710","Uncooked pasta, not stuffed or otherwise prepared","2024","2024","t","5620.83","X","Figure from external organization","Estimated data using trading partners database"
"TCL","Crops and livestock products","050","Bangladesh","5922","Export value","23710","Uncooked pasta, not stuffed or otherwise prepared","2024","2024","1000 USD","8882","X","Figure from external organization","Estimated data using trading partners database"
"TCL","Crops and livestock products","050","Bangladesh","5610","Import quantity","2413","Undenatured ethyl alcohol of an alcoholic strength by volume of less than 80% vol; spirits, liqueurs and other spirituous beverages","2024","2024","t","234.13","X","Figure from external organization","Estimated data using trading partners database"
"TCL","Crops and livestock products","050","Bangladesh","5622","Import value","2413","Undenatured ethyl alcohol of an alcoholic strength by volume of less than 80% vol; spirits, liqueurs and other spirituous beverages","2024","2024","1000 USD","3081","X","Figure from external organization","Estimated data using trading partners database"
"TCL","Crops and livestock products","050","Bangladesh","5910","Export quantity","2413","Undenatured ethyl alcohol of an alcoholic strength by volume of less than 80% vol; spirits, liqueurs and other spirituous beverages","2024","2024","t","0.15","X","Figure from external organization","Estimated data using trading partners database"
"TCL","Crops and livestock products","050","Bangladesh","5922","Export value","2413","Undenatured ethyl alcohol of an alcoholic strength by volume of less than 80% vol; spirits, liqueurs and other spirituous beverages","2024","2024","1000 USD","1","X","Figure from external organization","Estimated data using trading partners database"
"TCL","Crops and livestock products","050","Bangladesh","5610","Import quantity","01970","Unmanufactured tobacco","2024","2024","t","519.4","X","Figure from external organization","Estimated data using trading partners database"
"TCL","Crops and livestock products","050","Bangladesh","5622","Import value","01970","Unmanufactured tobacco","2024","2024","1000 USD","4260","X","Figure from external organization","Estimated data using trading partners database"
"TCL","Crops and livestock products","050","Bangladesh","5910","Export quantity","01970","Unmanufactured tobacco","2024","2024","t","37645","X","Figure from external organization","Estimated data using trading partners database"
"TCL","Crops and livestock products","050","Bangladesh","5922","Export value","01970","Unmanufactured tobacco","2024","2024","1000 USD","149272","X","Figure from external organization","Estimated data using trading partners database"
"TCL","Crops and livestock products","050","Bangladesh","5610","Import quantity","01658","Vanilla, raw","2024","2024","t","0.09","X","Figure from external organization","Estimated data using trading partners database"
"TCL","Crops and livestock products","050","Bangladesh","5622","Import value","01658","Vanilla, raw","2024","2024","1000 USD","11","X","Figure from external organization","Estimated data using trading partners database"
"TCL","Crops and livestock products","050","Bangladesh","5910","Export quantity","01658","Vanilla, raw","2024","2024","t","0.27","X","Figure from external organization","Estimated data using trading partners database"
"TCL","Crops and livestock products","050","Bangladesh","5922","Export value","01658","Vanilla, raw","2024","2024","1000 USD","1","X","Figure from external organization","Estimated data using trading partners database"
"TCL","Crops and livestock products","050","Bangladesh","5910","Export quantity","39120.91","Vegetable products for feed n.e.c.","2024","2024","t","134.63","X","Figure from external organization","Estimated data using trading partners database"
"TCL","Crops and livestock products","050","Bangladesh","5922","Export value","39120.91","Vegetable products for feed n.e.c.","2024","2024","1000 USD","71","X","Figure from external organization","Estimated data using trading partners database"
"TCL","Crops and livestock products","050","Bangladesh","5610","Import quantity","01990.01","Vegetable products, fresh or dry n.e.c.","2024","2024","t","268.32","X","Figure from external organization","Estimated data using trading partners database"
"TCL","Crops and livestock products","050","Bangladesh","5622","Import value","01990.01","Vegetable products, fresh or dry n.e.c.","2024","2024","1000 USD","1474","X","Figure from external organization","Estimated data using trading partners database"
"TCL","Crops and livestock products","050","Bangladesh","5910","Export quantity","01990.01","Vegetable products, fresh or dry n.e.c.","2024","2024","t","6.48","X","Figure from external organization","Estimated data using trading partners database"
"TCL","Crops and livestock products","050","Bangladesh","5922","Export value","01990.01","Vegetable products, fresh or dry n.e.c.","2024","2024","1000 USD","49","X","Figure from external organization","Estimated data using trading partners database"
"TCL","Crops and livestock products","050","Bangladesh","5610","Import quantity","21931","Vegetable waxes (other than triglycerides), whether or not refined or coloured","2024","2024","t","53.2","X","Figure from external organization","Estimated data using trading partners database"
"TCL","Crops and livestock products","050","Bangladesh","5622","Import value","21931","Vegetable waxes (other than triglycerides), whether or not refined or coloured","2024","2024","1000 USD","322","X","Figure from external organization","Estimated data using trading partners database"
"TCL","Crops and livestock products","050","Bangladesh","5610","Import quantity","F0473","Vegetables frozen","2024","2024","t","54.09","X","Figure from external organization","Estimated data using trading partners database"
"TCL","Crops and livestock products","050","Bangladesh","5622","Import value","F0473","Vegetables frozen","2024","2024","1000 USD","105","X","Figure from external organization","Estimated data using trading partners database"
"TCL","Crops and livestock products","050","Bangladesh","5910","Export quantity","F0473","Vegetables frozen","2024","2024","t","1683.27","X","Figure from external organization","Estimated data using trading partners database"
"TCL","Crops and livestock products","050","Bangladesh","5922","Export value","F0473","Vegetables frozen","2024","2024","1000 USD","3483","X","Figure from external organization","Estimated data using trading partners database"
"TCL","Crops and livestock products","050","Bangladesh","5610","Import quantity","F0475","Vegetables preserved (frozen)","2024","2024","t","7.52","X","Figure from external organization","Estimated data using trading partners database"
"TCL","Crops and livestock products","050","Bangladesh","5622","Import value","F0475","Vegetables preserved (frozen)","2024","2024","1000 USD","18","X","Figure from external organization","Estimated data using trading partners database"
"TCL","Crops and livestock products","050","Bangladesh","5910","Export quantity","F0475","Vegetables preserved (frozen)","2024","2024","t","361.22","X","Figure from external organization","Estimated data using trading partners database"
"TCL","Crops and livestock products","050","Bangladesh","5922","Export value","F0475","Vegetables preserved (frozen)","2024","2024","1000 USD","878","X","Figure from external organization","Estimated data using trading partners database"
"TCL","Crops and livestock products","050","Bangladesh","5610","Import quantity","F0472","Vegetables preserved nes (o/t vinegar)","2024","2024","t","1391.29","X","Figure from external organization","Estimated data using trading partners database"
"TCL","Crops and livestock products","050","Bangladesh","5622","Import value","F0472","Vegetables preserved nes (o/t vinegar)","2024","2024","1000 USD","3181","X","Figure from external organization","Estimated data using trading partners database"
"TCL","Crops and livestock products","050","Bangladesh","5910","Export quantity","F0472","Vegetables preserved nes (o/t vinegar)","2024","2024","t","412.08","X","Figure from external organization","Estimated data using trading partners database"
"TCL","Crops and livestock products","050","Bangladesh","5922","Export value","F0472","Vegetables preserved nes (o/t vinegar)","2024","2024","1000 USD","1131","X","Figure from external organization","Estimated data using trading partners database"
"TCL","Crops and livestock products","050","Bangladesh","5610","Import quantity","21393.90","Vegetables, dehydrated","2024","2024","t","2431.94","X","Figure from external organization","Estimated data using trading partners database"
"TCL","Crops and livestock products","050","Bangladesh","5622","Import value","21393.90","Vegetables, dehydrated","2024","2024","1000 USD","3186","X","Figure from external organization","Estimated data using trading partners database"
"TCL","Crops and livestock products","050","Bangladesh","5910","Export quantity","21393.90","Vegetables, dehydrated","2024","2024","t","0.64","X","Figure from external organization","Estimated data using trading partners database"
"TCL","Crops and livestock products","050","Bangladesh","5922","Export value","21393.90","Vegetables, dehydrated","2024","2024","1000 USD","3","X","Figure from external organization","Estimated data using trading partners database"
"TCL","Crops and livestock products","050","Bangladesh","5610","Import quantity","21340","Vegetables, pulses and potatoes, preserved by vinegar or acetic acid","2024","2024","t","95.08","X","Figure from external organization","Estimated data using trading partners database"
"TCL","Crops and livestock products","050","Bangladesh","5622","Import value","21340","Vegetables, pulses and potatoes, preserved by vinegar or acetic acid","2024","2024","1000 USD","134","X","Figure from external organization","Estimated data using trading partners database"
"TCL","Crops and livestock products","050","Bangladesh","5910","Export quantity","21340","Vegetables, pulses and potatoes, preserved by vinegar or acetic acid","2024","2024","t","1092.73","X","Figure from external organization","Estimated data using trading partners database"
"TCL","Crops and livestock products","050","Bangladesh","5922","Export value","21340","Vegetables, pulses and potatoes, preserved by vinegar or acetic acid","2024","2024","1000 USD","1823","X","Figure from external organization","Estimated data using trading partners database"
"TCL","Crops and livestock products","050","Bangladesh","5610","Import quantity","24220","Vermouth and other wine of fresh grapes flavoured with plats or aromatic substances","2024","2024","t","0.42","X","Figure from external organization","Estimated data using trading partners database"
"TCL","Crops and livestock products","050","Bangladesh","5622","Import value","24220","Vermouth and other wine of fresh grapes flavoured with plats or aromatic substances","2024","2024","1000 USD","2","X","Figure from external organization","Estimated data using trading partners database"
"TCL","Crops and livestock products","050","Bangladesh","5610","Import quantity","21429.02","Walnuts, shelled","2024","2024","t","205.43","X","Figure from external organization","Estimated data using trading partners database"
"TCL","Crops and livestock products","050","Bangladesh","5622","Import value","21429.02","Walnuts, shelled","2024","2024","1000 USD","984","X","Figure from external organization","Estimated data using trading partners database"
"TCL","Crops and livestock products","050","Bangladesh","5910","Export quantity","21429.02","Walnuts, shelled","2024","2024","t","0.02","X","Figure from external organization","Estimated data using trading partners database"
"TCL","Crops and livestock products","050","Bangladesh","5922","Export value","21429.02","Walnuts, shelled","2024","2024","1000 USD","0","X","Figure from external organization","Estimated data using trading partners database"
"TCL","Crops and livestock products","050","Bangladesh","5610","Import quantity","01221","Watermelons","2024","2024","t","12.77","X","Figure from external organization","Estimated data using trading partners database"
"TCL","Crops and livestock products","050","Bangladesh","5622","Import value","01221","Watermelons","2024","2024","1000 USD","30","X","Figure from external organization","Estimated data using trading partners database"
"TCL","Crops and livestock products","050","Bangladesh","5610","Import quantity","0111","Wheat","2024","2024","t","2899634.77","X","Figure from external organization","Estimated data using trading partners database"
"TCL","Crops and livestock products","050","Bangladesh","5622","Import value","0111","Wheat","2024","2024","1000 USD","759955","X","Figure from external organization","Estimated data using trading partners database"
"TCL","Crops and livestock products","050","Bangladesh","5910","Export quantity","0111","Wheat","2024","2024","t","0.79","X","Figure from external organization","Estimated data using trading partners database"
"TCL","Crops and livestock products","050","Bangladesh","5922","Export value","0111","Wheat","2024","2024","1000 USD","1","X","Figure from external organization","Estimated data using trading partners database"
"TCL","Crops and livestock products","050","Bangladesh","5610","Import quantity","23110","Wheat and meslin flour","2024","2024","t","18","X","Figure from external organization","Estimated data using trading partners database"
"TCL","Crops and livestock products","050","Bangladesh","5622","Import value","23110","Wheat and meslin flour","2024","2024","1000 USD","20","X","Figure from external organization","Estimated data using trading partners database"
"TCL","Crops and livestock products","050","Bangladesh","5910","Export quantity","23110","Wheat and meslin flour","2024","2024","t","668.24","X","Figure from external organization","Estimated data using trading partners database"
"TCL","Crops and livestock products","050","Bangladesh","5922","Export value","23110","Wheat and meslin flour","2024","2024","1000 USD","406","X","Figure from external organization","Estimated data using trading partners database"
"TCL","Crops and livestock products","050","Bangladesh","5610","Import quantity","22251.03","Whey cheese","2024","2024","t","0.02","X","Figure from external organization","Estimated data using trading partners database"
"TCL","Crops and livestock products","050","Bangladesh","5622","Import value","22251.03","Whey cheese","2024","2024","1000 USD","0","X","Figure from external organization","Estimated data using trading partners database"
"TCL","Crops and livestock products","050","Bangladesh","5910","Export quantity","22130.03","Whey, condensed","2024","2024","t","1.15","X","Figure from external organization","Estimated data using trading partners database"
"TCL","Crops and livestock products","050","Bangladesh","5922","Export value","22130.03","Whey, condensed","2024","2024","1000 USD","3","X","Figure from external organization","Estimated data using trading partners database"
"TCL","Crops and livestock products","050","Bangladesh","5610","Import quantity","22130.02","Whey, dry","2024","2024","t","9397.48","X","Figure from external organization","Estimated data using trading partners database"
"TCL","Crops and livestock products","050","Bangladesh","5622","Import value","22130.02","Whey, dry","2024","2024","1000 USD","10353","X","Figure from external organization","Estimated data using trading partners database"
"TCL","Crops and livestock products","050","Bangladesh","5910","Export quantity","22130.02","Whey, dry","2024","2024","t","1.15","X","Figure from external organization","Estimated data using trading partners database"
"TCL","Crops and livestock products","050","Bangladesh","5922","Export value","22130.02","Whey, dry","2024","2024","1000 USD","2","X","Figure from external organization","Estimated data using trading partners database"
"TCL","Crops and livestock products","050","Bangladesh","5610","Import quantity","22211","Whole milk powder","2024","2024","t","78652.64","X","Figure from external organization","Estimated data using trading partners database"
"TCL","Crops and livestock products","050","Bangladesh","5622","Import value","22211","Whole milk powder","2024","2024","1000 USD","296549","X","Figure from external organization","Estimated data using trading partners database"
"TCL","Crops and livestock products","050","Bangladesh","5910","Export quantity","22211","Whole milk powder","2024","2024","t","0","X","Figure from external organization","Estimated data using trading partners database"
"TCL","Crops and livestock products","050","Bangladesh","5922","Export value","22211","Whole milk powder","2024","2024","1000 USD","0","X","Figure from external organization","Estimated data using trading partners database"
"TCL","Crops and livestock products","050","Bangladesh","5610","Import quantity","22222.01","Whole milk, condensed","2024","2024","t","48.5","X","Figure from external organization","Estimated data using trading partners database"
"TCL","Crops and livestock products","050","Bangladesh","5622","Import value","22222.01","Whole milk, condensed","2024","2024","1000 USD","67","X","Figure from external organization","Estimated data using trading partners database"
"TCL","Crops and livestock products","050","Bangladesh","5910","Export quantity","22221.01","Whole milk, evaporated","2024","2024","t","2.85","X","Figure from external organization","Estimated data using trading partners database"
"TCL","Crops and livestock products","050","Bangladesh","5922","Export value","22221.01","Whole milk, evaporated","2024","2024","1000 USD","2","X","Figure from external organization","Estimated data using trading partners database"
"TCL","Crops and livestock products","050","Bangladesh","5610","Import quantity","24212.02","Wine","2024","2024","t","15.31","X","Figure from external organization","Estimated data using trading partners database"
"TCL","Crops and livestock products","050","Bangladesh","5622","Import value","24212.02","Wine","2024","2024","1000 USD","261","X","Figure from external organization","Estimated data using trading partners database"
"TCL","Crops and livestock products","050","Bangladesh","5910","Export quantity","24212.02","Wine","2024","2024","t","0.01","X","Figure from external organization","Estimated data using trading partners database"
"TCL","Crops and livestock products","050","Bangladesh","5922","Export value","24212.02","Wine","2024","2024","1000 USD","0","X","Figure from external organization","Estimated data using trading partners database"
"TCL","Crops and livestock products","050","Bangladesh","5610","Import quantity","F0994","Wool grease and lanolin","2024","2024","t","14.68","X","Figure from external organization","Estimated data using trading partners database"
"TCL","Crops and livestock products","050","Bangladesh","5622","Import value","F0994","Wool grease and lanolin","2024","2024","1000 USD","312","X","Figure from external organization","Estimated data using trading partners database"
"TCL","Crops and livestock products","050","Bangladesh","5910","Export quantity","F0994","Wool grease and lanolin","2024","2024","t","7.68","X","Figure from external organization","Estimated data using trading partners database"
"TCL","Crops and livestock products","050","Bangladesh","5922","Export value","F0994","Wool grease and lanolin","2024","2024","1000 USD","5","X","Figure from external organization","Estimated data using trading partners database"
"TCL","Crops and livestock products","050","Bangladesh","5610","Import quantity","26130","Wool, degreased or carbonized, not carded or combed","2024","2024","t","105.12","X","Figure from external organization","Estimated data using trading partners database"
"TCL","Crops and livestock products","050","Bangladesh","5622","Import value","26130","Wool, degreased or carbonized, not carded or combed","2024","2024","1000 USD","335","X","Figure from external organization","Estimated data using trading partners database"
"TCL","Crops and livestock products","050","Bangladesh","5910","Export quantity","26130","Wool, degreased or carbonized, not carded or combed","2024","2024","t","0","X","Figure from external organization","Estimated data using trading partners database"
"TCL","Crops and livestock products","050","Bangladesh","5922","Export value","26130","Wool, degreased or carbonized, not carded or combed","2024","2024","1000 USD","0","X","Figure from external organization","Estimated data using trading partners database"
"TCL","Crops and livestock products","050","Bangladesh","5610","Import quantity","01540","Yams","2024","2024","t","0.05","X","Figure from external organization","Estimated data using trading partners database"
"TCL","Crops and livestock products","050","Bangladesh","5622","Import value","01540","Yams","2024","2024","1000 USD","0","X","Figure from external organization","Estimated data using trading partners database"
"TCL","Crops and livestock products","050","Bangladesh","5910","Export quantity","01540","Yams","2024","2024","t","31.02","X","Figure from external organization","Estimated data using trading partners database"
"TCL","Crops and livestock products","050","Bangladesh","5922","Export value","01540","Yams","2024","2024","1000 USD","28","X","Figure from external organization","Estimated data using trading partners database"
"TCL","Crops and livestock products","050","Bangladesh","5610","Import quantity","22230.01","Yoghurt","2024","2024","t","0.01","X","Figure from external organization","Estimated data using trading partners database"
"TCL","Crops and livestock products","050","Bangladesh","5622","Import value","22230.01","Yoghurt","2024","2024","1000 USD","0","X","Figure from external organization","Estimated data using trading partners database"
"TCL","Crops and livestock products","050","Bangladesh","5610","Import quantity","22230.02","Yoghurt, with additives","2024","2024","t","33.43","X","Figure from external organization","Estimated data using trading partners database"
"TCL","Crops and livestock products","050","Bangladesh","5622","Import value","22230.02","Yoghurt, with additives","2024","2024","1000 USD","137","X","Figure from external organization","Estimated data using trading partners database"
"TCL","Crops and livestock products","050","Bangladesh","5910","Export quantity","22230.02","Yoghurt, with additives","2024","2024","t","871.87","X","Figure from external organization","Estimated data using trading partners database"
"TCL","Crops and livestock products","050","Bangladesh","5922","Export value","22230.02","Yoghurt, with additives","2024","2024","1000 USD","403","X","Figure from external organization","Estimated data using trading partners database"
