indicator_id,country_id,year,value,magnitude,qualifier
10403,BGD,1998,7,,
10403,BGD,1999,7,,
10403,BGD,2000,7,,
10403,BGD,2001,7,,
10403,BGD,2002,7,,
10403,BGD,2003,7,,
10403,BGD,2004,7,,
10403,BGD,2005,7,,
10403,BGD,2006,7,,
10403,BGD,2007,7,,
10403,BGD,2008,7,,
10403,BGD,2009,7,,
10403,BGD,2010,7,,
10403,BGD,2011,7,,
10403,BGD,2012,7,,
10403,BGD,2013,7,,
10403,BGD,2014,7,,
10403,BGD,2015,7,,
10403,BGD,2016,7,,
10403,BGD,2017,7,,
10403,BGD,2018,7,,
10403,BGD,2019,7,,
10403,BGD,2020,7,,
10403,BGD,2021,7,,
10403,BGD,2022,7,,
10403,BGD,2023,7,,
10403,BGD,2024,7,,
10404,BGD,1998,6,,
10404,BGD,1999,6,,
10404,BGD,2000,6,,
10404,BGD,2001,6,,
10404,BGD,2002,6,,
10404,BGD,2003,6,,
10404,BGD,2004,6,,
10404,BGD,2005,6,,
10404,BGD,2006,6,,
10404,BGD,2007,6,,
10404,BGD,2008,6,,
10404,BGD,2009,6,,
10404,BGD,2010,6,,
10404,BGD,2011,6,,
10404,BGD,2012,6,,
10404,BGD,2013,6,,
10404,BGD,2014,6,,
10404,BGD,2015,6,,
10404,BGD,2016,6,,
10404,BGD,2017,6,,
10404,BGD,2018,6,,
10404,BGD,2019,6,,
10404,BGD,2020,6,,
10404,BGD,2021,6,,
10404,BGD,2022,6,,
10404,BGD,2023,6,,
10404,BGD,2024,6,,
10405,BGD,1970,1969,,
10405,BGD,1971,1970,,
10405,BGD,1972,1971,,
10405,BGD,1973,1972,,
10405,BGD,1974,1973,,
10405,BGD,1975,1974,,
10405,BGD,1976,1975,,
10405,BGD,1977,1976,,
10405,BGD,1978,1977,,
10405,BGD,1979,1978,,
10405,BGD,1980,1979,,
10405,BGD,1981,1980,,
10405,BGD,1982,1981,,
10405,BGD,1983,1982,,
10405,BGD,1984,1983,,
10405,BGD,1985,1984,,
10405,BGD,1986,1985,,
10405,BGD,1987,1986,,
10405,BGD,1988,1987,,
10405,BGD,1989,1988,,
10405,BGD,1990,1989,,
10405,BGD,1991,1990,,
10405,BGD,1992,1991,,
10405,BGD,1993,1992,,
10405,BGD,1994,1993,,
10405,BGD,1995,1994,,
10405,BGD,1996,1995,,
10405,BGD,1997,1996,,
10405,BGD,1998,1997,,
10405,BGD,1999,1998,,
10405,BGD,2000,1999,,
10405,BGD,2001,2000,,
10405,BGD,2002,2001,,
10405,BGD,2003,2002,,
10405,BGD,2004,2003,,
10405,BGD,2005,2004,,
10405,BGD,2006,2005,,
10405,BGD,2007,2006,,
10405,BGD,2008,2007,,
10405,BGD,2009,2008,,
10405,BGD,2010,2009,,
10405,BGD,2011,2010,,
10405,BGD,2012,2011,,
10405,BGD,2013,2012,,
10405,BGD,2014,2013,,
10405,BGD,2015,2014,,
10405,BGD,2016,2015,,
10405,BGD,2017,2016,,
10405,BGD,2018,2017,,
10405,BGD,2019,2018,,
10405,BGD,2020,2019,,
10405,BGD,2021,2020,,
10405,BGD,2022,2021,,
10405,BGD,2023,2022,,
10405,BGD,2024,2023,,
10406,BGD,1998,1998,,
10406,BGD,1999,1999,,
10406,BGD,2000,2000,,
10406,BGD,2001,2001,,
10406,BGD,2002,2002,,
10406,BGD,2003,2003,,
10406,BGD,2004,2004,,
10406,BGD,2005,2005,,
10406,BGD,2006,2006,,
10406,BGD,2007,2007,,
10406,BGD,2008,2008,,
10406,BGD,2009,2009,,
10406,BGD,2010,2010,,
10406,BGD,2011,2011,,
10406,BGD,2012,2012,,
10406,BGD,2013,2013,,
10406,BGD,2014,2014,,
10406,BGD,2015,2015,,
10406,BGD,2016,2016,,
10406,BGD,2017,2017,,
10406,BGD,2018,2018,,
10406,BGD,2019,2019,,
10406,BGD,2020,2020,,
10406,BGD,2021,2021,,
10406,BGD,2022,2022,,
10406,BGD,2023,2023,,
10406,BGD,2024,2024,,
20060,BGD,1972,4928,,
20060,BGD,1973,8215,,
20060,BGD,1988,2317181,,
20060,BGD,1998,2086330,,
20060,BGD,1999,1824548,,
20060,BGD,2000,1693548,,
20060,BGD,2001,1642715,,
20060,BGD,2002,1423714,,
20060,BGD,2003,1165212,,
20060,BGD,2004,1108754,,
20060,BGD,2005,1101429,,
20060,BGD,2009,1066978,,NAT_EST
20060,BGD,2010,1233593,,
20060,BGD,2011,2375955,,
20060,BGD,2013,2961031,,
20060,BGD,2015,2864877,,
20060,BGD,2016,3129535,,
20060,BGD,2017,3667851,,
20060,BGD,2018,3578384,,
20060,BGD,2020,3947852,,
20060,BGD,2021,3136005,,
20060,BGD,2022,3383726,,
20060,BGD,2023,3464279,,
20060,BGD,2024,3496423,,
20061,BGD,1973,5050,,
20061,BGD,1988,1033417,,
20061,BGD,1998,1058083,,
20061,BGD,1999,908590,,
20061,BGD,2000,838616,,
20061,BGD,2001,789201,,
20061,BGD,2002,698405,,
20061,BGD,2003,572992,,
20061,BGD,2004,545189,,
20061,BGD,2005,544577,,
20061,BGD,2009,525028,,NAT_EST
20061,BGD,2010,600114,,
20061,BGD,2011,1148044,,
20061,BGD,2013,1450461,,
20061,BGD,2015,1414331,,
20061,BGD,2016,1559598,,
20061,BGD,2017,1826609,,
20061,BGD,2018,1785825,,
20061,BGD,2020,1983892,,
20061,BGD,2021,1576830,,
20061,BGD,2022,1716403,,
20061,BGD,2023,1748083,,
20061,BGD,2024,1766892,,
20062,BGD,1970,5283787,,
20062,BGD,1971,5040003,,
20062,BGD,1972,6416954,,
20062,BGD,1973,7793907,,
20062,BGD,1974,7747559,,
20062,BGD,1975,8349834,,
20062,BGD,1976,8674004,,
20062,BGD,1977,8227950,,
20062,BGD,1978,8219313,,
20062,BGD,1979,8235237,,
20062,BGD,1980,8240169,,
20062,BGD,1981,8285807,,
20062,BGD,1982,8400000,,
20062,BGD,1983,8808028,,
20062,BGD,1984,8915442,,
20062,BGD,1985,8920292,,
20062,BGD,1986,9115554,,
20062,BGD,1987,9206710,,
20062,BGD,1988,11075476,,
20062,BGD,1989,11285445,,
20062,BGD,1990,11939949,,
20062,BGD,2005,16219478,,
20062,BGD,2006,16396870,,
20062,BGD,2007,16312907,,
20062,BGD,2008,16001605,,NAT_EST
20062,BGD,2009,16539389,,NAT_EST
20062,BGD,2010,16987106,,
20062,BGD,2017,17195385,,
20062,BGD,2018,17338100,,
20062,BGD,2020,17603840,,
20062,BGD,2021,16964967,,
20062,BGD,2022,17162365,,
20062,BGD,2023,16252802,,
20062,BGD,2024,16686625,,
20063,BGD,1970,1693057,,
20063,BGD,1971,1604712,,
20063,BGD,1972,2221503,,
20063,BGD,1973,2697928,,
20063,BGD,1974,2561459,,
20063,BGD,1975,2839021,,
20063,BGD,1976,2975348,,
20063,BGD,1977,3040516,,
20063,BGD,1978,3037282,,
20063,BGD,1979,3043166,,
20063,BGD,1980,3044989,,
20063,BGD,1981,3336989,,
20063,BGD,1982,3417000,,
20063,BGD,1983,3254459,,
20063,BGD,1984,3586112,,
20063,BGD,1985,3568116,,
20063,BGD,1986,3638232,,
20063,BGD,1987,3674614,,
20063,BGD,1988,4829714,,
20063,BGD,1989,4943119,,
20063,BGD,1990,5346707,,
20063,BGD,2005,8129769,,
20063,BGD,2006,8256533,,
20063,BGD,2007,8277554,,
20063,BGD,2008,8081768,,NAT_EST
20063,BGD,2009,8298372,,NAT_EST
20063,BGD,2010,8579504,,
20063,BGD,2017,8681343,,
20063,BGD,2018,8799033,,
20063,BGD,2020,9007559,,
20063,BGD,2021,8381644,,
20063,BGD,2022,8804737,,
20063,BGD,2023,8302408,,
20063,BGD,2024,8562194,,
20064,BGD,1998,5518684,,
20064,BGD,1999,5839120,,
20064,BGD,2000,6131503,,
20064,BGD,2001,6393122,,
20064,BGD,2002,6604177,,
20064,BGD,2003,6597202,,
20064,BGD,2004,6284563,,
20064,BGD,2005,6232512,,
20064,BGD,2006,6179131,,
20064,BGD,2007,6300006,,
20064,BGD,2008,5802844,,
20064,BGD,2009,6221343,,
20064,BGD,2010,6376949,,
20064,BGD,2011,6532646,,
20064,BGD,2012,6940487,,
20064,BGD,2013,7529363.489006,,
20064,BGD,2015,8247057.999999,,
20064,BGD,2016,8399583,,
20064,BGD,2017,8413135,,
20064,BGD,2018,8497398,,
20064,BGD,2019,8348401,,
20064,BGD,2020,8105296,,
20064,BGD,2021,7853383,,
20064,BGD,2022,7894933,,
20064,BGD,2023,7535007,,
20064,BGD,2024,7366911,,
20065,BGD,1998,2780158,,
20065,BGD,1999,3010875,,
20065,BGD,2000,3199873,,
20065,BGD,2001,3427020,,
20065,BGD,2002,3566738,,
20065,BGD,2003,3500875,,
20065,BGD,2004,3219428,,
20065,BGD,2005,3237969,,
20065,BGD,2006,3212065,,
20065,BGD,2007,3269219,,
20065,BGD,2008,3125451,,
20065,BGD,2009,3303921,,
20065,BGD,2010,3457167,,
20065,BGD,2011,3586506,,
20065,BGD,2012,3779725,,
20065,BGD,2013,3968588.72282,,
20065,BGD,2015,4488843.000001,,
20065,BGD,2016,4598656,,
20065,BGD,2017,4628604,,
20065,BGD,2018,4685559,,
20065,BGD,2019,4583706,,
20065,BGD,2020,4491120,,
20065,BGD,2021,4432495,,
20065,BGD,2022,4340846,,
20065,BGD,2023,4157569,,
20065,BGD,2024,4036932,,
20070,BGD,1998,3614895,,
20070,BGD,1999,4073198,,
20070,BGD,2000,4197562,,
20070,BGD,2001,4297620,,
20070,BGD,2002,4420149,,
20070,BGD,2003,4454032,,
20070,BGD,2004,4070197,,
20070,BGD,2005,3876883,,
20070,BGD,2006,4071731,,
20070,BGD,2007,4144708,,
20070,BGD,2008,4234045,,
20070,BGD,2009,4685722,,
20070,BGD,2010,4957106,,
20070,BGD,2011,5010318,,
20070,BGD,2012,5246667,,
20070,BGD,2013,5784714.507178999,,
20070,BGD,2015,6319714,,
20070,BGD,2016,7388235,,
20070,BGD,2017,6901622,,
20070,BGD,2018,7372422,,
20070,BGD,2019,7362573,,
20070,BGD,2020,7849556.000002,,
20070,BGD,2021,8169545,,
20070,BGD,2022,8175411,,
20070,BGD,2023,8126725,,
20070,BGD,2024,7700610,,
20071,BGD,1998,1552372,,
20071,BGD,1999,1819590,,
20071,BGD,2000,1931575,,
20071,BGD,2001,2016789,,
20071,BGD,2002,2092976,,
20071,BGD,2003,2170056,,
20071,BGD,2004,1914343,,
20071,BGD,2005,1872617,,
20071,BGD,2006,1952786,,
20071,BGD,2007,1987023,,
20071,BGD,2008,2091416,,
20071,BGD,2009,2247853,,
20071,BGD,2010,2423051,,
20071,BGD,2011,2476560,,
20071,BGD,2012,2580757,,
20071,BGD,2013,2809607.277179,,
20071,BGD,2015,3070548,,
20071,BGD,2016,3511284,,
20071,BGD,2017,3457599,,
20071,BGD,2018,3668287,,
20071,BGD,2019,3699960,,
20071,BGD,2020,4052857.000001,,
20071,BGD,2021,4517531,,
20071,BGD,2022,4182094,,
20071,BGD,2023,4107339,,
20071,BGD,2024,3934738,,
20076,BGD,1998,17518,,
20076,BGD,1999,17035,,
20076,BGD,2000,18084,,
20076,BGD,2001,19758,,
20076,BGD,2002,23259,,
20076,BGD,2003,25422,,
20076,BGD,2004,70130,,
20076,BGD,2005,81993,,
20076,BGD,2006,80747,,
20076,BGD,2007,84006,,
20076,BGD,2008,134720,,
20076,BGD,2009,141708,,
20076,BGD,2010,160514,,
20076,BGD,2011,166370,,
20076,BGD,2012,213218,,
20076,BGD,2013,244365,,
20076,BGD,2015,324854,,
20076,BGD,2016,280681,,
20076,BGD,2017,287110,,
20076,BGD,2018,310334,,
20076,BGD,2019,310642,,
20076,BGD,2020,314707.000002,,
20076,BGD,2021,331779,,
20076,BGD,2022,884145,,
20076,BGD,2023,502496,,
20076,BGD,2024,420816,,
20077,BGD,1998,7645,,
20077,BGD,1999,7693,,
20077,BGD,2000,7801,,
20077,BGD,2001,7959,,
20077,BGD,2002,9875,,
20077,BGD,2003,10141,,
20077,BGD,2004,17881,,
20077,BGD,2005,18571,,
20077,BGD,2006,18775,,
20077,BGD,2007,19222,,
20077,BGD,2008,20799,,
20077,BGD,2009,24059,,
20077,BGD,2010,31644,,
20077,BGD,2011,28231,,
20077,BGD,2012,38373,,
20077,BGD,2013,38373,,
20077,BGD,2015,67067,,
20077,BGD,2016,47413,,
20077,BGD,2017,54364,,
20077,BGD,2018,54976,,
20077,BGD,2019,55832,,
20077,BGD,2020,57373.000001,,
20077,BGD,2021,63208,,
20077,BGD,2022,267956,,
20077,BGD,2023,172901,,
20077,BGD,2024,143166,,
20082,BGD,1973,2265469,,
20082,BGD,1976,2183413,,
20082,BGD,1977,2238186,,
20082,BGD,1979,2349920,,
20082,BGD,1980,2659208,,
20082,BGD,1981,2407888,,
20082,BGD,1983,2959437,,
20082,BGD,1984,3111267,,
20082,BGD,1985,3125219,,
20082,BGD,1986,3136454,,
20082,BGD,1987,3272858,,
20082,BGD,1988,3340120,,
20082,BGD,1989,3406520,,
20082,BGD,1990,3592995,,
20082,BGD,1998,9133579,,
20082,BGD,1999,9912318,,
20082,BGD,2000,10329065,,
20082,BGD,2001,10690742,,
20082,BGD,2002,11024326,,
20082,BGD,2003,11051234,,
20082,BGD,2004,10354760,,
20082,BGD,2005,10109395,,
20082,BGD,2006,10250862,,
20082,BGD,2007,10444714,,
20082,BGD,2008,10036889,,
20082,BGD,2009,10907065,,
20082,BGD,2010,11334055,,
20082,BGD,2011,11542964,,
20082,BGD,2012,12187154,,
20082,BGD,2013,13314077.996185,,
20082,BGD,2015,14566771.999999,,
20082,BGD,2016,15787818,,
20082,BGD,2017,15314757,,
20082,BGD,2018,15869820,,
20082,BGD,2019,15710974,,
20082,BGD,2020,15954852.000002,,
20082,BGD,2021,16022928,,
20082,BGD,2022,16070344,,
20082,BGD,2023,15661732,,
20082,BGD,2024,15067521,,
20083,BGD,1973,568172,,
20083,BGD,1976,533113,,
20083,BGD,1977,471326,,
20083,BGD,1979,471918,,
20083,BGD,1980,636584,,
20083,BGD,1981,448745,,
20083,BGD,1984,889444,,
20083,BGD,1985,875353,,
20083,BGD,1986,975817,,
20083,BGD,1987,1004429,,
20083,BGD,1988,1051799,,
20083,BGD,1989,1098393,,
20083,BGD,1990,1180440,,
20083,BGD,1998,4332530,,
20083,BGD,1999,4830465,,
20083,BGD,2000,5131448,,
20083,BGD,2001,5443809,,
20083,BGD,2002,5659714,,
20083,BGD,2003,5670931,,
20083,BGD,2004,5133771,,
20083,BGD,2005,5110586,,
20083,BGD,2006,5164851,,
20083,BGD,2007,5256242,,
20083,BGD,2008,5216867,,
20083,BGD,2009,5551774,,
20083,BGD,2010,5880218,,
20083,BGD,2011,6063066,,
20083,BGD,2012,6360482,,
20083,BGD,2013,6778195.999999,,
20083,BGD,2015,7559391.000001,,
20083,BGD,2016,8109940,,
20083,BGD,2017,8086203,,
20083,BGD,2018,8353846,,
20083,BGD,2019,8283666,,
20083,BGD,2020,8543977.000001,,
20083,BGD,2021,8950026,,
20083,BGD,2022,8522940,,
20083,BGD,2023,8264908,,
20083,BGD,2024,7971670,,
20160,BGD,1973,195,,
20160,BGD,1988,63054,,
20160,BGD,1998,64726,,
20160,BGD,1999,67504,,
20160,BGD,2000,69499,,
20160,BGD,2001,58177,,
20160,BGD,2002,61568,,
20161,BGD,1973,120,,
20161,BGD,1988,11625,,
20161,BGD,1998,20615,,
20161,BGD,1999,22006,,
20161,BGD,2000,23444,,
20161,BGD,2001,18878,,
20161,BGD,2002,21155,,
20162,BGD,1970,113673,,
20162,BGD,1971,117275,,
20162,BGD,1972,136508,,
20162,BGD,1973,155742,,
20162,BGD,1974,150267,,
20162,BGD,1975,164717,,
20162,BGD,1976,172448,,
20162,BGD,1977,174384,,
20162,BGD,1978,186144,,
20162,BGD,1979,187504,,
20162,BGD,1980,153859,,
20162,BGD,1981,149909,,
20162,BGD,1983,171349,,
20162,BGD,1984,189884,,
20162,BGD,1985,189900,,
20162,BGD,1986,190557,,
20162,BGD,1987,191507,,
20162,BGD,1988,191399,,
20162,BGD,1989,186872,,
20162,BGD,1990,189508,,
20162,BGD,2005,344806,,
20162,BGD,2006,344914,,
20162,BGD,2007,364494,,
20162,BGD,2008,365925,,
20162,BGD,2009,361450,,
20162,BGD,2010,395281,,
20162,BGD,2011,458389,,
20162,BGD,2015,527798,,
20162,BGD,2016,548201,,
20162,BGD,2017,574001,,
20162,BGD,2018,576887,,
20162,BGD,2019,354722,,
20162,BGD,2020,367480,,
20162,BGD,2021,359095,,
20162,BGD,2022,362709,,
20162,BGD,2023,384513,,
20162,BGD,2024,383624,,
20163,BGD,1971,2541,,
20163,BGD,1972,3238,,
20163,BGD,1973,3936,,
20163,BGD,1974,5889,,
20163,BGD,1975,8397,,
20163,BGD,1976,8758,,
20163,BGD,1977,10847,,
20163,BGD,1978,14409,,
20163,BGD,1979,14515,,
20163,BGD,1980,12128,,
20163,BGD,1981,11422,,
20163,BGD,1983,13702,,
20163,BGD,1984,14879,,
20163,BGD,1985,15192,,
20163,BGD,1986,15512,,
20163,BGD,1987,15568,,
20163,BGD,1988,33575,,
20163,BGD,1989,33774,,
20163,BGD,1990,36727,,
20163,BGD,2005,128162,,
20163,BGD,2006,130450,,
20163,BGD,2007,147390,,
20163,BGD,2008,153041,,
20163,BGD,2009,157071,,
20163,BGD,2010,194538,,
20163,BGD,2011,246306,,
20163,BGD,2015,314299,,
20163,BGD,2016,330403,,
20163,BGD,2017,351863,,
20163,BGD,2018,353632,,
20163,BGD,2019,229079,,
20163,BGD,2020,235911,,
20163,BGD,2021,231286,,
20163,BGD,2022,235670,,
20163,BGD,2023,251782,,
20163,BGD,2024,252704,,
20164,BGD,1998,131030,,
20164,BGD,1999,135647,,
20164,BGD,2000,136164,,
20164,BGD,2001,141817,,
20164,BGD,2002,159432,,
20164,BGD,2003,183037,,
20164,BGD,2004,186247,,
20164,BGD,2005,220464,,
20164,BGD,2006,218670,,
20164,BGD,2007,220280,,
20164,BGD,2008,196283,,
20164,BGD,2009,207897,,
20164,BGD,2010,205384,,
20164,BGD,2011,198551,,
20164,BGD,2012,204037,,
20164,BGD,2013,204188,,
20164,BGD,2016,204617.99626,,
20164,BGD,2017,229349.818182,,
20164,BGD,2019,193042,,
20164,BGD,2020,200448,,
20164,BGD,2021,219706,,
20164,BGD,2022,220340,,
20164,BGD,2023,219548,,
20164,BGD,2024,239586,,
20165,BGD,1998,16909,,
20165,BGD,1999,17984,,
20165,BGD,2000,18355,,
20165,BGD,2001,19757,,
20165,BGD,2002,22037,,
20165,BGD,2003,27883,,
20165,BGD,2004,32051,,
20165,BGD,2005,38802,,
20165,BGD,2006,41976,,
20165,BGD,2007,42959,,
20165,BGD,2008,38299,,
20165,BGD,2009,42151,,
20165,BGD,2010,41465,,
20165,BGD,2011,43210,,
20165,BGD,2012,40617,,
20165,BGD,2013,40628,,
20165,BGD,2016,55177.128463,,
20165,BGD,2017,50679.040056,,
20165,BGD,2019,45321,,
20165,BGD,2020,55102,,
20165,BGD,2021,57204,,
20165,BGD,2022,62172,,
20165,BGD,2023,62788,,
20165,BGD,2024,70636,,
20170,BGD,1998,120492,,
20170,BGD,1999,129298,,
20170,BGD,2000,132610,,
20170,BGD,2001,143292,,
20170,BGD,2002,161347,,
20170,BGD,2003,172557,,
20170,BGD,2004,192029,,
20170,BGD,2005,202114,,
20170,BGD,2006,190592,,
20170,BGD,2007,193466,,
20170,BGD,2008,174517,,
20170,BGD,2009,179376,,
20170,BGD,2010,194668,,
20170,BGD,2011,178363,,
20170,BGD,2012,174012,,
20170,BGD,2013,174021,,
20170,BGD,2016,231605.978089,,
20170,BGD,2017,221316,,
20170,BGD,2018,257156,,
20170,BGD,2020,286285,,
20170,BGD,2021,330821,,
20170,BGD,2022,334575,,
20170,BGD,2023,327206,,
20170,BGD,2024,332104,,
20171,BGD,1998,14878,,
20171,BGD,1999,17440,,
20171,BGD,2000,17992,,
20171,BGD,2001,22008,,
20171,BGD,2002,24318,,
20171,BGD,2003,29027,,
20171,BGD,2004,36375,,
20171,BGD,2005,34008,,
20171,BGD,2006,38075,,
20171,BGD,2007,38827,,
20171,BGD,2008,34135,,
20171,BGD,2009,35112,,
20171,BGD,2010,36882,,
20171,BGD,2011,37980,,
20171,BGD,2012,38032,,
20171,BGD,2013,38036,,
20171,BGD,2016,42443.449395,,
20171,BGD,2017,48515.05105,,
20171,BGD,2018,48121,,
20171,BGD,2020,72380,,
20171,BGD,2021,58037,,
20171,BGD,2022,87327,,
20171,BGD,2023,86583,,
20171,BGD,2024,93331,,
20176,BGD,1998,1109,,
20176,BGD,1999,1115,,
20176,BGD,2000,1148,,
20176,BGD,2001,1182,,
20176,BGD,2002,997,,
20176,BGD,2003,1010,,
20176,BGD,2004,3406,,
20176,BGD,2005,3711,,
20176,BGD,2006,3519,,
20176,BGD,2007,3914,,
20176,BGD,2008,4670,,
20176,BGD,2009,5556,,
20176,BGD,2010,6036,,
20176,BGD,2011,5947,,
20176,BGD,2013,7492,,
20176,BGD,2018,22342,,
20176,BGD,2019,23563,,
20176,BGD,2020,23653,,
20177,BGD,1998,387,,
20177,BGD,1999,396,,
20177,BGD,2000,419,,
20177,BGD,2001,431,,
20177,BGD,2002,379,,
20177,BGD,2003,402,,
20177,BGD,2004,717,,
20177,BGD,2005,666,,
20177,BGD,2006,672,,
20177,BGD,2007,756,,
20177,BGD,2008,1176,,
20177,BGD,2009,1403,,
20177,BGD,2010,1435,,
20177,BGD,2011,1281,,
20177,BGD,2013,2218,,
20177,BGD,2018,3854,,
20177,BGD,2019,4076,,
20177,BGD,2020,4102,,
20182,BGD,1973,94132,,
20182,BGD,1979,105182,,
20182,BGD,1980,111927,,
20182,BGD,1983,113950,,
20182,BGD,1985,112700,,
20182,BGD,1986,108508,,
20182,BGD,1987,112519,,
20182,BGD,1988,124760,,
20182,BGD,1989,130394,,
20182,BGD,1990,130949,,
20182,BGD,1998,251522,,
20182,BGD,1999,264945,,
20182,BGD,2000,268774,,
20182,BGD,2001,285109,,
20182,BGD,2002,320779,,
20182,BGD,2003,355594,,
20182,BGD,2004,378276,,
20182,BGD,2005,422578,,
20182,BGD,2006,409262,,
20182,BGD,2007,413746,,
20182,BGD,2008,370800,,
20182,BGD,2009,387273,,
20182,BGD,2010,400052,,
20182,BGD,2011,376914,,
20182,BGD,2012,378049,,
20182,BGD,2013,378209,,
20182,BGD,2016,436223.974349,,
20182,BGD,2017,450665.818182,,
20182,BGD,2018,452193,,
20182,BGD,2020,486733,,
20182,BGD,2021,550527,,
20182,BGD,2022,554915,,
20182,BGD,2023,546754,,
20182,BGD,2024,571690,,
20183,BGD,1973,9280,,
20183,BGD,1979,6929,,
20183,BGD,1980,7489,,
20183,BGD,1985,9575,,
20183,BGD,1986,10382,,
20183,BGD,1987,11230,,
20183,BGD,1988,12081,,
20183,BGD,1989,12422,,
20183,BGD,1990,12507,,
20183,BGD,1998,31787,,
20183,BGD,1999,35424,,
20183,BGD,2000,36347,,
20183,BGD,2001,41765,,
20183,BGD,2002,46355,,
20183,BGD,2003,56910,,
20183,BGD,2004,68426,,
20183,BGD,2005,72810,,
20183,BGD,2006,80051,,
20183,BGD,2007,81786,,
20183,BGD,2008,72434,,
20183,BGD,2009,77263,,
20183,BGD,2010,78347,,
20183,BGD,2011,81190,,
20183,BGD,2012,78649,,
20183,BGD,2013,78664,,
20183,BGD,2016,97620.577858,,
20183,BGD,2017,99194.09110600001,,
20183,BGD,2018,101344,,
20183,BGD,2020,127482,,
20183,BGD,2021,115241,,
20183,BGD,2022,149499,,
20183,BGD,2023,149371,,
20183,BGD,2024,163967,,
21500,BGD,1976,821693,,
21500,BGD,1977,654925,,
21500,BGD,1981,931146,,
21500,BGD,1989,219693,,
21500,BGD,2005,480516,,
21500,BGD,2006,509505,,
21500,BGD,2008,814839,,NAT_EST
21500,BGD,2009,706550,,NAT_EST
21500,BGD,2010,473026,,
21500,BGD,2011,461952,,
21500,BGD,2013,337792,,
21500,BGD,2015,274698,,
21500,BGD,2016,260329,,
21500,BGD,2017,153195,,
21500,BGD,2018,130594,,
21500,BGD,2023,184080,,
21501,BGD,1976,293896,,
21501,BGD,1981,389913,,
21501,BGD,2005,232926,,
21501,BGD,2006,246263,,
21501,BGD,2008,390254,,NAT_EST
21501,BGD,2009,314102,,NAT_EST
21501,BGD,2010,224069,,
21501,BGD,2011,212738,,
21501,BGD,2013,153691,,
21501,BGD,2015,136226,,
21501,BGD,2016,117583,,
21501,BGD,2017,67374,,
21501,BGD,2018,58407,,
21501,BGD,2023,87620,,
21501,BGD,2024,74414,,
21502,BGD,1976,280452,,
21502,BGD,1977,253804,,
21502,BGD,1981,195686,,
21502,BGD,1989,160755,,
21502,BGD,2005,354138,,
21502,BGD,2008,379151,,NAT_EST
21502,BGD,2009,440848,,NAT_EST
21502,BGD,2010,462151,,
21502,BGD,2011,357679,,
21502,BGD,2013,304646,,
21502,BGD,2015,195880,,
21502,BGD,2017,198871,,
21502,BGD,2018,175188,,
21502,BGD,2023,101387,,
21502,BGD,2024,73125,,
21503,BGD,1976,95446,,
21503,BGD,1981,77315,,
21503,BGD,2005,173435,,
21503,BGD,2008,186609,,NAT_EST
21503,BGD,2009,212892,,NAT_EST
21503,BGD,2010,225129,,
21503,BGD,2011,171750,,
21503,BGD,2013,142780,,
21503,BGD,2015,87675,,
21503,BGD,2017,89189,,
21503,BGD,2018,78117,,
21503,BGD,2023,46516,,
21503,BGD,2024,33513,,
21504,BGD,1976,213855,,
21504,BGD,1977,195717,,
21504,BGD,1981,200759,,
21504,BGD,1989,161854,,
21504,BGD,2005,404059,,
21504,BGD,2008,455238,,NAT_EST
21504,BGD,2009,525200,,NAT_EST
21504,BGD,2010,498126,,
21504,BGD,2011,439882,,
21504,BGD,2013,368788,,
21504,BGD,2015,221612,,
21504,BGD,2017,239346,,
21504,BGD,2018,198795,,
21504,BGD,2023,103696,,
21504,BGD,2024,73363,,
21505,BGD,1976,72600,,
21505,BGD,1981,78421,,
21505,BGD,2005,201523,,
21505,BGD,2008,230319,,NAT_EST
21505,BGD,2009,260908,,NAT_EST
21505,BGD,2010,248980,,
21505,BGD,2011,217567,,
21505,BGD,2013,178398,,
21505,BGD,2015,121452,,
21505,BGD,2017,119673,,
21505,BGD,2018,91504,,
21505,BGD,2023,47274,,
21505,BGD,2024,33798,,
21506,BGD,1976,156266,,
21506,BGD,1977,148219,,
21506,BGD,1981,83187,,
21506,BGD,1989,129854,,
21506,BGD,2005,289571,,
21506,BGD,2008,350784,,NAT_EST
21506,BGD,2009,452796,,NAT_EST
21506,BGD,2010,517245,,
21506,BGD,2011,355440,,
21506,BGD,2013,262589,,
21506,BGD,2015,249246,,
21506,BGD,2017,175602,,
21506,BGD,2018,158171,,
21506,BGD,2023,84883,,
21506,BGD,2024,56104,,
21507,BGD,1976,50443,,
21507,BGD,1981,32190,,
21507,BGD,2005,146750,,
21507,BGD,2008,180957,,NAT_EST
21507,BGD,2009,232480,,NAT_EST
21507,BGD,2010,266018,,
21507,BGD,2011,183756,,
21507,BGD,2013,132454,,
21507,BGD,2015,134860,,
21507,BGD,2017,87801,,
21507,BGD,2018,75783,,
21507,BGD,2023,39091,,
21507,BGD,2024,26176,,
21508,BGD,1976,136718,,
21508,BGD,1977,98752,,
21508,BGD,1981,62121,,
21508,BGD,1989,98220,,
21508,BGD,2005,133707,,
21508,BGD,2008,104964,,NAT_EST
21508,BGD,2009,66953,,NAT_EST
21508,BGD,2010,166204,,
21508,BGD,2011,112065,,NAT_EST
21508,BGD,2013,52334,,
21508,BGD,2015,74106,,
21508,BGD,2023,32004,,
21508,BGD,2024,29824,,
21509,BGD,1976,44336,,
21509,BGD,1981,23359,,
21509,BGD,2005,65762,,
21509,BGD,2008,57515,,NAT_EST
21509,BGD,2009,33229,,NAT_EST
21509,BGD,2010,89354,,
21509,BGD,2011,58835,,NAT_EST
21509,BGD,2013,27440,,
21509,BGD,2015,33221,,
21509,BGD,2023,16022,,
21509,BGD,2024,14912,,
21514,BGD,2006,0,NIL,
21515,BGD,2006,0,NIL,
21516,BGD,1976,1608984,,
21516,BGD,1977,1351417,,
21516,BGD,1981,1472899,,
21516,BGD,1989,770376,,
21516,BGD,2005,1661991,,
21516,BGD,2006,1793494,,
21516,BGD,2008,2104976,,NAT_EST
21516,BGD,2009,2192347,,NAT_EST
21516,BGD,2010,2116752,,
21516,BGD,2011,1727018,,NAT_EST
21516,BGD,2013,1326149,,
21516,BGD,2015,1015542,,
21516,BGD,2016,1008125,,
21516,BGD,2017,818218,,
21516,BGD,2018,718029,,
21516,BGD,2023,506050,,
21516,BGD,2024,387056,,
21517,BGD,1976,556721,,
21517,BGD,1981,601198,,
21517,BGD,2005,820396,,
21517,BGD,2006,883770,,
21517,BGD,2008,1045654,,NAT_EST
21517,BGD,2009,1053611,,NAT_EST
21517,BGD,2010,1053550,,
21517,BGD,2011,844646,,NAT_EST
21517,BGD,2013,634763,,
21517,BGD,2015,513434,,
21517,BGD,2016,471672,,
21517,BGD,2017,389639,,
21517,BGD,2018,332343,,
21517,BGD,2023,236523,,
21517,BGD,2024,182813,,
25001,BGD,2011,7190,,
25001,BGD,2012,15246,,
25001,BGD,2014,15625,,
25001,BGD,2017,5256.908953,,
25001,BGD,2019,6181,,
25001,BGD,2020,6190,,
25003,BGD,1970,7201,,
25003,BGD,1976,13503,,
25003,BGD,1977,13110,,
25003,BGD,1978,15784,,
25003,BGD,1979,12329,,
25003,BGD,1980,12428,,
25003,BGD,1981,12775,,
25003,BGD,1982,15023,,
25003,BGD,1983,14685,,
25003,BGD,1984,15205,,
25003,BGD,1985,16187,,
25003,BGD,1986,17410,,
25003,BGD,1987,19171,,
25003,BGD,1988,20587,,
25003,BGD,1990,22447,,
25003,BGD,1999,34626,,
25003,BGD,2000,36786,,
25003,BGD,2001,39058,,
25003,BGD,2002,41620,,
25003,BGD,2003,45885,,
25003,BGD,2004,49224,,
25003,BGD,2005,52297,,
25003,BGD,2006,59189,,
25003,BGD,2007,60915,,
25003,BGD,2008,61569,,
25003,BGD,2009,58711,,
25003,BGD,2011,77373,,
25003,BGD,2012,88236,,
25003,BGD,2014,90428,,
25003,BGD,2016,93187,,
25003,BGD,2017,91064,,
25003,BGD,2018,84875.873347,,
25003,BGD,2019,93016,,
25003,BGD,2020,95630,,
25003,BGD,2022,30899,,
25003,BGD,2023,107922,,
25003,BGD,2024,32917,,
25005,BGD,2011,738,,
25005,BGD,2012,1830,,
25005,BGD,2014,1974,,
25005,BGD,2017,688.3085,,
25005,BGD,2019,694,,
25005,BGD,2020,721,,
25007,BGD,1970,581,,
25007,BGD,1976,1370,,
25007,BGD,1977,1309,,
25007,BGD,1978,1586,,
25007,BGD,1979,1300,,
25007,BGD,1980,1305,,
25007,BGD,1981,1569,,
25007,BGD,1982,1624,,
25007,BGD,1983,1752,,
25007,BGD,1984,1907,,
25007,BGD,1985,2941,,
25007,BGD,1986,3194,,
25007,BGD,1990,2861,,
25007,BGD,1999,5172,,
25007,BGD,2000,5669,,
25007,BGD,2001,6144,,
25007,BGD,2002,6580,,
25007,BGD,2003,7151,,
25007,BGD,2004,7579,,
25007,BGD,2005,7969,,
25007,BGD,2006,9530,,
25007,BGD,2007,11016,,
25007,BGD,2008,12248,,
25007,BGD,2009,11955,,
25007,BGD,2011,13196,,
25007,BGD,2012,15036,,
25007,BGD,2014,15909.382442,,
25007,BGD,2016,21101,,
25007,BGD,2017,21546,,
25007,BGD,2018,20566.951672,,
25007,BGD,2019,25190,,
25007,BGD,2020,27020,,
25007,BGD,2022,9205,,
25007,BGD,2023,29959,,
25007,BGD,2024,9583,,
25051,BGD,1999,64617,,UIS_EST
25051,BGD,2000,66210,,UIS_EST
25051,BGD,2001,80050,,UIS_EST
25051,BGD,2002,77936,,
25051,BGD,2003,79905,,
25051,BGD,2004,93558,,
25051,BGD,2005,79985,,
25051,BGD,2006,99032,,
25051,BGD,2007,102775,,
25051,BGD,2008,120487,,
25051,BGD,2009,124737,,
25051,BGD,2011,164588,,
25051,BGD,2012,135846,,
25051,BGD,2014,145953,,
25051,BGD,2016,142142,,
25051,BGD,2017,145507.375,,
25051,BGD,2018,179365,,
25051,BGD,2019,203373,,
25051,BGD,2020,216118,,
25051,BGD,2022,123197,,
25051,BGD,2023,108223,,
25052,BGD,1999,1163,,UIS_EST
25052,BGD,2000,1192,,UIS_EST
25052,BGD,2001,1438,,
25052,BGD,2002,1387,,
25052,BGD,2003,1521,,
25052,BGD,2004,2336,,
25052,BGD,2005,2582,,
25052,BGD,2006,3183,,
25052,BGD,2007,6620,,
25052,BGD,2008,6644,,
25052,BGD,2009,6737,,
25052,BGD,2011,7090,,
25052,BGD,2012,6324,,
25052,BGD,2014,7092,,
25052,BGD,2016,12602,,
25052,BGD,2017,12900.3662109375,,
25052,BGD,2018,13213,,
25052,BGD,2020,10044,,
25052,BGD,2022,10114,,
25052,BGD,2023,14102,,
25053,BGD,1970,117603,,
25053,BGD,1972,136113,,
25053,BGD,1973,140770,,
25053,BGD,1974,183833,,
25053,BGD,1976,158604,,
25053,BGD,1977,181756,,
25053,BGD,1978,154496,,
25053,BGD,1979,232780,,
25053,BGD,1980,240181,,
25053,BGD,1981,244091,,
25053,BGD,1982,297930,,
25053,BGD,1983,386542,,
25053,BGD,1984,436615,,
25053,BGD,1985,461073,,
25053,BGD,1986,465552,,
25053,BGD,1987,415232,,
25053,BGD,1988,366355,,
25053,BGD,1989,370900,,
25053,BGD,1990,434309,,
25053,BGD,1999,709224,,
25053,BGD,2000,726701,,
25053,BGD,2001,878537,,
25053,BGD,2002,855339,,
25053,BGD,2003,877335,,
25053,BGD,2004,821364,,
25053,BGD,2005,911600,,
25053,BGD,2006,1053566,,
25053,BGD,2007,1145401,,
25053,BGD,2008,1294535,,
25053,BGD,2009,1582175,,
25053,BGD,2011,2008337,,
25053,BGD,2012,2037118,,
25053,BGD,2013,2052736.5,,
25053,BGD,2014,2068355,,
25053,BGD,2015,2383850,,
25053,BGD,2016,2699345,,
25053,BGD,2017,2924942,,
25053,BGD,2018,3149845.689695,,
25053,BGD,2019,3694501,,
25053,BGD,2020,3697542,,
25053,BGD,2021,3879939,,
25053,BGD,2022,3812414,,
25053,BGD,2023,3976981,,
25053,BGD,2024,3947458,,
25055,BGD,1999,9543,,UIS_EST
25055,BGD,2000,9792,,UIS_EST
25055,BGD,2001,12397,,UIS_EST
25055,BGD,2002,10948,,
25055,BGD,2003,11492,,
25055,BGD,2004,17839,,
25055,BGD,2005,15890,,
25055,BGD,2006,23741,,
25055,BGD,2007,25259,,
25055,BGD,2008,32243,,
25055,BGD,2009,33182,,
25055,BGD,2011,52028,,
25055,BGD,2012,45491,,
25055,BGD,2014,49352,,
25055,BGD,2016,61096,,
25055,BGD,2017,62542.49609375,,
25055,BGD,2018,75831,,
25055,BGD,2019,89745,,
25055,BGD,2020,95397,,
25055,BGD,2022,75894,,
25055,BGD,2023,67796,,
25056,BGD,1999,264,,UIS_EST
25056,BGD,2000,271,,UIS_EST
25056,BGD,2001,343,,
25056,BGD,2002,339,,
25056,BGD,2003,431,,
25056,BGD,2004,628,,
25056,BGD,2005,713,,
25056,BGD,2006,649,,
25056,BGD,2007,1647,,
25056,BGD,2008,1658,,
25056,BGD,2009,1662,,
25056,BGD,2011,2736,,
25056,BGD,2012,2416,,
25056,BGD,2014,2737,,
25056,BGD,2016,5030,,
25056,BGD,2017,5149.08935546875,,
25056,BGD,2018,4630,,
25056,BGD,2020,3510,,
25056,BGD,2022,3294,,
25056,BGD,2023,4809,,
25057,BGD,1970,11453,,
25057,BGD,1972,14711,,
25057,BGD,1974,18808,,
25057,BGD,1976,19827,,
25057,BGD,1977,24803,,
25057,BGD,1978,21356,,
25057,BGD,1979,32254,,
25057,BGD,1980,33348,,
25057,BGD,1981,33898,,
25057,BGD,1982,63361,,
25057,BGD,1983,70942,,
25057,BGD,1984,78289,,
25057,BGD,1985,87755,,
25057,BGD,1986,88889,,
25057,BGD,1987,75049,,
25057,BGD,1988,57465,,
25057,BGD,1989,58754,,
25057,BGD,1990,68866,,
25057,BGD,1999,228860,,
25057,BGD,2000,234797,,
25057,BGD,2001,297265,,
25057,BGD,2002,273799,,
25057,BGD,2003,280951,,
25057,BGD,2004,259165,,
25057,BGD,2005,304935,,
25057,BGD,2006,366900,,
25057,BGD,2007,399696,,
25057,BGD,2008,454782,,
25057,BGD,2009,585012,,
25057,BGD,2011,812430,,
25057,BGD,2012,843054,,
25057,BGD,2013,853115,,
25057,BGD,2014,863176,,
25057,BGD,2015,975771.5,,
25057,BGD,2016,1088367,,
25057,BGD,2017,1182626,,
25057,BGD,2018,1276611.433859,,
25057,BGD,2019,1510769,,
25057,BGD,2020,1621273,,
25057,BGD,2021,1724223,,
25057,BGD,2022,1716771,,
25057,BGD,2023,1812506,,
25057,BGD,2024,1809285,,
26466,BGD,2003,0,NIL,
26475,BGD,2003,0,NIL,
26495,BGD,2003,0,NIL,
26505,BGD,2003,0,NIL,
26518,BGD,2003,0,NIL,
26631,BGD,2022,2281,,
26637,BGD,2002,354,,
26637,BGD,2003,385,,
26637,BGD,2004,672,,
26637,BGD,2005,748,,
26637,BGD,2006,939,,
26637,BGD,2007,669,,
26637,BGD,2008,1049,,
26637,BGD,2009,1589,,
26637,BGD,2022,2281,,
26638,BGD,2022,449,,
299902,BGD,1970,4,,
299902,BGD,1971,4,,
299902,BGD,1972,4,,
299902,BGD,1973,4,,
299902,BGD,1974,4,,
299902,BGD,1975,4,,
299902,BGD,1976,4,,
299902,BGD,1977,4,,
299902,BGD,1978,4,,
299902,BGD,1979,4,,
299902,BGD,1980,4,,
299902,BGD,1981,4,,
299902,BGD,1982,5,,
299902,BGD,1983,5,,
299902,BGD,1984,5,,
299902,BGD,1985,5,,
299902,BGD,1986,5,,
299902,BGD,1987,5,,
299902,BGD,1988,5,,
299902,BGD,1989,5,,
299902,BGD,1990,5,,
299902,BGD,1991,5,,
299902,BGD,1992,5,,
299902,BGD,1993,5,,
299902,BGD,1994,5,,
299902,BGD,1995,5,,
299902,BGD,1996,5,,
299902,BGD,1997,5,,
299902,BGD,1998,3,,
299902,BGD,1999,3,,
299902,BGD,2000,3,,
299902,BGD,2001,3,,
299902,BGD,2002,3,,
299902,BGD,2003,3,,
299902,BGD,2004,3,,
299902,BGD,2005,3,,
299902,BGD,2006,3,,
299902,BGD,2007,3,,
299902,BGD,2008,3,,
299902,BGD,2009,3,,
299902,BGD,2010,3,,
299902,BGD,2011,3,,
299902,BGD,2012,3,,
299902,BGD,2013,3,,
299902,BGD,2014,3,,
299902,BGD,2015,3,,
299902,BGD,2016,3,,
299902,BGD,2017,3,,
299902,BGD,2018,3,,
299902,BGD,2019,3,,
299902,BGD,2020,3,,
299902,BGD,2021,3,,
299902,BGD,2022,3,,
299902,BGD,2023,3,,
299902,BGD,2024,3,,
299902,BGD,2025,3,,
299905,BGD,1970,5,,
299905,BGD,1971,5,,
299905,BGD,1972,5,,
299905,BGD,1973,5,,
299905,BGD,1974,5,,
299905,BGD,1975,5,,
299905,BGD,1976,5,,
299905,BGD,1977,5,,
299905,BGD,1978,5,,
299905,BGD,1979,5,,
299905,BGD,1980,5,,
299905,BGD,1981,5,,
299905,BGD,1982,6,,
299905,BGD,1983,6,,
299905,BGD,1984,6,,
299905,BGD,1985,6,,
299905,BGD,1986,6,,
299905,BGD,1987,6,,
299905,BGD,1988,6,,
299905,BGD,1989,6,,
299905,BGD,1990,6,,
299905,BGD,1991,6,,
299905,BGD,1992,6,,
299905,BGD,1993,6,,
299905,BGD,1994,6,,
299905,BGD,1995,6,,
299905,BGD,1996,6,,
299905,BGD,1997,6,,
299905,BGD,1998,6,,
299905,BGD,1999,6,,
299905,BGD,2000,6,,
299905,BGD,2001,6,,
299905,BGD,2002,6,,
299905,BGD,2003,6,,
299905,BGD,2004,6,,
299905,BGD,2005,6,,
299905,BGD,2006,6,,
299905,BGD,2007,6,,
299905,BGD,2008,6,,
299905,BGD,2009,6,,
299905,BGD,2010,6,,
299905,BGD,2011,6,,
299905,BGD,2012,6,,
299905,BGD,2013,6,,
299905,BGD,2014,6,,
299905,BGD,2015,6,,
299905,BGD,2016,6,,
299905,BGD,2017,6,,
299905,BGD,2018,6,,
299905,BGD,2019,6,,
299905,BGD,2020,6,,
299905,BGD,2021,6,,
299905,BGD,2022,6,,
299905,BGD,2023,6,,
299905,BGD,2024,6,,
299905,BGD,2025,6,,
299929,BGD,1970,1,,
299929,BGD,1971,1,,
299929,BGD,1972,1,,
299929,BGD,1973,1,,
299929,BGD,1974,1,,
299929,BGD,1975,1,,
299929,BGD,1976,1,,
299929,BGD,1977,1,,
299929,BGD,1978,1,,
299929,BGD,1979,1,,
299929,BGD,1980,1,,
299929,BGD,1981,1,,
299929,BGD,1982,1,,
299929,BGD,1983,1,,
299929,BGD,1984,1,,
299929,BGD,1985,1,,
299929,BGD,1986,1,,
299929,BGD,1987,1,,
299929,BGD,1988,1,,
299929,BGD,1989,1,,
299929,BGD,1990,1,,
299929,BGD,1991,1,,
299929,BGD,1992,1,,
299929,BGD,1993,1,,
299929,BGD,1994,1,,
299929,BGD,1995,1,,
299929,BGD,1996,1,,
299929,BGD,1997,1,,
299929,BGD,1998,3,,
299929,BGD,1999,3,,
299929,BGD,2000,3,,
299929,BGD,2001,3,,
299929,BGD,2002,3,,
299929,BGD,2003,3,,
299929,BGD,2004,3,,
299929,BGD,2005,3,,
299929,BGD,2006,3,,
299929,BGD,2007,3,,
299929,BGD,2008,3,,
299929,BGD,2009,3,,
299929,BGD,2010,3,,
299929,BGD,2011,3,,
299929,BGD,2012,3,,
299929,BGD,2013,3,,
299929,BGD,2014,3,,
299929,BGD,2015,3,,
299929,BGD,2016,3,,
299929,BGD,2017,3,,
299929,BGD,2018,3,,
299929,BGD,2019,3,,
299929,BGD,2020,3,,
299929,BGD,2021,3,,
299929,BGD,2022,3,,
299929,BGD,2023,3,,
299929,BGD,2024,3,,
299929,BGD,2025,3,,
299932,BGD,1970,5,,
299932,BGD,1971,5,,
299932,BGD,1972,5,,
299932,BGD,1973,5,,
299932,BGD,1974,5,,
299932,BGD,1975,5,,
299932,BGD,1976,5,,
299932,BGD,1977,5,,
299932,BGD,1978,5,,
299932,BGD,1979,5,,
299932,BGD,1980,5,,
299932,BGD,1981,5,,
299932,BGD,1982,5,,
299932,BGD,1983,5,,
299932,BGD,1984,5,,
299932,BGD,1985,5,,
299932,BGD,1986,5,,
299932,BGD,1987,5,,
299932,BGD,1988,5,,
299932,BGD,1989,5,,
299932,BGD,1990,5,,
299932,BGD,1991,5,,
299932,BGD,1992,5,,
299932,BGD,1993,5,,
299932,BGD,1994,5,,
299932,BGD,1995,5,,
299932,BGD,1996,5,,
299932,BGD,1997,5,,
299932,BGD,1998,5,,
299932,BGD,1999,5,,
299932,BGD,2000,5,,
299932,BGD,2001,5,,
299932,BGD,2002,5,,
299932,BGD,2003,5,,
299932,BGD,2004,5,,
299932,BGD,2005,5,,
299932,BGD,2006,5,,
299932,BGD,2007,5,,
299932,BGD,2008,5,,
299932,BGD,2009,5,,
299932,BGD,2010,5,,
299932,BGD,2011,5,,
299932,BGD,2012,5,,
299932,BGD,2013,5,,
299932,BGD,2014,5,,
299932,BGD,2015,5,,
299932,BGD,2016,5,,
299932,BGD,2017,5,,
299932,BGD,2018,5,,
299932,BGD,2019,5,,
299932,BGD,2020,5,,
299932,BGD,2021,5,,
299932,BGD,2022,5,,
299932,BGD,2023,5,,
299932,BGD,2024,5,,
299932,BGD,2025,5,,
400,BGD,1998,5,,
400,BGD,1999,5,,
400,BGD,2000,5,,
400,BGD,2001,5,,
400,BGD,2002,5,,
400,BGD,2003,5,,
400,BGD,2004,5,,
400,BGD,2005,5,,
400,BGD,2006,5,,
400,BGD,2007,5,,
400,BGD,2008,5,,
400,BGD,2009,5,,
400,BGD,2010,5,,
400,BGD,2011,5,,
400,BGD,2012,5,,
400,BGD,2013,5,,
400,BGD,2014,5,,
400,BGD,2015,5,,
400,BGD,2016,5,,
400,BGD,2017,5,,
400,BGD,2018,5,,
400,BGD,2019,5,,
400,BGD,2020,5,,
400,BGD,2021,5,,
400,BGD,2022,5,,
400,BGD,2023,5,,
400,BGD,2024,5,,
400,BGD,2025,5,,
40033,BGD,1973,3165,,
40033,BGD,1988,1283764,,
40033,BGD,1998,1028247,,
40033,BGD,1999,915958,,
40033,BGD,2000,854932,,
40033,BGD,2001,853514,,
40033,BGD,2002,725309,,
40033,BGD,2003,592220,,
40033,BGD,2004,563565,,
40033,BGD,2005,556852,,
40033,BGD,2009,541950,,NAT_EST
40033,BGD,2010,633479,,
40033,BGD,2011,1227911,,
40033,BGD,2013,1510570,,
40033,BGD,2015,1450546,,
40033,BGD,2016,1569937,,
40033,BGD,2017,1841242,,
40033,BGD,2018,1792559,,
40033,BGD,2020,1963960,,
40033,BGD,2021,1559175,,
40033,BGD,2022,1667323,,
40033,BGD,2023,1716196,,
40033,BGD,2024,1729531,,
40034,BGD,1999,915958,,
40034,BGD,2000,854932,,
40034,BGD,2001,853514,,
40034,BGD,2002,725309,,
40034,BGD,2003,592220,,
40034,BGD,2004,563565,,
40034,BGD,2005,556852,,
40034,BGD,2009,541950,,NAT_EST
40034,BGD,2010,633479,,
40034,BGD,2011,1227911,,
40034,BGD,2013,1510570,,
40034,BGD,2015,1450546,,
40034,BGD,2016,1569937,,
40034,BGD,2017,1841242,,
40034,BGD,2018,1792559,,
40034,BGD,2020,1963960,,
40034,BGD,2021,1559175,,
40034,BGD,2022,1667323,,
40034,BGD,2023,1716196,,
40034,BGD,2024,1729531,,
40035,BGD,1970,3590730,,
40035,BGD,1971,3435291,,
40035,BGD,1972,4195451,,
40035,BGD,1973,5095979,,
40035,BGD,1974,5186100,,
40035,BGD,1975,5510813,,
40035,BGD,1976,5698656,,
40035,BGD,1977,5187434,,
40035,BGD,1978,5182031,,
40035,BGD,1979,5192071,,
40035,BGD,1980,5195180,,
40035,BGD,1981,4948818,,
40035,BGD,1982,4983000,,
40035,BGD,1983,5553569,,
40035,BGD,1984,5329330,,
40035,BGD,1985,5352176,,
40035,BGD,1986,5477322,,
40035,BGD,1987,5532096,,
40035,BGD,1988,6245762,,
40035,BGD,1989,6342326,,
40035,BGD,1990,6593242,,
40035,BGD,2005,8089709,,
40035,BGD,2006,8140337,,
40035,BGD,2007,8035353,,
40035,BGD,2008,7919837,,NAT_EST
40035,BGD,2009,8241017,,NAT_EST
40035,BGD,2010,8407602,,
40035,BGD,2017,8514042,,
40035,BGD,2018,8539067,,
40035,BGD,2020,8596280,,
40035,BGD,2021,8583323,,
40035,BGD,2022,8357628,,
40035,BGD,2023,7950394,,
40035,BGD,2024,8124431,,
40038,BGD,1998,2738526,,
40038,BGD,1999,2828245,,
40038,BGD,2000,2931630,,
40038,BGD,2001,2966102,,
40038,BGD,2002,3037439,,
40038,BGD,2003,3096327,,
40038,BGD,2004,3065135,,
40038,BGD,2005,2994543,,
40038,BGD,2006,2967066,,
40038,BGD,2007,3030787,,
40038,BGD,2008,2677393,,
40038,BGD,2009,2917422,,
40038,BGD,2010,2919782,,
40038,BGD,2011,2946140,,
40038,BGD,2012,3160762,,
40038,BGD,2013,3560774.766186,,
40038,BGD,2015,3758214.999998,,
40038,BGD,2016,3800927,,
40038,BGD,2017,3784531,,
40038,BGD,2018,3811839,,
40038,BGD,2019,3764695,,
40038,BGD,2020,3614176,,
40038,BGD,2021,3420888,,
40038,BGD,2022,3554087,,
40038,BGD,2023,3377438,,
40038,BGD,2024,3329979,,
40041,BGD,1998,2062523,,
40041,BGD,1999,2253608,,
40041,BGD,2000,2265987,,
40041,BGD,2001,2280831,,
40041,BGD,2002,2327173,,
40041,BGD,2003,2283976,,
40041,BGD,2004,2155854,,
40041,BGD,2005,2004266,,
40041,BGD,2006,2118945,,
40041,BGD,2007,2157685,,
40041,BGD,2008,2142629,,
40041,BGD,2009,2437869,,
40041,BGD,2010,2534055,,
40041,BGD,2011,2533758,,
40041,BGD,2012,2665910,,
40041,BGD,2013,2975107.23,,
40041,BGD,2015,3249166,,
40041,BGD,2016,3876951,,
40041,BGD,2017,3444023,,
40041,BGD,2018,3704135,,
40041,BGD,2019,3662613,,
40041,BGD,2020,3796699.000001,,
40041,BGD,2021,3652014,,
40041,BGD,2022,3993317,,
40041,BGD,2023,4019386,,
40041,BGD,2024,3765872,,
40044,BGD,1973,1697297,,
40044,BGD,1976,1650300,,
40044,BGD,1977,1766860,,
40044,BGD,1979,1878002,,
40044,BGD,1980,2022624,,
40044,BGD,1981,1959143,,
40044,BGD,1984,2221823,,
40044,BGD,1985,2249866,,
40044,BGD,1986,2160637,,
40044,BGD,1987,2268429,,
40044,BGD,1988,2288321,,
40044,BGD,1989,2308127,,
40044,BGD,1990,2412555,,
40044,BGD,1998,4801049,,
40044,BGD,1999,5081853,,
40044,BGD,2000,5197617,,
40044,BGD,2001,5246933,,
40044,BGD,2002,5364612,,
40044,BGD,2003,5380303,,
40044,BGD,2004,5220989,,
40044,BGD,2005,4998809,,
40044,BGD,2006,5086011,,
40044,BGD,2007,5188472,,
40044,BGD,2008,4820022,,
40044,BGD,2009,5355291,,
40044,BGD,2010,5453837,,
40044,BGD,2011,5479898,,
40044,BGD,2012,5826672,,
40044,BGD,2013,6535881.996185999,,
40044,BGD,2015,7007380.999998,,
40044,BGD,2016,7677878,,
40044,BGD,2017,7228554,,
40044,BGD,2018,7515974,,
40044,BGD,2019,7427308,,
40044,BGD,2020,7410875.000001,,
40044,BGD,2021,7072902,,
40044,BGD,2022,7547404,,
40044,BGD,2023,7396824,,
40044,BGD,2024,7095851,,
40047,BGD,1998,9873,,
40047,BGD,1999,9342,,
40047,BGD,2000,10283,,
40047,BGD,2001,11799,,
40047,BGD,2002,13384,,
40047,BGD,2003,15281,,
40047,BGD,2004,52249,,
40047,BGD,2005,63422,,
40047,BGD,2006,61972,,
40047,BGD,2007,64784,,
40047,BGD,2008,113921,,
40047,BGD,2009,117649,,
40047,BGD,2010,128870,,
40047,BGD,2011,138139,,
40047,BGD,2012,174845,,
40047,BGD,2013,205992,,
40047,BGD,2015,257787,,
40047,BGD,2016,233268,,
40047,BGD,2017,232746,,
40047,BGD,2018,255358,,
40047,BGD,2019,254810,,
40047,BGD,2020,257334.000001,,
40047,BGD,2021,268571,,
40047,BGD,2022,616189,,
40047,BGD,2023,329595,,
40047,BGD,2024,277650,,
40051,BGD,1999,908590,,
40051,BGD,2000,838616,,
40051,BGD,2001,789201,,
40051,BGD,2002,698405,,
40051,BGD,2003,572992,,
40051,BGD,2004,545189,,
40051,BGD,2005,544577,,
40051,BGD,2009,525028,,NAT_EST
40051,BGD,2010,600114,,
40051,BGD,2011,1148044,,
40051,BGD,2013,1450461,,
40051,BGD,2015,1414331,,
40051,BGD,2016,1559598,,
40051,BGD,2017,1826609,,
40051,BGD,2018,1785825,,
40051,BGD,2020,1983892,,
40051,BGD,2021,1576830,,
40051,BGD,2022,1716403,,
40051,BGD,2023,1748083,,
40051,BGD,2024,1766892,,
40055,BGD,1999,1824548,,
40055,BGD,2000,1693548,,
40055,BGD,2001,1642715,,
40055,BGD,2002,1423714,,
40055,BGD,2003,1165212,,
40055,BGD,2004,1108754,,
40055,BGD,2005,1101429,,
40055,BGD,2009,1066978,,NAT_EST
40055,BGD,2010,1233593,,
40055,BGD,2011,2375955,,
40055,BGD,2013,2961031,,
40055,BGD,2015,2864877,,
40055,BGD,2016,3129535,,
40055,BGD,2017,3667851,,
40055,BGD,2018,3578384,,
40055,BGD,2020,3947852,,
40055,BGD,2021,3136005,,
40055,BGD,2022,3383726,,
40055,BGD,2023,3464279,,
40055,BGD,2024,3496423,,
401,BGD,1998,6,,
401,BGD,1999,6,,
401,BGD,2000,6,,
401,BGD,2001,6,,
401,BGD,2002,6,,
401,BGD,2003,6,,
401,BGD,2004,6,,
401,BGD,2005,6,,
401,BGD,2006,6,,
401,BGD,2007,6,,
401,BGD,2008,6,,
401,BGD,2009,6,,
401,BGD,2010,6,,
401,BGD,2011,6,,
401,BGD,2012,6,,
401,BGD,2013,6,,
401,BGD,2014,6,,
401,BGD,2015,6,,
401,BGD,2016,6,,
401,BGD,2017,6,,
401,BGD,2018,6,,
401,BGD,2019,6,,
401,BGD,2020,6,,
401,BGD,2021,6,,
401,BGD,2022,6,,
401,BGD,2023,6,,
401,BGD,2024,6,,
401,BGD,2025,6,,
403,BGD,1997,1,,
403,BGD,1998,1,,
403,BGD,1999,1,,
403,BGD,2000,1,,
403,BGD,2001,1,,
403,BGD,2002,1,,
403,BGD,2003,1,,
403,BGD,2004,1,,
403,BGD,2005,1,,
403,BGD,2006,1,,
403,BGD,2007,1,,
403,BGD,2008,1,,
403,BGD,2009,1,,
403,BGD,2010,1,,
403,BGD,2011,1,,
403,BGD,2012,1,,
403,BGD,2013,1,,
403,BGD,2014,1,,
403,BGD,2015,1,,
403,BGD,2016,1,,
403,BGD,2017,1,,
403,BGD,2018,1,,
403,BGD,2019,1,,
403,BGD,2020,1,,
403,BGD,2021,1,,
403,BGD,2022,1,,
403,BGD,2023,1,,
403,BGD,2024,1,,
403,BGD,2025,1,,
404,BGD,1997,12,,
404,BGD,1998,12,,
404,BGD,1999,12,,
404,BGD,2000,12,,
404,BGD,2001,12,,
404,BGD,2002,12,,
404,BGD,2003,12,,
404,BGD,2004,12,,
404,BGD,2005,12,,
404,BGD,2006,12,,
404,BGD,2007,12,,
404,BGD,2008,12,,
404,BGD,2009,12,,
404,BGD,2010,12,,
404,BGD,2011,12,,
404,BGD,2012,12,,
404,BGD,2013,12,,
404,BGD,2014,12,,
404,BGD,2015,12,,
404,BGD,2016,12,,
404,BGD,2017,12,,
404,BGD,2018,12,,
404,BGD,2019,12,,
404,BGD,2020,12,,
404,BGD,2021,12,,
404,BGD,2022,12,,
404,BGD,2023,12,,
404,BGD,2024,12,,
404,BGD,2025,12,,
405,BGD,1970,1970,,
405,BGD,1971,1971,,
405,BGD,1972,1972,,
405,BGD,1973,1973,,
405,BGD,1974,1974,,
405,BGD,1975,1975,,
405,BGD,1976,1976,,
405,BGD,1977,1977,,
405,BGD,1978,1978,,
405,BGD,1979,1979,,
405,BGD,1980,1980,,
405,BGD,1981,1981,,
405,BGD,1982,1982,,
405,BGD,1983,1983,,
405,BGD,1984,1984,,
405,BGD,1985,1985,,
405,BGD,1986,1986,,
405,BGD,1987,1987,,
405,BGD,1988,1988,,
405,BGD,1989,1989,,
405,BGD,1990,1990,,
405,BGD,1991,1991,,
405,BGD,1992,1992,,
405,BGD,1993,1993,,
405,BGD,1994,1994,,
405,BGD,1995,1995,,
405,BGD,1996,1996,,
405,BGD,1997,1997,,
405,BGD,1998,1998,,
405,BGD,1999,1999,,
405,BGD,2000,2000,,
405,BGD,2001,2001,,
405,BGD,2002,2002,,
405,BGD,2003,2003,,
405,BGD,2004,2004,,
405,BGD,2005,2005,,
405,BGD,2006,2006,,
405,BGD,2007,2007,,
405,BGD,2008,2008,,
405,BGD,2009,2009,,
405,BGD,2010,2010,,
405,BGD,2011,2011,,
405,BGD,2012,2012,,
405,BGD,2013,2013,,
405,BGD,2014,2014,,
405,BGD,2015,2015,,
405,BGD,2016,2016,,
405,BGD,2017,2017,,
405,BGD,2018,2018,,
405,BGD,2019,2019,,
405,BGD,2020,2020,,
405,BGD,2021,2021,,
405,BGD,2022,2022,,
405,BGD,2023,2023,,
405,BGD,2024,2024,,
405,BGD,2025,2025,,
406,BGD,1997,1997,,
406,BGD,1998,1998,,
406,BGD,1999,1999,,
406,BGD,2000,2000,,
406,BGD,2001,2001,,
406,BGD,2002,2002,,
406,BGD,2003,2003,,
406,BGD,2004,2004,,
406,BGD,2005,2005,,
406,BGD,2006,2006,,
406,BGD,2007,2007,,
406,BGD,2008,2008,,
406,BGD,2009,2009,,
406,BGD,2010,2010,,
406,BGD,2011,2011,,
406,BGD,2012,2012,,
406,BGD,2013,2013,,
406,BGD,2014,2014,,
406,BGD,2015,2015,,
406,BGD,2016,2016,,
406,BGD,2017,2017,,
406,BGD,2018,2018,,
406,BGD,2019,2019,,
406,BGD,2020,2020,,
406,BGD,2021,2021,,
406,BGD,2022,2022,,
406,BGD,2023,2023,,
406,BGD,2024,2024,,
406,BGD,2025,2025,,
41906,BGD,1976,527797,,
41906,BGD,1981,541233,,
41906,BGD,2005,247590,,
41906,BGD,2006,263242,,
41906,BGD,2008,424585,,NAT_EST
41906,BGD,2009,392448,,NAT_EST
41906,BGD,2010,248957,,
41906,BGD,2011,249214,,
41906,BGD,2013,184101,,
41906,BGD,2015,138472,,
41906,BGD,2016,142746,,
41906,BGD,2017,85821,,
41906,BGD,2018,72187,,
41906,BGD,2023,96460,,
41907,BGD,1976,185006,,
41907,BGD,1981,118371,,
41907,BGD,2005,180703,,
41907,BGD,2008,192542,,NAT_EST
41907,BGD,2009,227956,,NAT_EST
41907,BGD,2010,237022,,
41907,BGD,2011,185929,,
41907,BGD,2013,161866,,
41907,BGD,2015,108205,,
41907,BGD,2017,109682,,
41907,BGD,2018,97071,,
41907,BGD,2023,54871,,
41907,BGD,2024,39612,,
41908,BGD,1976,141255,,
41908,BGD,1981,122338,,
41908,BGD,2005,202536,,
41908,BGD,2008,224919,,NAT_EST
41908,BGD,2009,264292,,NAT_EST
41908,BGD,2010,249146,,
41908,BGD,2011,222315,,
41908,BGD,2013,190390,,
41908,BGD,2015,100160,,
41908,BGD,2017,119673,,
41908,BGD,2018,107291,,
41908,BGD,2023,56422,,
41908,BGD,2024,39565,,
41909,BGD,1976,105823,,
41909,BGD,1981,50997,,
41909,BGD,2005,142821,,
41909,BGD,2008,169827,,NAT_EST
41909,BGD,2009,220316,,NAT_EST
41909,BGD,2010,251227,,
41909,BGD,2011,171684,,
41909,BGD,2013,130135,,
41909,BGD,2015,114386,,
41909,BGD,2017,87801,,
41909,BGD,2018,82388,,
41909,BGD,2023,45792,,
41909,BGD,2024,29928,,
41910,BGD,1976,92382,,
41910,BGD,1981,38762,,
41910,BGD,2005,67945,,
41910,BGD,2008,47449,,NAT_EST
41910,BGD,2009,33724,,NAT_EST
41910,BGD,2010,76850,,
41910,BGD,2011,53230,,NAT_EST
41910,BGD,2013,24894,,
41910,BGD,2015,40885,,
41910,BGD,2023,15982,,
41910,BGD,2024,14912,,
41913,BGD,2006,0,NIL,
41914,BGD,1976,1052263,,
41914,BGD,1981,871701,,
41914,BGD,2005,841595,,
41914,BGD,2006,909724,,
41914,BGD,2008,1059322,,NAT_EST
41914,BGD,2009,1138736,,NAT_EST
41914,BGD,2010,1063202,,
41914,BGD,2011,882372,,NAT_EST
41914,BGD,2013,691386,,
41914,BGD,2015,502108,,
41914,BGD,2016,536453,,
41914,BGD,2017,428579,,
41914,BGD,2018,385686,,
41914,BGD,2023,269527,,
41914,BGD,2024,204243,,
41915,BGD,1990,53004,,
41915,BGD,1998,42413,,
41915,BGD,1999,41307,,
41915,BGD,2000,42875,,
41915,BGD,2001,43591,,
41915,BGD,2002,45958,,
41915,BGD,2003,46505,,
41915,BGD,2004,78359,,
41915,BGD,2005,70155,,
41915,BGD,2006,78672,,
41915,BGD,2007,77566,,
41915,BGD,2009,42014,,
41915,BGD,2010,37696,,
41915,BGD,2011,25389,,
41915,BGD,2013,20026.348506,,
41915,BGD,2016,37040,,
41915,BGD,2017,27655,,
41915,BGD,2019,27422,,
41915,BGD,2020,41870,,
41916,BGD,1990,49743,,
41916,BGD,1998,36939,,
41916,BGD,1999,32430,,
41916,BGD,2000,33774,,
41916,BGD,2001,33711,,
41916,BGD,2002,35278,,
41916,BGD,2003,38780,,
41916,BGD,2004,56153,,
41916,BGD,2005,60817,,
41916,BGD,2006,66295,,
41916,BGD,2007,67587,,
41916,BGD,2009,39494,,
41916,BGD,2010,35156,,
41916,BGD,2011,11709,,
41916,BGD,2013,16259.363126,,
41916,BGD,2016,24159,,
41916,BGD,2019,26310,,
41916,BGD,2020,39356,,
41917,BGD,1990,49278,,
41917,BGD,1998,30215,,
41917,BGD,1999,27020,,
41917,BGD,2000,28054,,
41917,BGD,2001,28857,,
41917,BGD,2002,40396,,
41917,BGD,2003,40936,,
41917,BGD,2004,71344,,
41917,BGD,2005,53055,,
41917,BGD,2006,57630,,
41917,BGD,2007,58935,,
41917,BGD,2009,32731,,
41917,BGD,2010,28595,,
41917,BGD,2011,24814,,
41917,BGD,2013,15908.627734,,
41917,BGD,2016,17450,,
41917,BGD,2020,89829,,
41918,BGD,1990,33496,,
41921,BGD,2024,0,NIL,
41922,BGD,1998,109567,,
41922,BGD,1999,100757,,
41922,BGD,2000,104703,,
41922,BGD,2001,106159,,
41922,BGD,2002,121632,,
41922,BGD,2003,126221,,
41922,BGD,2004,205856,,
41922,BGD,2005,184027,,
41922,BGD,2006,202597,,
41922,BGD,2007,204088,,
41922,BGD,2009,114239,,
41922,BGD,2010,101447,,
41922,BGD,2011,61912,,
41922,BGD,2013,52194.339366,,
41922,BGD,2016,78649,,
41922,BGD,2020,171055,,
41924,BGD,1990,19495,,
41924,BGD,1998,40972,,
41924,BGD,1999,39292,,
41924,BGD,2000,41865,,
41924,BGD,2001,43056,,
41924,BGD,2002,44568,,
41924,BGD,2003,43938,,
41924,BGD,2004,53509,,
41924,BGD,2005,71174,,
41924,BGD,2006,78628,,
41924,BGD,2007,77733,,
41924,BGD,2009,42049,,
41924,BGD,2010,42851,,
41924,BGD,2011,36808,,
41924,BGD,2013,35829.624453,,
41924,BGD,2016,37256,,
41924,BGD,2017,33948,,
41924,BGD,2019,26097,,
41924,BGD,2020,42740,,
41925,BGD,1990,16098,,
41925,BGD,1998,28845,,
41925,BGD,1999,30518,,
41925,BGD,2000,32327,,
41925,BGD,2001,33517,,
41925,BGD,2002,34650,,
41925,BGD,2003,36634,,
41925,BGD,2004,61165,,
41925,BGD,2005,63517,,
41925,BGD,2006,68970,,
41925,BGD,2007,70328,,
41925,BGD,2009,40330,,
41925,BGD,2010,35750,,
41925,BGD,2011,40936,,
41925,BGD,2013,33907.985262,,
41925,BGD,2016,33006,,
41925,BGD,2019,26614,,
41925,BGD,2020,40630,,
41926,BGD,1990,13298,,
41926,BGD,1998,25900,,
41926,BGD,1999,25251,,
41926,BGD,2000,26729,,
41926,BGD,2001,30648,,
41926,BGD,2002,31984,,
41926,BGD,2003,33604,,
41926,BGD,2004,67681,,
41926,BGD,2005,59828,,
41926,BGD,2006,65172,,
41926,BGD,2007,66317,,
41926,BGD,2009,39755,,
41926,BGD,2010,31183,,
41926,BGD,2011,46058,,
41926,BGD,2013,45888.909466,,
41926,BGD,2016,46475,,
41926,BGD,2020,95296,,
41927,BGD,1990,8557,,
41930,BGD,2024,0,NIL,
41931,BGD,1998,95717,,
41931,BGD,1999,95061,,
41931,BGD,2000,100921,,
41931,BGD,2001,107221,,
41931,BGD,2002,111202,,
41931,BGD,2003,114176,,
41931,BGD,2004,182355,,
41931,BGD,2005,194519,,
41931,BGD,2006,212770,,
41931,BGD,2007,214378,,
41931,BGD,2009,122134,,
41931,BGD,2010,109784,,
41931,BGD,2011,123802,,
41931,BGD,2013,115626.519181,,
41931,BGD,2016,116737,,
41931,BGD,2020,178666,,
41933,BGD,1990,72499,,
41933,BGD,1998,83385,,
41933,BGD,1999,80599,,
41933,BGD,2000,84740,,
41933,BGD,2001,86647,,
41933,BGD,2002,90526,,
41933,BGD,2003,90443,,
41933,BGD,2004,131868,,
41933,BGD,2005,141329,,
41933,BGD,2006,157300,,
41933,BGD,2007,155299,,
41933,BGD,2009,84063,,
41933,BGD,2010,80547,,
41933,BGD,2011,62197,,
41933,BGD,2013,55855.97295899999,,
41933,BGD,2016,74296,,
41933,BGD,2017,61603,,
41933,BGD,2018,62103,,
41933,BGD,2019,53519,,
41933,BGD,2020,84610,,
41934,BGD,1990,65841,,
41934,BGD,1998,65784,,
41934,BGD,1999,62948,,
41934,BGD,2000,66101,,
41934,BGD,2001,67228,,
41934,BGD,2002,69928,,
41934,BGD,2003,75414,,
41934,BGD,2004,117318,,
41934,BGD,2005,124334,,
41934,BGD,2006,135265,,
41934,BGD,2007,137915,,
41934,BGD,2009,79824,,
41934,BGD,2010,70906,,
41934,BGD,2011,52645,,
41934,BGD,2013,50167.348388,,
41934,BGD,2016,57165,,
41934,BGD,2017,57150,,
41934,BGD,2018,57697,,
41934,BGD,2019,52924,,
41934,BGD,2020,79986,,
41935,BGD,1990,62576,,
41935,BGD,1998,56115,,
41935,BGD,1999,52271,,
41935,BGD,2000,54783,,
41935,BGD,2001,59505,,
41935,BGD,2002,72380,,
41935,BGD,2003,74540,,
41935,BGD,2004,139025,,
41935,BGD,2005,112883,,
41935,BGD,2006,122802,,
41935,BGD,2007,125252,,
41935,BGD,2009,72486,,
41935,BGD,2010,59778,,
41935,BGD,2011,70872,,
41935,BGD,2013,61797.5372,,
41935,BGD,2016,63925,,
41935,BGD,2017,62986,,
41935,BGD,2018,63759,,
41935,BGD,2020,185125,,
41936,BGD,1990,42053,,
41939,BGD,2024,0,NIL,
41940,BGD,1998,205284,,
41940,BGD,1999,195818,,
41940,BGD,2000,205624,,
41940,BGD,2001,213380,,
41940,BGD,2002,232834,,
41940,BGD,2003,240397,,
41940,BGD,2004,388211,,
41940,BGD,2005,378546,,
41940,BGD,2006,415367,,
41940,BGD,2007,418466,,
41940,BGD,2009,236373,,
41940,BGD,2010,211231,,
41940,BGD,2011,185714,,
41940,BGD,2013,167820.858547,,
41940,BGD,2016,195386,,
41940,BGD,2017,181739,,
41940,BGD,2018,183559,,
41940,BGD,2020,349721,,
42097,BGD,1973,75,,
42097,BGD,1988,51429,,
42097,BGD,1998,44111,,
42097,BGD,1999,45498,,
42097,BGD,2000,46055,,
42097,BGD,2001,39299,,
42097,BGD,2002,40413,,
42099,BGD,1971,114734,,
42099,BGD,1972,133270,,
42099,BGD,1973,151806,,
42099,BGD,1974,144378,,
42099,BGD,1975,156320,,
42099,BGD,1976,163690,,
42099,BGD,1977,163537,,
42099,BGD,1978,171735,,
42099,BGD,1979,172989,,
42099,BGD,1980,141731,,
42099,BGD,1981,138487,,
42099,BGD,1983,157647,,
42099,BGD,1984,175005,,
42099,BGD,1985,174708,,
42099,BGD,1986,175045,,
42099,BGD,1987,175939,,
42099,BGD,1988,157824,,
42099,BGD,1989,153098,,
42099,BGD,1990,152781,,
42099,BGD,2005,216644,,
42099,BGD,2006,214464,,
42099,BGD,2007,217104,,
42099,BGD,2008,212884,,
42099,BGD,2009,204379,,
42099,BGD,2010,200743,,
42099,BGD,2011,212083,,
42099,BGD,2015,213499,,
42099,BGD,2016,217798,,
42099,BGD,2017,222138,,
42099,BGD,2018,223255,,
42099,BGD,2019,125643,,
42099,BGD,2020,131569,,
42099,BGD,2021,127809,,
42099,BGD,2022,127039,,
42099,BGD,2023,132731,,
42099,BGD,2024,130920,,
42100,BGD,1998,114121,,
42100,BGD,1999,117663,,
42100,BGD,2000,117809,,
42100,BGD,2001,122060,,
42100,BGD,2002,137395,,
42100,BGD,2003,155154,,
42100,BGD,2004,154196,,
42100,BGD,2005,181662,,
42100,BGD,2006,176694,,
42100,BGD,2007,177321,,
42100,BGD,2008,157984,,
42100,BGD,2009,165746,,
42100,BGD,2010,163919,,
42100,BGD,2011,155341,,
42100,BGD,2012,163420,,
42100,BGD,2013,163560,,
42100,BGD,2016,149440.867797,,
42100,BGD,2017,178670.778126,,
42100,BGD,2019,147721,,
42100,BGD,2020,145346,,
42100,BGD,2021,162502,,
42100,BGD,2022,158168,,
42100,BGD,2023,156760,,
42100,BGD,2024,168950,,
42101,BGD,1998,105614,,
42101,BGD,1999,111858,,
42101,BGD,2000,114618,,
42101,BGD,2001,121284,,
42101,BGD,2002,137029,,
42101,BGD,2003,143530,,
42101,BGD,2004,155654,,
42101,BGD,2005,168106,,
42101,BGD,2006,152517,,
42101,BGD,2007,154639,,
42101,BGD,2008,140382,,
42101,BGD,2009,144264,,
42101,BGD,2010,157786,,
42101,BGD,2011,140383,,
42101,BGD,2012,135980,,
42101,BGD,2013,135985,,
42101,BGD,2016,189162.528694,,
42101,BGD,2017,172800.94895,,
42101,BGD,2018,209035,,
42101,BGD,2020,213905,,
42101,BGD,2021,272784,,
42101,BGD,2022,247248,,
42101,BGD,2023,240623,,
42101,BGD,2024,238773,,
42104,BGD,1973,84852,,
42104,BGD,1979,98253,,
42104,BGD,1980,104438,,
42104,BGD,1985,103125,,
42104,BGD,1986,98126,,
42104,BGD,1987,101289,,
42104,BGD,1988,112679,,
42104,BGD,1989,117972,,
42104,BGD,1990,118442,,
42104,BGD,1998,219735,,
42104,BGD,1999,229521,,
42104,BGD,2000,232427,,
42104,BGD,2001,243344,,
42104,BGD,2002,274424,,
42104,BGD,2003,298684,,
42104,BGD,2004,309850,,
42104,BGD,2005,349768,,
42104,BGD,2006,329211,,
42104,BGD,2007,331960,,
42104,BGD,2008,298366,,
42104,BGD,2009,310010,,
42104,BGD,2010,321705,,
42104,BGD,2011,295724,,
42104,BGD,2012,299400,,
42104,BGD,2013,299545,,
42104,BGD,2016,338603.396491,,
42104,BGD,2017,351471.727076,,
42104,BGD,2018,350849,,
42104,BGD,2020,359251,,
42104,BGD,2021,435286,,
42104,BGD,2022,405416,,
42104,BGD,2023,397383,,
42104,BGD,2024,407723,,
42105,BGD,1998,722,,
42105,BGD,1999,719,,
42105,BGD,2000,729,,
42105,BGD,2001,751,,
42105,BGD,2002,618,,
42105,BGD,2003,608,,
42105,BGD,2004,2689,,
42105,BGD,2005,3045,,
42105,BGD,2006,2847,,
42105,BGD,2007,3158,,
42105,BGD,2008,3494,,
42105,BGD,2009,4153,,
42105,BGD,2010,4601,,
42105,BGD,2011,4666,,
42105,BGD,2013,5274,,
42105,BGD,2018,18488,,
42105,BGD,2019,19487,,
42105,BGD,2020,19551,,
42614,BGD,1999,55074,,UIS_EST
42614,BGD,2000,56418,,UIS_EST
42614,BGD,2001,67653,,UIS_EST
42614,BGD,2002,66988,,
42614,BGD,2003,68413,,
42614,BGD,2004,75719,,
42614,BGD,2005,64095,,
42614,BGD,2006,75291,,
42614,BGD,2007,77516,,
42614,BGD,2008,88244,,
42614,BGD,2009,91555,,
42614,BGD,2011,112560,,
42614,BGD,2012,90355,,
42614,BGD,2014,96601,,
42614,BGD,2016,81046,,
42614,BGD,2017,82964.8671875,,
42614,BGD,2018,103534,,
42614,BGD,2019,113628,,
42614,BGD,2020,120721,,
42614,BGD,2022,47303,,
42614,BGD,2023,40427,,
42615,BGD,2016,1212603,,
42615,BGD,2017,1241313,,
42615,BGD,2018,1444715,,
42615,BGD,2019,1705075,,
42615,BGD,2020,1684545,,
42615,BGD,2022,1820607,,
42615,BGD,2023,1907461,,
42617,BGD,2016,309756,,
42617,BGD,2017,317089,,
42617,BGD,2018,316822,,
42617,BGD,2020,209624,,
42617,BGD,2022,220912,,
42617,BGD,2023,207294,,
42619,BGD,1999,899,,UIS_EST
42619,BGD,2000,921,,UIS_EST
42619,BGD,2001,1095,,
42619,BGD,2002,1048,,
42619,BGD,2003,1090,,
42619,BGD,2004,1708,,
42619,BGD,2005,1869,,
42619,BGD,2006,2534,,
42619,BGD,2007,4973,,
42619,BGD,2008,4986,,
42619,BGD,2009,5075,,
42619,BGD,2011,4354,,
42619,BGD,2012,3908,,
42619,BGD,2014,4355,,
42619,BGD,2016,7572,,
42619,BGD,2017,7751.27685546875,,
42619,BGD,2018,8583,,
42619,BGD,2020,6534,,
42619,BGD,2022,6820,,
42619,BGD,2023,9293,,
42620,BGD,1970,106150,,
42620,BGD,1972,121402,,
42620,BGD,1974,165025,,
42620,BGD,1976,138777,,
42620,BGD,1977,156953,,
42620,BGD,1978,133140,,
42620,BGD,1979,200526,,
42620,BGD,1980,206833,,
42620,BGD,1981,210193,,
42620,BGD,1982,234569,,
42620,BGD,1983,315600,,
42620,BGD,1984,358326,,
42620,BGD,1985,373318,,
42620,BGD,1986,376663,,
42620,BGD,1987,340183,,
42620,BGD,1988,308890,,
42620,BGD,1989,312146,,
42620,BGD,1990,365443,,
42620,BGD,1999,480364,,
42620,BGD,2000,491904,,
42620,BGD,2001,581272,,
42620,BGD,2002,581540,,
42620,BGD,2003,596384,,
42620,BGD,2004,562199,,
42620,BGD,2005,606665,,
42620,BGD,2006,686666,,
42620,BGD,2007,745705,,
42620,BGD,2008,839753,,
42620,BGD,2009,997163,,
42620,BGD,2011,1195907,,
42620,BGD,2012,1194064,,
42620,BGD,2013,1199621.5,,
42620,BGD,2014,1205179,,
42620,BGD,2015,1408078.5,,
42620,BGD,2016,1610978,,
42620,BGD,2017,1742316,,
42620,BGD,2018,1873234.255836,,
42620,BGD,2019,2183732,,
42620,BGD,2020,2076269,,
42620,BGD,2021,2155716,,
42620,BGD,2022,2095643,,
42620,BGD,2023,2164475,,
42620,BGD,2024,2138173,,
42635,BGD,2016,860918,,
42635,BGD,2017,881300.9375,,
42635,BGD,2018,1017707,,
42635,BGD,2019,1214260,,
42635,BGD,2020,1280202,,
42635,BGD,2022,1496347,,
42635,BGD,2023,1586982,,
42637,BGD,2016,161324,,
42637,BGD,2017,165143,,
42637,BGD,2018,178717,,
42637,BGD,2020,121888,,
42637,BGD,2022,141237,,
42637,BGD,2023,152919,,
42654,BGD,2016,2073521,,
42654,BGD,2017,2122614,,
42654,BGD,2018,2462422,,
42654,BGD,2019,2919335,,
42654,BGD,2020,2964747,,
42654,BGD,2022,3316954,,
42654,BGD,2023,3494443,,
42656,BGD,2016,471080,,
42656,BGD,2017,482232,,
42656,BGD,2018,495539,,
42656,BGD,2020,331512,,
42656,BGD,2022,362149,,
42656,BGD,2023,360213,,
43186,BGD,2022,1832,,
43188,BGD,2022,1832,,
43412,BGD,2022,449,,
43617,BGD,1970,6620,,
43617,BGD,1976,12133,,
43617,BGD,1977,11801,,
43617,BGD,1978,14198,,
43617,BGD,1979,11029,,
43617,BGD,1980,11123,,
43617,BGD,1981,11206,,
43617,BGD,1982,13399,,
43617,BGD,1983,12933,,
43617,BGD,1984,13298,,
43617,BGD,1985,13246,,
43617,BGD,1986,14216,,
43617,BGD,1990,19586,,
43617,BGD,1999,29454,,
43617,BGD,2000,31117,,
43617,BGD,2001,32914,,
43617,BGD,2002,35040,,
43617,BGD,2003,38734,,
43617,BGD,2004,41645,,
43617,BGD,2005,44328,,
43617,BGD,2006,49659,,
43617,BGD,2007,49899,,
43617,BGD,2008,49321,,
43617,BGD,2009,46756,,
43617,BGD,2011,64177,,
43617,BGD,2012,73200,,
43617,BGD,2014,74518.617558,,
43617,BGD,2016,72086,,
43617,BGD,2017,69518,,
43617,BGD,2018,64308.921675,,
43617,BGD,2019,67826,,
43617,BGD,2020,68610,,
43617,BGD,2022,21694,,
43617,BGD,2023,77963,,
43617,BGD,2024,23334,,
43618,BGD,2011,6452,,
43618,BGD,2012,13416,,
43618,BGD,2014,13651,,
43618,BGD,2017,4568.600453,,
43618,BGD,2019,5487,,
43618,BGD,2020,5469,,
999973,BGD,1999,3,,
999973,BGD,2000,3,,
999973,BGD,2001,3,,
999973,BGD,2002,3,,
999973,BGD,2003,3,,
999973,BGD,2004,3,,
999973,BGD,2005,3,,
999973,BGD,2006,3,,
999973,BGD,2007,3,,
999973,BGD,2008,3,,
999973,BGD,2009,3,,
999973,BGD,2010,3,,
999973,BGD,2011,3,,
999973,BGD,2012,3,,
999973,BGD,2013,3,,
999973,BGD,2014,3,,
999973,BGD,2015,3,,
999973,BGD,2016,3,,
999973,BGD,2017,3,,
999973,BGD,2018,3,,
999973,BGD,2019,3,,
999973,BGD,2020,3,,
999973,BGD,2021,3,,
999973,BGD,2022,3,,
999973,BGD,2023,3,,
999973,BGD,2024,3,,
999973,BGD,2025,3,,
999974,BGD,1999,3,,
999974,BGD,2000,3,,
999974,BGD,2001,3,,
999974,BGD,2002,3,,
999974,BGD,2003,3,,
999974,BGD,2004,3,,
999974,BGD,2005,3,,
999974,BGD,2006,3,,
999974,BGD,2007,3,,
999974,BGD,2008,3,,
999974,BGD,2009,3,,
999974,BGD,2010,3,,
999974,BGD,2011,3,,
999974,BGD,2012,3,,
999974,BGD,2013,3,,
999974,BGD,2014,3,,
999974,BGD,2015,3,,
999974,BGD,2016,3,,
999974,BGD,2017,3,,
999974,BGD,2018,3,,
999974,BGD,2019,3,,
999974,BGD,2020,3,,
999974,BGD,2021,3,,
999974,BGD,2022,3,,
999974,BGD,2023,3,,
999974,BGD,2024,3,,
999974,BGD,2025,3,,
999975,BGD,1970,10,,
999975,BGD,1971,10,,
999975,BGD,1972,10,,
999975,BGD,1973,10,,
999975,BGD,1974,10,,
999975,BGD,1975,10,,
999975,BGD,1976,10,,
999975,BGD,1977,10,,
999975,BGD,1978,10,,
999975,BGD,1979,10,,
999975,BGD,1980,10,,
999975,BGD,1981,10,,
999975,BGD,1982,11,,
999975,BGD,1983,11,,
999975,BGD,1984,11,,
999975,BGD,1985,11,,
999975,BGD,1986,11,,
999975,BGD,1987,11,,
999975,BGD,1988,11,,
999975,BGD,1989,11,,
999975,BGD,1990,11,,
999975,BGD,1991,11,,
999975,BGD,1992,11,,
999975,BGD,1993,11,,
999975,BGD,1994,11,,
999975,BGD,1995,11,,
999975,BGD,1996,11,,
999975,BGD,1997,11,,
999975,BGD,1998,11,,
999975,BGD,1999,11,,
999975,BGD,2000,11,,
999975,BGD,2001,11,,
999975,BGD,2002,11,,
999975,BGD,2003,11,,
999975,BGD,2004,11,,
999975,BGD,2005,11,,
999975,BGD,2006,11,,
999975,BGD,2007,11,,
999975,BGD,2008,11,,
999975,BGD,2009,11,,
999975,BGD,2010,11,,
999975,BGD,2011,11,,
999975,BGD,2012,11,,
999975,BGD,2013,11,,
999975,BGD,2014,11,,
999975,BGD,2015,11,,
999975,BGD,2016,11,,
999975,BGD,2017,11,,
999975,BGD,2018,11,,
999975,BGD,2019,11,,
999975,BGD,2020,11,,
999975,BGD,2021,11,,
999975,BGD,2022,11,,
999975,BGD,2023,11,,
999975,BGD,2024,11,,
999975,BGD,2025,11,,
999976,BGD,1970,5,,
999976,BGD,1971,5,,
999976,BGD,1972,5,,
999976,BGD,1973,5,,
999976,BGD,1974,5,,
999976,BGD,1975,5,,
999976,BGD,1976,5,,
999976,BGD,1977,5,,
999976,BGD,1978,5,,
999976,BGD,1979,5,,
999976,BGD,1980,5,,
999976,BGD,1981,5,,
999976,BGD,1982,5,,
999976,BGD,1983,5,,
999976,BGD,1984,5,,
999976,BGD,1985,5,,
999976,BGD,1986,5,,
999976,BGD,1987,5,,
999976,BGD,1988,5,,
999976,BGD,1989,5,,
999976,BGD,1990,5,,
999976,BGD,1991,5,,
999976,BGD,1992,5,,
999976,BGD,1993,5,,
999976,BGD,1994,5,,
999976,BGD,1995,5,,
999976,BGD,1996,5,,
999976,BGD,1997,5,,
999976,BGD,1998,3,,
999976,BGD,1999,3,,
999976,BGD,2000,3,,
999976,BGD,2001,3,,
999976,BGD,2002,3,,
999976,BGD,2003,3,,
999976,BGD,2004,3,,
999976,BGD,2005,3,,
999976,BGD,2006,3,,
999976,BGD,2007,3,,
999976,BGD,2008,3,,
999976,BGD,2009,3,,
999976,BGD,2010,3,,
999976,BGD,2011,3,,
999976,BGD,2012,3,,
999976,BGD,2013,3,,
999976,BGD,2014,3,,
999976,BGD,2015,3,,
999976,BGD,2016,3,,
999976,BGD,2017,3,,
999976,BGD,2018,3,,
999976,BGD,2019,3,,
999976,BGD,2020,3,,
999976,BGD,2021,3,,
999976,BGD,2022,3,,
999976,BGD,2023,3,,
999976,BGD,2024,3,,
999976,BGD,2025,3,,
999977,BGD,1970,15,,
999977,BGD,1971,15,,
999977,BGD,1972,15,,
999977,BGD,1973,15,,
999977,BGD,1974,15,,
999977,BGD,1975,15,,
999977,BGD,1976,15,,
999977,BGD,1977,15,,
999977,BGD,1978,15,,
999977,BGD,1979,15,,
999977,BGD,1980,15,,
999977,BGD,1981,15,,
999977,BGD,1982,16,,
999977,BGD,1983,16,,
999977,BGD,1984,16,,
999977,BGD,1985,16,,
999977,BGD,1986,16,,
999977,BGD,1987,16,,
999977,BGD,1988,16,,
999977,BGD,1989,16,,
999977,BGD,1990,16,,
999977,BGD,1991,16,,
999977,BGD,1992,16,,
999977,BGD,1993,16,,
999977,BGD,1994,16,,
999977,BGD,1995,16,,
999977,BGD,1996,16,,
999977,BGD,1997,16,,
999977,BGD,1998,14,,
999977,BGD,1999,14,,
999977,BGD,2000,14,,
999977,BGD,2001,14,,
999977,BGD,2002,14,,
999977,BGD,2003,14,,
999977,BGD,2004,14,,
999977,BGD,2005,14,,
999977,BGD,2006,14,,
999977,BGD,2007,14,,
999977,BGD,2008,14,,
999977,BGD,2009,14,,
999977,BGD,2010,14,,
999977,BGD,2011,14,,
999977,BGD,2012,14,,
999977,BGD,2013,14,,
999977,BGD,2014,14,,
999977,BGD,2015,14,,
999977,BGD,2016,14,,
999977,BGD,2017,14,,
999977,BGD,2018,14,,
999977,BGD,2019,14,,
999977,BGD,2020,14,,
999977,BGD,2021,14,,
999977,BGD,2022,14,,
999977,BGD,2023,14,,
999977,BGD,2024,14,,
999977,BGD,2025,14,,
999978,BGD,1970,2,,
999978,BGD,1971,2,,
999978,BGD,1972,2,,
999978,BGD,1973,2,,
999978,BGD,1974,2,,
999978,BGD,1975,2,,
999978,BGD,1976,2,,
999978,BGD,1977,2,,
999978,BGD,1978,2,,
999978,BGD,1979,2,,
999978,BGD,1980,2,,
999978,BGD,1981,2,,
999978,BGD,1982,2,,
999978,BGD,1983,2,,
999978,BGD,1984,2,,
999978,BGD,1985,2,,
999978,BGD,1986,2,,
999978,BGD,1987,2,,
999978,BGD,1988,2,,
999978,BGD,1989,2,,
999978,BGD,1990,2,,
999978,BGD,1991,2,,
999978,BGD,1992,2,,
999978,BGD,1993,2,,
999978,BGD,1994,2,,
999978,BGD,1995,2,,
999978,BGD,1996,2,,
999978,BGD,1997,2,,
999978,BGD,1998,4,,
999978,BGD,1999,4,,
999978,BGD,2000,4,,
999978,BGD,2001,4,,
999978,BGD,2002,4,,
999978,BGD,2003,4,,
999978,BGD,2004,4,,
999978,BGD,2005,4,,
999978,BGD,2006,4,,
999978,BGD,2007,4,,
999978,BGD,2008,4,,
999978,BGD,2009,4,,
999978,BGD,2010,4,,
999978,BGD,2011,4,,
999978,BGD,2012,4,,
999978,BGD,2013,4,,
999978,BGD,2014,4,,
999978,BGD,2015,4,,
999978,BGD,2016,4,,
999978,BGD,2017,4,,
999978,BGD,2018,4,,
999978,BGD,2019,4,,
999978,BGD,2020,4,,
999978,BGD,2021,4,,
999978,BGD,2022,4,,
999978,BGD,2023,4,,
999978,BGD,2024,4,,
999978,BGD,2025,4,,
999987,BGD,1998,17,,
999987,BGD,1999,17,,
999987,BGD,2000,17,,
999987,BGD,2001,17,,
999987,BGD,2002,17,,
999987,BGD,2003,17,,
999987,BGD,2004,16,,
999987,BGD,2005,16,,
999987,BGD,2006,16,,
999987,BGD,2007,16,,
999987,BGD,2008,16,,
999987,BGD,2009,16,,
999987,BGD,2010,16,,
999987,BGD,2011,16,,
999987,BGD,2012,17,,
999987,BGD,2013,18,,
999987,BGD,2014,18,,
999987,BGD,2015,18,,
999987,BGD,2016,18,,
999987,BGD,2017,18,,
999987,BGD,2018,18,,
999987,BGD,2019,18,,
999987,BGD,2020,18,,
999987,BGD,2021,18,,
999987,BGD,2022,18,,
999987,BGD,2023,18,,
999987,BGD,2024,18,,
999987,BGD,2025,18,,
999988,BGD,1998,1,,
999988,BGD,1999,1,,
999988,BGD,2000,1,,
999988,BGD,2001,1,,
999988,BGD,2002,1,,
999988,BGD,2003,1,,
999988,BGD,2004,1,,
999988,BGD,2005,1,,
999988,BGD,2006,1,,
999988,BGD,2007,1,,
999988,BGD,2008,1,,
999988,BGD,2009,1,,
999988,BGD,2010,1,,
999988,BGD,2011,1,,
999988,BGD,2012,1,,
999988,BGD,2013,2,,
999988,BGD,2014,2,,
999988,BGD,2015,2,,
999988,BGD,2016,2,,
999988,BGD,2017,2,,
999988,BGD,2018,2,,
999988,BGD,2019,2,,
999988,BGD,2020,2,,
999988,BGD,2021,2,,
999988,BGD,2022,2,,
999988,BGD,2023,2,,
999988,BGD,2024,2,,
999988,BGD,2025,2,,
ASTAFF.6T8,BGD,2011,70183,,
ASTAFF.6T8,BGD,2012,72990,,
ASTAFF.6T8,BGD,2014,74803,,
ASTAFF.6T8,BGD,2017,85807.09104699999,,
ASTAFF.6T8,BGD,2019,86835,,
ASTAFF.6T8,BGD,2020,89440,,
ASTAFF.6T8,BGD,2024,32917,,
ASTAFF.6T8.F,BGD,2011,12458,,
ASTAFF.6T8.F,BGD,2012,13206,,
ASTAFF.6T8.F,BGD,2014,13935.382442,,
ASTAFF.6T8.F,BGD,2017,20857.6915,,
ASTAFF.6T8.F,BGD,2019,24496,,
ASTAFF.6T8.F,BGD,2020,26299,,
ASTAFF.6T8.F,BGD,2024,9583,,
ASTAFF.6T8.M,BGD,2011,57725,,
ASTAFF.6T8.M,BGD,2012,59784,,
ASTAFF.6T8.M,BGD,2014,60867.617558,,
ASTAFF.6T8.M,BGD,2017,64949.399547,,
ASTAFF.6T8.M,BGD,2019,62339,,
ASTAFF.6T8.M,BGD,2020,63141,,
ASTAFF.6T8.M,BGD,2024,23334,,
E.5T8.FOREIGN.ORG99000000.GPIA,BGD,2022,.2450899928808212,,
ETOIP.0.PR,BGD,2004,51.65211868286133,,
ETOIP.0.PR,BGD,2009,44.547119140625,,NAT_EST
ETOIP.0.PR,BGD,2010,48.47628021240234,,NAT_EST
ETOIP.0.PR,BGD,2011,48.94052886962891,,
ETOIP.0.PR,BGD,2013,35.56525039672852,,
ETOIP.0.PR,BGD,2015,40.95328140258789,,
ETOIP.0.PR,BGD,2016,41.8302116394043,,
ETOIP.0.PR,BGD,2017,48.51578903198242,,
ETOIP.0.PR,BGD,2018,52.48086929321289,,
ETOIP.0.PR,BGD,2020,55.23477172851563,,
ETOIP.0.PR.F,BGD,2004,48.44480895996094,,
ETOIP.0.PR.F,BGD,2009,48.18013000488281,,NAT_EST
ETOIP.0.PR.F,BGD,2010,47.74900054931641,,NAT_EST
ETOIP.0.PR.F,BGD,2011,47.44681930541992,,
ETOIP.0.PR.F,BGD,2013,47.45275115966797,,
ETOIP.0.PR.F,BGD,2015,48.4113883972168,,
ETOIP.0.PR.F,BGD,2016,48.86222839355469,,
ETOIP.0.PR.F,BGD,2017,49.30899047851563,,
ETOIP.0.PR.F,BGD,2018,49.40502166748047,,
ETOIP.0.PR.F,BGD,2020,49.76641845703125,,
ETOIP.0.PR.GPIA,BGD,2004,.9396700263023376,,
ETOIP.0.PR.GPIA,BGD,2009,.9297599792480469,,NAT_EST
ETOIP.0.PR.GPIA,BGD,2010,.9138399958610535,,NAT_EST
ETOIP.0.PR.GPIA,BGD,2011,.9028300046920776,,
ETOIP.0.PR.GPIA,BGD,2013,.9030500054359436,,
ETOIP.0.PR.GPIA,BGD,2015,.9384099841117859,,
ETOIP.0.PR.GPIA,BGD,2016,.9555000066757202,,
ETOIP.0.PR.GPIA,BGD,2017,.9727399945259094,,
ETOIP.0.PR.GPIA,BGD,2018,.9764800071716309,,
ETOIP.0.PR.GPIA,BGD,2020,.9907000064849854,,
ETOIP.0.PR.M,BGD,2004,51.55519104003906,,
ETOIP.0.PR.M,BGD,2009,51.81986999511719,,NAT_EST
ETOIP.0.PR.M,BGD,2010,52.25099945068359,,NAT_EST
ETOIP.0.PR.M,BGD,2011,52.55318069458008,,
ETOIP.0.PR.M,BGD,2013,52.54724884033203,,
ETOIP.0.PR.M,BGD,2015,51.5886116027832,,
ETOIP.0.PR.M,BGD,2016,51.13777160644531,,
ETOIP.0.PR.M,BGD,2017,50.69100952148438,,
ETOIP.0.PR.M,BGD,2018,50.59497833251953,,
ETOIP.0.PR.M,BGD,2020,50.23358154296875,,
ETOIP.0.PU,BGD,2004,48.34788131713867,,
ETOIP.0.PU,BGD,2009,55.452880859375,,NAT_EST
ETOIP.0.PU,BGD,2010,51.52371978759766,,NAT_EST
ETOIP.0.PU,BGD,2011,51.05947113037109,,
ETOIP.0.PU,BGD,2013,64.43475341796875,,
ETOIP.0.PU,BGD,2015,59.04671859741211,,
ETOIP.0.PU,BGD,2016,58.1697883605957,,
ETOIP.0.PU,BGD,2017,51.48421096801758,,
ETOIP.0.PU,BGD,2018,47.51913070678711,,
ETOIP.0.PU,BGD,2020,44.76522827148438,,
ETOIP.0.PU.F,BGD,2004,49.94749069213867,,
ETOIP.0.PU.F,BGD,2009,50.03194046020508,,
ETOIP.0.PU.F,BGD,2010,49.49314880371094,,
ETOIP.0.PU.F,BGD,2011,49.15549850463867,,
ETOIP.0.PU.F,BGD,2013,49.83073043823242,,
ETOIP.0.PU.F,BGD,2015,50.03139114379883,,
ETOIP.0.PU.F,BGD,2016,50.53421020507813,,
ETOIP.0.PU.F,BGD,2017,50.26372146606445,,
ETOIP.0.PU.F,BGD,2018,50.45909118652344,,
ETOIP.0.PU.F,BGD,2020,50.85213851928711,,
ETOIP.0.PU.GPIA,BGD,2004,.9979000091552734,,
ETOIP.0.PU.GPIA,BGD,2009,1.001279950141907,,
ETOIP.0.PU.GPIA,BGD,2010,.9799299836158752,,
ETOIP.0.PU.GPIA,BGD,2011,.9667800068855286,,
ETOIP.0.PU.GPIA,BGD,2013,.9932500123977661,,
ETOIP.0.PU.GPIA,BGD,2015,1.001250028610229,,
ETOIP.0.PU.GPIA,BGD,2016,1.021139979362488,,
ETOIP.0.PU.GPIA,BGD,2017,1.010489940643311,,
ETOIP.0.PU.GPIA,BGD,2018,1.018200039863586,,
ETOIP.0.PU.GPIA,BGD,2020,1.033509969711304,,
ETOIP.0.PU.M,BGD,2004,50.05250930786133,,
ETOIP.0.PU.M,BGD,2009,49.96805953979492,,
ETOIP.0.PU.M,BGD,2010,50.50685119628906,,
ETOIP.0.PU.M,BGD,2011,50.84450149536133,,
ETOIP.0.PU.M,BGD,2013,50.16926956176758,,
ETOIP.0.PU.M,BGD,2015,49.96860885620117,,
ETOIP.0.PU.M,BGD,2016,49.46578979492188,,
ETOIP.0.PU.M,BGD,2017,49.73627853393555,,
ETOIP.0.PU.M,BGD,2018,49.54090881347656,,
ETOIP.0.PU.M,BGD,2020,49.14786148071289,,
ETOIP.02.PR,BGD,1972,100,,
ETOIP.02.PR,BGD,1973,100,,
ETOIP.02.PR,BGD,1988,100,,
ETOIP.02.PR,BGD,2004,51.65211868286133,,
ETOIP.02.PR,BGD,2009,44.547119140625,,NAT_EST
ETOIP.02.PR,BGD,2010,48.47628021240234,,NAT_EST
ETOIP.02.PR,BGD,2011,48.94052886962891,,
ETOIP.02.PR,BGD,2013,35.56525039672852,,
ETOIP.02.PR,BGD,2015,40.95328140258789,,
ETOIP.02.PR,BGD,2016,41.8302116394043,,
ETOIP.02.PR,BGD,2017,48.51578903198242,,
ETOIP.02.PR,BGD,2018,52.48086929321289,,
ETOIP.02.PR,BGD,2020,55.23477172851563,,
ETOIP.02.PR.F,BGD,2004,48.44480895996094,,
ETOIP.02.PR.F,BGD,2009,48.18013000488281,,NAT_EST
ETOIP.02.PR.F,BGD,2010,47.74900054931641,,NAT_EST
ETOIP.02.PR.F,BGD,2011,47.44681930541992,,
ETOIP.02.PR.F,BGD,2013,47.45275115966797,,
ETOIP.02.PR.F,BGD,2015,48.4113883972168,,
ETOIP.02.PR.F,BGD,2016,48.86222839355469,,
ETOIP.02.PR.F,BGD,2017,49.30899047851563,,
ETOIP.02.PR.F,BGD,2018,49.40502166748047,,
ETOIP.02.PR.F,BGD,2020,49.76641845703125,,
ETOIP.02.PR.GPIA,BGD,2004,.9396700263023376,,
ETOIP.02.PR.GPIA,BGD,2009,.9297599792480469,,NAT_EST
ETOIP.02.PR.GPIA,BGD,2010,.9138399958610535,,NAT_EST
ETOIP.02.PR.GPIA,BGD,2011,.9028300046920776,,
ETOIP.02.PR.GPIA,BGD,2013,.9030500054359436,,
ETOIP.02.PR.GPIA,BGD,2015,.9384099841117859,,
ETOIP.02.PR.GPIA,BGD,2016,.9555000066757202,,
ETOIP.02.PR.GPIA,BGD,2017,.9727399945259094,,
ETOIP.02.PR.GPIA,BGD,2018,.9764800071716309,,
ETOIP.02.PR.GPIA,BGD,2020,.9907000064849854,,
ETOIP.02.PR.M,BGD,2004,51.55519104003906,,
ETOIP.02.PR.M,BGD,2009,51.81986999511719,,NAT_EST
ETOIP.02.PR.M,BGD,2010,52.25099945068359,,NAT_EST
ETOIP.02.PR.M,BGD,2011,52.55318069458008,,
ETOIP.02.PR.M,BGD,2013,52.54724884033203,,
ETOIP.02.PR.M,BGD,2015,51.5886116027832,,
ETOIP.02.PR.M,BGD,2016,51.13777160644531,,
ETOIP.02.PR.M,BGD,2017,50.69100952148438,,
ETOIP.02.PR.M,BGD,2018,50.59497833251953,,
ETOIP.02.PR.M,BGD,2020,50.23358154296875,,
ETOIP.02.PU,BGD,2004,48.34788131713867,,
ETOIP.02.PU,BGD,2009,55.452880859375,,NAT_EST
ETOIP.02.PU,BGD,2010,51.52371978759766,,NAT_EST
ETOIP.02.PU,BGD,2011,51.05947113037109,,
ETOIP.02.PU,BGD,2013,64.43475341796875,,
ETOIP.02.PU,BGD,2015,59.04671859741211,,
ETOIP.02.PU,BGD,2016,58.1697883605957,,
ETOIP.02.PU,BGD,2017,51.48421096801758,,
ETOIP.02.PU,BGD,2018,47.51913070678711,,
ETOIP.02.PU,BGD,2020,44.76522827148438,,
ETOIP.02.PU.F,BGD,2004,49.94749069213867,,
ETOIP.02.PU.F,BGD,2009,50.03194046020508,,
ETOIP.02.PU.F,BGD,2010,49.49314880371094,,
ETOIP.02.PU.F,BGD,2011,49.15549850463867,,
ETOIP.02.PU.F,BGD,2013,49.83073043823242,,
ETOIP.02.PU.F,BGD,2015,50.03139114379883,,
ETOIP.02.PU.F,BGD,2016,50.53421020507813,,
ETOIP.02.PU.F,BGD,2017,50.26372146606445,,
ETOIP.02.PU.F,BGD,2018,50.45909118652344,,
ETOIP.02.PU.F,BGD,2020,50.85213851928711,,
ETOIP.02.PU.GPIA,BGD,2004,.9979000091552734,,
ETOIP.02.PU.GPIA,BGD,2009,1.001279950141907,,
ETOIP.02.PU.GPIA,BGD,2010,.9799299836158752,,
ETOIP.02.PU.GPIA,BGD,2011,.9667800068855286,,
ETOIP.02.PU.GPIA,BGD,2013,.9932500123977661,,
ETOIP.02.PU.GPIA,BGD,2015,1.001250028610229,,
ETOIP.02.PU.GPIA,BGD,2016,1.021139979362488,,
ETOIP.02.PU.GPIA,BGD,2017,1.010489940643311,,
ETOIP.02.PU.GPIA,BGD,2018,1.018200039863586,,
ETOIP.02.PU.GPIA,BGD,2020,1.033509969711304,,
ETOIP.02.PU.M,BGD,2004,50.05250930786133,,
ETOIP.02.PU.M,BGD,2009,49.96805953979492,,
ETOIP.02.PU.M,BGD,2010,50.50685119628906,,
ETOIP.02.PU.M,BGD,2011,50.84450149536133,,
ETOIP.02.PU.M,BGD,2013,50.16926956176758,,
ETOIP.02.PU.M,BGD,2015,49.96860885620117,,
ETOIP.02.PU.M,BGD,2016,49.46578979492188,,
ETOIP.02.PU.M,BGD,2017,49.73627853393555,,
ETOIP.02.PU.M,BGD,2018,49.54090881347656,,
ETOIP.02.PU.M,BGD,2020,49.14786148071289,,
ETOIP.1.PR,BGD,1970,5.849329948425293,,
ETOIP.1.PR,BGD,1971,27.99329948425293,,
ETOIP.1.PR,BGD,1972,27.89604949951172,,
ETOIP.1.PR,BGD,1973,25.50613975524902,,
ETOIP.1.PR,BGD,1975,4.055190086364746,,
ETOIP.1.PR,BGD,1976,9.132769584655762,,
ETOIP.1.PR,BGD,1977,10.92201995849609,,
ETOIP.1.PR,BGD,1978,15.26074028015137,,
ETOIP.1.PR,BGD,1979,15.23122978210449,,
ETOIP.1.PR,BGD,1980,14.63626956939697,,
ETOIP.1.PR,BGD,1981,11.26735973358154,,
ETOIP.1.PR,BGD,1983,11.6278600692749,,
ETOIP.1.PR,BGD,1984,11.6278600692749,,
ETOIP.1.PR,BGD,1985,11.00000953674316,,
ETOIP.1.PR,BGD,1986,10.91839027404785,,
ETOIP.1.PR,BGD,1987,10.9184103012085,,
ETOIP.1.PR,BGD,1988,13.21907043457031,,
ETOIP.1.PR,BGD,1989,13.60039043426514,,
ETOIP.1.PR,BGD,1990,15.17306041717529,,
ETOIP.1.PR,BGD,2005,41.65177154541016,,
ETOIP.1.PR,BGD,2006,42.65729141235352,,
ETOIP.1.PR,BGD,2007,42.45101928710938,,
ETOIP.1.PR,BGD,2008,40.33150100708008,,NAT_EST
ETOIP.1.PR,BGD,2009,40.9504508972168,,NAT_EST
ETOIP.1.PR,BGD,2017,21.39804077148438,,
ETOIP.1.PR,BGD,2018,23.90352058410645,,
ETOIP.1.PR.F,BGD,2005,48.73268127441406,,
ETOIP.1.PR.F,BGD,2006,49.25973892211914,,
ETOIP.1.PR.F,BGD,2007,49.71535873413086,,
ETOIP.1.PR.F,BGD,2008,49.32659912109375,,NAT_EST
ETOIP.1.PR.F,BGD,2009,48.56137847900391,,NAT_EST
ETOIP.1.PR.F,BGD,2017,49.53356170654297,,
ETOIP.1.PR.F,BGD,2018,50.8826789855957,,
ETOIP.1.PR.GPIA,BGD,2005,.9505599737167358,,
ETOIP.1.PR.GPIA,BGD,2006,.9708200097084045,,
ETOIP.1.PR.GPIA,BGD,2007,.9886800050735474,,
ETOIP.1.PR.GPIA,BGD,2008,.9734200239181519,,NAT_EST
ETOIP.1.PR.GPIA,BGD,2009,.9440600275993347,,NAT_EST
ETOIP.1.PR.GPIA,BGD,2017,.9815099835395813,,
ETOIP.1.PR.GPIA,BGD,2018,1.034690022468567,,
ETOIP.1.PR.M,BGD,2005,51.26731872558594,,
ETOIP.1.PR.M,BGD,2006,50.74026107788086,,
ETOIP.1.PR.M,BGD,2007,50.28464126586914,,
ETOIP.1.PR.M,BGD,2008,50.67340087890625,,NAT_EST
ETOIP.1.PR.M,BGD,2009,51.43862152099609,,NAT_EST
ETOIP.1.PR.M,BGD,2017,50.46643829345703,,
ETOIP.1.PR.M,BGD,2018,49.1173210144043,,
ETOIP.1.PU,BGD,2005,58.34822845458984,,
ETOIP.1.PU,BGD,2006,57.27548980712891,,
ETOIP.1.PU,BGD,2007,57.54898071289063,,
ETOIP.1.PU,BGD,2008,59.66849899291992,,NAT_EST
ETOIP.1.PU,BGD,2009,59.0495491027832,,NAT_EST
ETOIP.1.PU,BGD,2017,78.60195922851563,,
ETOIP.1.PU,BGD,2018,76.09648132324219,,
ETOIP.1.PU.F,BGD,2005,51.1163215637207,,
ETOIP.1.PU.F,BGD,2006,51.22864151000977,,
ETOIP.1.PU.F,BGD,2007,51.49991989135742,,
ETOIP.1.PU.F,BGD,2008,51.30316162109375,,NAT_EST
ETOIP.1.PU.F,BGD,2009,51.29130935668945,,
ETOIP.1.PU.F,BGD,2017,50.9945182800293,,
ETOIP.1.PU.F,BGD,2018,50.70792007446289,,
ETOIP.1.PU.GPIA,BGD,2005,1.04367995262146,,
ETOIP.1.PU.GPIA,BGD,2006,1.047970056533813,,
ETOIP.1.PU.GPIA,BGD,2007,1.058249950408936,,
ETOIP.1.PU.GPIA,BGD,2008,1.050799965858459,,NAT_EST
ETOIP.1.PU.GPIA,BGD,2009,1.050349950790405,,
ETOIP.1.PU.GPIA,BGD,2017,1.039000034332275,,
ETOIP.1.PU.GPIA,BGD,2018,1.027920007705688,,
ETOIP.1.PU.M,BGD,2005,48.8836784362793,,
ETOIP.1.PU.M,BGD,2006,48.77135848999023,,
ETOIP.1.PU.M,BGD,2007,48.50008010864258,,
ETOIP.1.PU.M,BGD,2008,48.69683837890625,,NAT_EST
ETOIP.1.PU.M,BGD,2009,48.70869064331055,,
ETOIP.1.PU.M,BGD,2017,49.0054817199707,,
ETOIP.1.PU.M,BGD,2018,49.29207992553711,,
ETOIP.2.PR,BGD,1998,97.37036895751953,,
ETOIP.2.PR,BGD,1999,97.496337890625,,
ETOIP.2.PR,BGD,2000,97.62203216552734,,
ETOIP.2.PR,BGD,2001,97.78164672851563,,
ETOIP.2.PR,BGD,2002,97.84367370605469,,
ETOIP.2.PR,BGD,2003,97.82599639892578,,
ETOIP.2.PR,BGD,2004,97.71308135986328,,
ETOIP.2.PR,BGD,2005,97.76158905029297,,
ETOIP.2.PR,BGD,2006,97.74400329589844,,
ETOIP.2.PR,BGD,2007,97.69455718994141,,
ETOIP.2.PR,BGD,2008,97.72627258300781,,
ETOIP.2.PR,BGD,2009,97.79295349121094,,
ETOIP.2.PR,BGD,2010,97.76481628417969,,
ETOIP.2.PR,BGD,2011,97.79177856445313,,
ETOIP.2.PR,BGD,2012,97.65096282958984,,
ETOIP.2.PR,BGD,2013,97.79402923583984,,UIS_EST
ETOIP.2.PR,BGD,2015,97.24822235107422,,
ETOIP.2.PR,BGD,2016,96.9827880859375,,
ETOIP.2.PR,BGD,2017,96.61148071289063,,
ETOIP.2.PR,BGD,2018,95.07848358154297,,
ETOIP.2.PR,BGD,2019,95.07848358154297,,UIS_EST
ETOIP.2.PR,BGD,2020,95.49253845214844,,
ETOIP.2.PR.F,BGD,1998,50.5838508605957,,
ETOIP.2.PR.F,BGD,1999,51.78844833374023,,
ETOIP.2.PR.F,BGD,2000,52.26847076416016,,
ETOIP.2.PR.F,BGD,2001,53.78247833251953,,
ETOIP.2.PR.F,BGD,2002,54.18780899047852,,
ETOIP.2.PR.F,BGD,2003,53.20993041992188,,
ETOIP.2.PR.F,BGD,2004,51.32360076904297,,
ETOIP.2.PR.F,BGD,2005,52.04867172241211,,
ETOIP.2.PR.F,BGD,2006,52.08147811889648,,
ETOIP.2.PR.F,BGD,2007,52.01306915283203,,
ETOIP.2.PR.F,BGD,2008,54.00085067749023,,
ETOIP.2.PR.F,BGD,2010,54.38093948364258,,
ETOIP.2.PR.F,BGD,2011,55.05466079711914,,
ETOIP.2.PR.F,BGD,2012,54.59579849243164,,
ETOIP.2.PR.F,BGD,2013,52.81629943847656,,UIS_EST
ETOIP.2.PR.F,BGD,2015,54.54508972167969,,
ETOIP.2.PR.F,BGD,2016,54.84695816040039,,
ETOIP.2.PR.F,BGD,2017,55.18389892578125,,
ETOIP.2.PR.F,BGD,2018,55.68547821044922,,
ETOIP.2.PR.F,BGD,2020,55.78607940673828,,
ETOIP.2.PR.GPIA,BGD,1998,1.023079991340637,,
ETOIP.2.PR.GPIA,BGD,1999,1.069069981575012,,
ETOIP.2.PR.GPIA,BGD,2000,1.0867999792099,,
ETOIP.2.PR.GPIA,BGD,2001,1.140660047531128,,
ETOIP.2.PR.GPIA,BGD,2002,1.154569983482361,,
ETOIP.2.PR.GPIA,BGD,2003,1.120650053024292,,
ETOIP.2.PR.GPIA,BGD,2004,1.05157995223999,,
ETOIP.2.PR.GPIA,BGD,2005,1.078719973564148,,
ETOIP.2.PR.GPIA,BGD,2006,1.079929947853088,,
ETOIP.2.PR.GPIA,BGD,2007,1.077409982681274,,
ETOIP.2.PR.GPIA,BGD,2008,1.14818000793457,,
ETOIP.2.PR.GPIA,BGD,2010,1.161120057106018,,
ETOIP.2.PR.GPIA,BGD,2011,1.183619976043701,,
ETOIP.2.PR.GPIA,BGD,2012,1.168359994888306,,
ETOIP.2.PR.GPIA,BGD,2013,1.106649994850159,,UIS_EST
ETOIP.2.PR.GPIA,BGD,2015,1.166650056838989,,
ETOIP.2.PR.GPIA,BGD,2016,1.17674994468689,,
ETOIP.2.PR.GPIA,BGD,2017,1.187880039215088,,
ETOIP.2.PR.GPIA,BGD,2018,1.204200029373169,,
ETOIP.2.PR.GPIA,BGD,2020,1.20744001865387,,
ETOIP.2.PR.M,BGD,1998,49.4161491394043,,
ETOIP.2.PR.M,BGD,1999,48.21155166625977,,
ETOIP.2.PR.M,BGD,2000,47.73152923583984,,
ETOIP.2.PR.M,BGD,2001,46.21752166748047,,
ETOIP.2.PR.M,BGD,2002,45.81219100952148,,
ETOIP.2.PR.M,BGD,2003,46.79006958007813,,
ETOIP.2.PR.M,BGD,2004,48.67639923095703,,
ETOIP.2.PR.M,BGD,2005,47.95132827758789,,
ETOIP.2.PR.M,BGD,2006,47.91852188110352,,
ETOIP.2.PR.M,BGD,2007,47.98693084716797,,
ETOIP.2.PR.M,BGD,2008,45.99914932250977,,
ETOIP.2.PR.M,BGD,2010,45.61906051635742,,
ETOIP.2.PR.M,BGD,2011,44.94533920288086,,
ETOIP.2.PR.M,BGD,2012,45.40420150756836,,
ETOIP.2.PR.M,BGD,2013,47.18370056152344,,UIS_EST
ETOIP.2.PR.M,BGD,2015,45.45491027832031,,
ETOIP.2.PR.M,BGD,2016,45.15304183959961,,
ETOIP.2.PR.M,BGD,2017,44.81610107421875,,
ETOIP.2.PR.M,BGD,2018,44.31452178955078,,
ETOIP.2.PR.M,BGD,2020,44.21392059326172,,
ETOIP.2.PU,BGD,1998,2.629630088806152,,
ETOIP.2.PU,BGD,1999,2.503659963607788,,
ETOIP.2.PU,BGD,2000,2.377969980239868,,
ETOIP.2.PU,BGD,2001,2.218349933624268,,
ETOIP.2.PU,BGD,2002,2.156330108642578,,
ETOIP.2.PU,BGD,2003,2.174000024795532,,
ETOIP.2.PU,BGD,2004,2.286920070648193,,
ETOIP.2.PU,BGD,2005,2.238409996032715,,
ETOIP.2.PU,BGD,2006,2.25600004196167,,
ETOIP.2.PU,BGD,2007,2.305439949035645,,
ETOIP.2.PU,BGD,2008,2.273730039596558,,
ETOIP.2.PU,BGD,2009,2.207050085067749,,
ETOIP.2.PU,BGD,2010,2.235179901123047,,
ETOIP.2.PU,BGD,2011,2.2082200050354,,
ETOIP.2.PU,BGD,2012,2.349040031433105,,
ETOIP.2.PU,BGD,2013,2.205960035324097,,UIS_EST
ETOIP.2.PU,BGD,2015,2.751780033111572,,
ETOIP.2.PU,BGD,2016,3.017210006713867,,
ETOIP.2.PU,BGD,2017,3.388520002365112,,
ETOIP.2.PU,BGD,2018,4.921520233154297,,
ETOIP.2.PU,BGD,2019,4.921520233154297,,UIS_EST
ETOIP.2.PU,BGD,2020,4.507460117340088,,
ETOIP.2.PU.F,BGD,1998,42.72504043579102,,
ETOIP.2.PU.F,BGD,1999,42.81766128540039,,
ETOIP.2.PU.F,BGD,2000,48.85977935791016,,
ETOIP.2.PU.F,BGD,2001,45.77286911010742,,
ETOIP.2.PU.F,BGD,2002,45.81695175170898,,
ETOIP.2.PU.F,BGD,2003,46.59225082397461,,
ETOIP.2.PU.F,BGD,2004,47.12398147583008,,
ETOIP.2.PU.F,BGD,2005,47.76895904541016,,
ETOIP.2.PU.F,BGD,2006,47.69263076782227,,
ETOIP.2.PU.F,BGD,2007,46.77539825439453,,
ETOIP.2.PU.F,BGD,2008,47.83578109741211,,
ETOIP.2.PU.F,BGD,2010,47.30593872070313,,
ETOIP.2.PU.F,BGD,2011,48.10855865478516,,
ETOIP.2.PU.F,BGD,2012,48.77542114257813,,
ETOIP.2.PU.F,BGD,2013,47.91415023803711,,UIS_EST
ETOIP.2.PU.F,BGD,2015,50.34920883178711,,
ETOIP.2.PU.F,BGD,2016,51.58760070800781,,
ETOIP.2.PU.F,BGD,2017,50.24081039428711,,
ETOIP.2.PU.F,BGD,2018,44.62424087524414,,
ETOIP.2.PU.F,BGD,2020,47.43597030639648,,
ETOIP.2.PU.GPIA,BGD,1998,.745959997177124,,
ETOIP.2.PU.GPIA,BGD,1999,.7487900257110596,,
ETOIP.2.PU.GPIA,BGD,2000,.9554100036621094,,
ETOIP.2.PU.GPIA,BGD,2001,.8440999984741211,,
ETOIP.2.PU.GPIA,BGD,2002,.8456000089645386,,
ETOIP.2.PU.GPIA,BGD,2003,.8723899722099304,,
ETOIP.2.PU.GPIA,BGD,2004,.8912199735641479,,
ETOIP.2.PU.GPIA,BGD,2005,.9145699739456177,,
ETOIP.2.PU.GPIA,BGD,2006,.9117799997329712,,
ETOIP.2.PU.GPIA,BGD,2007,.8788300156593323,,
ETOIP.2.PU.GPIA,BGD,2008,.9170200228691101,,
ETOIP.2.PU.GPIA,BGD,2010,.8977500200271606,,
ETOIP.2.PU.GPIA,BGD,2011,.9271000027656555,,
ETOIP.2.PU.GPIA,BGD,2012,.9521899819374084,,
ETOIP.2.PU.GPIA,BGD,2013,.9199100136756897,,UIS_EST
ETOIP.2.PU.GPIA,BGD,2015,1.013870000839233,,
ETOIP.2.PU.GPIA,BGD,2016,1.06155002117157,,
ETOIP.2.PU.GPIA,BGD,2017,1.009590029716492,,
ETOIP.2.PU.GPIA,BGD,2018,.805840015411377,,
ETOIP.2.PU.GPIA,BGD,2020,.9024400115013123,,
ETOIP.2.PU.M,BGD,1998,57.27495956420898,,
ETOIP.2.PU.M,BGD,1999,57.18233871459961,,
ETOIP.2.PU.M,BGD,2000,51.14022064208984,,
ETOIP.2.PU.M,BGD,2001,54.22713088989258,,
ETOIP.2.PU.M,BGD,2002,54.18304824829102,,
ETOIP.2.PU.M,BGD,2003,53.40774917602539,,
ETOIP.2.PU.M,BGD,2004,52.87601852416992,,
ETOIP.2.PU.M,BGD,2005,52.23104095458984,,
ETOIP.2.PU.M,BGD,2006,52.30736923217773,,
ETOIP.2.PU.M,BGD,2007,53.22460174560547,,
ETOIP.2.PU.M,BGD,2008,52.16421890258789,,
ETOIP.2.PU.M,BGD,2010,52.69406127929688,,
ETOIP.2.PU.M,BGD,2011,51.89144134521484,,
ETOIP.2.PU.M,BGD,2012,51.22457885742188,,
ETOIP.2.PU.M,BGD,2013,52.08584976196289,,UIS_EST
ETOIP.2.PU.M,BGD,2015,49.65079116821289,,
ETOIP.2.PU.M,BGD,2016,48.41239929199219,,
ETOIP.2.PU.M,BGD,2017,49.75918960571289,,
ETOIP.2.PU.M,BGD,2018,55.37575912475586,,
ETOIP.2.PU.M,BGD,2020,52.56402969360352,,
ETOIP.2T3.PR,BGD,1998,95.23136901855469,,
ETOIP.2T3.PR,BGD,1999,95.61341094970703,,
ETOIP.2T3.PR,BGD,2000,95.73171997070313,,
ETOIP.2T3.PR,BGD,2001,95.89507293701172,,
ETOIP.2T3.PR,BGD,2002,96.05280303955078,,
ETOIP.2T3.PR,BGD,2003,95.91583251953125,,
ETOIP.2T3.PR,BGD,2004,95.68678283691406,,
ETOIP.2T3.PR,BGD,2005,95.99183654785156,,
ETOIP.2T3.PR,BGD,2006,95.82428741455078,,
ETOIP.2T3.PR,BGD,2007,95.63104248046875,,
ETOIP.2T3.PR,BGD,2008,95.267578125,,
ETOIP.2T3.PR,BGD,2009,95.32504272460938,,
ETOIP.2T3.PR,BGD,2010,95.11457824707031,,
ETOIP.2T3.PR,BGD,2011,94.79149627685547,,
ETOIP.2T3.PR,BGD,2012,94.45744323730469,,
ETOIP.2T3.PR,BGD,2013,94.59169006347656,,UIS_EST
ETOIP.2T3.PR,BGD,2015,94.43302917480469,,
ETOIP.2T3.PR,BGD,2016,94.041259765625,,
ETOIP.2T3.PR,BGD,2017,93.89962768554688,,
ETOIP.2T3.PR.F,BGD,1998,47.97869873046875,,
ETOIP.2T3.PR.F,BGD,1999,49.21604919433594,,
ETOIP.2T3.PR.F,BGD,2000,50.13607025146484,,
ETOIP.2T3.PR.F,BGD,2001,51.39794921875,,
ETOIP.2T3.PR.F,BGD,2002,51.79999923706055,,
ETOIP.2T3.PR.F,BGD,2003,51.74699020385742,,
ETOIP.2T3.PR.F,BGD,2004,50.24663162231445,,
ETOIP.2T3.PR.F,BGD,2005,50.79956817626953,,
ETOIP.2T3.PR.F,BGD,2006,50.63935089111328,,
ETOIP.2T3.PR.F,BGD,2007,50.56710052490234,,
ETOIP.2T3.PR.F,BGD,2010,52.27148056030273,,
ETOIP.2T3.PR.F,BGD,2011,52.99272918701172,,
ETOIP.2T3.PR.F,BGD,2012,52.60654067993164,,
ETOIP.2T3.PR.F,BGD,2013,51.24531936645508,,UIS_EST
ETOIP.2T3.PR.F,BGD,2015,52.24665069580078,,
ETOIP.2T3.PR.F,BGD,2016,51.72790145874023,,
ETOIP.2T3.PR.F,BGD,2017,53.11835861206055,,
ETOIP.2T3.PR.GPIA,BGD,1998,.922290027141571,,
ETOIP.2T3.PR.GPIA,BGD,1999,.9691299796104431,,
ETOIP.2T3.PR.GPIA,BGD,2000,1.005429983139038,,
ETOIP.2T3.PR.GPIA,BGD,2001,1.054399967193604,,
ETOIP.2T3.PR.GPIA,BGD,2002,1.069499969482422,,
ETOIP.2T3.PR.GPIA,BGD,2003,1.067520022392273,,
ETOIP.2T3.PR.GPIA,BGD,2004,1.009819984436035,,
ETOIP.2T3.PR.GPIA,BGD,2005,1.031479954719543,,
ETOIP.2T3.PR.GPIA,BGD,2006,1.02524995803833,,
ETOIP.2T3.PR.GPIA,BGD,2007,1.022429943084717,,
ETOIP.2T3.PR.GPIA,BGD,2010,1.086910009384155,,
ETOIP.2T3.PR.GPIA,BGD,2011,1.112949967384338,,
ETOIP.2T3.PR.GPIA,BGD,2012,1.09909999370575,,
ETOIP.2T3.PR.GPIA,BGD,2013,1.0485999584198,,UIS_EST
ETOIP.2T3.PR.GPIA,BGD,2015,1.085999965667725,,
ETOIP.2T3.PR.GPIA,BGD,2016,1.066810011863708,,
ETOIP.2T3.PR.GPIA,BGD,2017,1.117409944534302,,
ETOIP.2T3.PR.M,BGD,1998,52.02130126953125,,
ETOIP.2T3.PR.M,BGD,1999,50.78395080566406,,
ETOIP.2T3.PR.M,BGD,2000,49.86392974853516,,
ETOIP.2T3.PR.M,BGD,2001,48.60205078125,,
ETOIP.2T3.PR.M,BGD,2002,48.20000076293945,,
ETOIP.2T3.PR.M,BGD,2003,48.25300979614258,,
ETOIP.2T3.PR.M,BGD,2004,49.75336837768555,,
ETOIP.2T3.PR.M,BGD,2005,49.20043182373047,,
ETOIP.2T3.PR.M,BGD,2006,49.36064910888672,,
ETOIP.2T3.PR.M,BGD,2007,49.43289947509766,,
ETOIP.2T3.PR.M,BGD,2010,47.72851943969727,,
ETOIP.2T3.PR.M,BGD,2011,47.00727081298828,,
ETOIP.2T3.PR.M,BGD,2012,47.39345932006836,,
ETOIP.2T3.PR.M,BGD,2013,48.75468063354492,,UIS_EST
ETOIP.2T3.PR.M,BGD,2015,47.75334930419922,,
ETOIP.2T3.PR.M,BGD,2016,48.27209854125977,,
ETOIP.2T3.PR.M,BGD,2017,46.88164138793945,,
ETOIP.2T3.PU,BGD,1998,4.768630027770996,,
ETOIP.2T3.PU,BGD,1999,4.386590003967285,,
ETOIP.2T3.PU,BGD,2000,4.268280029296875,,
ETOIP.2T3.PU,BGD,2001,4.10492992401123,,
ETOIP.2T3.PU,BGD,2002,3.947200059890747,,
ETOIP.2T3.PU,BGD,2003,4.084169864654541,,
ETOIP.2T3.PU,BGD,2004,4.313220024108887,,
ETOIP.2T3.PU,BGD,2005,4.00816011428833,,
ETOIP.2T3.PU,BGD,2006,4.175710201263428,,
ETOIP.2T3.PU,BGD,2007,4.368949890136719,,
ETOIP.2T3.PU,BGD,2008,4.732419967651367,,
ETOIP.2T3.PU,BGD,2009,4.674960136413574,,
ETOIP.2T3.PU,BGD,2010,4.885419845581055,,
ETOIP.2T3.PU,BGD,2011,5.208499908447266,,
ETOIP.2T3.PU,BGD,2012,5.54256010055542,,
ETOIP.2T3.PU,BGD,2013,5.408309936523438,,UIS_EST
ETOIP.2T3.PU,BGD,2015,5.566969871520996,,
ETOIP.2T3.PU,BGD,2016,5.958740234375,,
ETOIP.2T3.PU,BGD,2017,6.100369930267334,,
ETOIP.2T3.PU.F,BGD,1998,36.58089828491211,,
ETOIP.2T3.PU.F,BGD,1999,38.17985916137695,,
ETOIP.2T3.PU.F,BGD,2000,39.44379043579102,,
ETOIP.2T3.PU.F,BGD,2001,39.77354049682617,,
ETOIP.2T3.PU.F,BGD,2002,40.10599136352539,,
ETOIP.2T3.PU.F,BGD,2003,41.16773986816406,,
ETOIP.2T3.PU.F,BGD,2004,34.76459121704102,,
ETOIP.2T3.PU.F,BGD,2005,44.64376831054688,,
ETOIP.2T3.PU.F,BGD,2006,44.53749847412109,,
ETOIP.2T3.PU.F,BGD,2007,45.01253128051758,,
ETOIP.2T3.PU.F,BGD,2010,44.27793121337891,,
ETOIP.2T3.PU.F,BGD,2011,44.03316879272461,,
ETOIP.2T3.PU.F,BGD,2012,45.09223175048828,,
ETOIP.2T3.PU.F,BGD,2013,45.04504013061523,,UIS_EST
ETOIP.2T3.PU.F,BGD,2015,45.9256591796875,,
ETOIP.2T3.PU.F,BGD,2016,45.69372177124023,,
ETOIP.2T3.PU.F,BGD,2017,47.90084838867188,,
ETOIP.2T3.PU.GPIA,BGD,1998,.5768100023269653,,
ETOIP.2T3.PU.GPIA,BGD,1999,.6176000237464905,,
ETOIP.2T3.PU.GPIA,BGD,2000,.6513599753379822,,
ETOIP.2T3.PU.GPIA,BGD,2001,.6603999733924866,,
ETOIP.2T3.PU.GPIA,BGD,2002,.6696199774742126,,
ETOIP.2T3.PU.GPIA,BGD,2003,.6997500061988831,,
ETOIP.2T3.PU.GPIA,BGD,2004,.5329099893569946,,
ETOIP.2T3.PU.GPIA,BGD,2005,.8064799904823303,,
ETOIP.2T3.PU.GPIA,BGD,2006,.8030200004577637,,
ETOIP.2T3.PU.GPIA,BGD,2007,.8185999989509583,,
ETOIP.2T3.PU.GPIA,BGD,2010,.7946199774742126,,
ETOIP.2T3.PU.GPIA,BGD,2011,.7867699861526489,,
ETOIP.2T3.PU.GPIA,BGD,2012,.8212400078773499,,
ETOIP.2T3.PU.GPIA,BGD,2013,.8196700215339661,,UIS_EST
ETOIP.2T3.PU.GPIA,BGD,2015,.8493099808692932,,
ETOIP.2T3.PU.GPIA,BGD,2016,.8414099812507629,,
ETOIP.2T3.PU.GPIA,BGD,2017,.9194200038909912,,
ETOIP.2T3.PU.M,BGD,1998,63.41910171508789,,
ETOIP.2T3.PU.M,BGD,1999,61.82014083862305,,
ETOIP.2T3.PU.M,BGD,2000,60.55620956420898,,
ETOIP.2T3.PU.M,BGD,2001,60.22645950317383,,
ETOIP.2T3.PU.M,BGD,2002,59.89400863647461,,
ETOIP.2T3.PU.M,BGD,2003,58.83226013183594,,
ETOIP.2T3.PU.M,BGD,2004,65.23541259765625,,
ETOIP.2T3.PU.M,BGD,2005,55.35623168945313,,
ETOIP.2T3.PU.M,BGD,2006,55.46250152587891,,
ETOIP.2T3.PU.M,BGD,2007,54.98746871948242,,
ETOIP.2T3.PU.M,BGD,2010,55.72206878662109,,
ETOIP.2T3.PU.M,BGD,2011,55.96683120727539,,
ETOIP.2T3.PU.M,BGD,2012,54.90776824951172,,
ETOIP.2T3.PU.M,BGD,2013,54.95495986938477,,UIS_EST
ETOIP.2T3.PU.M,BGD,2015,54.0743408203125,,
ETOIP.2T3.PU.M,BGD,2016,54.30627822875977,,
ETOIP.2T3.PU.M,BGD,2017,52.09915161132813,,
ETOIP.3.PR,BGD,1998,91.96585083007813,,
ETOIP.3.PR,BGD,1999,92.91413879394531,,
ETOIP.3.PR,BGD,2000,92.97048950195313,,
ETOIP.3.PR,BGD,2001,93.088623046875,,
ETOIP.3.PR,BGD,2002,93.37705993652344,,
ETOIP.3.PR,BGD,2003,93.08653259277344,,
ETOIP.3.PR,BGD,2004,92.55808258056641,,
ETOIP.3.PR,BGD,2005,93.14675903320313,,
ETOIP.3.PR,BGD,2006,92.91100311279297,,
ETOIP.3.PR,BGD,2007,92.49447631835938,,
ETOIP.3.PR,BGD,2008,91.89788818359375,,
ETOIP.3.PR,BGD,2009,92.04833221435547,,
ETOIP.3.PR,BGD,2010,90.59452056884766,,
ETOIP.3.PR,BGD,2011,90.87962341308594,,
ETOIP.3.PR,BGD,2012,90.23294067382813,,
ETOIP.3.PR,BGD,2013,90.42353820800781,,UIS_EST
ETOIP.3.PR,BGD,2015,90.75927734375,,
ETOIP.3.PR,BGD,2016,90.69706726074219,,
ETOIP.3.PR,BGD,2017,90.59385681152344,,
ETOIP.3.PR.F,BGD,1998,43.76782989501953,,
ETOIP.3.PR.F,BGD,1999,45.34654998779297,,
ETOIP.3.PR.F,BGD,2000,46.86536026000977,,
ETOIP.3.PR.F,BGD,2001,47.67190933227539,,
ETOIP.3.PR.F,BGD,2002,48.06169891357422,,
ETOIP.3.PR.F,BGD,2003,49.46979141235352,,
ETOIP.3.PR.F,BGD,2004,48.49111938476563,,
ETOIP.3.PR.F,BGD,2005,48.69202041625977,,
ETOIP.3.PR.F,BGD,2006,48.33697128295898,,
ETOIP.3.PR.F,BGD,2007,48.24565887451172,,
ETOIP.3.PR.F,BGD,2010,49.37850952148438,,
ETOIP.3.PR.F,BGD,2011,50.09983825683594,,
ETOIP.3.PR.F,BGD,2012,49.75873947143555,,
ETOIP.3.PR.F,BGD,2013,49.03387832641602,,UIS_EST
ETOIP.3.PR.F,BGD,2015,49.03279876708984,,
ETOIP.3.PR.F,BGD,2016,47.93611907958984,,
ETOIP.3.PR.F,BGD,2017,50.43320846557617,,
ETOIP.3.PR.GPIA,BGD,1998,.7783399820327759,,
ETOIP.3.PR.GPIA,BGD,1999,.8297100067138672,,
ETOIP.3.PR.GPIA,BGD,2000,.8820099830627441,,
ETOIP.3.PR.GPIA,BGD,2001,.9110199809074402,,
ETOIP.3.PR.GPIA,BGD,2002,.9253600239753723,,
ETOIP.3.PR.GPIA,BGD,2003,.9790099859237671,,
ETOIP.3.PR.GPIA,BGD,2004,.9414100050926208,,
ETOIP.3.PR.GPIA,BGD,2005,.9490100145339966,,
ETOIP.3.PR.GPIA,BGD,2006,.9356200098991394,,
ETOIP.3.PR.GPIA,BGD,2007,.932200014591217,,
ETOIP.3.PR.GPIA,BGD,2010,.9754499793052673,,
ETOIP.3.PR.GPIA,BGD,2011,1.003990054130554,,
ETOIP.3.PR.GPIA,BGD,2012,.9904000163078308,,
ETOIP.3.PR.GPIA,BGD,2013,.962090015411377,,UIS_EST
ETOIP.3.PR.GPIA,BGD,2015,.9620500206947327,,
ETOIP.3.PR.GPIA,BGD,2016,.9207199811935425,,
ETOIP.3.PR.GPIA,BGD,2017,1.0171799659729,,
ETOIP.3.PR.M,BGD,1998,56.23217010498047,,
ETOIP.3.PR.M,BGD,1999,54.65345001220703,,
ETOIP.3.PR.M,BGD,2000,53.13463973999023,,
ETOIP.3.PR.M,BGD,2001,52.32809066772461,,
ETOIP.3.PR.M,BGD,2002,51.93830108642578,,
ETOIP.3.PR.M,BGD,2003,50.53020858764648,,
ETOIP.3.PR.M,BGD,2004,51.50888061523438,,
ETOIP.3.PR.M,BGD,2005,51.30797958374023,,
ETOIP.3.PR.M,BGD,2006,51.66302871704102,,
ETOIP.3.PR.M,BGD,2007,51.75434112548828,,
ETOIP.3.PR.M,BGD,2010,50.62149047851563,,
ETOIP.3.PR.M,BGD,2011,49.90016174316406,,
ETOIP.3.PR.M,BGD,2012,50.24126052856445,,
ETOIP.3.PR.M,BGD,2013,50.96612167358398,,UIS_EST
ETOIP.3.PR.M,BGD,2015,50.96720123291016,,
ETOIP.3.PR.M,BGD,2016,52.06388092041016,,
ETOIP.3.PR.M,BGD,2017,49.56679153442383,,
ETOIP.3.PU,BGD,1998,8.034150123596191,,
ETOIP.3.PU,BGD,1999,7.085859775543213,,
ETOIP.3.PU,BGD,2000,7.029510021209717,,
ETOIP.3.PU,BGD,2001,6.911379814147949,,
ETOIP.3.PU,BGD,2002,6.622940063476563,,
ETOIP.3.PU,BGD,2003,6.913469791412354,,
ETOIP.3.PU,BGD,2004,7.441919803619385,,
ETOIP.3.PU,BGD,2005,6.853240013122559,,
ETOIP.3.PU,BGD,2006,7.089000225067139,,
ETOIP.3.PU,BGD,2007,7.505499839782715,,
ETOIP.3.PU,BGD,2008,8.102109909057617,,
ETOIP.3.PU,BGD,2009,7.951670169830322,,
ETOIP.3.PU,BGD,2010,8.194299697875977,,
ETOIP.3.PU,BGD,2011,9.120380401611328,,
ETOIP.3.PU,BGD,2012,9.767060279846191,,
ETOIP.3.PU,BGD,2013,9.576459884643555,,UIS_EST
ETOIP.3.PU,BGD,2015,9.240719795227051,,
ETOIP.3.PU,BGD,2016,9.302929878234863,,
ETOIP.3.PU,BGD,2017,9.406140327453613,,
ETOIP.3.PU.F,BGD,1998,33.51076889038086,,
ETOIP.3.PU.F,BGD,1999,35.83073043823242,,
ETOIP.3.PU.F,BGD,2000,34.79095840454102,,
ETOIP.3.PU.F,BGD,2001,36.90901184082031,,
ETOIP.3.PU.F,BGD,2002,37.32783889770508,,
ETOIP.3.PU.F,BGD,2003,38.64117813110352,,
ETOIP.3.PU.F,BGD,2004,28.90019989013672,,
ETOIP.3.PU.F,BGD,2005,43.00279998779297,,
ETOIP.3.PU.F,BGD,2006,43.01374053955078,,
ETOIP.3.PU.F,BGD,2007,44.18946075439453,,
ETOIP.3.PU.F,BGD,2010,43.228271484375,,
ETOIP.3.PU.F,BGD,2011,42.74663162231445,,
ETOIP.3.PU.F,BGD,2012,43.9204216003418,,
ETOIP.3.PU.F,BGD,2013,44.18479919433594,,UIS_EST
ETOIP.3.PU.F,BGD,2015,44.20663070678711,,
ETOIP.3.PU.F,BGD,2016,43.52050018310547,,
ETOIP.3.PU.F,BGD,2017,46.87326812744141,,
ETOIP.3.PU.GPIA,BGD,1998,.5040000081062317,,
ETOIP.3.PU.GPIA,BGD,1999,.5583800077438354,,
ETOIP.3.PU.GPIA,BGD,2000,.5335299968719482,,
ETOIP.3.PU.GPIA,BGD,2001,.5850099921226501,,
ETOIP.3.PU.GPIA,BGD,2002,.5956000089645386,,
ETOIP.3.PU.GPIA,BGD,2003,.6297600269317627,,
ETOIP.3.PU.GPIA,BGD,2004,.406470000743866,,
ETOIP.3.PU.GPIA,BGD,2005,.7544699907302856,,
ETOIP.3.PU.GPIA,BGD,2006,.7548099756240845,,
ETOIP.3.PU.GPIA,BGD,2007,.7917799949645996,,
ETOIP.3.PU.GPIA,BGD,2010,.7614399790763855,,
ETOIP.3.PU.GPIA,BGD,2011,.7466199994087219,,
ETOIP.3.PU.GPIA,BGD,2012,.7831799983978271,,
ETOIP.3.PU.GPIA,BGD,2013,.7916300296783447,,UIS_EST
ETOIP.3.PU.GPIA,BGD,2015,.7923300266265869,,
ETOIP.3.PU.GPIA,BGD,2016,.770550012588501,,
ETOIP.3.PU.GPIA,BGD,2017,.8822900056838989,,
ETOIP.3.PU.M,BGD,1998,66.48922729492188,,
ETOIP.3.PU.M,BGD,1999,64.16927337646484,,
ETOIP.3.PU.M,BGD,2000,65.20903778076172,,
ETOIP.3.PU.M,BGD,2001,63.09098815917969,,
ETOIP.3.PU.M,BGD,2002,62.67216110229492,,
ETOIP.3.PU.M,BGD,2003,61.35882186889648,,
ETOIP.3.PU.M,BGD,2004,71.09980010986328,,
ETOIP.3.PU.M,BGD,2005,56.99720001220703,,
ETOIP.3.PU.M,BGD,2006,56.98625946044922,,
ETOIP.3.PU.M,BGD,2007,55.81053924560547,,
ETOIP.3.PU.M,BGD,2010,56.771728515625,,
ETOIP.3.PU.M,BGD,2011,57.25336837768555,,
ETOIP.3.PU.M,BGD,2012,56.0795783996582,,
ETOIP.3.PU.M,BGD,2013,55.81520080566406,,UIS_EST
ETOIP.3.PU.M,BGD,2015,55.79336929321289,,
ETOIP.3.PU.M,BGD,2016,56.47949981689453,,
ETOIP.3.PU.M,BGD,2017,53.12673187255859,,
ETOIP.4.PR,BGD,1998,4.892109870910645,,
ETOIP.4.PR,BGD,1999,6.615789890289307,,
ETOIP.4.PR,BGD,2000,6.226500034332275,,
ETOIP.4.PR,BGD,2001,11.03351020812988,,
ETOIP.4.PR,BGD,2002,10.21109962463379,,
ETOIP.4.PR,BGD,2003,17.26851081848145,,
ETOIP.4.PR,BGD,2004,41.06515884399414,,
ETOIP.4.PR,BGD,2005,40.80104064941406,,
ETOIP.4.PR,BGD,2006,41.85295104980469,,
ETOIP.4.PR,BGD,2007,42.38150024414063,,
ETOIP.4.PR,BGD,2008,40.57527160644531,,
ETOIP.4.PR,BGD,2009,39.33087921142578,,
ETOIP.4.PR,BGD,2010,43.71393966674805,,
ETOIP.4.PR,BGD,2011,37.38233947753906,,
ETOIP.4.PR,BGD,2012,39.70114898681641,,
ETOIP.4.PR,BGD,2013,39.96070861816406,,
ETOIP.4.PR,BGD,2015,58.379150390625,,
ETOIP.4.PR,BGD,2016,57.66119003295898,,
ETOIP.4.PR,BGD,2017,54.90892028808594,,
ETOIP.4.PR,BGD,2018,49.63813018798828,,
ETOIP.4.PR,BGD,2019,51.50526809692383,,
ETOIP.4.PR,BGD,2020,48.41265106201172,,
ETOIP.4.PR.F,BGD,1998,55.42589950561523,,
ETOIP.4.PR.F,BGD,1999,45.34160995483398,,
ETOIP.4.PR.F,BGD,2000,45.38188171386719,,
ETOIP.4.PR.F,BGD,2001,27.47706031799316,,
ETOIP.4.PR.F,BGD,2002,25.60000038146973,,
ETOIP.4.PR.F,BGD,2003,16.53759002685547,,
ETOIP.4.PR.F,BGD,2004,22.57716941833496,,
ETOIP.4.PR.F,BGD,2005,19.4057502746582,,
ETOIP.4.PR.F,BGD,2006,18.36957931518555,,
ETOIP.4.PR.F,BGD,2007,18.30744934082031,,
ETOIP.4.PR.F,BGD,2008,14.40645027160645,,
ETOIP.4.PR.F,BGD,2009,14.93496036529541,,
ETOIP.4.PR.F,BGD,2010,15.18663024902344,,
ETOIP.4.PR.F,BGD,2011,12.20876979827881,,
ETOIP.4.PR.F,BGD,2012,16.17484092712402,,
ETOIP.4.PR.F,BGD,2013,14.02151012420654,,
ETOIP.4.PR.F,BGD,2015,21.35968017578125,,
ETOIP.4.PR.F,BGD,2016,17.90612983703613,,
ETOIP.4.PR.F,BGD,2017,18.72323989868164,,
ETOIP.4.PR.F,BGD,2018,18.71803092956543,,
ETOIP.4.PR.F,BGD,2019,17.41094970703125,,
ETOIP.4.PR.F,BGD,2020,19.11878967285156,,
ETOIP.4.PR.GPIA,BGD,1998,1.19579005241394,,
ETOIP.4.PR.GPIA,BGD,1999,.82955002784729,,
ETOIP.4.PR.GPIA,BGD,2000,.8308899998664856,,
ETOIP.4.PR.GPIA,BGD,2001,.3788700103759766,,
ETOIP.4.PR.GPIA,BGD,2002,.3440900146961212,,
ETOIP.4.PR.GPIA,BGD,2003,.1981399953365326,,
ETOIP.4.PR.GPIA,BGD,2004,.2916100025177002,,
ETOIP.4.PR.GPIA,BGD,2005,.2407799959182739,,
ETOIP.4.PR.GPIA,BGD,2006,.2250300049781799,,
ETOIP.4.PR.GPIA,BGD,2007,.2240999937057495,,
ETOIP.4.PR.GPIA,BGD,2008,.1683100014925003,,
ETOIP.4.PR.GPIA,BGD,2009,.1755699962377548,,
ETOIP.4.PR.GPIA,BGD,2010,.1790599972009659,,
ETOIP.4.PR.GPIA,BGD,2011,.1390700042247772,,
ETOIP.4.PR.GPIA,BGD,2012,.1929599940776825,,
ETOIP.4.PR.GPIA,BGD,2013,.1630800068378448,,
ETOIP.4.PR.GPIA,BGD,2015,.2716099917888641,,
ETOIP.4.PR.GPIA,BGD,2016,.2181199938058853,,
ETOIP.4.PR.GPIA,BGD,2017,.2303600013256073,,
ETOIP.4.PR.GPIA,BGD,2018,.2302899956703186,,
ETOIP.4.PR.GPIA,BGD,2019,.2108100056648254,,
ETOIP.4.PR.GPIA,BGD,2020,.2363799959421158,,
ETOIP.4.PR.M,BGD,1998,44.57410049438477,,
ETOIP.4.PR.M,BGD,1999,54.65839004516602,,
ETOIP.4.PR.M,BGD,2000,54.61811828613281,,
ETOIP.4.PR.M,BGD,2001,72.52294158935547,,
ETOIP.4.PR.M,BGD,2002,74.40000152587891,,
ETOIP.4.PR.M,BGD,2003,83.46240997314453,,
ETOIP.4.PR.M,BGD,2004,77.42282867431641,,
ETOIP.4.PR.M,BGD,2005,80.59425354003906,,
ETOIP.4.PR.M,BGD,2006,81.63041687011719,,
ETOIP.4.PR.M,BGD,2007,81.69255065917969,,
ETOIP.4.PR.M,BGD,2008,85.59355163574219,,
ETOIP.4.PR.M,BGD,2009,85.06504058837891,,
ETOIP.4.PR.M,BGD,2010,84.81336975097656,,
ETOIP.4.PR.M,BGD,2011,87.79122924804688,,
ETOIP.4.PR.M,BGD,2012,83.82515716552734,,
ETOIP.4.PR.M,BGD,2013,85.97849273681641,,
ETOIP.4.PR.M,BGD,2015,78.64031982421875,,
ETOIP.4.PR.M,BGD,2016,82.0938720703125,,
ETOIP.4.PR.M,BGD,2017,81.27675628662109,,
ETOIP.4.PR.M,BGD,2018,81.28196716308594,,
ETOIP.4.PR.M,BGD,2019,82.58905029296875,,
ETOIP.4.PR.M,BGD,2020,80.88121032714844,,
ETOIP.4.PU,BGD,1998,95.10788726806641,,
ETOIP.4.PU,BGD,1999,93.38420867919922,,
ETOIP.4.PU,BGD,2000,93.77349853515625,,
ETOIP.4.PU,BGD,2001,88.96649169921875,,
ETOIP.4.PU,BGD,2002,89.78890228271484,,
ETOIP.4.PU,BGD,2003,82.73149108886719,,
ETOIP.4.PU,BGD,2004,58.93484115600586,,
ETOIP.4.PU,BGD,2005,59.19895935058594,,
ETOIP.4.PU,BGD,2006,58.14704895019531,,
ETOIP.4.PU,BGD,2007,57.61849975585938,,
ETOIP.4.PU,BGD,2008,59.42472839355469,,
ETOIP.4.PU,BGD,2009,60.66912078857422,,
ETOIP.4.PU,BGD,2010,56.28606033325195,,
ETOIP.4.PU,BGD,2011,62.61766052246094,,
ETOIP.4.PU,BGD,2012,60.29885101318359,,
ETOIP.4.PU,BGD,2013,60.03929138183594,,
ETOIP.4.PU,BGD,2015,41.620849609375,,
ETOIP.4.PU,BGD,2016,42.33880996704102,,
ETOIP.4.PU,BGD,2017,45.09107971191406,,
ETOIP.4.PU,BGD,2018,50.36186981201172,,
ETOIP.4.PU,BGD,2019,48.49473190307617,,
ETOIP.4.PU,BGD,2020,51.58734893798828,,
ETOIP.4.PU.F,BGD,1998,43.03462982177734,,
ETOIP.4.PU.F,BGD,1999,45.14709854125977,,
ETOIP.4.PU.F,BGD,2000,42.98855972290039,,
ETOIP.4.PU.F,BGD,2001,41.87052154541016,,
ETOIP.4.PU.F,BGD,2002,44.37368011474609,,
ETOIP.4.PU.F,BGD,2003,44.76512145996094,,
ETOIP.4.PU.F,BGD,2004,27.5313892364502,,
ETOIP.4.PU.F,BGD,2005,24.88513946533203,,
ETOIP.4.PU.F,BGD,2006,26.7656307220459,,
ETOIP.4.PU.F,BGD,2007,26.24630928039551,,
ETOIP.4.PU.F,BGD,2008,16.14349937438965,,
ETOIP.4.PU.F,BGD,2009,18.30225944519043,,
ETOIP.4.PU.F,BGD,2010,23.23043060302734,,
ETOIP.4.PU.F,BGD,2011,19.81051063537598,,
ETOIP.4.PU.F,BGD,2012,19.19684982299805,,
ETOIP.4.PU.F,BGD,2013,16.82241058349609,,
ETOIP.4.PU.F,BGD,2015,19.64320945739746,,
ETOIP.4.PU.F,BGD,2016,15.51115989685059,,
ETOIP.4.PU.F,BGD,2017,19.19264984130859,,
ETOIP.4.PU.F,BGD,2018,16.72660064697266,,
ETOIP.4.PU.F,BGD,2019,18.57015037536621,,
ETOIP.4.PU.F,BGD,2020,17.39709091186523,,
ETOIP.4.PU.GPIA,BGD,1998,.7554500102996826,,
ETOIP.4.PU.GPIA,BGD,1999,.8230599761009216,,
ETOIP.4.PU.GPIA,BGD,2000,.7540299892425537,,
ETOIP.4.PU.GPIA,BGD,2001,.720300018787384,,
ETOIP.4.PU.GPIA,BGD,2002,.7977100014686584,,
ETOIP.4.PU.GPIA,BGD,2003,.81045001745224,,
ETOIP.4.PU.GPIA,BGD,2004,.3799099922180176,,
ETOIP.4.PU.GPIA,BGD,2005,.3312900066375732,,
ETOIP.4.PU.GPIA,BGD,2006,.3654800057411194,,
ETOIP.4.PU.GPIA,BGD,2007,.3558599948883057,,
ETOIP.4.PU.GPIA,BGD,2008,.1925099939107895,,
ETOIP.4.PU.GPIA,BGD,2009,.2240200042724609,,
ETOIP.4.PU.GPIA,BGD,2010,.3025999963283539,,
ETOIP.4.PU.GPIA,BGD,2011,.2470500022172928,,
ETOIP.4.PU.GPIA,BGD,2012,.2375800013542175,,
ETOIP.4.PU.GPIA,BGD,2013,.2022500038146973,,
ETOIP.4.PU.GPIA,BGD,2015,.2444500029087067,,
ETOIP.4.PU.GPIA,BGD,2016,.1835899949073792,,
ETOIP.4.PU.GPIA,BGD,2017,.2375099956989288,,
ETOIP.4.PU.GPIA,BGD,2018,.2008599936962128,,
ETOIP.4.PU.GPIA,BGD,2019,.2280499935150146,,
ETOIP.4.PU.GPIA,BGD,2020,.2106100022792816,,
ETOIP.4.PU.M,BGD,1998,56.96537017822266,,
ETOIP.4.PU.M,BGD,1999,54.85290145874023,,
ETOIP.4.PU.M,BGD,2000,57.01144027709961,,
ETOIP.4.PU.M,BGD,2001,58.12947845458984,,
ETOIP.4.PU.M,BGD,2002,55.62631988525391,,
ETOIP.4.PU.M,BGD,2003,55.23487854003906,,
ETOIP.4.PU.M,BGD,2004,72.46861267089844,,
ETOIP.4.PU.M,BGD,2005,75.11486053466797,,
ETOIP.4.PU.M,BGD,2006,73.23436737060547,,
ETOIP.4.PU.M,BGD,2007,73.75369262695313,,
ETOIP.4.PU.M,BGD,2008,83.85649871826172,,
ETOIP.4.PU.M,BGD,2009,81.69773864746094,,
ETOIP.4.PU.M,BGD,2010,76.76956939697266,,
ETOIP.4.PU.M,BGD,2011,80.18949127197266,,
ETOIP.4.PU.M,BGD,2012,80.80314636230469,,
ETOIP.4.PU.M,BGD,2013,83.17758941650391,,
ETOIP.4.PU.M,BGD,2015,80.35678863525391,,
ETOIP.4.PU.M,BGD,2016,84.48883819580078,,
ETOIP.4.PU.M,BGD,2017,80.80735015869141,,
ETOIP.4.PU.M,BGD,2018,83.27339935302734,,
ETOIP.4.PU.M,BGD,2019,81.42984771728516,,
ETOIP.4.PU.M,BGD,2020,82.60291290283203,,
ETOIP.5T8.PR,BGD,1999,58.88407897949219,,
ETOIP.5T8.PR,BGD,2000,62.70433044433594,,
ETOIP.5T8.PR,BGD,2001,63.50580978393555,,
ETOIP.5T8.PR,BGD,2002,58.47470855712891,,
ETOIP.5T8.PR,BGD,2003,58.30702972412109,,
ETOIP.5T8.PR,BGD,2004,53.25556182861328,,
ETOIP.5T8.PR,BGD,2005,46.80781173706055,,
ETOIP.5T8.PR,BGD,2006,48.83216094970703,,
ETOIP.5T8.PR,BGD,2007,49.23131942749023,,
ETOIP.5T8.PR,BGD,2008,50.15739059448242,,
ETOIP.5T8.PR,BGD,2009,43.02696990966797,,
ETOIP.5T8.PR,BGD,2011,45.1673698425293,,
ETOIP.5T8.PR,BGD,2012,43.02695846557617,,
ETOIP.5T8.PR,BGD,2014,43.02695083618164,,
ETOIP.5T8.PR,BGD,2016,35.45489883422852,,
ETOIP.5T8.PR,BGD,2017,35.45491027832031,,
ETOIP.5T8.PR,BGD,2018,35.78866958618164,,
ETOIP.5T8.PR,BGD,2019,36.4936408996582,,
ETOIP.5T8.PR,BGD,2020,36.14463043212891,,
ETOIP.5T8.PR,BGD,2022,34.58837127685547,,
ETOIP.5T8.PR,BGD,2023,34.61344146728516,,
ETOIP.5T8.PR.F,BGD,1999,30.68865966796875,,
ETOIP.5T8.PR.F,BGD,2000,31.03562927246094,,
ETOIP.5T8.PR.F,BGD,2001,33.36236953735352,,
ETOIP.5T8.PR.F,BGD,2002,30.44244003295898,,
ETOIP.5T8.PR.F,BGD,2003,30.3430004119873,,
ETOIP.5T8.PR.F,BGD,2004,31.97872924804688,,
ETOIP.5T8.PR.F,BGD,2005,32.32411956787109,,
ETOIP.5T8.PR.F,BGD,2007,32.5889892578125,,
ETOIP.5T8.PR.F,BGD,2008,34.12417984008789,,
ETOIP.5T8.PR.F,BGD,2009,35.26519012451172,,
ETOIP.5T8.PR.F,BGD,2011,40.82215118408203,,
ETOIP.5T8.PR.F,BGD,2012,39.56121063232422,,
ETOIP.5T8.PR.F,BGD,2014,39.89347839355469,,
ETOIP.5T8.PR.F,BGD,2016,38.14942169189453,,
ETOIP.5T8.PR.F,BGD,2017,38.14942169189453,,
ETOIP.5T8.PR.F,BGD,2018,39.19892883300781,,
ETOIP.5T8.PR.F,BGD,2019,39.48455047607422,,
ETOIP.5T8.PR.F,BGD,2020,41.3319206237793,,
ETOIP.5T8.PR.F,BGD,2022,43.34009170532227,,
ETOIP.5T8.PR.F,BGD,2023,43.32907104492188,,
ETOIP.5T8.PR.GPIA,BGD,1999,.4427700042724609,,
ETOIP.5T8.PR.GPIA,BGD,2000,.4500199854373932,,
ETOIP.5T8.PR.GPIA,BGD,2001,.5006499886512756,,
ETOIP.5T8.PR.GPIA,BGD,2002,.4376600086688995,,
ETOIP.5T8.PR.GPIA,BGD,2003,.4356099963188171,,
ETOIP.5T8.PR.GPIA,BGD,2004,.4701299965381622,,
ETOIP.5T8.PR.GPIA,BGD,2005,.4776299893856049,,
ETOIP.5T8.PR.GPIA,BGD,2007,.4834400117397308,,
ETOIP.5T8.PR.GPIA,BGD,2008,.5180100202560425,,
ETOIP.5T8.PR.GPIA,BGD,2009,.54475998878479,,
ETOIP.5T8.PR.GPIA,BGD,2011,.6898199915885925,,
ETOIP.5T8.PR.GPIA,BGD,2012,.6545699834823608,,
ETOIP.5T8.PR.GPIA,BGD,2014,.6637099981307983,,
ETOIP.5T8.PR.GPIA,BGD,2016,.6168000102043152,,
ETOIP.5T8.PR.GPIA,BGD,2017,.6168000102043152,,
ETOIP.5T8.PR.GPIA,BGD,2018,.6447100043296814,,
ETOIP.5T8.PR.GPIA,BGD,2019,.6524699926376343,,
ETOIP.5T8.PR.GPIA,BGD,2020,.7045000195503235,,
ETOIP.5T8.PR.GPIA,BGD,2022,.7649199962615967,,
ETOIP.5T8.PR.GPIA,BGD,2023,.7645699977874756,,
ETOIP.5T8.PR.M,BGD,1999,69.31134033203125,,
ETOIP.5T8.PR.M,BGD,2000,68.96437072753906,,
ETOIP.5T8.PR.M,BGD,2001,66.63762664794922,,
ETOIP.5T8.PR.M,BGD,2002,69.55756378173828,,
ETOIP.5T8.PR.M,BGD,2003,69.65699768066406,,
ETOIP.5T8.PR.M,BGD,2004,68.02127075195313,,
ETOIP.5T8.PR.M,BGD,2005,67.67588043212891,,
ETOIP.5T8.PR.M,BGD,2007,67.4110107421875,,
ETOIP.5T8.PR.M,BGD,2008,65.87581634521484,,
ETOIP.5T8.PR.M,BGD,2009,64.73480987548828,,
ETOIP.5T8.PR.M,BGD,2011,59.17784881591797,,
ETOIP.5T8.PR.M,BGD,2012,60.43878936767578,,
ETOIP.5T8.PR.M,BGD,2014,60.10652160644531,,
ETOIP.5T8.PR.M,BGD,2016,61.85057830810547,,
ETOIP.5T8.PR.M,BGD,2017,61.85057830810547,,
ETOIP.5T8.PR.M,BGD,2018,60.80107116699219,,
ETOIP.5T8.PR.M,BGD,2019,60.51544952392578,,
ETOIP.5T8.PR.M,BGD,2020,58.6680793762207,,
ETOIP.5T8.PR.M,BGD,2022,56.65990829467773,,
ETOIP.5T8.PR.M,BGD,2023,56.67092895507813,,
ETOIP.5T8.PU,BGD,1999,41.11592102050781,,
ETOIP.5T8.PU,BGD,2000,37.29566955566406,,
ETOIP.5T8.PU,BGD,2001,36.49419021606445,,
ETOIP.5T8.PU,BGD,2002,41.52529144287109,,
ETOIP.5T8.PU,BGD,2003,41.69297027587891,,
ETOIP.5T8.PU,BGD,2004,46.74443817138672,,
ETOIP.5T8.PU,BGD,2005,53.19218826293945,,
ETOIP.5T8.PU,BGD,2006,51.16783905029297,,
ETOIP.5T8.PU,BGD,2007,50.76868057250977,,
ETOIP.5T8.PU,BGD,2008,49.84260940551758,,
ETOIP.5T8.PU,BGD,2009,56.97303009033203,,
ETOIP.5T8.PU,BGD,2011,54.8326301574707,,
ETOIP.5T8.PU,BGD,2012,56.97304153442383,,
ETOIP.5T8.PU,BGD,2014,56.97304916381836,,
ETOIP.5T8.PU,BGD,2016,64.54509735107422,,
ETOIP.5T8.PU,BGD,2017,64.54508972167969,,
ETOIP.5T8.PU,BGD,2018,64.21132659912109,,
ETOIP.5T8.PU,BGD,2019,63.5063591003418,,
ETOIP.5T8.PU,BGD,2020,63.85536956787109,,
ETOIP.5T8.PU,BGD,2022,65.41162872314453,,
ETOIP.5T8.PU,BGD,2023,65.38655853271484,,
ETOIP.5T8.PU.F,BGD,1999,34.53245162963867,,
ETOIP.5T8.PU.F,BGD,2000,34.45252990722656,,
ETOIP.5T8.PU.F,BGD,2001,34.66120147705078,,
ETOIP.5T8.PU.F,BGD,2002,34.21878814697266,,
ETOIP.5T8.PU.F,BGD,2003,34.37300872802734,,
ETOIP.5T8.PU.F,BGD,2004,31.06797027587891,,
ETOIP.5T8.PU.F,BGD,2005,34.44173812866211,,
ETOIP.5T8.PU.F,BGD,2007,37.13261032104492,,
ETOIP.5T8.PU.F,BGD,2008,36.14400863647461,,
ETOIP.5T8.PU.F,BGD,2009,38.2665901184082,,
ETOIP.5T8.PU.F,BGD,2011,40.14878082275391,,
ETOIP.5T8.PU.F,BGD,2012,42.76171875,,
ETOIP.5T8.PU.F,BGD,2014,43.12134170532227,,
ETOIP.5T8.PU.F,BGD,2016,41.51185989379883,,
ETOIP.5T8.PU.F,BGD,2017,41.5118408203125,,
ETOIP.5T8.PU.F,BGD,2018,41.27048110961914,,
ETOIP.5T8.PU.F,BGD,2019,41.70156860351563,,
ETOIP.5T8.PU.F,BGD,2020,43.33758926391602,,
ETOIP.5T8.PU.F,BGD,2022,45.92527008056641,,
ETOIP.5T8.PU.F,BGD,2023,46.76380157470703,,
ETOIP.5T8.PU.GPIA,BGD,1999,.5274699926376343,,
ETOIP.5T8.PU.GPIA,BGD,2000,.5256100296974182,,
ETOIP.5T8.PU.GPIA,BGD,2001,.5304800271987915,,
ETOIP.5T8.PU.GPIA,BGD,2002,.5201900005340576,,
ETOIP.5T8.PU.GPIA,BGD,2003,.5237600207328796,,
ETOIP.5T8.PU.GPIA,BGD,2004,.4507000148296356,,
ETOIP.5T8.PU.GPIA,BGD,2005,.5253599882125854,,
ETOIP.5T8.PU.GPIA,BGD,2007,.5906500220298767,,
ETOIP.5T8.PU.GPIA,BGD,2008,.5660200119018555,,
ETOIP.5T8.PU.GPIA,BGD,2009,.6198700070381165,,
ETOIP.5T8.PU.GPIA,BGD,2011,.6708099842071533,,
ETOIP.5T8.PU.GPIA,BGD,2012,.7470800280570984,,
ETOIP.5T8.PU.GPIA,BGD,2014,.7581300139427185,,
ETOIP.5T8.PU.GPIA,BGD,2016,.7097499966621399,,
ETOIP.5T8.PU.GPIA,BGD,2017,.7097499966621399,,
ETOIP.5T8.PU.GPIA,BGD,2018,.7027199864387512,,
ETOIP.5T8.PU.GPIA,BGD,2019,.7153099775314331,,
ETOIP.5T8.PU.GPIA,BGD,2020,.7648400068283081,,
ETOIP.5T8.PU.GPIA,BGD,2022,.8492900133132935,,
ETOIP.5T8.PU.GPIA,BGD,2023,.8784199953079224,,
ETOIP.5T8.PU.M,BGD,1999,65.46755218505859,,
ETOIP.5T8.PU.M,BGD,2000,65.54747009277344,,
ETOIP.5T8.PU.M,BGD,2001,65.33879852294922,,
ETOIP.5T8.PU.M,BGD,2002,65.78121185302734,,
ETOIP.5T8.PU.M,BGD,2003,65.62699127197266,,
ETOIP.5T8.PU.M,BGD,2004,68.93202972412109,,
ETOIP.5T8.PU.M,BGD,2005,65.55825805664063,,
ETOIP.5T8.PU.M,BGD,2007,62.86738967895508,,
ETOIP.5T8.PU.M,BGD,2008,63.85599136352539,,
ETOIP.5T8.PU.M,BGD,2009,61.7334098815918,,
ETOIP.5T8.PU.M,BGD,2011,59.85121917724609,,
ETOIP.5T8.PU.M,BGD,2012,57.23828125,,
ETOIP.5T8.PU.M,BGD,2014,56.87865829467773,,
ETOIP.5T8.PU.M,BGD,2016,58.48814010620117,,
ETOIP.5T8.PU.M,BGD,2017,58.4881591796875,,
ETOIP.5T8.PU.M,BGD,2018,58.72951889038086,,
ETOIP.5T8.PU.M,BGD,2019,58.29843139648438,,
ETOIP.5T8.PU.M,BGD,2020,56.66241073608398,,
ETOIP.5T8.PU.M,BGD,2022,54.07472991943359,,
ETOIP.5T8.PU.M,BGD,2023,53.23619842529297,,
FGP.5T8.F500600700,BGD,2002,28.5592098236084,,
FGP.5T8.F500600700,BGD,2003,23.77152061462402,,
FGP.5T8.F500600700,BGD,2016,19.77568054199219,,
FGP.5T8.F500600700,BGD,2017,19.77568054199219,,
FGP.5T8.F500600700,BGD,2019,20.37030982971191,,
FGP.5T8.F500600700,BGD,2020,20.36989974975586,,
FOSGP.5T8.F1000,BGD,2011,0,NIL,
FOSGP.5T8.F1000,BGD,2012,0,NIL,
FOSGP.5T8.F1000,BGD,2014,0,NIL,
FOSGP.5T8.F1000,BGD,2016,.1880906970098038,,
FOSGP.5T8.F1000,BGD,2017,.1880906970700842,,
FOSGP.5T8.F1000,BGD,2018,.2227891923333729,,
FOSGP.5T8.F1000,BGD,2019,.2118083134763039,,
FOSGP.5T8.F1000,BGD,2020,.2118279281143523,,
FOSGP.5T8.F1000.F,BGD,2012,0,NIL,
FOSGP.5T8.F1000.F,BGD,2014,0,NIL,
FOSGP.5T8.F1000.F,BGD,2016,.124560637406848,,
FOSGP.5T8.F1000.F,BGD,2017,.1245606376191545,,
FOSGP.5T8.F1000.F,BGD,2018,.1451016692046347,,
FOSGP.5T8.F1000.F,BGD,2019,.1379318953465149,,
FOSGP.5T8.F1000.F,BGD,2020,.1377573109772897,,
FOSGP.5T8.F1000.GPIA,BGD,2016,.5842918133044197,,
FOSGP.5T8.F1000.GPIA,BGD,2017,.5842918142997001,,
FOSGP.5T8.F1000.GPIA,BGD,2018,.5735351455116262,,
FOSGP.5T8.F1000.GPIA,BGD,2019,.573113313853007,,
FOSGP.5T8.F1000.GPIA,BGD,2020,.5721604109908213,,
FOSGP.5T8.F1000.M,BGD,2012,0,NIL,
FOSGP.5T8.F1000.M,BGD,2014,0,NIL,
FOSGP.5T8.F1000.M,BGD,2016,.2131822397140983,,
FOSGP.5T8.F1000.M,BGD,2017,.2131822397143215,,
FOSGP.5T8.F1000.M,BGD,2018,.252995252932923,,
FOSGP.5T8.F1000.M,BGD,2019,.2406712460040527,,
FOSGP.5T8.F1000.M,BGD,2020,.2407669393601223,,
FOSGP.5T8.F110,BGD,2012,3.757626003088373,,
FOSGP.5T8.F110,BGD,2014,3.775430538214539,,
FOSGP.5T8.F110,BGD,2016,1.216711696282168,,
FOSGP.5T8.F110,BGD,2017,1.216711696403739,,
FOSGP.5T8.F110,BGD,2018,1.187116727223572,,
FOSGP.5T8.F110,BGD,2019,1.208429550065138,,
FOSGP.5T8.F110,BGD,2020,1.208256392353976,,
FOSGP.5T8.F110.F,BGD,2012,3.099876489888083,,
FOSGP.5T8.F110.F,BGD,2014,3.110161236918473,,
FOSGP.5T8.F110.F,BGD,2016,.9528172895891647,,
FOSGP.5T8.F110.F,BGD,2017,.9528172898027888,,
FOSGP.5T8.F110.F,BGD,2018,.9342789643775632,,
FOSGP.5T8.F110.F,BGD,2019,.935565208707809,,
FOSGP.5T8.F110.F,BGD,2020,.9350628904295216,,
FOSGP.5T8.F110.GPIA,BGD,2012,.7329591056531237,,
FOSGP.5T8.F110.GPIA,BGD,2014,.7309406338680099,,
FOSGP.5T8.F110.GPIA,BGD,2016,.7213185820210027,,
FOSGP.5T8.F110.GPIA,BGD,2017,.7213185821362231,,
FOSGP.5T8.F110.GPIA,BGD,2018,.7268256323579202,,
FOSGP.5T8.F110.GPIA,BGD,2019,.7114372312009987,,
FOSGP.5T8.F110.GPIA,BGD,2020,.7110789316374931,,
FOSGP.5T8.F110.M,BGD,2012,4.229262541360819,,
FOSGP.5T8.F110.M,BGD,2014,4.255012093745623,,
FOSGP.5T8.F110.M,BGD,2016,1.320938228042795,,
FOSGP.5T8.F110.M,BGD,2017,1.320938228127951,,
FOSGP.5T8.F110.M,BGD,2018,1.285423797378522,,
FOSGP.5T8.F110.M,BGD,2019,1.315035491083947,,
FOSGP.5T8.F110.M,BGD,2020,1.314991696176727,,
FOSGP.5T8.F200,BGD,2012,34.78881350783485,,
FOSGP.5T8.F200,BGD,2014,34.62502392300892,,
FOSGP.5T8.F200,BGD,2016,31.10833659316671,,
FOSGP.5T8.F200,BGD,2017,31.10833659317405,,
FOSGP.5T8.F200,BGD,2018,31.31813844557866,,
FOSGP.5T8.F200,BGD,2019,31.64938710599358,,
FOSGP.5T8.F200,BGD,2020,31.64939871513172,,
FOSGP.5T8.F200.F,BGD,2012,36.04146302652816,,
FOSGP.5T8.F200.F,BGD,2014,36.06922272701762,,
FOSGP.5T8.F200.F,BGD,2016,37.01741701326499,,
FOSGP.5T8.F200.F,BGD,2017,37.01741701342993,,
FOSGP.5T8.F200.F,BGD,2018,37.08852074695023,,
FOSGP.5T8.F200.F,BGD,2019,37.47316257239864,,
FOSGP.5T8.F200.F,BGD,2020,37.47336223425491,,
FOSGP.5T8.F200.GPIA,BGD,2012,1.059677283825536,,
FOSGP.5T8.F200.GPIA,BGD,2014,1.068903554685293,,
FOSGP.5T8.F200.GPIA,BGD,2016,1.222676365563127,,
FOSGP.5T8.F200.GPIA,BGD,2017,1.22267636556804,,
FOSGP.5T8.F200.GPIA,BGD,2018,1.216077436264933,,
FOSGP.5T8.F200.GPIA,BGD,2019,1.21613010338235,,
FOSGP.5T8.F200.GPIA,BGD,2020,1.216136364438297,,
FOSGP.5T8.F200.M,BGD,2012,33.89060640800648,,
FOSGP.5T8.F200.M,BGD,2014,33.58392506639056,,
FOSGP.5T8.F200.M,BGD,2016,28.77451313021646,,
FOSGP.5T8.F200.M,BGD,2017,28.77451313016282,,
FOSGP.5T8.F200.M,BGD,2018,29.07452826909045,,
FOSGP.5T8.F200.M,BGD,2019,29.37408407156251,,
FOSGP.5T8.F200.M,BGD,2020,29.37400595766368,,
FOSGP.5T8.F300,BGD,2016,26.17967120611133,,
FOSGP.5T8.F300,BGD,2017,26.17967120626288,,
FOSGP.5T8.F300,BGD,2018,25.75426858018294,,
FOSGP.5T8.F300,BGD,2019,25.779771955387,,
FOSGP.5T8.F300,BGD,2020,25.77982216563649,,
FOSGP.5T8.F300.F,BGD,2016,26.10762325418244,,
FOSGP.5T8.F300.F,BGD,2017,26.10762325443608,,
FOSGP.5T8.F300.F,BGD,2018,25.55620794544151,,
FOSGP.5T8.F300.F,BGD,2019,25.59167165967645,,
FOSGP.5T8.F300.F,BGD,2020,25.59137245640965,,
FOSGP.5T8.F300.GPIA,BGD,2016,.9961651711014918,,
FOSGP.5T8.F300.GPIA,BGD,2017,.9961651711069426,,
FOSGP.5T8.F300.GPIA,BGD,2018,.9893512991917351,,
FOSGP.5T8.F300.GPIA,BGD,2019,.9898817564393579,,
FOSGP.5T8.F300.GPIA,BGD,2020,.9898630139544516,,
FOSGP.5T8.F300.M,BGD,2016,26.2081269367352,,
FOSGP.5T8.F300.M,BGD,2017,26.20812693684642,,
FOSGP.5T8.F300.M,BGD,2018,25.83127749093777,,
FOSGP.5T8.F300.M,BGD,2019,25.85326125388012,,
FOSGP.5T8.F300.M,BGD,2020,25.85344850311503,,
FOSGP.5T8.F400,BGD,2016,27.25105851688053,,
FOSGP.5T8.F400,BGD,2017,27.25105851697332,,
FOSGP.5T8.F400,BGD,2018,27.06861760977048,,
FOSGP.5T8.F400,BGD,2019,26.92122238645549,,
FOSGP.5T8.F400,BGD,2020,26.92126035247788,,
FOSGP.5T8.F400.F,BGD,2016,25.62512975066397,,
FOSGP.5T8.F400.F,BGD,2017,25.62512975086381,,
FOSGP.5T8.F400.F,BGD,2018,25.28945573945624,,
FOSGP.5T8.F400.F,BGD,2019,25.17475534252047,,
FOSGP.5T8.F400.F,BGD,2020,25.17528914978437,,
FOSGP.5T8.F400.GPIA,BGD,2016,.9186864214943832,,
FOSGP.5T8.F400.GPIA,BGD,2017,.918686421499896,,
FOSGP.5T8.F400.GPIA,BGD,2018,.9109909089690849,,
FOSGP.5T8.F400.GPIA,BGD,2019,.9120114034286788,,
FOSGP.5T8.F400.GPIA,BGD,2020,.9120357270322983,,
FOSGP.5T8.F400.M,BGD,2016,27.89322792970075,,
FOSGP.5T8.F400.M,BGD,2017,27.89322792975091,,
FOSGP.5T8.F400.M,BGD,2018,27.76038211849429,,
FOSGP.5T8.F400.M,BGD,2019,27.6035532536948,,
FOSGP.5T8.F400.M,BGD,2020,27.60340237076351,,
FOSGP.5T8.F500,BGD,2016,7.952101731123538,,
FOSGP.5T8.F500,BGD,2017,7.952101731133089,,
FOSGP.5T8.F500,BGD,2018,8.076053395624335,,
FOSGP.5T8.F500,BGD,2019,7.973320568726362,,
FOSGP.5T8.F500,BGD,2020,7.973481228507205,,
FOSGP.5T8.F500.F,BGD,2016,3.650915234338648,,
FOSGP.5T8.F500.F,BGD,2017,3.650915234238401,,
FOSGP.5T8.F500.F,BGD,2018,4.303818015467394,,
FOSGP.5T8.F500.F,BGD,2019,4.09863690832834,,
FOSGP.5T8.F500.F,BGD,2020,4.098982844997723,,
FOSGP.5T8.F500.GPIA,BGD,2016,.378298736568456,,
FOSGP.5T8.F500.GPIA,BGD,2017,.3782987365560307,,
FOSGP.5T8.F500.GPIA,BGD,2018,.4510037481612607,,
FOSGP.5T8.F500.GPIA,BGD,2019,.4320207911214377,,
FOSGP.5T8.F500.GPIA,BGD,2020,.4320527424542347,,
FOSGP.5T8.F500.M,BGD,2016,9.650878740584922,,
FOSGP.5T8.F500.M,BGD,2017,9.650878740636914,,
FOSGP.5T8.F500.M,BGD,2018,9.542754429456588,,
FOSGP.5T8.F500.M,BGD,2019,9.48712884324182,,
FOSGP.5T8.F500.M,BGD,2020,9.487227928964966,,
FOSGP.5T8.F500600700,BGD,2016,11.27611835931404,,
FOSGP.5T8.F500600700,BGD,2017,11.27611835937262,,
FOSGP.5T8.F500600700,BGD,2018,11.22638229355694,,
FOSGP.5T8.F500600700,BGD,2019,11.14588648266696,,
FOSGP.5T8.F500600700,BGD,2020,11.14584534507733,,
FOSGP.5T8.F500600700.F,BGD,2016,7.875954785920353,,
FOSGP.5T8.F500600700.F,BGD,2017,7.875954785826828,,
FOSGP.5T8.F500600700.F,BGD,2018,8.24174720883085,,
FOSGP.5T8.F500600700.F,BGD,2019,8.081810465348511,,
FOSGP.5T8.F500600700.F,BGD,2020,8.081574819088102,,
FOSGP.5T8.F500600700.GPIA,BGD,2016,.6241330651377034,,
FOSGP.5T8.F500600700.GPIA,BGD,2017,.6241330651244591,,
FOSGP.5T8.F500600700.GPIA,BGD,2018,.6653624965709114,,
FOSGP.5T8.F500600700.GPIA,BGD,2019,.6547689044174757,,
FOSGP.5T8.F500600700.GPIA,BGD,2020,.6547475103754842,,
FOSGP.5T8.F500600700.M,BGD,2016,12.61903146275814,,
FOSGP.5T8.F500600700.M,BGD,2017,12.61903146287607,,
FOSGP.5T8.F500600700.M,BGD,2018,12.38685265747088,,
FOSGP.5T8.F500600700.M,BGD,2019,12.3429967593507,,
FOSGP.5T8.F500600700.M,BGD,2020,12.34304016590072,,
FOSGP.5T8.F600,BGD,2016,1.84199165347532,,
FOSGP.5T8.F600,BGD,2017,1.841991653567614,,
FOSGP.5T8.F600,BGD,2018,1.852784533001807,,
FOSGP.5T8.F600,BGD,2019,1.833509548031217,,
FOSGP.5T8.F600,BGD,2020,1.833472603745926,,
FOSGP.5T8.F600.F,BGD,2016,1.806129242399295,,
FOSGP.5T8.F600.F,BGD,2017,1.806129242720331,,
FOSGP.5T8.F600.F,BGD,2018,1.803419179289725,,
FOSGP.5T8.F600.F,BGD,2019,1.78687337727182,,
FOSGP.5T8.F600.F,BGD,2020,1.786909119533987,,
FOSGP.5T8.F600.GPIA,BGD,2016,.9730483465129048,,
FOSGP.5T8.F600.GPIA,BGD,2017,.9730483466848433,,
FOSGP.5T8.F600.GPIA,BGD,2018,.9633760032591466,,
FOSGP.5T8.F600.GPIA,BGD,2019,.9649751549108575,,
FOSGP.5T8.F600.GPIA,BGD,2020,.9650284424265098,,
FOSGP.5T8.F600.M,BGD,2016,1.856155707855511,,
FOSGP.5T8.F600.M,BGD,2017,1.856155707857455,,
FOSGP.5T8.F600.M,BGD,2018,1.871978514296259,,
FOSGP.5T8.F600.M,BGD,2019,1.851729931261171,,
FOSGP.5T8.F600.M,BGD,2020,1.851664718856269,,
FOSGP.5T8.F700,BGD,2012,4.496810368832747,,
FOSGP.5T8.F700,BGD,2014,4.427047733617676,,
FOSGP.5T8.F700,BGD,2016,1.482024974715178,,
FOSGP.5T8.F700,BGD,2017,1.482024974671917,,
FOSGP.5T8.F700,BGD,2018,1.297544364930793,,
FOSGP.5T8.F700,BGD,2019,1.339056365909382,,
FOSGP.5T8.F700,BGD,2020,1.338891512824198,,
FOSGP.5T8.F700.F,BGD,2012,1.783698180688474,,
FOSGP.5T8.F700.F,BGD,2014,1.747912557789493,,
FOSGP.5T8.F700.F,BGD,2016,2.41891030918241,,
FOSGP.5T8.F700.F,BGD,2017,2.418910308868095,,
FOSGP.5T8.F700.F,BGD,2018,2.134510014073732,,
FOSGP.5T8.F700.F,BGD,2019,2.196300179748352,,
FOSGP.5T8.F700.F,BGD,2020,2.195682854556393,,
FOSGP.5T8.F700.GPIA,BGD,2012,.2768756294626755,,
FOSGP.5T8.F700.GPIA,BGD,2014,.2748985364734924,,
FOSGP.5T8.F700.GPIA,BGD,2016,1.540290100837365,,
FOSGP.5T8.F700.GPIA,BGD,2017,1.540290100751174,,
FOSGP.5T8.F700.GPIA,BGD,2018,1.544570085261522,,
FOSGP.5T8.F700.GPIA,BGD,2019,1.54280476134061,,
FOSGP.5T8.F700.GPIA,BGD,2020,1.54267187722684,,
FOSGP.5T8.F700.M,BGD,2012,6.442236119336488,,
FOSGP.5T8.F700.M,BGD,2014,6.358391645922929,,
FOSGP.5T8.F700.M,BGD,2016,1.111997014317704,,
FOSGP.5T8.F700.M,BGD,2017,1.111997014381698,,
FOSGP.5T8.F700.M,BGD,2018,.972119713718027,,
FOSGP.5T8.F700.M,BGD,2019,1.004137984847709,,
FOSGP.5T8.F700.M,BGD,2020,1.004147518079488,,
FOSGP.5T8.F800,BGD,2012,1.248639343847303,,
FOSGP.5T8.F800,BGD,2014,1.320853876742582,,
FOSGP.5T8.F800,BGD,2016,1.124287819303213,,
FOSGP.5T8.F800,BGD,2017,1.124287819139414,,
FOSGP.5T8.F800,BGD,2018,1.1206375013825,,
FOSGP.5T8.F800,BGD,2019,1.111818307742751,,
FOSGP.5T8.F800,BGD,2020,1.111899169274367,,
FOSGP.5T8.F800.F,BGD,2012,.9304933584899943,,
FOSGP.5T8.F800.F,BGD,2014,.9818210369766186,,
FOSGP.5T8.F800.F,BGD,2016,.8554595500068007,,
FOSGP.5T8.F800.F,BGD,2017,.8554595496899992,,
FOSGP.5T8.F800.F,BGD,2018,.8481496346412073,,
FOSGP.5T8.F800.F,BGD,2019,.8419462752146994,,
FOSGP.5T8.F800.F,BGD,2020,.8422875585468571,,
FOSGP.5T8.F800.GPIA,BGD,2012,.6300891579228916,,
FOSGP.5T8.F800.GPIA,BGD,2014,.6272586772923152,,
FOSGP.5T8.F800.GPIA,BGD,2016,.695233863333652,,
FOSGP.5T8.F800.GPIA,BGD,2017,.6952338631346254,,
FOSGP.5T8.F800.GPIA,BGD,2018,.6914724677718439,,
FOSGP.5T8.F800.GPIA,BGD,2019,.6916760683180567,,
FOSGP.5T8.F800.GPIA,BGD,2020,.6919678832362965,,
FOSGP.5T8.F800.M,BGD,2012,1.476764592422752,,
FOSGP.5T8.F800.M,BGD,2014,1.565257002445691,,
FOSGP.5T8.F800.M,BGD,2016,1.230463006943973,,
FOSGP.5T8.F800.M,BGD,2017,1.230463006840545,,
FOSGP.5T8.F800.M,BGD,2018,1.226584823216794,,
FOSGP.5T8.F800.M,BGD,2019,1.217255177357883,,
FOSGP.5T8.F800.M,BGD,2020,1.217235046527772,,
FOSGP.5T8.F900,BGD,2012,1.668544161202947,,
FOSGP.5T8.F900,BGD,2014,1.664130068260319,,
FOSGP.5T8.F900,BGD,2016,1.655725111932206,,
FOSGP.5T8.F900,BGD,2017,1.65572511199425,,
FOSGP.5T8.F900,BGD,2018,2.102049649766716,,
FOSGP.5T8.F900,BGD,2019,1.97167589821278,,
FOSGP.5T8.F900,BGD,2020,1.971689931933889,,
FOSGP.5T8.F900.F,BGD,2012,1.33133292415873,,
FOSGP.5T8.F900.F,BGD,2014,1.325322619080533,,
FOSGP.5T8.F900.F,BGD,2016,1.441037718965431,,
FOSGP.5T8.F900.F,BGD,2017,1.44103771902075,,
FOSGP.5T8.F900.F,BGD,2018,1.896538091097755,,
FOSGP.5T8.F900.F,BGD,2019,1.763156580786898,,
FOSGP.5T8.F900.F,BGD,2020,1.763293580509308,,
FOSGP.5T8.F900.GPIA,BGD,2012,.6969088624127939,,
FOSGP.5T8.F900.GPIA,BGD,2014,.6944785987357585,,
FOSGP.5T8.F900.GPIA,BGD,2016,.8279365639139787,,
FOSGP.5T8.F900.GPIA,BGD,2017,.8279365639150078,,
FOSGP.5T8.F900.GPIA,BGD,2018,.8691918843908253,,
FOSGP.5T8.F900.GPIA,BGD,2019,.8587598613425762,,
FOSGP.5T8.F900.GPIA,BGD,2020,.8588405706942042,,
FOSGP.5T8.F900.M,BGD,2012,1.910340068785282,,
FOSGP.5T8.F900.M,BGD,2014,1.908370713644991,,
FOSGP.5T8.F900.M,BGD,2016,1.74051706588858,,
FOSGP.5T8.F900.M,BGD,2017,1.740517065953233,,
FOSGP.5T8.F900.M,BGD,2018,2.181955590193928,,
FOSGP.5T8.F900.M,BGD,2019,2.053142747065981,,
FOSGP.5T8.F900.M,BGD,2020,2.05310932049243,,
FOSGP.5T8.FNON500600700,BGD,2016,88.72388164068596,,
FOSGP.5T8.FNON500600700,BGD,2017,88.72388164101773,,
FOSGP.5T8.FNON500600700,BGD,2018,88.77361770623826,,
FOSGP.5T8.FNON500600700,BGD,2019,88.85411351733305,,
FOSGP.5T8.FNON500600700,BGD,2020,88.85415465492267,,
FOSGP.5T8.FNON500600700.F,BGD,2016,92.12404521407964,,
FOSGP.5T8.FNON500600700.F,BGD,2017,92.12404521486252,,
FOSGP.5T8.FNON500600700.F,BGD,2018,91.75825279116914,,
FOSGP.5T8.FNON500600700.F,BGD,2019,91.91818953465149,,
FOSGP.5T8.FNON500600700.F,BGD,2020,91.9184251809119,,
FOSGP.5T8.FNON500600700.GPIA,BGD,2016,1.051485762113634,,
FOSGP.5T8.FNON500600700.GPIA,BGD,2017,1.05148576212002,,
FOSGP.5T8.FNON500600700.GPIA,BGD,2018,1.045174197664359,,
FOSGP.5T8.FNON500600700.GPIA,BGD,2019,1.04635846632288,,
FOSGP.5T8.FNON500600700.GPIA,BGD,2020,1.046361383350784,,
FOSGP.5T8.FNON500600700.M,BGD,2016,87.38096853724187,,
FOSGP.5T8.FNON500600700.M,BGD,2017,87.3809685373962,,
FOSGP.5T8.FNON500600700.M,BGD,2018,87.61314734224467,,
FOSGP.5T8.FNON500600700.M,BGD,2019,87.6570032406493,,
FOSGP.5T8.FNON500600700.M,BGD,2020,87.65695983409928,,
FOSGP.5T8.FUK,BGD,2011,0,NIL,
FOSGP.5T8.FUK,BGD,2012,0,NIL,
FOSGP.5T8.FUK,BGD,2014,0,NIL,
FOSGP.5T8.FUK,BGD,2016,0,NIL,
FOSGP.5T8.FUK,BGD,2017,0,NIL,
FOSGP.5T8.FUK,BGD,2019,0,NIL,
FOSGP.5T8.FUK,BGD,2020,0,NIL,
FOSGP.5T8.FUK,BGD,2021,100,,
FOSGP.5T8.FUK,BGD,2022,100,,
FOSGP.5T8.FUK.F,BGD,2012,0,NIL,
FOSGP.5T8.FUK.F,BGD,2014,0,NIL,
FOSGP.5T8.FUK.F,BGD,2016,0,NIL,
FOSGP.5T8.FUK.F,BGD,2017,0,NIL,
FOSGP.5T8.FUK.F,BGD,2019,0,NIL,
FOSGP.5T8.FUK.F,BGD,2020,0,NIL,
FOSGP.5T8.FUK.F,BGD,2021,100,,
FOSGP.5T8.FUK.F,BGD,2022,100,,
FOSGP.5T8.FUK.GPIA,BGD,2018,1,,
FOSGP.5T8.FUK.GPIA,BGD,2021,1,,
FOSGP.5T8.FUK.GPIA,BGD,2022,1,,
FOSGP.5T8.FUK.M,BGD,2012,0,NIL,
FOSGP.5T8.FUK.M,BGD,2014,0,NIL,
FOSGP.5T8.FUK.M,BGD,2016,0,NIL,
FOSGP.5T8.FUK.M,BGD,2017,0,NIL,
FOSGP.5T8.FUK.M,BGD,2019,0,NIL,
FOSGP.5T8.FUK.M,BGD,2020,0,NIL,
FOSGP.5T8.FUK.M,BGD,2021,100,,
FOSGP.5T8.FUK.M,BGD,2022,100,,
FTP.0,BGD,1999,32.59954833984375,,
FTP.0,BGD,2000,33.73286056518555,,
FTP.0,BGD,2001,32.44924926757813,,
FTP.0,BGD,2002,34.36037826538086,,
FTP.02,BGD,1973,61.53845977783203,,
FTP.02,BGD,1988,18.43658065795898,,
FTP.02,BGD,1998,31.84963989257813,,
FTP.02,BGD,1999,32.59954833984375,,
FTP.02,BGD,2000,33.73286056518555,,
FTP.02,BGD,2001,32.44924926757813,,
FTP.02,BGD,2002,34.36037826538086,,
FTP.1,BGD,1971,2.166699886322021,,
FTP.1,BGD,1972,2.37202000617981,,
FTP.1,BGD,1973,2.527260065078735,,
FTP.1,BGD,1974,3.919019937515259,,
FTP.1,BGD,1975,5.097829818725586,,
FTP.1,BGD,1976,5.078629970550537,,
FTP.1,BGD,1977,6.220180034637451,,
FTP.1,BGD,1978,7.740779876708984,,
FTP.1,BGD,1979,7.741169929504395,,
FTP.1,BGD,1980,7.882540225982666,,
FTP.1,BGD,1981,7.619289875030518,,
FTP.1,BGD,1983,7.9965500831604,,
FTP.1,BGD,1984,7.835840225219727,,
FTP.1,BGD,1985,8,,
FTP.1,BGD,1986,8.140350341796875,,
FTP.1,BGD,1987,8.129210472106934,,
FTP.1,BGD,1988,17.54188919067383,,
FTP.1,BGD,1989,18.07332992553711,,
FTP.1,BGD,1990,19.38018035888672,,
FTP.1,BGD,2005,37.1693115234375,,
FTP.1,BGD,2006,37.82101821899414,,
FTP.1,BGD,2007,40.4368782043457,,
FTP.1,BGD,2008,41.82305145263672,,
FTP.1,BGD,2009,43.4557991027832,,
FTP.1,BGD,2010,49.21511532302337,,
FTP.1,BGD,2011,53.73296479627565,,
FTP.1,BGD,2015,59.54911041259766,,
FTP.1,BGD,2016,60.27041176502779,,
FTP.1,BGD,2017,61.30006742148532,,
FTP.1,BGD,2018,61.30004662958257,,
FTP.1,BGD,2019,64.57986817846087,,
FTP.1,BGD,2020,64.19696310003266,,
FTP.1,BGD,2021,64.40802573135242,,
FTP.1,BGD,2022,64.97495237228743,,
FTP.1,BGD,2023,65.48075097590979,,
FTP.1,BGD,2024,65.87283381644527,,
FTP.1.QUALIFIED,BGD,2016,60.27040863037109,,
FTP.1.QUALIFIED,BGD,2017,61.30007171630859,,
FTP.1.QUALIFIED,BGD,2018,61.300048828125,,UIS_EST
FTP.1.TRAINED,BGD,2005,37.86589813232422,,
FTP.1.TRAINED,BGD,2006,39.68725967407227,,
FTP.1.TRAINED,BGD,2007,41.33837890625,,
FTP.1.TRAINED,BGD,2008,44.16500091552734,,
FTP.1.TRAINED,BGD,2009,46.93909072875977,,
FTP.1.TRAINED,BGD,2011,52.10298919677734,,
FTP.1.TRAINED,BGD,2015,60.16741180419922,,
FTP.1.TRAINED,BGD,2016,62.21258163452148,,
FTP.1.TRAINED,BGD,2017,62.21240997314453,,UIS_EST
FTP.2,BGD,1998,12.9046802520752,,
FTP.2,BGD,1999,13.2579402923584,,
FTP.2,BGD,2000,13.48007011413574,,
FTP.2,BGD,2001,13.93132972717285,,
FTP.2,BGD,2002,13.822190284729,,
FTP.2,BGD,2003,15.23353004455566,,
FTP.2,BGD,2004,17.20886993408203,,
FTP.2,BGD,2005,17.60014915466309,,
FTP.2,BGD,2006,19.1960506439209,,
FTP.2,BGD,2007,19.50200080871582,,
FTP.2,BGD,2008,19.51213073730469,,
FTP.2,BGD,2009,20.27494049072266,,
FTP.2,BGD,2010,20.18901180228255,,
FTP.2,BGD,2011,21.76267054812114,,
FTP.2,BGD,2012,19.9066835917015,,
FTP.2,BGD,2013,19.89734950143985,,
FTP.2,BGD,2016,26.9659216058829,,
FTP.2,BGD,2017,22.09683027338778,,
FTP.2,BGD,2019,23.4772743755245,,
FTP.2,BGD,2020,27.48942369093231,,
FTP.2,BGD,2021,26.03661256406288,,
FTP.2,BGD,2022,28.21639284741763,,
FTP.2,BGD,2023,28.59875744711863,,
FTP.2,BGD,2024,29.48252402060221,,
FTP.2.QUALIFIED,BGD,2013,19.59243965148926,,
FTP.2.QUALIFIED,BGD,2016,26.96591949462891,,
FTP.2.QUALIFIED,BGD,2017,22.09683036804199,,
FTP.2.QUALIFIED,BGD,2019,23.47727012634277,,
FTP.2.QUALIFIED,BGD,2020,27.48941993713379,,
FTP.2.QUALIFIED,BGD,2024,29.48251914978027,,
FTP.2.TRAINED,BGD,1998,19.1334400177002,,
FTP.2.TRAINED,BGD,1999,19.75053024291992,,
FTP.2.TRAINED,BGD,2000,19.86124992370605,,
FTP.2.TRAINED,BGD,2001,20.1334400177002,,
FTP.2.TRAINED,BGD,2002,23.21483039855957,,
FTP.2.TRAINED,BGD,2003,19.22541999816895,,
FTP.2.TRAINED,BGD,2004,20.29207038879395,,
FTP.2.TRAINED,BGD,2007,23.78397941589355,,
FTP.2.TRAINED,BGD,2008,25.7132396697998,,
FTP.2.TRAINED,BGD,2009,25.3186092376709,,
FTP.2.TRAINED,BGD,2010,23.50658988952637,,
FTP.2.TRAINED,BGD,2011,26.33636093139648,,
FTP.2.TRAINED,BGD,2012,26.33234977722168,,
FTP.2.TRAINED,BGD,2013,26.3319206237793,,
FTP.2.TRAINED,BGD,2020,28.21088981628418,,
FTP.2.TRAINED,BGD,2024,20.78525924682617,,
FTP.2T3,BGD,1973,9.858499526977539,,
FTP.2T3,BGD,1979,6.587629795074463,,
FTP.2T3,BGD,1980,6.690969944000244,,
FTP.2T3,BGD,1985,8.496009826660156,,
FTP.2T3,BGD,1986,9.567959785461426,,
FTP.2T3,BGD,1987,9.98054027557373,,
FTP.2T3,BGD,1988,9.683389663696289,,
FTP.2T3,BGD,1989,9.526510238647461,,
FTP.2T3,BGD,1990,9.551050186157227,,
FTP.2T3,BGD,1998,12.63786029815674,,
FTP.2T3,BGD,1999,13.37032032012939,,
FTP.2T3,BGD,2000,13.52326011657715,,
FTP.2T3,BGD,2001,14.64877986907959,,
FTP.2T3,BGD,2002,14.45075988769531,,
FTP.2T3,BGD,2003,16.00420951843262,,
FTP.2T3,BGD,2004,18.08890914916992,,
FTP.2T3,BGD,2005,17.22995948791504,,
FTP.2T3,BGD,2006,19.55983924865723,,
FTP.2T3,BGD,2007,19.7672004699707,,
FTP.2T3,BGD,2008,19.53451919555664,,
FTP.2T3,BGD,2009,19.95052909851074,,
FTP.2T3,BGD,2010,19.58420405347305,,
FTP.2T3,BGD,2011,21.54072281740662,,
FTP.2T3,BGD,2012,20.80391695256435,,
FTP.2T3,BGD,2013,20.79908198905896,,
FTP.2T3,BGD,2016,22.378544875642,,
FTP.2T3,BGD,2017,22.0105646144081,,
FTP.2T3,BGD,2018,22.41167068481445,,
FTP.2T3,BGD,2020,26.19136158838624,,
FTP.2T3,BGD,2021,20.93285161309073,,
FTP.2T3,BGD,2022,26.94088283791211,,
FTP.2T3,BGD,2023,27.31959894212022,,
FTP.2T3,BGD,2024,28.6811033951967,,
FTP.2T3.QUALIFIED,BGD,2013,20.4724006652832,,
FTP.2T3.QUALIFIED,BGD,2016,22.3785400390625,,
FTP.2T3.QUALIFIED,BGD,2017,22.01055908203125,,
FTP.2T3.QUALIFIED,BGD,2018,22.41167068481445,,
FTP.2T3.QUALIFIED,BGD,2020,26.19136047363281,,
FTP.2T3.QUALIFIED,BGD,2024,28.68110084533691,,
FTP.2T3.TRAINED,BGD,2012,24.08196067810059,,UIS_EST
FTP.2T3.TRAINED,BGD,2013,23.98314094543457,,
FTP.2T3.TRAINED,BGD,2016,24.66898918151855,,
FTP.2T3.TRAINED,BGD,2017,25.06929016113281,,
FTP.2T3.TRAINED,BGD,2020,29.23835945129395,,
FTP.2T3.TRAINED,BGD,2024,19.98225975036621,,
FTP.2T3.V,BGD,1998,20.02224922180176,,
FTP.2T3.V,BGD,1999,20.10894966125488,,
FTP.2T3.V,BGD,2000,20.16556930541992,,
FTP.2T3.V,BGD,2001,20.62340927124023,,
FTP.2T3.V,BGD,2002,20.25856971740723,,
FTP.2T3.V,BGD,2003,19.76310920715332,,
FTP.2T3.V,BGD,2004,18.95652008056641,,
FTP.2T3.V,BGD,2005,20.1212100982666,,
FTP.2T3.V,BGD,2006,19.46817016601563,,
FTP.2T3.V,BGD,2007,20.08061027526855,,
FTP.2T3.V,BGD,2008,20.38371086120605,,
FTP.2T3.V,BGD,2009,20.83477020263672,,
FTP.2T3.V,BGD,2010,20.14204025268555,,
FTP.2T3.V,BGD,2011,20.32741928100586,,
FTP.2T3.V,BGD,2012,32.18904876708984,,
FTP.2T3.V,BGD,2013,32.18630981445313,,
FTP.2T3.V,BGD,2017,20.21220970153809,,
FTP.2T3.V,BGD,2018,22.18565940856934,,
FTP.2T3.V,BGD,2020,22.47299003601074,,
FTP.2T3.V,BGD,2024,25.75338935852051,,
FTP.3,BGD,1998,12.34770965576172,,
FTP.3,BGD,1999,13.48822021484375,,
FTP.3,BGD,2000,13.56760025024414,,
FTP.3,BGD,2001,15.35884952545166,,
FTP.3,BGD,2002,15.07186031341553,,
FTP.3,BGD,2003,16.82168960571289,,
FTP.3,BGD,2004,18.94244956970215,,
FTP.3,BGD,2005,16.82615089416504,,
FTP.3,BGD,2006,19.97723007202148,,
FTP.3,BGD,2007,20.06916046142578,,
FTP.3,BGD,2008,19.55970001220703,,
FTP.3,BGD,2009,19.57452964782715,,
FTP.3,BGD,2010,18.94610310888282,,
FTP.3,BGD,2011,21.29365395289382,,
FTP.3,BGD,2012,21.85596395650875,,
FTP.3,BGD,2013,21.85713218519604,,
FTP.3,BGD,2016,18.32571410513856,,
FTP.3,BGD,2017,21.92116749353865,,
FTP.3,BGD,2018,18.71276579197063,,
FTP.3,BGD,2020,25.28249820982587,,
FTP.3,BGD,2021,17.54332403323852,,
FTP.3,BGD,2022,26.10087424344317,,
FTP.3,BGD,2023,26.46131183413507,,
FTP.3,BGD,2024,28.10294365620408,,
FTP.3.QUALIFIED,BGD,2013,21.50555038452148,,
FTP.3.QUALIFIED,BGD,2016,18.32571029663086,,
FTP.3.QUALIFIED,BGD,2017,21.92116928100586,,
FTP.3.QUALIFIED,BGD,2018,18.71277046203613,,
FTP.3.QUALIFIED,BGD,2020,25.28249931335449,,
FTP.3.QUALIFIED,BGD,2024,28.10293960571289,,
FTP.3.TRAINED,BGD,1998,20.80781936645508,,
FTP.3.TRAINED,BGD,1999,19.11787033081055,,
FTP.3.TRAINED,BGD,2000,18.35773086547852,,
FTP.3.TRAINED,BGD,2001,16.59964942932129,,
FTP.3.TRAINED,BGD,2002,17.3715705871582,,
FTP.3.TRAINED,BGD,2003,16.43490028381348,,
FTP.3.TRAINED,BGD,2004,20.3693904876709,,
FTP.3.TRAINED,BGD,2007,16.11430931091309,,
FTP.3.TRAINED,BGD,2008,17.86381912231445,,
FTP.3.TRAINED,BGD,2009,17.66733932495117,,
FTP.3.TRAINED,BGD,2011,18.54017066955566,,
FTP.3.TRAINED,BGD,2012,21.05965995788574,,UIS_EST
FTP.3.TRAINED,BGD,2013,21.05913925170898,,
FTP.3.TRAINED,BGD,2016,22.17255973815918,,
FTP.3.TRAINED,BGD,2020,29.96764945983887,,
FTP.3.TRAINED,BGD,2024,19.4085807800293,,
FTP.4,BGD,1998,34.89630126953125,,
FTP.4,BGD,1999,35.51570129394531,,
FTP.4,BGD,2000,36.49826049804688,,
FTP.4,BGD,2001,36.46361923217773,,
FTP.4,BGD,2002,38.01404190063477,,
FTP.4,BGD,2003,39.80197906494141,,
FTP.4,BGD,2004,21.05109024047852,,
FTP.4,BGD,2005,17.9466495513916,,
FTP.4,BGD,2006,19.0963306427002,,
FTP.4,BGD,2007,19.31528091430664,,
FTP.4,BGD,2008,25.18201065063477,,
FTP.4,BGD,2009,25.25197982788086,,
FTP.4,BGD,2010,23.77401924133301,,
FTP.4,BGD,2011,21.54026985168457,,
FTP.4,BGD,2013,29.60490989685059,,
FTP.4,BGD,2018,17.25001907348633,,
FTP.4,BGD,2019,17.29830932617188,,
FTP.4,BGD,2020,17.34240913391113,,
FTP.4.QUALIFIED,BGD,2013,29.60490989685059,,
FTP.4.QUALIFIED,BGD,2018,17.25001907348633,,
FTP.4.QUALIFIED,BGD,2020,17.34240913391113,,
FTP.4.TRAINED,BGD,2019,18.21607971191406,,
FTP.4.TRAINED,BGD,2020,20.22076034545898,,
FTP.5,BGD,2017,13.09340953826904,,
FTP.5,BGD,2019,11.22795963287354,,
FTP.5,BGD,2020,11.64782047271729,,
FTP.5T8,BGD,1970,8.068320274353027,,
FTP.5T8,BGD,1976,10.14589023590088,,
FTP.5T8,BGD,1977,9.984740257263184,,
FTP.5T8,BGD,1978,10.04815006256104,,
FTP.5T8,BGD,1979,10.54424953460693,,
FTP.5T8,BGD,1980,10.50047969818115,,
FTP.5T8,BGD,1981,12.28180027008057,,
FTP.5T8,BGD,1982,10.81009006500244,,
FTP.5T8,BGD,1983,11.93054008483887,,
FTP.5T8,BGD,1984,12.54193019866943,,
FTP.5T8,BGD,1985,18.16889953613281,,
FTP.5T8,BGD,1986,18.34577941894531,,
FTP.5T8,BGD,1990,12.74557971954346,,
FTP.5T8,BGD,1999,14.9367504119873,,
FTP.5T8,BGD,2000,15.41075038909912,,
FTP.5T8,BGD,2001,15.73044967651367,,
FTP.5T8,BGD,2002,15.8097095489502,,
FTP.5T8,BGD,2003,15.58460998535156,,
FTP.5T8,BGD,2004,15.39696025848389,,
FTP.5T8,BGD,2005,15.23797035217285,,
FTP.5T8,BGD,2006,16.10095977783203,,
FTP.5T8,BGD,2007,18.08422088623047,,
FTP.5T8,BGD,2008,19.89312934875488,,
FTP.5T8,BGD,2009,20.36244964599609,,
FTP.5T8,BGD,2011,17.05504504155196,,
FTP.5T8,BGD,2012,17.0406636746906,,
FTP.5T8,BGD,2014,17.59342509178573,,
FTP.5T8,BGD,2016,22.64371639821005,,
FTP.5T8,BGD,2017,23.66028287797593,,
FTP.5T8,BGD,2018,24.23179975764803,,
FTP.5T8,BGD,2019,27.08136234626301,,
FTP.5T8,BGD,2020,28.25473177873052,,
FTP.5T8,BGD,2022,29.79060811029483,,
FTP.5T8,BGD,2023,27.75986360519634,,
FTP.5T8,BGD,2024,29.11261658109791,,
FTP.6T8,BGD,2017,24.30764961242676,,
FTP.6T8,BGD,2019,28.20981979370117,,
FTP.6T8,BGD,2020,29.4040699005127,,
GER.1,BGD,1970,53.32358169555664,,
GER.1,BGD,1971,49.6528205871582,,
GER.1,BGD,1972,62.13032913208008,,
GER.1,BGD,1973,73.66098785400391,,
GER.1,BGD,1974,71.53740692138672,,
GER.1,BGD,1975,75.48896026611328,,
GER.1,BGD,1976,76.74797058105469,,
GER.1,BGD,1977,71.06517028808594,,
GER.1,BGD,1978,68.65529632568359,,
GER.1,BGD,1979,66.49330139160156,,
GER.1,BGD,1980,64.19300842285156,,
GER.1,BGD,1981,62.35279083251953,,
GER.1,BGD,1982,63.5465202331543,,
GER.1,BGD,1983,64.53592681884766,,
GER.1,BGD,1984,63.82144927978516,,
GER.1,BGD,1985,62.44218826293945,,
GER.1,BGD,1986,62.4665412902832,,
GER.1,BGD,1987,61.75057983398438,,
GER.1,BGD,1988,72.72724151611328,,
GER.1,BGD,1989,72.56128692626953,,
GER.1,BGD,1990,75.41544342041016,,
GER.1,BGD,2005,96.38683319091797,,
GER.1,BGD,2006,95.87660217285156,,
GER.1,BGD,2007,93.662353515625,,
GER.1,BGD,2008,90.37822723388672,,NAT_EST
GER.1,BGD,2009,92.59367370605469,,NAT_EST
GER.1,BGD,2010,94.77622611758059,,
GER.1,BGD,2017,105.1288204254091,,
GER.1,BGD,2018,107.1899577103496,,
GER.1,BGD,2020,110.0666198730469,,
GER.1,BGD,2021,106.3348490596916,,
GER.1,BGD,2022,107.8020667506854,,
GER.1,BGD,2023,103.1164213997509,,
GER.1,BGD,2024,106.4913103958647,,
GER.1.F,BGD,1970,34.81895065307617,,
GER.1.F,BGD,1971,32.23326873779297,,
GER.1.F,BGD,1972,43.89738082885742,,
GER.1.F,BGD,1973,52.0607795715332,,
GER.1.F,BGD,1974,48.30215072631836,,
GER.1.F,BGD,1975,52.41643905639648,,
GER.1.F,BGD,1976,53.74140930175781,,
GER.1.F,BGD,1977,53.57701873779297,,
GER.1.F,BGD,1978,51.7541389465332,,
GER.1.F,BGD,1979,50.12614822387695,,
GER.1.F,BGD,1980,48.4033088684082,,
GER.1.F,BGD,1981,51.26689147949219,,
GER.1.F,BGD,1982,52.81224060058594,,
GER.1.F,BGD,1983,48.74172973632813,,
GER.1.F,BGD,1984,52.48563003540039,,
GER.1.F,BGD,1985,51.07419967651367,,
GER.1.F,BGD,1986,50.99031829833984,,
GER.1.F,BGD,1987,50.40856170654297,,
GER.1.F,BGD,1988,64.83551788330078,,
GER.1.F,BGD,1989,64.92279052734375,,
GER.1.F,BGD,1990,68.93045043945313,,
GER.1.F,BGD,2005,98.10733795166016,,
GER.1.F,BGD,2006,98.02435302734375,,
GER.1.F,BGD,2007,96.51612854003906,,
GER.1.F,BGD,2008,92.74961090087891,,NAT_EST
GER.1.F,BGD,2009,94.43537139892578,,NAT_EST
GER.1.F,BGD,2010,97.30732347992466,,
GER.1.F,BGD,2017,107.8444045984299,,
GER.1.F,BGD,2018,111.0879890839006,,
GER.1.F,BGD,2020,116.7026519775391,,
GER.1.F,BGD,2021,109.4007879227469,,
GER.1.F,BGD,2022,115.3808211559577,,
GER.1.F,BGD,2023,109.4271568196511,,
GER.1.F,BGD,2024,113.0727463086454,,
GER.1.GPIA,BGD,1970,.4893499910831451,,
GER.1.GPIA,BGD,1971,.485289990901947,,
GER.1.GPIA,BGD,1972,.5511500239372253,,
GER.1.GPIA,BGD,1973,.5515099763870239,,
GER.1.GPIA,BGD,1974,.5147799849510193,,
GER.1.GPIA,BGD,1975,.5368999838829041,,
GER.1.GPIA,BGD,1976,.543720006942749,,
GER.1.GPIA,BGD,1977,.6096799969673157,,
GER.1.GPIA,BGD,1978,.6095399856567383,,
GER.1.GPIA,BGD,1979,.6095799803733826,,
GER.1.GPIA,BGD,1980,.6098600029945374,,
GER.1.GPIA,BGD,1981,.7023199796676636,,
GER.1.GPIA,BGD,1982,.7152500152587891,,
GER.1.GPIA,BGD,1983,.6118500232696533,,
GER.1.GPIA,BGD,1984,.7028599977493286,,
GER.1.GPIA,BGD,1985,.6965699791908264,,
GER.1.GPIA,BGD,1986,.6942499876022339,,
GER.1.GPIA,BGD,1987,.694320023059845,,
GER.1.GPIA,BGD,1988,.8075799942016602,,
GER.1.GPIA,BGD,1989,.8126800060272217,,
GER.1.GPIA,BGD,1990,.8442800045013428,,
GER.1.GPIA,BGD,2005,1.034549951553345,,
GER.1.GPIA,BGD,2006,1.043169975280762,,
GER.1.GPIA,BGD,2007,1.058249950408936,,
GER.1.GPIA,BGD,2008,1.050340056419373,,NAT_EST
GER.1.GPIA,BGD,2009,1.038390040397644,,NAT_EST
GER.1.GPIA,BGD,2010,1.05119568326739,,
GER.1.GPIA,BGD,2017,1.049582890290039,,
GER.1.GPIA,BGD,2018,1.068761189420112,,
GER.1.GPIA,BGD,2020,1.109899997711182,,
GER.1.GPIA,BGD,2021,1.053915702623851,,
GER.1.GPIA,BGD,2022,1.126153675398955,,
GER.1.GPIA,BGD,2023,1.111197949922572,,
GER.1.GPIA,BGD,2024,1.112637524348476,,
GER.1.M,BGD,1970,71.15352630615234,,
GER.1.M,BGD,1971,66.42027282714844,,
GER.1.M,BGD,1972,79.647216796875,,
GER.1.M,BGD,1973,94.39595794677734,,
GER.1.M,BGD,1974,93.83058929443359,,
GER.1.M,BGD,1975,97.62774658203125,,
GER.1.M,BGD,1976,98.84033203125,,
GER.1.M,BGD,1977,87.87796783447266,,
GER.1.M,BGD,1978,84.90705871582031,,
GER.1.M,BGD,1979,82.23046112060547,,
GER.1.M,BGD,1980,79.36805725097656,,
GER.1.M,BGD,1981,72.99639129638672,,
GER.1.M,BGD,1982,73.83783721923828,,
GER.1.M,BGD,1983,79.66322326660156,,
GER.1.M,BGD,1984,74.67404174804688,,
GER.1.M,BGD,1985,73.32211303710938,,
GER.1.M,BGD,1986,73.44660949707031,,
GER.1.M,BGD,1987,72.60111999511719,,
GER.1.M,BGD,1988,80.28376770019531,,
GER.1.M,BGD,1989,79.88681030273438,,
GER.1.M,BGD,1990,81.64433288574219,,
GER.1.M,BGD,2005,94.717529296875,,
GER.1.M,BGD,2006,93.79225158691406,,
GER.1.M,BGD,2007,90.893798828125,,
GER.1.M,BGD,2008,88.08019256591797,,NAT_EST
GER.1.M,BGD,2009,90.81034088134766,,NAT_EST
GER.1.M,BGD,2010,92.32560856744898,,
GER.1.M,BGD,2017,102.4971673168315,,
GER.1.M,BGD,2018,103.4494468242032,,
GER.1.M,BGD,2020,103.8772811889648,,
GER.1.M,BGD,2021,103.5023675742891,,
GER.1.M,BGD,2022,100.8251064965842,,
GER.1.M,BGD,2023,97.25908131545013,,
GER.1.M,BGD,2024,100.3365120931563,,
GER.1T2,BGD,2005,84.76136016845703,,
GER.1T2,BGD,2006,84.33754730224609,,
GER.1T2,BGD,2007,83.39041137695313,,
GER.1T2,BGD,2008,79.28639984130859,,NAT_EST
GER.1T2,BGD,2009,81.79915618896484,,NAT_EST
GER.1T2,BGD,2010,83.11332520036049,,
GER.1T2,BGD,2017,95.38285654606128,,
GER.1T2,BGD,2018,97.35952564986843,,
GER.1T2,BGD,2020,98.07288360595703,,
GER.1T2,BGD,2021,95.01720683826338,,
GER.1T2,BGD,2022,96.2450695969908,,
GER.1T2,BGD,2023,92.50123472718974,,
GER.1T2,BGD,2024,94.48437322683715,,
GER.1T2.F,BGD,2005,87.25395965576172,,
GER.1T2.F,BGD,2006,87.06065368652344,,
GER.1T2.F,BGD,2007,86.49993133544922,,
GER.1T2.F,BGD,2008,82.76834869384766,,NAT_EST
GER.1T2.F,BGD,2009,84.68801116943359,,NAT_EST
GER.1T2.F,BGD,2010,86.97648831988799,,
GER.1T2.F,BGD,2017,100.7365300115828,,
GER.1T2.F,BGD,2018,103.3563905154823,,
GER.1T2.F,BGD,2020,105.9975814819336,,
GER.1T2.F,BGD,2021,101.7407531767042,,
GER.1T2.F,BGD,2022,105.3693587310453,,
GER.1T2.F,BGD,2023,101.0584390562552,,
GER.1T2.F,BGD,2024,103.009146783909,,
GER.1T2.GPIA,BGD,2005,1.056220054626465,,
GER.1T2.GPIA,BGD,2006,1.061579942703247,,
GER.1T2.GPIA,BGD,2007,1.070799946784973,,
GER.1T2.GPIA,BGD,2008,1.082870006561279,,NAT_EST
GER.1T2.GPIA,BGD,2009,1.067199945449829,,NAT_EST
GER.1T2.GPIA,BGD,2010,1.087484522241401,,
GER.1T2.GPIA,BGD,2017,1.10464243095353,,
GER.1T2.GPIA,BGD,2018,1.114137918140955,,
GER.1T2.GPIA,BGD,2020,1.145400047302246,,
GER.1T2.GPIA,BGD,2021,1.12762573920421,,
GER.1T2.GPIA,BGD,2022,1.166267454193674,,
GER.1T2.GPIA,BGD,2023,1.162664103944032,,
GER.1T2.GPIA,BGD,2024,1.159285920825707,,
GER.1T2.M,BGD,2005,82.34873199462891,,
GER.1T2.M,BGD,2006,81.69905090332031,,
GER.1T2.M,BGD,2007,80.37555694580078,,
GER.1T2.M,BGD,2008,75.90918731689453,,NAT_EST
GER.1T2.M,BGD,2009,78.99723815917969,,NAT_EST
GER.1T2.M,BGD,2010,79.36739179298782,,
GER.1T2.M,BGD,2017,90.19521462534757,,
GER.1T2.M,BGD,2018,91.55950727548161,,
GER.1T2.M,BGD,2020,90.58590698242188,,
GER.1T2.M,BGD,2021,88.75601434533424,,
GER.1T2.M,BGD,2022,87.84986370481445,,
GER.1T2.M,BGD,2023,84.61985862118681,,
GER.1T2.M,BGD,2024,86.60123998496366,,
GER.1T3,BGD,1973,44.41202926635742,,
GER.1T3,BGD,1976,44.33565139770508,,
GER.1T3,BGD,1977,41.86289978027344,,
GER.1T3,BGD,1979,40.31644821166992,,
GER.1T3,BGD,1980,40.48086929321289,,
GER.1T3,BGD,1981,38.69979095458984,,
GER.1T3,BGD,1983,41.53450012207031,,
GER.1T3,BGD,1984,41.18310165405273,,
GER.1T3,BGD,1985,40.10615921020508,,
GER.1T3,BGD,1986,39.7321891784668,,
GER.1T3,BGD,1987,39.45841979980469,,
GER.1T3,BGD,1988,44.47483825683594,,
GER.1T3,BGD,1989,44.26520919799805,,
GER.1T3,BGD,1990,45.82373809814453,,
GER.1T3,BGD,2005,67.15093231201172,,
GER.1T3,BGD,2006,67.40725708007813,,
GER.1T3,BGD,2007,67.07016754150391,,
GER.1T3,BGD,2008,64.73526763916016,,NAT_EST
GER.1T3,BGD,2009,67.72538757324219,,NAT_EST
GER.1T3,BGD,2010,69.38225741550661,,
GER.1T3,BGD,2017,79.44290314916303,,
GER.1T3,BGD,2018,82.01780488132582,,
GER.1T3,BGD,2020,83.87518310546875,,
GER.1T3,BGD,2021,82.61312703927389,,
GER.1T3,BGD,2022,83.30652517426765,,
GER.1T3,BGD,2023,80.80312516567858,,
GER.1T3,BGD,2024,81.20697551260612,,
GER.1T3.F,BGD,1973,29.4536304473877,,
GER.1T3.F,BGD,1976,29.27794075012207,,
GER.1T3.F,BGD,1977,28.70105934143066,,
GER.1T3.F,BGD,1979,27.36797904968262,,
GER.1T3.F,BGD,1980,27.95956993103027,,
GER.1T3.F,BGD,1981,28.02181053161621,,
GER.1T3.F,BGD,1984,31.34087944030762,,
GER.1T3.F,BGD,1985,30.23880004882813,,
GER.1T3.F,BGD,1986,30.56358909606934,,
GER.1T3.F,BGD,1987,30.19972038269043,,
GER.1T3.F,BGD,1988,37.01372146606445,,
GER.1T3.F,BGD,1989,37.10639190673828,,
GER.1T3.F,BGD,1990,39.24005126953125,,
GER.1T3.F,BGD,2005,68.67767333984375,,
GER.1T3.F,BGD,2006,69.02265930175781,,
GER.1T3.F,BGD,2007,68.93760681152344,,
GER.1T3.F,BGD,2008,67.16156005859375,,NAT_EST
GER.1T3.F,BGD,2009,69.39684295654297,,NAT_EST
GER.1T3.F,BGD,2010,71.90895693505601,,
GER.1T3.F,BGD,2017,83.20851139723965,,
GER.1T3.F,BGD,2018,85.65975304567939,,
GER.1T3.F,BGD,2020,88.95693969726563,,
GER.1T3.F,BGD,2021,88.51480192086701,,
GER.1T3.F,BGD,2022,89.20890847457696,,
GER.1T3.F,BGD,2023,86.56310885159483,,
GER.1T3.F,BGD,2024,87.55437706910079,,
GER.1T3.GPIA,BGD,1973,.501259982585907,,
GER.1T3.GPIA,BGD,1976,.4982300102710724,,
GER.1T3.GPIA,BGD,1977,.5268300175666809,,
GER.1T3.GPIA,BGD,1979,.5191500186920166,,
GER.1T3.GPIA,BGD,1980,.5329099893569946,,
GER.1T3.GPIA,BGD,1981,.5728700160980225,,
GER.1T3.GPIA,BGD,1984,.6193699836730957,,
GER.1T3.GPIA,BGD,1985,.6101599931716919,,
GER.1T3.GPIA,BGD,1986,.6298400163650513,,
GER.1T3.GPIA,BGD,1987,.6246100068092346,,
GER.1T3.GPIA,BGD,1988,.7166200280189514,,
GER.1T3.GPIA,BGD,1989,.7253199815750122,,
GER.1T3.GPIA,BGD,1990,.7521899938583374,,
GER.1T3.GPIA,BGD,2005,1.043740034103394,,
GER.1T3.GPIA,BGD,2006,1.046059966087341,,
GER.1T3.GPIA,BGD,2007,1.053329944610596,,
GER.1T3.GPIA,BGD,2008,1.071149945259094,,NAT_EST
GER.1T3.GPIA,BGD,2009,1.047459959983826,,NAT_EST
GER.1T3.GPIA,BGD,2010,1.069253142508513,,
GER.1T3.GPIA,BGD,2017,1.089158986665462,,
GER.1T3.GPIA,BGD,2018,1.084119145849063,,
GER.1T3.GPIA,BGD,2020,1.11269998550415,,
GER.1T3.GPIA,BGD,2021,1.130827684270077,,
GER.1T3.GPIA,BGD,2022,1.128950342784309,,
GER.1T3.GPIA,BGD,2023,1.129098443838832,,
GER.1T3.GPIA,BGD,2024,1.14020827254422,,
GER.1T3.M,BGD,1973,58.75946044921875,,
GER.1T3.M,BGD,1976,58.76419067382813,,
GER.1T3.M,BGD,1977,54.47916030883789,,
GER.1T3.M,BGD,1979,52.71688842773438,,
GER.1T3.M,BGD,1980,52.46538162231445,,
GER.1T3.M,BGD,1981,48.91461944580078,,
GER.1T3.M,BGD,1984,50.60155868530273,,
GER.1T3.M,BGD,1985,49.55870056152344,,
GER.1T3.M,BGD,1986,48.52603149414063,,
GER.1T3.M,BGD,1987,48.34994125366211,,
GER.1T3.M,BGD,1988,51.65024185180664,,
GER.1T3.M,BGD,1989,51.15832138061523,,
GER.1T3.M,BGD,1990,52.16741943359375,,
GER.1T3.M,BGD,2005,65.67402648925781,,
GER.1T3.M,BGD,2006,65.84353637695313,,
GER.1T3.M,BGD,2007,65.26088714599609,,
GER.1T3.M,BGD,2008,62.38277053833008,,NAT_EST
GER.1T3.M,BGD,2009,66.10353851318359,,NAT_EST
GER.1T3.M,BGD,2010,66.92903569279402,,
GER.1T3.M,BGD,2017,75.78972483912023,,
GER.1T3.M,BGD,2018,78.4541277858352,,
GER.1T3.M,BGD,2020,78.93112182617188,,
GER.1T3.M,BGD,2021,76.93461536193541,,
GER.1T3.M,BGD,2022,77.7053891473662,,
GER.1T3.M,BGD,2023,75.38794620500249,,
GER.1T3.M,BGD,2024,75.27852910655686,,
GER.1T8,BGD,1973,34.89781951904297,,
GER.1T8,BGD,1976,34.57413101196289,,
GER.1T8,BGD,1977,32.66167068481445,,
GER.1T8,BGD,1979,31.56937026977539,,
GER.1T8,BGD,1980,31.72225952148438,,
GER.1T8,BGD,1981,30.40115928649902,,
GER.1T8,BGD,1983,33.00827026367188,,
GER.1T8,BGD,1984,32.91130065917969,,
GER.1T8,BGD,1985,32.16051864624023,,
GER.1T8,BGD,1986,31.87935066223145,,
GER.1T8,BGD,1987,31.52976036071777,,
GER.1T8,BGD,1988,35.28044891357422,,
GER.1T8,BGD,1989,35.10713958740234,,
GER.1T8,BGD,1990,36.40639877319336,,
GER.1T8,BGD,2005,50.53361892700195,,
GER.1T8,BGD,2006,51.03849029541016,,
GER.1T8,BGD,2007,51.03208923339844,,
GER.1T8,BGD,2008,49.72779083251953,,NAT_EST
GER.1T8,BGD,2009,52.461669921875,,NAT_EST
GER.1T8,BGD,2017,62.79553985595703,,
GER.1T8,BGD,2018,64.80399405874576,,
GER.1T8,BGD,2020,66.41706848144531,,
GER.1T8,BGD,2021,66.23371621804964,,
GER.1T8,BGD,2022,67.59230408006819,,
GER.1T8,BGD,2023,65.07037607390494,,
GER.1T8,BGD,2024,64.80761644441584,,
GER.1T8.F,BGD,1976,22.61313056945801,,
GER.1T8.F,BGD,1977,22.13462066650391,,
GER.1T8.F,BGD,1979,21.09782981872559,,
GER.1T8.F,BGD,1980,21.5521297454834,,
GER.1T8.F,BGD,1981,21.62416076660156,,
GER.1T8.F,BGD,1984,24.50893020629883,,
GER.1T8.F,BGD,1985,23.74947929382324,,
GER.1T8.F,BGD,1986,24.02356910705566,,
GER.1T8.F,BGD,1987,23.67641067504883,,
GER.1T8.F,BGD,1988,28.84480094909668,,
GER.1T8.F,BGD,1989,28.8995304107666,,
GER.1T8.F,BGD,1990,30.53554916381836,,
GER.1T8.F,BGD,2005,50.75437927246094,,
GER.1T8.F,BGD,2006,51.33037948608398,,
GER.1T8.F,BGD,2007,51.49478149414063,,
GER.1T8.F,BGD,2008,50.48038101196289,,NAT_EST
GER.1T8.F,BGD,2009,52.64400100708008,,NAT_EST
GER.1T8.F,BGD,2017,64.20039367675781,,
GER.1T8.F,BGD,2018,65.58026205209667,,
GER.1T8.F,BGD,2020,67.59169769287109,,
GER.1T8.F,BGD,2021,67.77595816296822,,
GER.1T8.F,BGD,2022,68.67252722556988,,
GER.1T8.F,BGD,2023,66.61471242340747,,
GER.1T8.F,BGD,2024,67.01358638705592,,
GER.1T8.GPIA,BGD,1976,.4910300076007843,,
GER.1T8.GPIA,BGD,1977,.5174000263214111,,
GER.1T8.GPIA,BGD,1979,.5064600110054016,,
GER.1T8.GPIA,BGD,1980,.5189899802207947,,
GER.1T8.GPIA,BGD,1981,.5563700199127197,,
GER.1T8.GPIA,BGD,1984,.5977100133895874,,
GER.1T8.GPIA,BGD,1985,.5898799896240234,,
GER.1T8.GPIA,BGD,1986,.6089800000190735,,
GER.1T8.GPIA,BGD,1987,.605459988117218,,
GER.1T8.GPIA,BGD,1988,.6950799822807312,,
GER.1T8.GPIA,BGD,1989,.7028300166130066,,
GER.1T8.GPIA,BGD,1990,.7252399921417236,,
GER.1T8.GPIA,BGD,2005,1.008599996566772,,
GER.1T8.GPIA,BGD,2006,1.011240005493164,,
GER.1T8.GPIA,BGD,2007,1.017760038375854,,
GER.1T8.GPIA,BGD,2008,1.029459953308105,,NAT_EST
GER.1T8.GPIA,BGD,2009,1.006839990615845,,NAT_EST
GER.1T8.GPIA,BGD,2017,1.043269991874695,,
GER.1T8.GPIA,BGD,2018,1.023585859467929,,
GER.1T8.GPIA,BGD,2020,1.034909963607788,,
GER.1T8.GPIA,BGD,2021,1.045717055077733,,
GER.1T8.GPIA,BGD,2022,1.031533260100205,,
GER.1T8.GPIA,BGD,2023,1.046177443316185,,
GER.1T8.GPIA,BGD,2024,1.065174576645596,,
GER.1T8.M,BGD,1976,46.05226135253906,,
GER.1T8.M,BGD,1977,42.78038024902344,,
GER.1T8.M,BGD,1979,41.65713119506836,,
GER.1T8.M,BGD,1980,41.52714157104492,,
GER.1T8.M,BGD,1981,38.86631011962891,,
GER.1T8.M,BGD,1984,41.00495910644531,,
GER.1T8.M,BGD,1985,40.26181030273438,,
GER.1T8.M,BGD,1986,39.44897079467773,,
GER.1T8.M,BGD,1987,39.10457992553711,,
GER.1T8.M,BGD,1988,41.498779296875,,
GER.1T8.M,BGD,1989,41.11869812011719,,
GER.1T8.M,BGD,1990,42.10417175292969,,
GER.1T8.M,BGD,2005,50.3178596496582,,
GER.1T8.M,BGD,2006,50.75334167480469,,
GER.1T8.M,BGD,2007,50.58026123046875,,
GER.1T8.M,BGD,2008,48.99308013916016,,NAT_EST
GER.1T8.M,BGD,2009,52.2836799621582,,NAT_EST
GER.1T8.M,BGD,2017,61.42251968383789,,
GER.1T8.M,BGD,2018,64.03349520746598,,
GER.1T8.M,BGD,2020,65.23235321044922,,
GER.1T8.M,BGD,2021,64.67744095068568,,
GER.1T8.M,BGD,2022,66.50705856282759,,
GER.1T8.M,BGD,2023,63.53861531645163,,
GER.1T8.M,BGD,2024,62.64600426477647,,
GER.2,BGD,1998,56.98495864868164,,
GER.2,BGD,1999,60.20677185058594,,
GER.2,BGD,2000,63.35234832763672,,
GER.2,BGD,2001,66.35079956054688,,
GER.2,BGD,2002,68.01251220703125,,
GER.2,BGD,2003,67.61418914794922,,
GER.2,BGD,2004,64.61531829833984,,
GER.2,BGD,2005,64.51216125488281,,
GER.2,BGD,2006,63.92269897460938,,
GER.2,BGD,2007,64.94715118408203,,
GER.2,BGD,2008,59.23860168457031,,
GER.2,BGD,2009,62.44567108154297,,
GER.2,BGD,2010,62.59459569820428,,
GER.2,BGD,2011,62.7263523336082,,
GER.2,BGD,2012,65.67340850830078,,
GER.2,BGD,2013,70.50351998687194,,
GER.2,BGD,2015,77.01500638097572,,
GER.2,BGD,2016,79.03110395279576,,
GER.2,BGD,2017,80.18888740728696,,
GER.2,BGD,2018,82.0128011961707,,
GER.2,BGD,2019,81.22679849657858,,
GER.2,BGD,2020,79.30420706907833,,
GER.2,BGD,2021,77.25479193917582,,
GER.2,BGD,2022,78.05455936418461,,
GER.2,BGD,2023,75.69369667479457,,
GER.2,BGD,2024,75.2630612156495,,
GER.2.F,BGD,1998,58.45695114135742,,
GER.2.F,BGD,1999,63.28784942626953,,
GER.2.F,BGD,2000,67.47583770751953,,
GER.2.F,BGD,2001,72.54842376708984,,
GER.2.F,BGD,2002,74.97341156005859,,
GER.2.F,BGD,2003,73.21961212158203,,
GER.2.F,BGD,2004,67.50714874267578,,
GER.2.F,BGD,2005,68.28666687011719,,
GER.2.F,BGD,2006,67.61997222900391,,
GER.2.F,BGD,2007,68.50064086914063,,
GER.2.F,BGD,2008,64.75026702880859,,
GER.2.F,BGD,2009,67.25283813476563,,
GER.2.F,BGD,2010,68.83935915783084,,
GER.2.F,BGD,2011,69.9197303732828,,
GER.2.F,BGD,2012,72.66676330566406,,
GER.2.F,BGD,2013,75.53013073490878,,
GER.2.F,BGD,2015,85.23547955513081,,
GER.2.F,BGD,2016,87.95885382895419,,
GER.2.F,BGD,2017,89.6537778092855,,
GER.2.F,BGD,2018,91.40920374036563,,
GER.2.F,BGD,2019,90.23839110220744,,
GER.2.F,BGD,2020,89.52678256397377,,
GER.2.F,BGD,2021,89.84516412545946,,
GER.2.F,BGD,2022,89.60000363284038,,
GER.2.F,BGD,2023,87.66947921292565,,
GER.2.F,BGD,2024,86.65199761225401,,
GER.2.GPIA,BGD,1998,1.049479961395264,,
GER.2.GPIA,BGD,1999,1.09555995464325,,
GER.2.GPIA,BGD,2000,1.11981999874115,,
GER.2.GPIA,BGD,2001,1.167590022087097,,
GER.2.GPIA,BGD,2002,1.182019948959351,,
GER.2.GPIA,BGD,2003,1.15012001991272,,
GER.2.GPIA,BGD,2004,1.084050059318542,,
GER.2.GPIA,BGD,2005,1.108549952507019,,
GER.2.GPIA,BGD,2006,1.107509970664978,,
GER.2.GPIA,BGD,2007,1.102120041847229,,
GER.2.GPIA,BGD,2008,1.167809963226318,,
GER.2.GPIA,BGD,2009,1.141010046005249,,
GER.2.GPIA,BGD,2010,1.178909261973151,,
GER.2.GPIA,BGD,2011,1.202732232236127,,
GER.2.GPIA,BGD,2012,1.189509987831116,,
GER.2.GPIA,BGD,2013,1.131006997858468,,
GER.2.GPIA,BGD,2015,1.189776956957771,,
GER.2.GPIA,BGD,2016,1.199768793468512,,
GER.2.GPIA,BGD,2017,1.207851740199277,,
GER.2.GPIA,BGD,2018,1.203445047133874,,
GER.2.GPIA,BGD,2019,1.197446599044743,,
GER.2.GPIA,BGD,2020,1.224255212931221,,
GER.2.GPIA,BGD,2021,1.272270707634792,,
GER.2.GPIA,BGD,2022,1.247313101376795,,
GER.2.GPIA,BGD,2023,1.260886495067431,,
GER.2.GPIA,BGD,2024,1.250806686265369,,
GER.2.M,BGD,1998,55.56454086303711,,
GER.2.M,BGD,1999,57.24016189575195,,
GER.2.M,BGD,2000,59.39085006713867,,
GER.2.M,BGD,2001,60.3901481628418,,
GER.2.M,BGD,2002,61.32645034790039,,
GER.2.M,BGD,2003,62.22782135009766,,
GER.2.M,BGD,2004,61.83322143554688,,
GER.2.M,BGD,2005,60.87385940551758,,
GER.2.M,BGD,2006,60.35044097900391,,
GER.2.M,BGD,2007,61.50553131103516,,
GER.2.M,BGD,2008,53.88428115844727,,
GER.2.M,BGD,2009,57.76932907104492,,
GER.2.M,BGD,2010,56.52336021619864,,
GER.2.M,BGD,2011,55.74474735735907,,
GER.2.M,BGD,2012,58.89543914794922,,
GER.2.M,BGD,2013,65.63515505947076,,
GER.2.M,BGD,2015,69.05974962032172,,
GER.2.M,BGD,2016,70.38741972467083,,
GER.2.M,BGD,2017,71.01908407618618,,
GER.2.M,BGD,2018,72.81245397693704,,
GER.2.M,BGD,2019,72.42112767580716,,
GER.2.M,BGD,2020,69.44993487704271,,
GER.2.M,BGD,2021,65.38295771145657,,
GER.2.M,BGD,2022,67.44074885103056,,
GER.2.M,BGD,2023,64.79769605667845,,
GER.2.M,BGD,2024,64.91909723284989,,
GER.2T3,BGD,1973,18.77045059204102,,
GER.2T3,BGD,1976,16.55706024169922,,
GER.2T3,BGD,1977,16.67432975769043,,
GER.2T3,BGD,1979,16.94231986999512,,
GER.2T3,BGD,1980,18.87541961669922,,
GER.2T3,BGD,1981,16.78689956665039,,
GER.2T3,BGD,1983,20.15480041503906,,
GER.2T3,BGD,1984,20.42362022399902,,
GER.2T3,BGD,1985,19.84469985961914,,
GER.2T3,BGD,1986,19.30864906311035,,
GER.2T3,BGD,1987,19.57728958129883,,
GER.2T3,BGD,1988,19.43722915649414,,
GER.2T3,BGD,1989,19.31374931335449,,
GER.2T3,BGD,1990,19.88935089111328,,
GER.2T3,BGD,1998,41.92987823486328,,
GER.2T3,BGD,1999,45.06745910644531,,
GER.2T3,BGD,2000,46.72100067138672,,
GER.2T3,BGD,2001,48.46097183227539,,
GER.2T3,BGD,2002,49.61994934082031,,
GER.2T3,BGD,2003,49.52590179443359,,
GER.2T3,BGD,2004,46.30842971801758,,
GER.2T3,BGD,2005,45.16950988769531,,
GER.2T3,BGD,2006,45.70079040527344,,
GER.2T3,BGD,2007,46.46588134765625,,
GER.2T3,BGD,2008,44.57295989990234,,
GER.2T3,BGD,2009,48.12557983398438,,
GER.2T3,BGD,2010,49.50311067931617,,
GER.2T3,BGD,2011,49.75154964944723,,
GER.2T3,BGD,2012,51.67184829711914,,
GER.2T3,BGD,2013,55.62143321893143,,
GER.2T3,BGD,2015,59.4217414855957,,
GER.2T3,BGD,2016,64.16645461172853,,
GER.2T3,BGD,2017,62.34086392253148,,
GER.2T3,BGD,2018,65.27148887641117,,
GER.2T3,BGD,2019,65.11854134889151,,
GER.2T3,BGD,2020,66.43295484866387,,
GER.2T3,BGD,2021,66.82823186209907,,
GER.2T3,BGD,2022,67.03845864403833,,
GER.2T3,BGD,2023,65.98565985988488,,
GER.2T3,BGD,2024,64.2997191043961,,
GER.2T3.F,BGD,1973,9.61913013458252,,
GER.2T3.F,BGD,1976,8.269319534301758,,
GER.2T3.F,BGD,1977,7.1838698387146,,
GER.2T3.F,BGD,1979,6.967879772186279,,
GER.2T3.F,BGD,1980,9.257220268249512,,
GER.2T3.F,BGD,1981,6.409820079803467,,
GER.2T3.F,BGD,1984,11.94254970550537,,
GER.2T3.F,BGD,1985,11.35575008392334,,
GER.2T3.F,BGD,1986,12.2568302154541,,
GER.2T3.F,BGD,1987,12.24316024780273,,
GER.2T3.F,BGD,1988,12.46072959899902,,
GER.2T3.F,BGD,1989,12.67218017578125,,
GER.2T3.F,BGD,1990,13.29740047454834,,
GER.2T3.F,BGD,1998,40.37765884399414,,
GER.2T3.F,BGD,1999,44.57149887084961,,
GER.2T3.F,BGD,2000,47.11096954345703,,
GER.2T3.F,BGD,2001,50.02328872680664,,
GER.2T3.F,BGD,2002,51.73500061035156,,
GER.2T3.F,BGD,2003,51.68761825561523,,
GER.2T3.F,BGD,2004,46.7358283996582,,
GER.2T3.F,BGD,2005,46.49209976196289,,
GER.2T3.F,BGD,2006,46.85966110229492,,
GER.2T3.F,BGD,2007,47.5436897277832,,
GER.2T3.F,BGD,2008,47.05208969116211,,
GER.2T3.F,BGD,2009,49.70016098022461,,
GER.2T3.F,BGD,2010,52.0766891151976,,
GER.2T3.F,BGD,2011,52.97284697164704,,
GER.2T3.F,BGD,2012,54.66772842407227,,
GER.2T3.F,BGD,2013,57.41839843047644,,
GER.2T3.F,BGD,2015,62.58327102661133,,
GER.2T3.F,BGD,2016,66.91201252773755,,
GER.2T3.F,BGD,2017,66.82060802912994,,
GER.2T3.F,BGD,2018,69.01920692709821,,
GER.2T3.F,BGD,2019,68.60824907488183,,
GER.2T3.F,BGD,2020,71.12875071138099,,
GER.2T3.F,BGD,2021,75.08964166991495,,
GER.2T3.F,BGD,2022,72.27311441568348,,
GER.2T3.F,BGD,2023,71.54619763002422,,
GER.2T3.F,BGD,2024,70.47203098422438,,
GER.2T3.GPIA,BGD,1973,.349260002374649,,
GER.2T3.GPIA,BGD,1976,.3377400040626526,,
GER.2T3.GPIA,BGD,1977,.2790000140666962,,
GER.2T3.GPIA,BGD,1979,.2633300125598907,,
GER.2T3.GPIA,BGD,1980,.3300600051879883,,
GER.2T3.GPIA,BGD,1981,.2402399927377701,,
GER.2T3.GPIA,BGD,1984,.4185000061988831,,
GER.2T3.GPIA,BGD,1985,.4058000147342682,,
GER.2T3.GPIA,BGD,1986,.4698399901390076,,
GER.2T3.GPIA,BGD,1987,.4595000147819519,,
GER.2T3.GPIA,BGD,1988,.4760999977588654,,
GER.2T3.GPIA,BGD,1989,.4924800097942352,,
GER.2T3.GPIA,BGD,1990,.5063999891281128,,
GER.2T3.GPIA,BGD,1998,.9295700192451477,,
GER.2T3.GPIA,BGD,1999,.9785299897193909,,
GER.2T3.GPIA,BGD,2000,1.016319990158081,,
GER.2T3.GPIA,BGD,2001,1.061640024185181,,
GER.2T3.GPIA,BGD,2002,1.08053994178772,,
GER.2T3.GPIA,BGD,2003,1.082280039787292,,
GER.2T3.GPIA,BGD,2004,1.017979979515076,,
GER.2T3.GPIA,BGD,2005,1.055909991264343,,
GER.2T3.GPIA,BGD,2006,1.048619985580444,,
GER.2T3.GPIA,BGD,2007,1.044610023498535,,
GER.2T3.GPIA,BGD,2008,1.103800058364868,,
GER.2T3.GPIA,BGD,2009,1.062469959259033,,
GER.2T3.GPIA,BGD,2010,1.097506215463028,,
GER.2T3.GPIA,BGD,2011,1.120017141262887,,
GER.2T3.GPIA,BGD,2012,1.108150005340576,,
GER.2T3.GPIA,BGD,2013,1.061748132303292,,
GER.2T3.GPIA,BGD,2015,1.099589943885803,,
GER.2T3.GPIA,BGD,2016,1.080868796496415,,
GER.2T3.GPIA,BGD,2017,1.13212797008144,,
GER.2T3.GPIA,BGD,2018,1.108126774837611,,
GER.2T3.GPIA,BGD,2019,1.101817126654053,,
GER.2T3.GPIA,BGD,2020,1.132077774069094,,
GER.2T3.GPIA,BGD,2021,1.218781641407109,,
GER.2T3.GPIA,BGD,2022,1.142559362839866,,
GER.2T3.GPIA,BGD,2023,1.151411504133624,,
GER.2T3.GPIA,BGD,2024,1.169320517847646,,
GER.2T3.M,BGD,1973,27.54169082641602,,
GER.2T3.M,BGD,1976,24.48398971557617,,
GER.2T3.M,BGD,1977,25.74826049804688,,
GER.2T3.M,BGD,1979,26.46059989929199,,
GER.2T3.M,BGD,1980,28.04685020446777,,
GER.2T3.M,BGD,1981,26.68059921264648,,
GER.2T3.M,BGD,1984,28.53620910644531,,
GER.2T3.M,BGD,1985,27.98365020751953,,
GER.2T3.M,BGD,1986,26.08720016479492,,
GER.2T3.M,BGD,1987,26.64468955993652,,
GER.2T3.M,BGD,1988,26.17250061035156,,
GER.2T3.M,BGD,1989,25.73151016235352,,
GER.2T3.M,BGD,1990,26.2585506439209,,
GER.2T3.M,BGD,1998,43.43674087524414,,
GER.2T3.M,BGD,1999,45.54922103881836,,
GER.2T3.M,BGD,2000,46.34226989746094,,
GER.2T3.M,BGD,2001,46.93994903564453,,
GER.2T3.M,BGD,2002,47.56826019287109,,
GER.2T3.M,BGD,2003,47.43487930297852,,
GER.2T3.M,BGD,2004,45.89572906494141,,
GER.2T3.M,BGD,2005,43.89294052124023,,
GER.2T3.M,BGD,2006,44.58118057250977,,
GER.2T3.M,BGD,2007,45.42269897460938,,
GER.2T3.M,BGD,2008,42.16822052001953,,
GER.2T3.M,BGD,2009,46.59521102905273,,
GER.2T3.M,BGD,2010,46.99888824573001,,
GER.2T3.M,BGD,2011,46.6151973135536,,
GER.2T3.M,BGD,2012,48.75519943237305,,
GER.2T3.M,BGD,2013,53.87291956754826,,
GER.2T3.M,BGD,2015,56.35079956054688,,
GER.2T3.M,BGD,2016,61.5009186034664,,
GER.2T3.M,BGD,2017,57.99173673063346,,
GER.2T3.M,BGD,2018,61.55638268022135,,
GER.2T3.M,BGD,2019,61.62275428931176,,
GER.2T3.M,BGD,2020,61.73422364510628,,
GER.2T3.M,BGD,2021,58.66140661269931,,
GER.2T3.M,BGD,2022,61.96990527413092,,
GER.2T3.M,BGD,2023,60.71328023182075,,
GER.2T3.M,BGD,2024,58.53967020420016,,
GER.3,BGD,1998,29.87879943847656,,
GER.3,BGD,1999,33.12631988525391,,
GER.3,BGD,2000,33.77080154418945,,
GER.3,BGD,2001,34.58797836303711,,
GER.3,BGD,2002,35.34057998657227,,
GER.3,BGD,2003,35.47072982788086,,
GER.3,BGD,2004,32.21545028686523,,
GER.3,BGD,2005,30.47857093811035,,
GER.3,BGD,2006,31.90057945251465,,
GER.3,BGD,2007,32.4361686706543,,
GER.3,BGD,2008,33.28083038330078,,
GER.3,BGD,2009,36.8926887512207,,
GER.3,BGD,2010,39.00793385680122,,
GER.3,BGD,2011,39.18382688135538,,
GER.3,BGD,2012,40.30474853515625,,
GER.3,BGD,2013,43.63338953414513,,
GER.3,BGD,2015,45.77567715213728,,
GER.3,BGD,2016,52.86269430607901,,
GER.3,BGD,2017,49.03630775456971,,
GER.3,BGD,2018,52.83946030290071,,
GER.3,BGD,2019,53.16382839023546,,
GER.3,BGD,2020,56.8974975282764,,
GER.3,BGD,2021,59.15362879211627,,
GER.3,BGD,2022,58.99759359651024,,
GER.3,BGD,2023,58.97285219475038,,
GER.3,BGD,2024,56.4352114632088,,
GER.3.F,BGD,1998,25.98498916625977,,
GER.3.F,BGD,1999,29.92680931091309,,
GER.3.F,BGD,2000,31.40768051147461,,
GER.3.F,BGD,2001,32.7465705871582,,
GER.3.F,BGD,2002,33.85335159301758,,
GER.3.F,BGD,2003,35.05625152587891,,
GER.3.F,BGD,2004,30.79880905151367,,
GER.3.F,BGD,2005,29.95877075195313,,
GER.3.F,BGD,2006,31.13606071472168,,
GER.3.F,BGD,2007,31.62504959106445,,
GER.3.F,BGD,2008,33.40653991699219,,
GER.3.F,BGD,2009,35.92053985595703,,
GER.3.F,BGD,2010,38.64897326370391,,
GER.3.F,BGD,2011,39.20996797257316,,
GER.3.F,BGD,2012,40.11528015136719,,
GER.3.F,BGD,2013,42.89078627783864,,
GER.3.F,BGD,2015,45.07206573769216,,
GER.3.F,BGD,2016,50.94639308833355,,
GER.3.F,BGD,2017,49.83131340339639,,
GER.3.F,BGD,2018,52.57129172806431,,
GER.3.F,BGD,2019,52.8995636596657,,
GER.3.F,BGD,2020,57.93538340054818,,
GER.3.F,BGD,2021,64.66882060913531,,
GER.3.F,BGD,2022,60.19142226744714,,
GER.3.F,BGD,2023,60.31754633141866,,
GER.3.F,BGD,2024,59.14200949521678,,
GER.3.GPIA,BGD,1998,.771589994430542,,
GER.3.GPIA,BGD,1999,.8254299759864807,,
GER.3.GPIA,BGD,2000,.8703799843788147,,
GER.3.GPIA,BGD,2001,.8996899724006653,,
GER.3.GPIA,BGD,2002,.9200699925422668,,
GER.3.GPIA,BGD,2003,.9772099852561951,,
GER.3.GPIA,BGD,2004,.9169800281524658,,
GER.3.GPIA,BGD,2005,.9670100212097168,,
GER.3.GPIA,BGD,2006,.9539499878883362,,
GER.3.GPIA,BGD,2007,.951960027217865,,
GER.3.GPIA,BGD,2008,1.007410049438477,,
GER.3.GPIA,BGD,2009,.9493499994277954,,
GER.3.GPIA,BGD,2010,.9819986118836144,,
GER.3.GPIA,BGD,2011,1.001317481329748,,
GER.3.GPIA,BGD,2012,.9907500147819519,,
GER.3.GPIA,BGD,2013,.9669084427682396,,
GER.3.GPIA,BGD,2015,.9701032745377293,,
GER.3.GPIA,BGD,2016,.9309180051908211,,
GER.3.GPIA,BGD,2017,1.031466765704973,,
GER.3.GPIA,BGD,2018,.9898988018438183,,
GER.3.GPIA,BGD,2019,.9900077903206289,,
GER.3.GPIA,BGD,2020,1.036342763345221,,
GER.3.GPIA,BGD,2021,1.172573494851507,,
GER.3.GPIA,BGD,2022,1.039779075047396,,
GER.3.GPIA,BGD,2023,1.0440709960087,,
GER.3.GPIA,BGD,2024,1.089316695074467,,
GER.3.M,BGD,1998,33.67705154418945,,
GER.3.M,BGD,1999,36.25598907470703,,
GER.3.M,BGD,2000,36.08517837524414,,
GER.3.M,BGD,2001,36.39776992797852,,
GER.3.M,BGD,2002,36.79434967041016,,
GER.3.M,BGD,2003,35.87371063232422,,
GER.3.M,BGD,2004,33.5872917175293,,
GER.3.M,BGD,2005,30.98080062866211,,
GER.3.M,BGD,2006,32.6391716003418,,
GER.3.M,BGD,2007,33.22082901000977,,
GER.3.M,BGD,2008,33.15901947021484,,
GER.3.M,BGD,2009,37.83689880371094,,
GER.3.M,BGD,2010,39.35746221633616,,
GER.3.M,BGD,2011,39.15830957182929,,
GER.3.M,BGD,2012,40.4898796081543,,
GER.3.M,BGD,2013,44.35868421527396,,
GER.3.M,BGD,2015,46.46110050413939,,
GER.3.M,BGD,2016,54.72704664025751,,
GER.3.M,BGD,2017,48.26328313976065,,
GER.3.M,BGD,2018,53.10774356948739,,
GER.3.M,BGD,2019,53.43348221788575,,
GER.3.M,BGD,2020,55.82985147230741,,
GER.3.M,BGD,2021,53.50869622869165,,
GER.3.M,BGD,2022,57.79706316386084,,
GER.3.M,BGD,2023,57.65929198779215,,
GER.3.M,BGD,2024,53.85964066704128,,
GER.4,BGD,1998,.2019499987363815,,
GER.4,BGD,1999,.191100001335144,,
GER.4,BGD,2000,.1992699950933456,,
GER.4,BGD,2001,.215829998254776,,
GER.4,BGD,2002,.2525599896907806,,
GER.4,BGD,2003,.2743400037288666,,
GER.4,BGD,2004,.5691499710083008,,
GER.4,BGD,2005,.6634100079536438,,
GER.4,BGD,2006,.6498500108718872,,
GER.4,BGD,2007,.671970009803772,,
GER.4,BGD,2008,1.074560046195984,,
GER.4,BGD,2009,1.129469990730286,,
GER.4,BGD,2010,1.285130023956299,,
GER.4,BGD,2011,1.333809971809387,,
GER.4,BGD,2012,2.257839918136597,,
GER.4,BGD,2013,3.947230100631714,,
GER.4,BGD,2015,5.153439998626709,,
GER.4,BGD,2016,4.339409828186035,,
GER.4,BGD,2017,4.31879997253418,,
GER.4,BGD,2018,4.633300208542852,,
GER.4,BGD,2019,4.643540596188267,,
GER.4,BGD,2020,4.723348793344054,,
GER.4,BGD,2021,4.984021729186449,,
GER.4,BGD,2022,13.18457979254692,,
GER.4,BGD,2023,7.392606275629745,,
GER.4,BGD,2024,6.149356161462976,,
GER.4.F,BGD,1998,.1781000047922134,,
GER.4.F,BGD,1999,.1740899980068207,,
GER.4.F,BGD,2000,.1731200069189072,,
GER.4.F,BGD,2001,.1745200008153915,,
GER.4.F,BGD,2002,.215599998831749,,
GER.4.F,BGD,2003,.2205699980258942,,
GER.4.F,BGD,2004,.2926099896430969,,
GER.4.F,BGD,2005,.3037199974060059,,
GER.4.F,BGD,2006,.3059700131416321,,
GER.4.F,BGD,2007,.3116500079631805,,
GER.4.F,BGD,2008,.3362100124359131,,
GER.4.F,BGD,2009,.3883000016212463,,
GER.4.F,BGD,2010,.5125899910926819,,
GER.4.F,BGD,2011,.4573900103569031,,
GER.4.F,BGD,2012,.8212900161743164,,
GER.4.F,BGD,2013,1.249429941177368,,
GER.4.F,BGD,2015,2.139830112457275,,
GER.4.F,BGD,2016,1.474290013313293,,
GER.4.F,BGD,2017,1.647210001945496,,
GER.4.F,BGD,2018,1.625659973416249,,
GER.4.F,BGD,2019,1.625251835147206,,
GER.4.F,BGD,2020,1.653719882542162,,
GER.4.F,BGD,2021,1.808366585042982,,
GER.4.F,BGD,2022,7.600948232163134,,
GER.4.F,BGD,2023,4.910361569784383,,
GER.4.F,BGD,2024,4.098670879299259,,
GER.4.GPIA,BGD,1998,.7905300259590149,,
GER.4.GPIA,BGD,1999,.837660014629364,,
GER.4.GPIA,BGD,2000,.7692099809646606,,
GER.4.GPIA,BGD,2001,.6794400215148926,,
GER.4.GPIA,BGD,2002,.745710015296936,,
GER.4.GPIA,BGD,2003,.6739199757575989,,
GER.4.GPIA,BGD,2004,.3478400111198425,,
GER.4.GPIA,BGD,2005,.2990599870681763,,
GER.4.GPIA,BGD,2006,.3105199933052063,,
GER.4.GPIA,BGD,2007,.3046700060367584,,
GER.4.GPIA,BGD,2008,.1874299943447113,,
GER.4.GPIA,BGD,2009,.2096000015735626,,
GER.4.GPIA,BGD,2010,.2512600123882294,,
GER.4.GPIA,BGD,2011,.2086299955844879,,
GER.4.GPIA,BGD,2012,.2241100072860718,,
GER.4.GPIA,BGD,2013,.1892099976539612,,
GER.4.GPIA,BGD,2015,.2630900144577026,,
GER.4.GPIA,BGD,2016,.2055400013923645,,
GER.4.GPIA,BGD,2017,.2369100004434586,,
GER.4.GPIA,BGD,2018,.2111120246314815,,
GER.4.GPIA,BGD,2019,.2075803331190057,,
GER.4.GPIA,BGD,2020,.2052233638369629,,
GER.4.GPIA,BGD,2021,.212875944414815,,
GER.4.GPIA,BGD,2022,.3923408881359327,,
GER.4.GPIA,BGD,2023,.4880836381116477,,
GER.4.GPIA,BGD,2024,.4945666051063314,,
GER.4.M,BGD,1998,.2252999991178513,,
GER.4.M,BGD,1999,.2078299969434738,,
GER.4.M,BGD,2000,.2250600010156631,,
GER.4.M,BGD,2001,.256850004196167,,
GER.4.M,BGD,2002,.2891300022602081,,
GER.4.M,BGD,2003,.3272899985313416,,
GER.4.M,BGD,2004,.8412299752235413,,
GER.4.M,BGD,2005,1.015589952468872,,
GER.4.M,BGD,2006,.9853600263595581,,
GER.4.M,BGD,2007,1.022879958152771,,
GER.4.M,BGD,2008,1.793769955635071,,
GER.4.M,BGD,2009,1.852609992027283,,
GER.4.M,BGD,2010,2.040119886398315,,
GER.4.M,BGD,2011,2.192320108413696,,
GER.4.M,BGD,2012,3.664629936218262,,
GER.4.M,BGD,2013,6.603270053863525,,
GER.4.M,BGD,2015,8.133560180664063,,
GER.4.M,BGD,2016,7.172619819641113,,
GER.4.M,BGD,2017,6.952760219573975,,
GER.4.M,BGD,2018,7.70046128946947,,
GER.4.M,BGD,2019,7.829507789716524,,
GER.4.M,BGD,2020,8.058146263775011,,
GER.4.M,BGD,2021,8.494931590387482,,
GER.4.M,BGD,2022,19.37332677273663,,
GER.4.M,BGD,2023,10.06049206808517,,
GER.4.M,BGD,2024,8.287399183408366,,
GGR.6T7,BGD,2002,4.612020015716553,,
GGR.6T7,BGD,2003,4.785099983215332,,
GGR.6T7,BGD,2008,5.418869972229004,,
GGR.6T7,BGD,2009,4.987619876861572,,
GGR.6T7.F,BGD,2002,3.059880018234253,,
GGR.6T7.F,BGD,2003,3.251660108566284,,
GGR.6T7.GPIA,BGD,2002,.4952200055122375,,
GGR.6T7.GPIA,BGD,2003,.5128700137138367,,
GGR.6T7.M,BGD,2002,6.178880214691162,,
GGR.6T7.M,BGD,2003,6.340099811553955,,
GTVP.2.GPV,BGD,1998,100,,
GTVP.2.GPV,BGD,1999,100,,
GTVP.2.GPV,BGD,2000,100,,
GTVP.2.GPV,BGD,2001,100,,
GTVP.2.GPV,BGD,2002,100,,
GTVP.2.GPV,BGD,2003,100,,
GTVP.2.GPV,BGD,2004,100,,
GTVP.2.GPV,BGD,2005,100,,
GTVP.2.GPV,BGD,2006,100,,
GTVP.2.GPV,BGD,2007,100,,
GTVP.2.GPV,BGD,2008,100,,
GTVP.2.GPV,BGD,2009,100,,
GTVP.2.GPV,BGD,2010,100,,
GTVP.2.GPV,BGD,2011,100,,
GTVP.2.GPV,BGD,2012,100,,
GTVP.2.GPV,BGD,2013,100,,
GTVP.2.GPV,BGD,2015,100,,
GTVP.2.GPV,BGD,2016,100,,
GTVP.2.GPV,BGD,2017,100,,
GTVP.2.GPV,BGD,2018,100,,
GTVP.2.GPV,BGD,2019,100,,
GTVP.2.GPV,BGD,2020,100,,
GTVP.2.GPV,BGD,2021,100,,
GTVP.2.GPV,BGD,2022,100,,
GTVP.2.GPV,BGD,2023,100,,
GTVP.2.GPV,BGD,2024,100,,
GTVP.2.GPV.F,BGD,1998,100,,
GTVP.2.GPV.F,BGD,1999,100,,
GTVP.2.GPV.F,BGD,2000,100,,
GTVP.2.GPV.F,BGD,2001,100,,
GTVP.2.GPV.F,BGD,2002,100,,
GTVP.2.GPV.F,BGD,2003,100,,
GTVP.2.GPV.F,BGD,2004,100,,
GTVP.2.GPV.F,BGD,2005,100,,
GTVP.2.GPV.F,BGD,2006,100,,
GTVP.2.GPV.F,BGD,2007,100,,
GTVP.2.GPV.F,BGD,2008,100,,
GTVP.2.GPV.F,BGD,2009,100,,
GTVP.2.GPV.F,BGD,2010,100,,
GTVP.2.GPV.F,BGD,2011,100,,
GTVP.2.GPV.F,BGD,2012,100,,
GTVP.2.GPV.F,BGD,2013,100,,
GTVP.2.GPV.F,BGD,2015,100,,
GTVP.2.GPV.F,BGD,2016,100,,
GTVP.2.GPV.F,BGD,2017,100,,
GTVP.2.GPV.F,BGD,2018,100,,
GTVP.2.GPV.F,BGD,2019,100,,
GTVP.2.GPV.F,BGD,2020,100,,
GTVP.2.GPV.F,BGD,2024,100,,
GTVP.2.GPV.GPIA,BGD,1998,1,,
GTVP.2.GPV.GPIA,BGD,1999,1,,
GTVP.2.GPV.GPIA,BGD,2000,1,,
GTVP.2.GPV.GPIA,BGD,2001,1,,
GTVP.2.GPV.GPIA,BGD,2002,1,,
GTVP.2.GPV.GPIA,BGD,2003,1,,
GTVP.2.GPV.GPIA,BGD,2004,1,,
GTVP.2.GPV.GPIA,BGD,2005,1,,
GTVP.2.GPV.GPIA,BGD,2006,1,,
GTVP.2.GPV.GPIA,BGD,2007,1,,
GTVP.2.GPV.GPIA,BGD,2008,1,,
GTVP.2.GPV.GPIA,BGD,2009,1,,
GTVP.2.GPV.GPIA,BGD,2010,1,,
GTVP.2.GPV.GPIA,BGD,2011,1,,
GTVP.2.GPV.GPIA,BGD,2012,1,,
GTVP.2.GPV.GPIA,BGD,2013,1,,
GTVP.2.GPV.GPIA,BGD,2015,1,,
GTVP.2.GPV.GPIA,BGD,2016,1,,
GTVP.2.GPV.GPIA,BGD,2017,1,,
GTVP.2.GPV.GPIA,BGD,2018,1,,
GTVP.2.GPV.GPIA,BGD,2019,1,,
GTVP.2.GPV.GPIA,BGD,2020,1,,
GTVP.2.GPV.GPIA,BGD,2024,1,,
GTVP.2.GPV.M,BGD,1998,100,,
GTVP.2.GPV.M,BGD,1999,100,,
GTVP.2.GPV.M,BGD,2000,100,,
GTVP.2.GPV.M,BGD,2001,100,,
GTVP.2.GPV.M,BGD,2002,100,,
GTVP.2.GPV.M,BGD,2003,100,,
GTVP.2.GPV.M,BGD,2004,100,,
GTVP.2.GPV.M,BGD,2005,100,,
GTVP.2.GPV.M,BGD,2006,100,,
GTVP.2.GPV.M,BGD,2007,100,,
GTVP.2.GPV.M,BGD,2008,100,,
GTVP.2.GPV.M,BGD,2009,100,,
GTVP.2.GPV.M,BGD,2010,100,,
GTVP.2.GPV.M,BGD,2011,100,,
GTVP.2.GPV.M,BGD,2012,100,,
GTVP.2.GPV.M,BGD,2013,100,,
GTVP.2.GPV.M,BGD,2015,100,,
GTVP.2.GPV.M,BGD,2016,100,,
GTVP.2.GPV.M,BGD,2017,100,,
GTVP.2.GPV.M,BGD,2018,100,,
GTVP.2.GPV.M,BGD,2019,100,,
GTVP.2.GPV.M,BGD,2020,100,,
GTVP.2.GPV.M,BGD,2024,100,,
GTVP.2T3.GPV,BGD,1973,99.57099151611328,,
GTVP.2T3.GPV,BGD,1976,99.12590789794922,,
GTVP.2T3.GPV,BGD,1977,98.87774658203125,,
GTVP.2T3.GPV,BGD,1979,98.87873077392578,,
GTVP.2T3.GPV,BGD,1980,99.01083374023438,,
GTVP.2T3.GPV,BGD,1981,98.89771270751953,,
GTVP.2T3.GPV,BGD,1983,99.03089904785156,,
GTVP.2T3.GPV,BGD,1984,99.11212921142578,,
GTVP.2T3.GPV,BGD,1985,99.12493133544922,,
GTVP.2T3.GPV,BGD,1986,98.99373626708984,,
GTVP.2T3.GPV,BGD,1987,98.96527862548828,,
GTVP.2T3.GPV,BGD,1988,99.04875183105469,,
GTVP.2T3.GPV,BGD,1989,99.14423370361328,,
GTVP.2T3.GPV,BGD,1990,99.14275360107422,,
GTVP.2T3.GPV,BGD,1998,98.87777709960938,,
GTVP.2T3.GPV,BGD,1999,98.93273162841797,,
GTVP.2T3.GPV,BGD,2000,98.98193359375,,
GTVP.2T3.GPV,BGD,2001,98.84249114990234,,
GTVP.2T3.GPV,BGD,2002,98.85385131835938,,
GTVP.2T3.GPV,BGD,2003,98.84883117675781,,
GTVP.2T3.GPV,BGD,2004,98.37983703613281,,
GTVP.2T3.GPV,BGD,2005,98.09591674804688,,
GTVP.2T3.GPV,BGD,2006,97.86276245117188,,
GTVP.2T3.GPV,BGD,2007,97.56697845458984,,
GTVP.2T3.GPV,BGD,2008,96.56638336181641,,
GTVP.2T3.GPV,BGD,2009,96.63146209716797,,
GTVP.2T3.GPV,BGD,2010,96.71323281914549,,
GTVP.2T3.GPV,BGD,2011,96.84600939585361,,
GTVP.2T3.GPV,BGD,2012,96.48433685302734,,
GTVP.2T3.GPV,BGD,2013,96.77364816307156,,
GTVP.2T3.GPV,BGD,2015,95.86675757676414,,
GTVP.2T3.GPV,BGD,2016,96.02907127508057,,
GTVP.2T3.GPV,BGD,2017,95.99993000215413,,
GTVP.2T3.GPV,BGD,2018,95.22811852938472,,
GTVP.2T3.GPV,BGD,2019,95.98215871275708,,
GTVP.2T3.GPV,BGD,2020,94.96311842942259,,
GTVP.2T3.GPV,BGD,2021,94.80056953385798,,
GTVP.2T3.GPV,BGD,2022,94.49828205295418,,
GTVP.2T3.GPV,BGD,2023,93.14140351782292,,
GTVP.2T3.GPV,BGD,2024,93.6237885449106,,
GTVP.2T3.GPV.F,BGD,1973,99.69692230224609,,
GTVP.2T3.GPV.F,BGD,1976,99.74339294433594,,
GTVP.2T3.GPV.F,BGD,1977,99.57205963134766,,
GTVP.2T3.GPV.F,BGD,1979,99.50563049316406,,
GTVP.2T3.GPV.F,BGD,1980,99.65251922607422,,
GTVP.2T3.GPV.F,BGD,1981,99.58997344970703,,
GTVP.2T3.GPV.F,BGD,1984,99.23683166503906,,
GTVP.2T3.GPV.F,BGD,1985,99.20694732666016,,
GTVP.2T3.GPV.F,BGD,1986,99.49150085449219,,
GTVP.2T3.GPV.F,BGD,1987,99.48737335205078,,
GTVP.2T3.GPV.F,BGD,1988,99.4844970703125,,
GTVP.2T3.GPV.F,BGD,1989,99.62609100341797,,
GTVP.2T3.GPV.F,BGD,1990,99.63420104980469,,
GTVP.2T3.GPV.F,BGD,1998,99.44599914550781,,
GTVP.2T3.GPV.F,BGD,1999,99.47811889648438,,
GTVP.2T3.GPV.F,BGD,2000,99.49266052246094,,
GTVP.2T3.GPV.F,BGD,2001,99.42640686035156,,
GTVP.2T3.GPV.F,BGD,2002,99.42864990234375,,
GTVP.2T3.GPV.F,BGD,2003,99.40651702880859,,
GTVP.2T3.GPV.F,BGD,2004,99.11453247070313,,
GTVP.2T3.GPV.F,BGD,2005,98.88121795654297,,
GTVP.2T3.GPV.F,BGD,2006,98.75949859619141,,
GTVP.2T3.GPV.F,BGD,2007,98.54692840576172,,
GTVP.2T3.GPV.F,BGD,2008,98.01451873779297,,
GTVP.2T3.GPV.F,BGD,2009,98.02330017089844,,
GTVP.2T3.GPV.F,BGD,2010,98.43343353271484,,
GTVP.2T3.GPV.F,BGD,2011,98.02620697021484,,
GTVP.2T3.GPV.F,BGD,2012,97.75614166259766,,
GTVP.2T3.GPV.F,BGD,2013,97.89042663574219,,
GTVP.2T3.GPV.F,BGD,2015,97.82086181640625,,
GTVP.2T3.GPV.F,BGD,2016,97.86717224121094,,
GTVP.2T3.GPV.F,BGD,2017,97.93083190917969,,
GTVP.2T3.GPV.F,BGD,2018,97.49434661865234,,
GTVP.2T3.GPV.F,BGD,2019,97.80603790283203,,
GTVP.2T3.GPV.F,BGD,2020,97.10546112060547,,
GTVP.2T3.GPV.F,BGD,2024,96.38146209716797,,
GTVP.2T3.GPV.GPIA,BGD,1973,1.001690030097961,,
GTVP.2T3.GPV.GPIA,BGD,1976,1.008190035820007,,
GTVP.2T3.GPV.GPIA,BGD,1977,1.008829951286316,,
GTVP.2T3.GPV.GPIA,BGD,1979,1.007879972457886,,
GTVP.2T3.GPV.GPIA,BGD,1980,1.008470058441162,,
GTVP.2T3.GPV.GPIA,BGD,1981,1.008540034294128,,
GTVP.2T3.GPV.GPIA,BGD,1984,1.001760005950928,,
GTVP.2T3.GPV.GPIA,BGD,1985,1.001150012016296,,
GTVP.2T3.GPV.GPIA,BGD,1986,1.007259964942932,,
GTVP.2T3.GPV.GPIA,BGD,1987,1.007570028305054,,
GTVP.2T3.GPV.GPIA,BGD,1988,1.006389975547791,,
GTVP.2T3.GPV.GPIA,BGD,1989,1.007140040397644,,
GTVP.2T3.GPV.GPIA,BGD,1990,1.007349967956543,,
GTVP.2T3.GPV.GPIA,BGD,1998,1.010869979858398,,
GTVP.2T3.GPV.GPIA,BGD,1999,1.010689973831177,,
GTVP.2T3.GPV.GPIA,BGD,2000,1.010200023651123,,
GTVP.2T3.GPV.GPIA,BGD,2001,1.011970043182373,,
GTVP.2T3.GPV.GPIA,BGD,2002,1.011880040168762,,
GTVP.2T3.GPV.GPIA,BGD,2003,1.011520028114319,,
GTVP.2T3.GPV.GPIA,BGD,2004,1.014700055122375,,
GTVP.2T3.GPV.GPIA,BGD,2005,1.016059994697571,,
GTVP.2T3.GPV.GPIA,BGD,2006,1.01830005645752,,
GTVP.2T3.GPV.GPIA,BGD,2007,1.020020008087158,,
GTVP.2T3.GPV.GPIA,BGD,2008,1.030769944190979,,
GTVP.2T3.GPV.GPIA,BGD,2009,1.02892005443573,,
GTVP.2T3.GPV.GPIA,BGD,2010,1.036319971084595,,
GTVP.2T3.GPV.GPIA,BGD,2011,1.025359988212585,,
GTVP.2T3.GPV.GPIA,BGD,2012,1.027209997177124,,
GTVP.2T3.GPV.GPIA,BGD,2013,1.023239970207214,,
GTVP.2T3.GPV.GPIA,BGD,2015,1.041530013084412,,
GTVP.2T3.GPV.GPIA,BGD,2016,1.038619995117188,,
GTVP.2T3.GPV.GPIA,BGD,2017,1.041769981384277,,
GTVP.2T3.GPV.GPIA,BGD,2018,1.049080014228821,,
GTVP.2T3.GPV.GPIA,BGD,2019,1.03945004940033,,
GTVP.2T3.GPV.GPIA,BGD,2020,1.047500014305115,,
GTVP.2T3.GPV.GPIA,BGD,2024,1.060760021209717,,
GTVP.2T3.GPV.M,BGD,1973,99.52883911132813,,
GTVP.2T3.GPV.M,BGD,1976,98.92643737792969,,
GTVP.2T3.GPV.M,BGD,1977,98.69254302978516,,
GTVP.2T3.GPV.M,BGD,1979,98.72119140625,,
GTVP.2T3.GPV.M,BGD,1980,98.80886840820313,,
GTVP.2T3.GPV.M,BGD,1981,98.73914337158203,,
GTVP.2T3.GPV.M,BGD,1984,99.06221008300781,,
GTVP.2T3.GPV.M,BGD,1985,99.09300994873047,,
GTVP.2T3.GPV.M,BGD,1986,98.76892852783203,,
GTVP.2T3.GPV.M,BGD,1987,98.73410034179688,,
GTVP.2T3.GPV.M,BGD,1988,98.84845733642578,,
GTVP.2T3.GPV.M,BGD,1989,98.9149169921875,,
GTVP.2T3.GPV.M,BGD,1990,98.90228271484375,,
GTVP.2T3.GPV.M,BGD,1998,98.36499786376953,,
GTVP.2T3.GPV.M,BGD,1999,98.41432189941406,,
GTVP.2T3.GPV.M,BGD,2000,98.47770690917969,,
GTVP.2T3.GPV.M,BGD,2001,98.23667144775391,,
GTVP.2T3.GPV.M,BGD,2002,98.2474365234375,,
GTVP.2T3.GPV.M,BGD,2003,98.26103210449219,,
GTVP.2T3.GPV.M,BGD,2004,97.65741729736328,,
GTVP.2T3.GPV.M,BGD,2005,97.29306030273438,,
GTVP.2T3.GPV.M,BGD,2006,96.95211029052734,,
GTVP.2T3.GPV.M,BGD,2007,96.57422637939453,,
GTVP.2T3.GPV.M,BGD,2008,94.99900817871094,,
GTVP.2T3.GPV.M,BGD,2009,95.18855285644531,,
GTVP.2T3.GPV.M,BGD,2010,94.85855865478516,,
GTVP.2T3.GPV.M,BGD,2011,95.54020690917969,,
GTVP.2T3.GPV.M,BGD,2012,95.09602355957031,,
GTVP.2T3.GPV.M,BGD,2013,95.615478515625,,
GTVP.2T3.GPV.M,BGD,2015,93.75872039794922,,
GTVP.2T3.GPV.M,BGD,2016,94.08753204345703,,
GTVP.2T3.GPV.M,BGD,2017,93.83992767333984,,
GTVP.2T3.GPV.M,BGD,2018,92.70925140380859,,
GTVP.2T3.GPV.M,BGD,2019,93.94798278808594,,
GTVP.2T3.GPV.M,BGD,2020,92.49321746826172,,
GTVP.2T3.GPV.M,BGD,2024,90.52574920654297,,
GTVP.2T3.V,BGD,1973,.4290100038051605,,
GTVP.2T3.V,BGD,1976,.8740900158882141,,
GTVP.2T3.V,BGD,1977,1.122249960899353,,
GTVP.2T3.V,BGD,1979,1.121269941329956,,
GTVP.2T3.V,BGD,1980,.9891700148582458,,
GTVP.2T3.V,BGD,1981,1.102290034294128,,
GTVP.2T3.V,BGD,1983,.9690999984741211,,
GTVP.2T3.V,BGD,1984,.8878700137138367,,
GTVP.2T3.V,BGD,1985,.8750699758529663,,
GTVP.2T3.V,BGD,1986,1.00626003742218,,
GTVP.2T3.V,BGD,1987,1.034719944000244,,
GTVP.2T3.V,BGD,1988,.9512500166893005,,
GTVP.2T3.V,BGD,1989,.8557699918746948,,
GTVP.2T3.V,BGD,1990,.8572499752044678,,
GTVP.2T3.V,BGD,1998,1.122220039367676,,
GTVP.2T3.V,BGD,1999,1.067270040512085,,
GTVP.2T3.V,BGD,2000,1.018069982528687,,
GTVP.2T3.V,BGD,2001,1.157510042190552,,
GTVP.2T3.V,BGD,2002,1.14614999294281,,
GTVP.2T3.V,BGD,2003,1.151170015335083,,
GTVP.2T3.V,BGD,2004,1.620159983634949,,
GTVP.2T3.V,BGD,2005,1.904080033302307,,
GTVP.2T3.V,BGD,2006,2.137239933013916,,
GTVP.2T3.V,BGD,2007,2.433020114898682,,
GTVP.2T3.V,BGD,2008,3.433619976043701,,
GTVP.2T3.V,BGD,2009,3.368540048599243,,
GTVP.2T3.V,BGD,2010,3.286767180854513,,
GTVP.2T3.V,BGD,2011,3.153990604146387,,
GTVP.2T3.V,BGD,2012,3.515660047531128,,
GTVP.2T3.V,BGD,2013,3.226351836928441,,
GTVP.2T3.V,BGD,2015,4.13324242323585,,
GTVP.2T3.V,BGD,2016,3.970928724919429,,
GTVP.2T3.V,BGD,2017,4.000069997845868,,
GTVP.2T3.V,BGD,2018,4.771881470615294,,
GTVP.2T3.V,BGD,2019,4.017841287242916,,
GTVP.2T3.V,BGD,2020,5.036881570577397,,
GTVP.2T3.V,BGD,2021,5.199430466142019,,
GTVP.2T3.V,BGD,2022,5.501717947045813,,
GTVP.2T3.V,BGD,2023,6.858596482177067,,
GTVP.2T3.V,BGD,2024,6.376211455089393,,
GTVP.2T3.V.F,BGD,1973,.3030799925327301,,
GTVP.2T3.V.F,BGD,1976,.2566100060939789,,
GTVP.2T3.V.F,BGD,1977,.4279400110244751,,
GTVP.2T3.V.F,BGD,1979,.4943700134754181,,
GTVP.2T3.V.F,BGD,1980,.3474799990653992,,
GTVP.2T3.V.F,BGD,1981,.4100300073623657,,
GTVP.2T3.V.F,BGD,1984,.7631700038909912,,
GTVP.2T3.V.F,BGD,1985,.7930499911308289,,
GTVP.2T3.V.F,BGD,1986,.5084999799728394,,
GTVP.2T3.V.F,BGD,1987,.5126299858093262,,
GTVP.2T3.V.F,BGD,1988,.515500009059906,,
GTVP.2T3.V.F,BGD,1989,.3739100098609924,,
GTVP.2T3.V.F,BGD,1990,.3657999932765961,,
GTVP.2T3.V.F,BGD,1998,.5540000200271606,,
GTVP.2T3.V.F,BGD,1999,.5218799710273743,,
GTVP.2T3.V.F,BGD,2000,.5073400139808655,,
GTVP.2T3.V.F,BGD,2001,.5735899806022644,,
GTVP.2T3.V.F,BGD,2002,.5713499784469604,,
GTVP.2T3.V.F,BGD,2003,.5934799909591675,,
GTVP.2T3.V.F,BGD,2004,.8854699730873108,,
GTVP.2T3.V.F,BGD,2005,1.118780016899109,,
GTVP.2T3.V.F,BGD,2006,1.240499973297119,,
GTVP.2T3.V.F,BGD,2007,1.453070044517517,,
GTVP.2T3.V.F,BGD,2008,1.985479950904846,,
GTVP.2T3.V.F,BGD,2009,1.976699948310852,,
GTVP.2T3.V.F,BGD,2010,1.566570043563843,,
GTVP.2T3.V.F,BGD,2011,1.973790049552917,,
GTVP.2T3.V.F,BGD,2012,2.243860006332397,,
GTVP.2T3.V.F,BGD,2013,2.109570026397705,,
GTVP.2T3.V.F,BGD,2015,2.179140090942383,,
GTVP.2T3.V.F,BGD,2016,2.132829904556274,,
GTVP.2T3.V.F,BGD,2017,2.069169998168945,,
GTVP.2T3.V.F,BGD,2018,2.505650043487549,,
GTVP.2T3.V.F,BGD,2019,2.193959951400757,,
GTVP.2T3.V.F,BGD,2020,2.894540071487427,,
GTVP.2T3.V.F,BGD,2024,3.618540048599243,,
GTVP.2T3.V.GPIA,BGD,1973,.6432600021362305,,
GTVP.2T3.V.GPIA,BGD,1976,.2390200048685074,,
GTVP.2T3.V.GPIA,BGD,1977,.3273099958896637,,
GTVP.2T3.V.GPIA,BGD,1979,.3865799903869629,,
GTVP.2T3.V.GPIA,BGD,1980,.2917200028896332,,
GTVP.2T3.V.GPIA,BGD,1981,.3251999914646149,,
GTVP.2T3.V.GPIA,BGD,1984,.8137999773025513,,
GTVP.2T3.V.GPIA,BGD,1985,.8743799924850464,,
GTVP.2T3.V.GPIA,BGD,1986,.4130499958992004,,
GTVP.2T3.V.GPIA,BGD,1987,.4049499928951263,,
GTVP.2T3.V.GPIA,BGD,1988,.4476599991321564,,
GTVP.2T3.V.GPIA,BGD,1989,.3445900082588196,,
GTVP.2T3.V.GPIA,BGD,1990,.3332299888134003,,
GTVP.2T3.V.GPIA,BGD,1998,.3388400077819824,,
GTVP.2T3.V.GPIA,BGD,1999,.329120010137558,,
GTVP.2T3.V.GPIA,BGD,2000,.3332700133323669,,
GTVP.2T3.V.GPIA,BGD,2001,.3252899944782257,,
GTVP.2T3.V.GPIA,BGD,2002,.32600998878479,,
GTVP.2T3.V.GPIA,BGD,2003,.3412800133228302,,
GTVP.2T3.V.GPIA,BGD,2004,.3779900074005127,,
GTVP.2T3.V.GPIA,BGD,2005,.4133000075817108,,
GTVP.2T3.V.GPIA,BGD,2006,.4070000052452087,,
GTVP.2T3.V.GPIA,BGD,2007,.4241600036621094,,
GTVP.2T3.V.GPIA,BGD,2008,.397020012140274,,
GTVP.2T3.V.GPIA,BGD,2009,.4108299911022186,,
GTVP.2T3.V.GPIA,BGD,2010,.3046999871730804,,
GTVP.2T3.V.GPIA,BGD,2011,.4425700008869171,,
GTVP.2T3.V.GPIA,BGD,2012,.4575600028038025,,
GTVP.2T3.V.GPIA,BGD,2013,.4811399877071381,,
GTVP.2T3.V.GPIA,BGD,2015,.3491500020027161,,
GTVP.2T3.V.GPIA,BGD,2016,.360729992389679,,
GTVP.2T3.V.GPIA,BGD,2017,.3359000086784363,,
GTVP.2T3.V.GPIA,BGD,2018,.3436700105667114,,
GTVP.2T3.V.GPIA,BGD,2019,.3625200092792511,,
GTVP.2T3.V.GPIA,BGD,2020,.385589987039566,,
GTVP.2T3.V.GPIA,BGD,2024,.3819299936294556,,
GTVP.2T3.V.M,BGD,1973,.4711599946022034,,
GTVP.2T3.V.M,BGD,1976,1.073559999465942,,
GTVP.2T3.V.M,BGD,1977,1.307459950447083,,
GTVP.2T3.V.M,BGD,1979,1.278810024261475,,
GTVP.2T3.V.M,BGD,1980,1.191130042076111,,
GTVP.2T3.V.M,BGD,1981,1.260859966278076,,
GTVP.2T3.V.M,BGD,1984,.9377899765968323,,
GTVP.2T3.V.M,BGD,1985,.9069899916648865,,
GTVP.2T3.V.M,BGD,1986,1.231070041656494,,
GTVP.2T3.V.M,BGD,1987,1.265900015830994,,
GTVP.2T3.V.M,BGD,1988,1.151540040969849,,
GTVP.2T3.V.M,BGD,1989,1.085080027580261,,
GTVP.2T3.V.M,BGD,1990,1.09772002696991,,
GTVP.2T3.V.M,BGD,1998,1.634999990463257,,
GTVP.2T3.V.M,BGD,1999,1.58568000793457,,
GTVP.2T3.V.M,BGD,2000,1.522289991378784,,
GTVP.2T3.V.M,BGD,2001,1.763329982757568,,
GTVP.2T3.V.M,BGD,2002,1.752560019493103,,
GTVP.2T3.V.M,BGD,2003,1.738970041275024,,
GTVP.2T3.V.M,BGD,2004,2.342580080032349,,
GTVP.2T3.V.M,BGD,2005,2.706939935684204,,
GTVP.2T3.V.M,BGD,2006,3.047889947891235,,
GTVP.2T3.V.M,BGD,2007,3.425770044326782,,
GTVP.2T3.V.M,BGD,2008,5.00098991394043,,
GTVP.2T3.V.M,BGD,2009,4.811450004577637,,
GTVP.2T3.V.M,BGD,2010,5.141439914703369,,
GTVP.2T3.V.M,BGD,2011,4.459790229797363,,
GTVP.2T3.V.M,BGD,2012,4.903979778289795,,
GTVP.2T3.V.M,BGD,2013,4.384520053863525,,
GTVP.2T3.V.M,BGD,2015,6.241280078887939,,
GTVP.2T3.V.M,BGD,2016,5.912469863891602,,
GTVP.2T3.V.M,BGD,2017,6.160069942474365,,
GTVP.2T3.V.M,BGD,2018,7.290750026702881,,
GTVP.2T3.V.M,BGD,2019,6.052020072937012,,
GTVP.2T3.V.M,BGD,2020,7.50678014755249,,
GTVP.2T3.V.M,BGD,2024,9.474249839782715,,
GTVP.3.GPV,BGD,1998,97.16454315185547,,
GTVP.3.GPV,BGD,1999,97.40274810791016,,
GTVP.3.GPV,BGD,2000,97.49481201171875,,
GTVP.3.GPV,BGD,2001,97.12059020996094,,
GTVP.3.GPV,BGD,2002,97.14138793945313,,
GTVP.3.GPV,BGD,2003,97.14376068115234,,
GTVP.3.GPV,BGD,2004,95.87822723388672,,
GTVP.3.GPV,BGD,2005,95.03489685058594,,
GTVP.3.GPV,BGD,2006,94.61933898925781,,
GTVP.3.GPV,BGD,2007,93.86875915527344,,
GTVP.3.GPV,BGD,2008,91.86052703857422,,
GTVP.3.GPV,BGD,2009,92.15897369384766,,
GTVP.3.GPV,BGD,2010,92.4850507534033,,
GTVP.3.GPV,BGD,2011,92.73371470633201,,
GTVP.3.GPV,BGD,2012,91.83368682861328,,
GTVP.3.GPV,BGD,2013,92.57424027638866,,
GTVP.3.GPV,BGD,2015,90.47298659401359,,
GTVP.3.GPV,BGD,2016,91.51457689150386,,
GTVP.3.GPV,BGD,2017,91.12381118525471,,
GTVP.3.GPV,BGD,2018,89.72808393225455,,
GTVP.3.GPV,BGD,2019,91.42633967771864,,
GTVP.3.GPV,BGD,2020,89.76213431688626,,
GTVP.3.GPV,BGD,2021,89.80235741402979,,
GTVP.3.GPV,BGD,2022,89.18531435300318,,
GTVP.3.GPV,BGD,2023,86.78219085794093,,
GTVP.3.GPV,BGD,2024,87.52388447148992,,
GTVP.3.GPV.F,BGD,1998,98.45384979248047,,
GTVP.3.GPV.F,BGD,1999,98.61457824707031,,
GTVP.3.GPV.F,BGD,2000,98.65219116210938,,
GTVP.3.GPV.F,BGD,2001,98.45175170898438,,
GTVP.3.GPV.F,BGD,2002,98.45497894287109,,
GTVP.3.GPV.F,BGD,2003,98.44907379150391,,
GTVP.3.GPV.F,BGD,2004,97.62539672851563,,
GTVP.3.GPV.F,BGD,2005,96.94673156738281,,
GTVP.3.GPV.F,BGD,2006,96.71904754638672,,
GTVP.3.GPV.F,BGD,2007,96.15621185302734,,
GTVP.3.GPV.F,BGD,2008,95.04737091064453,,
GTVP.3.GPV.F,BGD,2009,95.117919921875,,
GTVP.3.GPV.F,BGD,2010,96.19732666015625,,
GTVP.3.GPV.F,BGD,2011,95.16782379150391,,
GTVP.3.GPV.F,BGD,2012,94.46984100341797,,
GTVP.3.GPV.F,BGD,2013,94.91063690185547,,
GTVP.3.GPV.F,BGD,2015,94.63516235351563,,
GTVP.3.GPV.F,BGD,2016,95.0738525390625,,
GTVP.3.GPV.F,BGD,2017,95.160888671875,,
GTVP.3.GPV.F,BGD,2018,94.29385375976563,,
GTVP.3.GPV.F,BGD,2019,95.08805847167969,,
GTVP.3.GPV.F,BGD,2020,93.89791107177734,,
GTVP.3.GPV.F,BGD,2024,92.66893768310547,,
GTVP.3.GPV.GPIA,BGD,1998,1.022950053215027,,
GTVP.3.GPV.GPIA,BGD,1999,1.022210001945496,,
GTVP.3.GPV.GPIA,BGD,2000,1.021729946136475,,
GTVP.3.GPV.GPIA,BGD,2001,1.025480031967163,,
GTVP.3.GPV.GPIA,BGD,2002,1.025339961051941,,
GTVP.3.GPV.GPIA,BGD,2003,1.025859951972961,,
GTVP.3.GPV.GPIA,BGD,2004,1.033789992332458,,
GTVP.3.GPV.GPIA,BGD,2005,1.038149952888489,,
GTVP.3.GPV.GPIA,BGD,2006,1.041720032691956,,
GTVP.3.GPV.GPIA,BGD,2007,1.045699954032898,,
GTVP.3.GPV.GPIA,BGD,2008,1.066259980201721,,
GTVP.3.GPV.GPIA,BGD,2009,1.059790015220642,,
GTVP.3.GPV.GPIA,BGD,2010,1.097120046615601,,
GTVP.3.GPV.GPIA,BGD,2011,1.050580024719238,,
GTVP.3.GPV.GPIA,BGD,2012,1.054919958114624,,
GTVP.3.GPV.GPIA,BGD,2013,1.047860026359558,,
GTVP.3.GPV.GPIA,BGD,2015,1.085540056228638,,
GTVP.3.GPV.GPIA,BGD,2016,1.071339964866638,,
GTVP.3.GPV.GPIA,BGD,2017,1.085010051727295,,
GTVP.3.GPV.GPIA,BGD,2018,1.096369981765747,,
GTVP.3.GPV.GPIA,BGD,2019,1.077409982681274,,
GTVP.3.GPV.GPIA,BGD,2020,1.091060042381287,,
GTVP.3.GPV.GPIA,BGD,2024,1.113530039787292,,
GTVP.3.GPV.M,BGD,1998,96.19412994384766,,
GTVP.3.GPV.M,BGD,1999,96.42430877685547,,
GTVP.3.GPV.M,BGD,2000,96.50823211669922,,
GTVP.3.GPV.M,BGD,2001,95.94354248046875,,
GTVP.3.GPV.M,BGD,2002,95.95999145507813,,
GTVP.3.GPV.M,BGD,2003,95.90354919433594,,
GTVP.3.GPV.M,BGD,2004,94.32679748535156,,
GTVP.3.GPV.M,BGD,2005,93.24864959716797,,
GTVP.3.GPV.M,BGD,2006,92.68428039550781,,
GTVP.3.GPV.M,BGD,2007,91.76223754882813,,
GTVP.3.GPV.M,BGD,2008,88.74984741210938,,
GTVP.3.GPV.M,BGD,2009,89.43064880371094,,
GTVP.3.GPV.M,BGD,2010,86.85447692871094,,
GTVP.3.GPV.M,BGD,2011,90.35456848144531,,
GTVP.3.GPV.M,BGD,2012,89.28175354003906,,
GTVP.3.GPV.M,BGD,2013,90.36786651611328,,
GTVP.3.GPV.M,BGD,2015,86.53961944580078,,
GTVP.3.GPV.M,BGD,2016,88.29100036621094,,
GTVP.3.GPV.M,BGD,2017,87.07082366943359,,
GTVP.3.GPV.M,BGD,2018,85.20651245117188,,
GTVP.3.GPV.M,BGD,2019,87.72728729248047,,
GTVP.3.GPV.M,BGD,2020,85.34732055664063,,
GTVP.3.GPV.M,BGD,2024,82.14811706542969,,
GTVP.3.V,BGD,1998,2.83545994758606,,
GTVP.3.V,BGD,1999,2.597249984741211,,
GTVP.3.V,BGD,2000,2.505189895629883,,
GTVP.3.V,BGD,2001,2.879410028457642,,
GTVP.3.V,BGD,2002,2.858609914779663,,
GTVP.3.V,BGD,2003,2.856240034103394,,
GTVP.3.V,BGD,2004,4.121769905090332,,
GTVP.3.V,BGD,2005,4.965099811553955,,
GTVP.3.V,BGD,2006,5.380660057067871,,
GTVP.3.V,BGD,2007,6.131239891052246,,
GTVP.3.V,BGD,2008,8.139470100402832,,
GTVP.3.V,BGD,2009,7.841030120849609,,
GTVP.3.V,BGD,2010,7.514949246596704,,
GTVP.3.V,BGD,2011,7.266285293667988,,
GTVP.3.V,BGD,2012,8.16631031036377,,
GTVP.3.V,BGD,2013,7.425759723611333,,
GTVP.3.V,BGD,2015,9.527013405986411,,
GTVP.3.V,BGD,2016,8.485423108496143,,
GTVP.3.V,BGD,2017,8.876188814745287,,
GTVP.3.V,BGD,2018,10.27191606774544,,
GTVP.3.V,BGD,2019,8.573660322281354,,
GTVP.3.V,BGD,2020,10.23786568311374,,
GTVP.3.V,BGD,2021,10.19764258597021,,
GTVP.3.V,BGD,2022,10.81468564699683,,
GTVP.3.V,BGD,2023,13.21780914205907,,
GTVP.3.V,BGD,2024,12.47611552851008,,
GTVP.3.V.F,BGD,1998,1.546149969100952,,
GTVP.3.V.F,BGD,1999,1.385419964790344,,
GTVP.3.V.F,BGD,2000,1.347810029983521,,
GTVP.3.V.F,BGD,2001,1.548249959945679,,
GTVP.3.V.F,BGD,2002,1.5450199842453,,
GTVP.3.V.F,BGD,2003,1.550930023193359,,
GTVP.3.V.F,BGD,2004,2.374599933624268,,
GTVP.3.V.F,BGD,2005,3.053270101547241,,
GTVP.3.V.F,BGD,2006,3.28095006942749,,
GTVP.3.V.F,BGD,2007,3.843790054321289,,
GTVP.3.V.F,BGD,2008,4.952630043029785,,
GTVP.3.V.F,BGD,2009,4.882080078125,,
GTVP.3.V.F,BGD,2010,3.802670001983643,,
GTVP.3.V.F,BGD,2011,4.832180023193359,,
GTVP.3.V.F,BGD,2012,5.530159950256348,,
GTVP.3.V.F,BGD,2013,5.089360237121582,,
GTVP.3.V.F,BGD,2015,5.364840030670166,,
GTVP.3.V.F,BGD,2016,4.926149845123291,,
GTVP.3.V.F,BGD,2017,4.839109897613525,,
GTVP.3.V.F,BGD,2018,5.706150054931641,,
GTVP.3.V.F,BGD,2019,4.911940097808838,,
GTVP.3.V.F,BGD,2020,6.102089881896973,,
GTVP.3.V.F,BGD,2024,7.33105993270874,,
GTVP.3.V.GPIA,BGD,1998,.40625,,
GTVP.3.V.GPIA,BGD,1999,.3874599933624268,,
GTVP.3.V.GPIA,BGD,2000,.386000007390976,,
GTVP.3.V.GPIA,BGD,2001,.3816800117492676,,
GTVP.3.V.GPIA,BGD,2002,.3824299871921539,,
GTVP.3.V.GPIA,BGD,2003,.378600001335144,,
GTVP.3.V.GPIA,BGD,2004,.4185599982738495,,
GTVP.3.V.GPIA,BGD,2005,.4522500038146973,,
GTVP.3.V.GPIA,BGD,2006,.4484800100326538,,
GTVP.3.V.GPIA,BGD,2007,.4666100144386292,,
GTVP.3.V.GPIA,BGD,2008,.4402300119400024,,
GTVP.3.V.GPIA,BGD,2009,.4619100093841553,,
GTVP.3.V.GPIA,BGD,2010,.351969987154007,,
GTVP.3.V.GPIA,BGD,2011,.500980019569397,,
GTVP.3.V.GPIA,BGD,2012,.5159599781036377,,
GTVP.3.V.GPIA,BGD,2013,.5283700227737427,,
GTVP.3.V.GPIA,BGD,2015,.3985700011253357,,
GTVP.3.V.GPIA,BGD,2016,.4207099974155426,,
GTVP.3.V.GPIA,BGD,2017,.3742800056934357,,
GTVP.3.V.GPIA,BGD,2018,.3857200145721436,,
GTVP.3.V.GPIA,BGD,2019,.4002299904823303,,
GTVP.3.V.GPIA,BGD,2020,.4164499938488007,,
GTVP.3.V.GPIA,BGD,2024,.4106599986553192,,
GTVP.3.V.M,BGD,1998,3.805870056152344,,
GTVP.3.V.M,BGD,1999,3.575690031051636,,
GTVP.3.V.M,BGD,2000,3.491770029067993,,
GTVP.3.V.M,BGD,2001,4.056459903717041,,
GTVP.3.V.M,BGD,2002,4.04000997543335,,
GTVP.3.V.M,BGD,2003,4.096449851989746,,
GTVP.3.V.M,BGD,2004,5.673200130462646,,
GTVP.3.V.M,BGD,2005,6.751349925994873,,
GTVP.3.V.M,BGD,2006,7.315720081329346,,
GTVP.3.V.M,BGD,2007,8.237759590148926,,
GTVP.3.V.M,BGD,2008,11.25014972686768,,
GTVP.3.V.M,BGD,2009,10.56935024261475,,
GTVP.3.V.M,BGD,2010,10.80385971069336,,
GTVP.3.V.M,BGD,2011,9.645429611206055,,
GTVP.3.V.M,BGD,2012,10.7182502746582,,
GTVP.3.V.M,BGD,2013,9.632160186767578,,
GTVP.3.V.M,BGD,2015,13.4603796005249,,
GTVP.3.V.M,BGD,2016,11.70899963378906,,
GTVP.3.V.M,BGD,2017,12.92918014526367,,
GTVP.3.V.M,BGD,2018,14.79349040985107,,
GTVP.3.V.M,BGD,2019,12.27270984649658,,
GTVP.3.V.M,BGD,2020,14.65268039703369,,
GTVP.3.V.M,BGD,2024,17.85187911987305,,
GTVP.4.GPV,BGD,1998,36.94485855102539,,
GTVP.4.GPV,BGD,1999,42.21895980834961,,
GTVP.4.GPV,BGD,2000,39.76995849609375,,
GTVP.4.GPV,BGD,2001,37.01792144775391,,
GTVP.4.GPV,BGD,2002,48.97029113769531,,
GTVP.4.GPV,BGD,2003,45.15774154663086,,
GTVP.4.GPV,BGD,2004,16.39098930358887,,
GTVP.4.GPV,BGD,2005,15.88549995422363,,
GTVP.4.GPV,BGD,2006,16.25571060180664,,
GTVP.4.GPV,BGD,2007,16.40358924865723,,
GTVP.4.GPV,BGD,2008,6.169829845428467,,
GTVP.4.GPV,BGD,2009,8.111749649047852,,
GTVP.4.GPV,BGD,2018,.0447904515779773,,
GTVP.4.GPV.F,BGD,1998,42.87770080566406,,
GTVP.4.GPV.F,BGD,1999,36.13674926757813,,
GTVP.4.GPV.F,BGD,2000,35.63645935058594,,
GTVP.4.GPV.F,BGD,2001,35.30593872070313,,
GTVP.4.GPV.F,BGD,2002,47.63544082641602,,
GTVP.4.GPV.F,BGD,2003,46.75080871582031,,
GTVP.4.GPV.F,BGD,2004,26.55331993103027,,
GTVP.4.GPV.F,BGD,2005,27.87141036987305,,
GTVP.4.GPV.F,BGD,2006,28.04261016845703,,
GTVP.4.GPV.F,BGD,2007,27.28643989562988,,
GTVP.4.GPV.F,BGD,2008,21.69334983825684,,
GTVP.4.GPV.F,BGD,2009,19.73481941223145,,
GTVP.4.GPV.F,BGD,2010,23.17342948913574,,
GTVP.4.GPV.F,BGD,2011,18.67450904846191,,
GTVP.4.GPV.F,BGD,2012,13.73882961273193,,
GTVP.4.GPV.F,BGD,2013,13.73882961273193,,
GTVP.4.GPV.F,BGD,2015,4.335959911346436,,
GTVP.4.GPV.F,BGD,2016,6.141779899597168,,
GTVP.4.GPV.F,BGD,2017,9.760140419006348,,
GTVP.4.GPV.F,BGD,2019,0,NIL,
GTVP.4.GPV.F,BGD,2020,0,NIL,
GTVP.4.GPV.F,BGD,2024,0,NIL,
GTVP.4.GPV.GPIA,BGD,1998,1.24550998210907,,
GTVP.4.GPV.GPIA,BGD,1999,.7651600241661072,,
GTVP.4.GPV.GPIA,BGD,2000,.8305699825286865,,
GTVP.4.GPV.GPIA,BGD,2001,.9248999953269958,,
GTVP.4.GPV.GPIA,BGD,2002,.9535599946975708,,
GTVP.4.GPV.GPIA,BGD,2003,1.056689977645874,,
GTVP.4.GPV.GPIA,BGD,2004,1.513689994812012,,
GTVP.4.GPV.GPIA,BGD,2005,1.555969953536987,,
GTVP.4.GPV.GPIA,BGD,2006,1.547659993171692,,
GTVP.4.GPV.GPIA,BGD,2007,1.5171799659729,,
GTVP.4.GPV.GPIA,BGD,2008,1.846240043640137,,
GTVP.4.GPV.GPIA,BGD,2009,1.709400057792664,,
GTVP.4.GPV.GPIA,BGD,2010,1.865689992904663,,
GTVP.4.GPV.GPIA,BGD,2011,1.690119981765747,,
GTVP.4.GPV.GPIA,BGD,2012,1.667219996452332,,
GTVP.4.GPV.GPIA,BGD,2013,1.71754002571106,,
GTVP.4.GPV.GPIA,BGD,2015,1.580950021743774,,
GTVP.4.GPV.GPIA,BGD,2016,1.67278003692627,,
GTVP.4.GPV.GPIA,BGD,2017,1.892539978027344,,
GTVP.4.GPV.M,BGD,1998,32.35086059570313,,
GTVP.4.GPV.M,BGD,1999,47.22756958007813,,
GTVP.4.GPV.M,BGD,2000,42.90576934814453,,
GTVP.4.GPV.M,BGD,2001,38.1727294921875,,
GTVP.4.GPV.M,BGD,2002,49.95516967773438,,
GTVP.4.GPV.M,BGD,2003,44.10052108764648,,
GTVP.4.GPV.M,BGD,2004,12.91316986083984,,
GTVP.4.GPV.M,BGD,2005,12.37582969665527,,
GTVP.4.GPV.M,BGD,2006,12.68476009368896,,
GTVP.4.GPV.M,BGD,2007,13.17455005645752,,
GTVP.4.GPV.M,BGD,2008,3.335639953613281,,
GTVP.4.GPV.M,BGD,2009,5.734859943389893,,
GTVP.4.GPV.M,BGD,2010,3.11244010925293,,
GTVP.4.GPV.M,BGD,2011,5.786920070648193,,
GTVP.4.GPV.M,BGD,2012,4.572050094604492,,
GTVP.4.GPV.M,BGD,2013,3.880729913711548,,
GTVP.4.GPV.M,BGD,2015,1.817000031471252,,
GTVP.4.GPV.M,BGD,2016,2.009710073471069,,
GTVP.4.GPV.M,BGD,2017,1.048779964447021,,
GTVP.4.GPV.M,BGD,2019,0,NIL,
GTVP.4.GPV.M,BGD,2020,0,NIL,
GTVP.4.GPV.M,BGD,2024,0,NIL,
GTVP.4.V,BGD,1998,63.05514144897461,,
GTVP.4.V,BGD,1999,57.78104019165039,,
GTVP.4.V,BGD,2000,60.23004150390625,,
GTVP.4.V,BGD,2001,62.98207855224609,,
GTVP.4.V,BGD,2002,51.02970886230469,,
GTVP.4.V,BGD,2003,54.84225845336914,,
GTVP.4.V,BGD,2004,83.6090087890625,,
GTVP.4.V,BGD,2005,84.114501953125,,
GTVP.4.V,BGD,2006,83.74429321289063,,
GTVP.4.V,BGD,2007,83.59641265869141,,
GTVP.4.V,BGD,2008,93.83016967773438,,
GTVP.4.V,BGD,2009,91.88825225830078,,
GTVP.4.V,BGD,2010,92.93270111083984,,
GTVP.4.V,BGD,2011,92.02620697021484,,
GTVP.4.V,BGD,2012,93.7781982421875,,
GTVP.4.V,BGD,2013,94.57124328613281,,
GTVP.4.V,BGD,2015,97.66294860839844,,
GTVP.4.V,BGD,2016,97.29229736328125,,
GTVP.4.V,BGD,2017,97.30172729492188,,
GTVP.4.V,BGD,2018,99.95520954842202,,
GTVP.4.V,BGD,2019,100,,
GTVP.4.V,BGD,2020,100,,
GTVP.4.V,BGD,2021,100,,
GTVP.4.V,BGD,2022,100,,
GTVP.4.V,BGD,2023,100,,
GTVP.4.V,BGD,2024,100,,
GTVP.4.V.F,BGD,1998,57.12229919433594,,
GTVP.4.V.F,BGD,1999,63.86325073242188,,
GTVP.4.V.F,BGD,2000,64.36354064941406,,
GTVP.4.V.F,BGD,2001,64.69406127929688,,
GTVP.4.V.F,BGD,2002,52.36455917358398,,
GTVP.4.V.F,BGD,2003,53.24919128417969,,
GTVP.4.V.F,BGD,2004,73.44667816162109,,
GTVP.4.V.F,BGD,2005,72.12859344482422,,
GTVP.4.V.F,BGD,2006,71.95738983154297,,
GTVP.4.V.F,BGD,2007,72.71356201171875,,
GTVP.4.V.F,BGD,2008,78.30664825439453,,
GTVP.4.V.F,BGD,2009,80.26518249511719,,
GTVP.4.V.F,BGD,2010,76.82656860351563,,
GTVP.4.V.F,BGD,2011,81.32549285888672,,
GTVP.4.V.F,BGD,2012,86.26116943359375,,
GTVP.4.V.F,BGD,2013,86.26116943359375,,
GTVP.4.V.F,BGD,2015,95.66403961181641,,
GTVP.4.V.F,BGD,2016,93.85822296142578,,
GTVP.4.V.F,BGD,2017,90.23986053466797,,
GTVP.4.V.F,BGD,2019,100,,
GTVP.4.V.F,BGD,2020,100,,
GTVP.4.V.F,BGD,2024,100,,
GTVP.4.V.GPIA,BGD,1998,.8443899750709534,,
GTVP.4.V.GPIA,BGD,1999,1.173670053482056,,
GTVP.4.V.GPIA,BGD,2000,1.112939953804016,,
GTVP.4.V.GPIA,BGD,2001,1.044309973716736,,
GTVP.4.V.GPIA,BGD,2002,1.044299960136414,,
GTVP.4.V.GPIA,BGD,2003,.9525899887084961,,
GTVP.4.V.GPIA,BGD,2004,.8433700203895569,,
GTVP.4.V.GPIA,BGD,2005,.8231599926948547,,
GTVP.4.V.GPIA,BGD,2006,.8241099715232849,,
GTVP.4.V.GPIA,BGD,2007,.8374699950218201,,
GTVP.4.V.GPIA,BGD,2008,.8100900053977966,,
GTVP.4.V.GPIA,BGD,2009,.8514800071716309,,
GTVP.4.V.GPIA,BGD,2010,.7929499745368958,,
GTVP.4.V.GPIA,BGD,2011,.8632100224494934,,
GTVP.4.V.GPIA,BGD,2012,.9039400219917297,,
GTVP.4.V.GPIA,BGD,2013,.8974400162696838,,
GTVP.4.V.GPIA,BGD,2015,.97434002161026,,
GTVP.4.V.GPIA,BGD,2016,.957830011844635,,
GTVP.4.V.GPIA,BGD,2017,.9119600057601929,,
GTVP.4.V.GPIA,BGD,2019,1,,
GTVP.4.V.GPIA,BGD,2020,1,,
GTVP.4.V.GPIA,BGD,2024,1,,
GTVP.4.V.M,BGD,1998,67.64913940429688,,
GTVP.4.V.M,BGD,1999,52.77243041992188,,
GTVP.4.V.M,BGD,2000,57.09423065185547,,
GTVP.4.V.M,BGD,2001,61.8272705078125,,
GTVP.4.V.M,BGD,2002,50.04483032226563,,
GTVP.4.V.M,BGD,2003,55.89947891235352,,
GTVP.4.V.M,BGD,2004,87.08683013916016,,
GTVP.4.V.M,BGD,2005,87.62416839599609,,
GTVP.4.V.M,BGD,2006,87.31523895263672,,
GTVP.4.V.M,BGD,2007,86.82544708251953,,
GTVP.4.V.M,BGD,2008,96.66436004638672,,
GTVP.4.V.M,BGD,2009,94.26513671875,,
GTVP.4.V.M,BGD,2010,96.88755798339844,,
GTVP.4.V.M,BGD,2011,94.21308135986328,,
GTVP.4.V.M,BGD,2012,95.42794799804688,,
GTVP.4.V.M,BGD,2013,96.11927032470703,,
GTVP.4.V.M,BGD,2015,98.18299865722656,,
GTVP.4.V.M,BGD,2016,97.99028778076172,,
GTVP.4.V.M,BGD,2017,98.95121765136719,,
GTVP.4.V.M,BGD,2019,100,,
GTVP.4.V.M,BGD,2020,100,,
GTVP.4.V.M,BGD,2024,100,,
GTVP.5.GPV,BGD,2018,0,NIL,
GTVP.5.GPV,BGD,2019,0,NIL,
GTVP.5.GPV,BGD,2020,0,NIL,
GTVP.5.GPV,BGD,2022,0,NIL,
GTVP.5.GPV,BGD,2023,0,NIL,
GTVP.5.GPV.F,BGD,2018,0,NIL,
GTVP.5.GPV.F,BGD,2019,0,NIL,
GTVP.5.GPV.F,BGD,2020,0,NIL,
GTVP.5.GPV.F,BGD,2022,0,NIL,
GTVP.5.GPV.F,BGD,2023,0,NIL,
GTVP.5.GPV.M,BGD,2018,0,NIL,
GTVP.5.GPV.M,BGD,2019,0,NIL,
GTVP.5.GPV.M,BGD,2020,0,NIL,
GTVP.5.GPV.M,BGD,2022,0,NIL,
GTVP.5.GPV.M,BGD,2023,0,NIL,
GTVP.5.V,BGD,2018,100,,
GTVP.5.V,BGD,2019,100,,
GTVP.5.V,BGD,2020,100,,
GTVP.5.V,BGD,2022,100,,
GTVP.5.V,BGD,2023,100,,
GTVP.5.V.F,BGD,2018,100,,
GTVP.5.V.F,BGD,2019,100,,
GTVP.5.V.F,BGD,2020,100,,
GTVP.5.V.F,BGD,2022,100,,
GTVP.5.V.F,BGD,2023,100,,
GTVP.5.V.GPIA,BGD,2018,1,,
GTVP.5.V.GPIA,BGD,2019,1,,
GTVP.5.V.GPIA,BGD,2020,1,,
GTVP.5.V.GPIA,BGD,2022,1,,
GTVP.5.V.GPIA,BGD,2023,1,,
GTVP.5.V.M,BGD,2018,100,,
GTVP.5.V.M,BGD,2019,100,,
GTVP.5.V.M,BGD,2020,100,,
GTVP.5.V.M,BGD,2022,100,,
GTVP.5.V.M,BGD,2023,100,,
ILLPOP.AG15T24,BGD,1981,10558957,,
ILLPOP.AG15T24,BGD,1991,11725964,,
ILLPOP.AG15T24,BGD,2001,10379242,,
ILLPOP.AG15T24,BGD,2011,6674313,,
ILLPOP.AG15T24,BGD,2012,6760650,,
ILLPOP.AG15T24,BGD,2013,4459296,,
ILLPOP.AG15T24,BGD,2014,4492368,,
ILLPOP.AG15T24,BGD,2015,3813306,,
ILLPOP.AG15T24,BGD,2016,2469391,,
ILLPOP.AG15T24,BGD,2017,2260103,,
ILLPOP.AG15T24,BGD,2018,2147447,,
ILLPOP.AG15T24,BGD,2019,1656748,,
ILLPOP.AG15T24,BGD,2020,1781244,,
ILLPOP.AG15T24,BGD,2021,1684773,,
ILLPOP.AG15T24,BGD,2022,2140944,,
ILLPOP.AG15T24.F,BGD,1981,5950555,,
ILLPOP.AG15T24.F,BGD,1991,6570273,,
ILLPOP.AG15T24.F,BGD,2001,5688360,,
ILLPOP.AG15T24.F,BGD,2011,3088339,,
ILLPOP.AG15T24.F,BGD,2012,3132505,,
ILLPOP.AG15T24.F,BGD,2013,2003482,,
ILLPOP.AG15T24.F,BGD,2014,2093638,,
ILLPOP.AG15T24.F,BGD,2015,1636695,,
ILLPOP.AG15T24.F,BGD,2016,1021619,,
ILLPOP.AG15T24.F,BGD,2017,898509,,
ILLPOP.AG15T24.F,BGD,2018,834028,,
ILLPOP.AG15T24.F,BGD,2019,655909,,
ILLPOP.AG15T24.F,BGD,2020,706105,,
ILLPOP.AG15T24.F,BGD,2021,713706,,
ILLPOP.AG15T24.F,BGD,2022,963493,,
ILLPOP.AG15T24.M,BGD,1981,4608401,,
ILLPOP.AG15T24.M,BGD,1991,5155691,,
ILLPOP.AG15T24.M,BGD,2001,4690881,,
ILLPOP.AG15T24.M,BGD,2011,3585974,,
ILLPOP.AG15T24.M,BGD,2012,3628144,,
ILLPOP.AG15T24.M,BGD,2013,2455814,,
ILLPOP.AG15T24.M,BGD,2014,2398730,,
ILLPOP.AG15T24.M,BGD,2015,2176611,,
ILLPOP.AG15T24.M,BGD,2016,1447772,,
ILLPOP.AG15T24.M,BGD,2017,1361594,,
ILLPOP.AG15T24.M,BGD,2018,1313419,,
ILLPOP.AG15T24.M,BGD,2019,1000839,,
ILLPOP.AG15T24.M,BGD,2020,1075139,,
ILLPOP.AG15T24.M,BGD,2021,971067,,
ILLPOP.AG15T24.M,BGD,2022,1177452,,
ILLPOP.AG15T24.RUR,BGD,1981,9217391,,
ILLPOP.AG15T24.RUR,BGD,1991,9849465,,
ILLPOP.AG15T24.RUR,BGD,2001,8395423,,
ILLPOP.AG15T24.RUR,BGD,2011,4815480,,
ILLPOP.AG15T24.RUR,BGD,2012,4890286,,
ILLPOP.AG15T24.RUR,BGD,2013,3564846,,
ILLPOP.AG15T24.RUR,BGD,2014,3664007,,
ILLPOP.AG15T24.RUR,BGD,2015,2635031,,
ILLPOP.AG15T24.RUR,BGD,2016,1546319,,
ILLPOP.AG15T24.RUR,BGD,2017,1415650,,
ILLPOP.AG15T24.RUR,BGD,2018,1333396,,
ILLPOP.AG15T24.RUR,BGD,2019,989526,,
ILLPOP.AG15T24.RUR,BGD,2020,1105884,,
ILLPOP.AG15T24.RUR,BGD,2021,984573,,
ILLPOP.AG15T24.RUR,BGD,2022,1070472,,
ILLPOP.AG15T24.RUR.F,BGD,1981,5255304,,
ILLPOP.AG15T24.RUR.F,BGD,1991,5562912,,
ILLPOP.AG15T24.RUR.F,BGD,2001,4615311,,
ILLPOP.AG15T24.RUR.F,BGD,2011,2185157,,
ILLPOP.AG15T24.RUR.F,BGD,2012,2224239,,
ILLPOP.AG15T24.RUR.F,BGD,2013,1554722,,
ILLPOP.AG15T24.RUR.F,BGD,2014,1661759,,
ILLPOP.AG15T24.RUR.F,BGD,2015,1106493,,
ILLPOP.AG15T24.RUR.F,BGD,2016,608958,,
ILLPOP.AG15T24.RUR.F,BGD,2017,531037,,
ILLPOP.AG15T24.RUR.F,BGD,2018,475396,,
ILLPOP.AG15T24.RUR.F,BGD,2019,354333,,
ILLPOP.AG15T24.RUR.F,BGD,2020,417821,,
ILLPOP.AG15T24.RUR.F,BGD,2021,381123,,
ILLPOP.AG15T24.RUR.F,BGD,2022,481746,,
ILLPOP.AG15T24.RUR.M,BGD,1981,3962087,,
ILLPOP.AG15T24.RUR.M,BGD,1991,4286554,,
ILLPOP.AG15T24.RUR.M,BGD,2001,3780112,,
ILLPOP.AG15T24.RUR.M,BGD,2011,2630323,,
ILLPOP.AG15T24.RUR.M,BGD,2012,2666047,,
ILLPOP.AG15T24.RUR.M,BGD,2013,2010124,,
ILLPOP.AG15T24.RUR.M,BGD,2014,2002248,,
ILLPOP.AG15T24.RUR.M,BGD,2015,1528538,,
ILLPOP.AG15T24.RUR.M,BGD,2016,937360,,
ILLPOP.AG15T24.RUR.M,BGD,2017,884613,,
ILLPOP.AG15T24.RUR.M,BGD,2018,858000,,
ILLPOP.AG15T24.RUR.M,BGD,2019,635193,,
ILLPOP.AG15T24.RUR.M,BGD,2020,688063,,
ILLPOP.AG15T24.RUR.M,BGD,2021,603449,,
ILLPOP.AG15T24.RUR.M,BGD,2022,588726,,
ILLPOP.AG15T24.URB,BGD,1981,1341566,,
ILLPOP.AG15T24.URB,BGD,1991,1876499,,
ILLPOP.AG15T24.URB,BGD,2001,1983818,,
ILLPOP.AG15T24.URB,BGD,2011,1858833,,
ILLPOP.AG15T24.URB,BGD,2012,1870363,,
ILLPOP.AG15T24.URB,BGD,2013,894449,,
ILLPOP.AG15T24.URB,BGD,2014,828361,,
ILLPOP.AG15T24.URB,BGD,2015,1178275,,
ILLPOP.AG15T24.URB,BGD,2016,923072,,
ILLPOP.AG15T24.URB,BGD,2017,844453,,
ILLPOP.AG15T24.URB,BGD,2018,814051,,
ILLPOP.AG15T24.URB,BGD,2019,667222,,
ILLPOP.AG15T24.URB,BGD,2020,675360,,
ILLPOP.AG15T24.URB,BGD,2021,700201,,
ILLPOP.AG15T24.URB,BGD,2022,1070472,,
ILLPOP.AG15T24.URB.F,BGD,1981,695252,,
ILLPOP.AG15T24.URB.F,BGD,1991,1007361,,
ILLPOP.AG15T24.URB.F,BGD,2001,1073049,,
ILLPOP.AG15T24.URB.F,BGD,2011,903182,,
ILLPOP.AG15T24.URB.F,BGD,2012,908266,,
ILLPOP.AG15T24.URB.F,BGD,2013,448760,,
ILLPOP.AG15T24.URB.F,BGD,2014,431879,,
ILLPOP.AG15T24.URB.F,BGD,2015,530202,,
ILLPOP.AG15T24.URB.F,BGD,2016,412661,,
ILLPOP.AG15T24.URB.F,BGD,2017,367472,,
ILLPOP.AG15T24.URB.F,BGD,2018,358632,,
ILLPOP.AG15T24.URB.F,BGD,2019,301576,,
ILLPOP.AG15T24.URB.F,BGD,2020,288284,,
ILLPOP.AG15T24.URB.F,BGD,2021,332583,,
ILLPOP.AG15T24.URB.F,BGD,2022,481746,,
ILLPOP.AG15T24.URB.M,BGD,1981,646314,,
ILLPOP.AG15T24.URB.M,BGD,1991,869138,,
ILLPOP.AG15T24.URB.M,BGD,2001,910769,,
ILLPOP.AG15T24.URB.M,BGD,2011,955651,,
ILLPOP.AG15T24.URB.M,BGD,2012,962097,,
ILLPOP.AG15T24.URB.M,BGD,2013,445690,,
ILLPOP.AG15T24.URB.M,BGD,2014,396482,,
ILLPOP.AG15T24.URB.M,BGD,2015,648073,,
ILLPOP.AG15T24.URB.M,BGD,2016,510411,,
ILLPOP.AG15T24.URB.M,BGD,2017,476981,,
ILLPOP.AG15T24.URB.M,BGD,2018,455419,,
ILLPOP.AG15T24.URB.M,BGD,2019,365646,,
ILLPOP.AG15T24.URB.M,BGD,2020,387075,,
ILLPOP.AG15T24.URB.M,BGD,2021,367618,,
ILLPOP.AG15T24.URB.M,BGD,2022,588726,,
ILLPOP.AG15T99,BGD,1991,41920328,,
ILLPOP.AG15T99,BGD,2001,44863856,,
ILLPOP.AG15T99,BGD,2011,41725892,,
ILLPOP.AG15T99,BGD,2012,43407472,,
ILLPOP.AG15T99,BGD,2013,40950936,,
ILLPOP.AG15T99,BGD,2014,41597644,,
ILLPOP.AG15T99,BGD,2015,37963728,,
ILLPOP.AG15T99,BGD,2016,30243476,,
ILLPOP.AG15T99,BGD,2017,30635822,,
ILLPOP.AG15T99,BGD,2018,29867260,,
ILLPOP.AG15T99,BGD,2019,29354080,,
ILLPOP.AG15T99,BGD,2020,29466392,,
ILLPOP.AG15T99,BGD,2021,27995640,,
ILLPOP.AG15T99,BGD,2022,25248980,,
ILLPOP.AG15T99.F,BGD,1991,23395616,,
ILLPOP.AG15T99.F,BGD,2001,24824308,,
ILLPOP.AG15T99.F,BGD,2011,23085604,,
ILLPOP.AG15T99.F,BGD,2012,24017960,,
ILLPOP.AG15T99.F,BGD,2013,22620952,,
ILLPOP.AG15T99.F,BGD,2014,23056048,,
ILLPOP.AG15T99.F,BGD,2015,21081304,,
ILLPOP.AG15T99.F,BGD,2016,17156588,,
ILLPOP.AG15T99.F,BGD,2017,17391348,,
ILLPOP.AG15T99.F,BGD,2018,16970326,,
ILLPOP.AG15T99.F,BGD,2019,16730327,,
ILLPOP.AG15T99.F,BGD,2020,16911480,,
ILLPOP.AG15T99.F,BGD,2021,16118692,,
ILLPOP.AG15T99.F,BGD,2022,14510556,,
ILLPOP.AG15T99.M,BGD,1991,18524714,,
ILLPOP.AG15T99.M,BGD,2001,20039546,,
ILLPOP.AG15T99.M,BGD,2011,18640288,,
ILLPOP.AG15T99.M,BGD,2012,19389512,,
ILLPOP.AG15T99.M,BGD,2013,18329984,,
ILLPOP.AG15T99.M,BGD,2014,18541596,,
ILLPOP.AG15T99.M,BGD,2015,16882426,,
ILLPOP.AG15T99.M,BGD,2016,13086889,,
ILLPOP.AG15T99.M,BGD,2017,13244474,,
ILLPOP.AG15T99.M,BGD,2018,12896934,,
ILLPOP.AG15T99.M,BGD,2019,12623753,,
ILLPOP.AG15T99.M,BGD,2020,12554912,,
ILLPOP.AG15T99.M,BGD,2021,11876948,,
ILLPOP.AG15T99.M,BGD,2022,10738425,,
ILLPOP.AG15T99.RUR,BGD,1991,35606336,,
ILLPOP.AG15T99.RUR,BGD,2001,37216860,,
ILLPOP.AG15T99.RUR,BGD,2011,30155944,,
ILLPOP.AG15T99.RUR,BGD,2012,31545200,,
ILLPOP.AG15T99.RUR,BGD,2013,34637600,,
ILLPOP.AG15T99.RUR,BGD,2014,35228524,,
ILLPOP.AG15T99.RUR,BGD,2015,27201738,,
ILLPOP.AG15T99.RUR,BGD,2016,20597872,,
ILLPOP.AG15T99.RUR,BGD,2017,20967446,,
ILLPOP.AG15T99.RUR,BGD,2018,20306916,,
ILLPOP.AG15T99.RUR,BGD,2019,19956600,,
ILLPOP.AG15T99.RUR,BGD,2020,20155736,,
ILLPOP.AG15T99.RUR,BGD,2021,18667432,,
ILLPOP.AG15T99.RUR,BGD,2022,12624490,,
ILLPOP.AG15T99.RUR.F,BGD,1991,19980944,,
ILLPOP.AG15T99.RUR.F,BGD,2001,20652540,,
ILLPOP.AG15T99.RUR.F,BGD,2011,16492997,,
ILLPOP.AG15T99.RUR.F,BGD,2012,17270960,,
ILLPOP.AG15T99.RUR.F,BGD,2013,19030756,,
ILLPOP.AG15T99.RUR.F,BGD,2014,19400336,,
ILLPOP.AG15T99.RUR.F,BGD,2015,14918711,,
ILLPOP.AG15T99.RUR.F,BGD,2016,11531928,,
ILLPOP.AG15T99.RUR.F,BGD,2017,11710439,,
ILLPOP.AG15T99.RUR.F,BGD,2018,11344525,,
ILLPOP.AG15T99.RUR.F,BGD,2019,11212858,,
ILLPOP.AG15T99.RUR.F,BGD,2020,11445234,,
ILLPOP.AG15T99.RUR.F,BGD,2021,10607046,,
ILLPOP.AG15T99.RUR.F,BGD,2022,7255278,,
ILLPOP.AG15T99.RUR.M,BGD,1991,15625391,,
ILLPOP.AG15T99.RUR.M,BGD,2001,16564321,,
ILLPOP.AG15T99.RUR.M,BGD,2011,13662947,,
ILLPOP.AG15T99.RUR.M,BGD,2012,14274240,,
ILLPOP.AG15T99.RUR.M,BGD,2013,15606846,,
ILLPOP.AG15T99.RUR.M,BGD,2014,15828188,,
ILLPOP.AG15T99.RUR.M,BGD,2015,12283027,,
ILLPOP.AG15T99.RUR.M,BGD,2016,9065944,,
ILLPOP.AG15T99.RUR.M,BGD,2017,9257007,,
ILLPOP.AG15T99.RUR.M,BGD,2018,8962392,,
ILLPOP.AG15T99.RUR.M,BGD,2019,8743743,,
ILLPOP.AG15T99.RUR.M,BGD,2020,8710503,,
ILLPOP.AG15T99.RUR.M,BGD,2021,8060386,,
ILLPOP.AG15T99.RUR.M,BGD,2022,5369212,,
ILLPOP.AG15T99.URB,BGD,1991,6313993,,
ILLPOP.AG15T99.URB,BGD,2001,7646994,,
ILLPOP.AG15T99.URB,BGD,2011,11569948,,
ILLPOP.AG15T99.URB,BGD,2012,11862274,,
ILLPOP.AG15T99.URB,BGD,2013,6313334,,
ILLPOP.AG15T99.URB,BGD,2014,6369120,,
ILLPOP.AG15T99.URB,BGD,2015,10761992,,
ILLPOP.AG15T99.URB,BGD,2016,9645605,,
ILLPOP.AG15T99.URB,BGD,2017,9668376,,
ILLPOP.AG15T99.URB,BGD,2018,9560343,,
ILLPOP.AG15T99.URB,BGD,2019,9397480,,
ILLPOP.AG15T99.URB,BGD,2020,9310654,,
ILLPOP.AG15T99.URB,BGD,2021,9328209,,
ILLPOP.AG15T99.URB,BGD,2022,12624490,,
ILLPOP.AG15T99.URB.F,BGD,1991,3414670,,
ILLPOP.AG15T99.URB.F,BGD,2001,4171769,,
ILLPOP.AG15T99.URB.F,BGD,2011,6592606,,
ILLPOP.AG15T99.URB.F,BGD,2012,6747001,,
ILLPOP.AG15T99.URB.F,BGD,2013,3590197,,
ILLPOP.AG15T99.URB.F,BGD,2014,3655712,,
ILLPOP.AG15T99.URB.F,BGD,2015,6162593,,
ILLPOP.AG15T99.URB.F,BGD,2016,5624659,,
ILLPOP.AG15T99.URB.F,BGD,2017,5680909,,
ILLPOP.AG15T99.URB.F,BGD,2018,5625801,,
ILLPOP.AG15T99.URB.F,BGD,2019,5517469,,
ILLPOP.AG15T99.URB.F,BGD,2020,5466246,,
ILLPOP.AG15T99.URB.F,BGD,2021,5511647,,
ILLPOP.AG15T99.URB.F,BGD,2022,7255278,,
ILLPOP.AG15T99.URB.M,BGD,1991,2899323,,
ILLPOP.AG15T99.URB.M,BGD,2001,3475225,,
ILLPOP.AG15T99.URB.M,BGD,2011,4977341,,
ILLPOP.AG15T99.URB.M,BGD,2012,5115273,,
ILLPOP.AG15T99.URB.M,BGD,2013,2723138,,
ILLPOP.AG15T99.URB.M,BGD,2014,2713407,,
ILLPOP.AG15T99.URB.M,BGD,2015,4599399,,
ILLPOP.AG15T99.URB.M,BGD,2016,4020946,,
ILLPOP.AG15T99.URB.M,BGD,2017,3987467,,
ILLPOP.AG15T99.URB.M,BGD,2018,3934542,,
ILLPOP.AG15T99.URB.M,BGD,2019,3880010,,
ILLPOP.AG15T99.URB.M,BGD,2020,3844408,,
ILLPOP.AG15T99.URB.M,BGD,2021,3816562,,
ILLPOP.AG15T99.URB.M,BGD,2022,5369212,,
ILLPOPF.AG15T24,BGD,1981,56,,
ILLPOPF.AG15T24,BGD,1991,56,,
ILLPOPF.AG15T24,BGD,2001,55,,
ILLPOPF.AG15T24,BGD,2011,46,,
ILLPOPF.AG15T24,BGD,2012,46,,
ILLPOPF.AG15T24,BGD,2013,45,,
ILLPOPF.AG15T24,BGD,2014,47,,
ILLPOPF.AG15T24,BGD,2015,43,,
ILLPOPF.AG15T24,BGD,2016,41,,
ILLPOPF.AG15T24,BGD,2017,40,,
ILLPOPF.AG15T24,BGD,2018,39,,
ILLPOPF.AG15T24,BGD,2019,40,,
ILLPOPF.AG15T24,BGD,2020,40,,
ILLPOPF.AG15T24,BGD,2021,42,,
ILLPOPF.AG15T24,BGD,2022,45,,
ILLPOPF.AG15T24.RUR,BGD,1981,57,,
ILLPOPF.AG15T24.RUR,BGD,1991,56,,
ILLPOPF.AG15T24.RUR,BGD,2001,55,,
ILLPOPF.AG15T24.RUR,BGD,2011,45,,
ILLPOPF.AG15T24.RUR,BGD,2012,45,,
ILLPOPF.AG15T24.RUR,BGD,2013,44,,
ILLPOPF.AG15T24.RUR,BGD,2014,45,,
ILLPOPF.AG15T24.RUR,BGD,2015,42,,
ILLPOPF.AG15T24.RUR,BGD,2016,39,,
ILLPOPF.AG15T24.RUR,BGD,2017,38,,
ILLPOPF.AG15T24.RUR,BGD,2018,36,,
ILLPOPF.AG15T24.RUR,BGD,2019,36,,
ILLPOPF.AG15T24.RUR,BGD,2020,38,,
ILLPOPF.AG15T24.RUR,BGD,2021,39,,
ILLPOPF.AG15T24.RUR,BGD,2022,45,,
ILLPOPF.AG15T24.URB,BGD,1981,52,,
ILLPOPF.AG15T24.URB,BGD,1991,54,,
ILLPOPF.AG15T24.URB,BGD,2001,54,,
ILLPOPF.AG15T24.URB,BGD,2011,49,,
ILLPOPF.AG15T24.URB,BGD,2012,49,,
ILLPOPF.AG15T24.URB,BGD,2013,50,,
ILLPOPF.AG15T24.URB,BGD,2014,52,,
ILLPOPF.AG15T24.URB,BGD,2015,45,,
ILLPOPF.AG15T24.URB,BGD,2016,45,,
ILLPOPF.AG15T24.URB,BGD,2017,44,,
ILLPOPF.AG15T24.URB,BGD,2018,44,,
ILLPOPF.AG15T24.URB,BGD,2019,45,,
ILLPOPF.AG15T24.URB,BGD,2020,43,,
ILLPOPF.AG15T24.URB,BGD,2021,47,,
ILLPOPF.AG15T24.URB,BGD,2022,45,,
ILLPOPF.AG15T99,BGD,1991,56,,
ILLPOPF.AG15T99,BGD,2001,55,,
ILLPOPF.AG15T99,BGD,2011,55,,
ILLPOPF.AG15T99,BGD,2012,55,,
ILLPOPF.AG15T99,BGD,2013,55,,
ILLPOPF.AG15T99,BGD,2014,55,,
ILLPOPF.AG15T99,BGD,2015,56,,
ILLPOPF.AG15T99,BGD,2016,57,,
ILLPOPF.AG15T99,BGD,2017,57,,
ILLPOPF.AG15T99,BGD,2018,57,,
ILLPOPF.AG15T99,BGD,2019,57,,
ILLPOPF.AG15T99,BGD,2020,57,,
ILLPOPF.AG15T99,BGD,2021,58,,
ILLPOPF.AG15T99,BGD,2022,57,,
ILLPOPF.AG15T99.RUR,BGD,1991,56,,
ILLPOPF.AG15T99.RUR,BGD,2001,55,,
ILLPOPF.AG15T99.RUR,BGD,2011,55,,
ILLPOPF.AG15T99.RUR,BGD,2012,55,,
ILLPOPF.AG15T99.RUR,BGD,2013,55,,
ILLPOPF.AG15T99.RUR,BGD,2014,55,,
ILLPOPF.AG15T99.RUR,BGD,2015,55,,
ILLPOPF.AG15T99.RUR,BGD,2016,56,,
ILLPOPF.AG15T99.RUR,BGD,2017,56,,
ILLPOPF.AG15T99.RUR,BGD,2018,56,,
ILLPOPF.AG15T99.RUR,BGD,2019,56,,
ILLPOPF.AG15T99.RUR,BGD,2020,57,,
ILLPOPF.AG15T99.RUR,BGD,2021,57,,
ILLPOPF.AG15T99.RUR,BGD,2022,57,,
ILLPOPF.AG15T99.URB,BGD,1991,54,,
ILLPOPF.AG15T99.URB,BGD,2001,55,,
ILLPOPF.AG15T99.URB,BGD,2011,57,,
ILLPOPF.AG15T99.URB,BGD,2012,57,,
ILLPOPF.AG15T99.URB,BGD,2013,57,,
ILLPOPF.AG15T99.URB,BGD,2014,57,,
ILLPOPF.AG15T99.URB,BGD,2015,57,,
ILLPOPF.AG15T99.URB,BGD,2016,58,,
ILLPOPF.AG15T99.URB,BGD,2017,59,,
ILLPOPF.AG15T99.URB,BGD,2018,59,,
ILLPOPF.AG15T99.URB,BGD,2019,59,,
ILLPOPF.AG15T99.URB,BGD,2020,59,,
ILLPOPF.AG15T99.URB,BGD,2021,59,,
ILLPOPF.AG15T99.URB,BGD,2022,57,,
MENF.5T8,BGD,2002,-12036,,UIS_EST
MENF.5T8,BGD,2003,-15735,,UIS_EST
MENF.5T8,BGD,2004,-14355,,UIS_EST
MENF.5T8,BGD,2005,-14089,,UIS_EST
MENF.5T8,BGD,2006,-13875,,UIS_EST
MENF.5T8,BGD,2007,-15327,,UIS_EST
MENF.5T8,BGD,2008,-15729,,UIS_EST
MENF.5T8,BGD,2009,-17763,,UIS_EST
MENF.5T8,BGD,2022,-61601,,UIS_EST
MENF.5T8.F,BGD,2022,-17365,,UIS_EST
MENF.5T8.M,BGD,2022,-44235,,UIS_EST
MENFR.5T8,BGD,2002,-1.407160043716431,,UIS_EST
MENFR.5T8,BGD,2003,-1.793499946594238,,UIS_EST
MENFR.5T8,BGD,2004,-1.747699975967407,,UIS_EST
MENFR.5T8,BGD,2005,-1.545519948005676,,UIS_EST
MENFR.5T8,BGD,2006,-1.316959977149963,,UIS_EST
MENFR.5T8,BGD,2007,-1.338129997253418,,UIS_EST
MENFR.5T8,BGD,2008,-1.215029954910278,,UIS_EST
MENFR.5T8,BGD,2009,-1.122699975967407,,UIS_EST
MENFR.5T8,BGD,2022,-1.615800023078918,,UIS_EST
MENFR.5T8.F,BGD,2022,-1.011489987373352,,UIS_EST
MENFR.5T8.M,BGD,2022,-2.110810041427612,,UIS_EST
MOGER.5T8.40500,BGD,1998,.0420200005173683,,UIS_EST
MOGER.5T8.40500,BGD,1999,.0427599996328354,,
MOGER.5T8.40500,BGD,2000,.0439000017940998,,UIS_EST
MOGER.5T8.40500,BGD,2001,.04628000035882,,UIS_EST
MOGER.5T8.40500,BGD,2002,.0507699996232986,,UIS_EST
MOGER.5T8.40500,BGD,2003,.0614000000059605,,UIS_EST
MOGER.5T8.40500,BGD,2004,.0594299994409084,,UIS_EST
MOGER.5T8.40500,BGD,2005,.0537699982523918,,
MOGER.5T8.40500,BGD,2006,.0541200004518032,,UIS_EST
MOGER.5T8.40500,BGD,2007,.0608600005507469,,UIS_EST
MOGER.5T8.40500,BGD,2008,.0656199976801872,,UIS_EST
MOGER.5T8.40500,BGD,2009,.0798000022768974,,UIS_EST
MOGER.5T8.40500,BGD,2010,.0922800004482269,,UIS_EST
MOGER.5T8.40500,BGD,2011,.0959300026297569,,UIS_EST
MOGER.5T8.40500,BGD,2012,.0891200006008148,,UIS_EST
MOGER.5T8.40500,BGD,2013,.0879800021648407,,
MOGER.5T8.40500,BGD,2014,.0998900011181831,,
MOGER.5T8.40500,BGD,2015,.1027000024914742,,
MOGER.5T8.40500,BGD,2016,.1112700030207634,,
MOGER.5T8.40500,BGD,2017,.1081499978899956,,
MOGER.5T8.40500,BGD,2018,.1108800023794174,,
MOGER.5T8.40500,BGD,2019,.1281300038099289,,UIS_EST
MOGER.5T8.40500,BGD,2020,.152879998087883,,
MOGER.5T8.40500,BGD,2021,.1811300069093704,,
MOGER.5T8.40500,BGD,2022,.2456800043582916,,
MOGER.5T8.40500,BGD,2023,.2859399914741516,,
MOGER.5T8.40500.F,BGD,2012,.0297500006854534,,UIS_EST
MOGER.5T8.40500.F,BGD,2013,.0316799990832806,,UIS_EST
MOGER.5T8.40500.F,BGD,2014,.0361200012266636,,UIS_EST
MOGER.5T8.40500.F,BGD,2015,.0393100008368492,,UIS_EST
MOGER.5T8.40500.F,BGD,2016,.048760000616312,,UIS_EST
MOGER.5T8.40500.F,BGD,2017,.0507699996232986,,UIS_EST
MOGER.5T8.40500.F,BGD,2018,.0498000010848045,,UIS_EST
MOGER.5T8.40500.F,BGD,2019,.0608600005507469,,UIS_EST
MOGER.5T8.40500.F,BGD,2020,.0753199979662895,,UIS_EST
MOGER.5T8.40500.F,BGD,2021,.093800000846386,,UIS_EST
MOGER.5T8.40500.F,BGD,2022,.1291999965906143,,UIS_EST
MOGER.5T8.40500.F,BGD,2023,.1662800014019012,,UIS_EST
MOGER.5T8.40500.GPIA,BGD,2012,.2010100036859512,,UIS_EST
MOGER.5T8.40500.GPIA,BGD,2013,.2202599942684174,,UIS_EST
MOGER.5T8.40500.GPIA,BGD,2014,.2212599962949753,,UIS_EST
MOGER.5T8.40500.GPIA,BGD,2015,.2370699942111969,,UIS_EST
MOGER.5T8.40500.GPIA,BGD,2016,.2810100018978119,,UIS_EST
MOGER.5T8.40500.GPIA,BGD,2017,.3071399927139282,,UIS_EST
MOGER.5T8.40500.GPIA,BGD,2018,.2866399884223938,,UIS_EST
MOGER.5T8.40500.GPIA,BGD,2019,.3046000003814697,,UIS_EST
MOGER.5T8.40500.GPIA,BGD,2020,.3160000145435333,,UIS_EST
MOGER.5T8.40500.GPIA,BGD,2021,.334769994020462,,UIS_EST
MOGER.5T8.40500.GPIA,BGD,2022,.339709997177124,,UIS_EST
MOGER.5T8.40500.GPIA,BGD,2023,.3950099945068359,,UIS_EST
MOGER.5T8.40500.M,BGD,1970,0,NIL,
MOGER.5T8.40500.M,BGD,1971,0,NIL,
MOGER.5T8.40500.M,BGD,1972,0,NIL,
MOGER.5T8.40500.M,BGD,1973,0,NIL,
MOGER.5T8.40500.M,BGD,1974,0,NIL,
MOGER.5T8.40500.M,BGD,1975,0,NIL,
MOGER.5T8.40500.M,BGD,1976,0,NIL,
MOGER.5T8.40500.M,BGD,1977,0,NIL,
MOGER.5T8.40500.M,BGD,1978,0,NIL,
MOGER.5T8.40500.M,BGD,1979,0,NIL,
MOGER.5T8.40500.M,BGD,1980,0,NIL,
MOGER.5T8.40500.M,BGD,1981,0,NIL,
MOGER.5T8.40500.M,BGD,1982,0,NIL,
MOGER.5T8.40500.M,BGD,1983,0,NIL,
MOGER.5T8.40500.M,BGD,1984,0,NIL,
MOGER.5T8.40500.M,BGD,1985,0,NIL,
MOGER.5T8.40500.M,BGD,1986,0,NIL,
MOGER.5T8.40500.M,BGD,1987,0,NIL,
MOGER.5T8.40500.M,BGD,1988,0,NIL,
MOGER.5T8.40500.M,BGD,1989,0,NIL,
MOGER.5T8.40500.M,BGD,1990,0,NIL,
MOGER.5T8.40500.M,BGD,1991,0,NIL,
MOGER.5T8.40500.M,BGD,1992,0,NIL,
MOGER.5T8.40500.M,BGD,1993,0,NIL,
MOGER.5T8.40500.M,BGD,1994,0,NIL,
MOGER.5T8.40500.M,BGD,1995,0,NIL,
MOGER.5T8.40500.M,BGD,1996,0,NIL,
MOGER.5T8.40500.M,BGD,1997,0,NIL,
MOGER.5T8.40500.M,BGD,1998,.0838899984955788,,UIS_EST
MOGER.5T8.40500.M,BGD,1999,.0853900015354156,,
MOGER.5T8.40500.M,BGD,2000,.0877199992537498,,UIS_EST
MOGER.5T8.40500.M,BGD,2001,.0928099974989891,,UIS_EST
MOGER.5T8.40500.M,BGD,2002,.1018500030040741,,UIS_EST
MOGER.5T8.40500.M,BGD,2003,.123199999332428,,UIS_EST
MOGER.5T8.40500.M,BGD,2004,.1192499995231628,,UIS_EST
MOGER.5T8.40500.M,BGD,2005,.1077599972486496,,
MOGER.5T8.40500.M,BGD,2006,.1082800030708313,,UIS_EST
MOGER.5T8.40500.M,BGD,2007,.1215599998831749,,UIS_EST
MOGER.5T8.40500.M,BGD,2008,.1308799982070923,,UIS_EST
MOGER.5T8.40500.M,BGD,2009,.1589599996805191,,UIS_EST
MOGER.5T8.40500.M,BGD,2010,.1837400048971176,,UIS_EST
MOGER.5T8.40500.M,BGD,2011,.1910800039768219,,UIS_EST
MOGER.5T8.40500.M,BGD,2012,.1480000019073486,,UIS_EST
MOGER.5T8.40500.M,BGD,2013,.1438200026750565,,UIS_EST
MOGER.5T8.40500.M,BGD,2014,.1632300019264221,,UIS_EST
MOGER.5T8.40500.M,BGD,2015,.165800005197525,,UIS_EST
MOGER.5T8.40500.M,BGD,2016,.1735299974679947,,UIS_EST
MOGER.5T8.40500.M,BGD,2017,.1653099954128265,,UIS_EST
MOGER.5T8.40500.M,BGD,2018,.1737300008535385,,UIS_EST
MOGER.5T8.40500.M,BGD,2019,.1997900009155273,,UIS_EST
MOGER.5T8.40500.M,BGD,2020,.2383500039577484,,UIS_EST
MOGER.5T8.40500.M,BGD,2021,.2802099883556366,,UIS_EST
MOGER.5T8.40500.M,BGD,2022,.3803400099277496,,UIS_EST
MOGER.5T8.40500.M,BGD,2023,.4209400117397308,,UIS_EST
MOGER.5T8.40505,BGD,1998,.0000199999994948,,UIS_EST
MOGER.5T8.40505,BGD,1999,9.99999974738e-06,,UIS_EST
MOGER.5T8.40505,BGD,2000,0,NIL,UIS_EST
MOGER.5T8.40505,BGD,2001,9.99999974738e-06,,
MOGER.5T8.40505,BGD,2002,0,NIL,UIS_EST
MOGER.5T8.40505,BGD,2003,0,NIL,
MOGER.5T8.40505,BGD,2004,0,NIL,
MOGER.5T8.40505,BGD,2005,9.99999974738e-06,,
MOGER.5T8.40505,BGD,2006,9.99999974738e-06,,
MOGER.5T8.40505,BGD,2007,9.99999974738e-06,,
MOGER.5T8.40505,BGD,2008,.0000299999992421,,
MOGER.5T8.40505,BGD,2009,9.99999974738e-06,,
MOGER.5T8.40505,BGD,2010,.0000299999992421,,
MOGER.5T8.40505,BGD,2011,9.99999974738e-06,,
MOGER.5T8.40505,BGD,2012,.0000399999989895,,
MOGER.5T8.40505,BGD,2013,.0000700000018696,,
MOGER.5T8.40505,BGD,2014,.000079999997979,,
MOGER.5T8.40505,BGD,2015,.0000999999974738,,
MOGER.5T8.40505,BGD,2016,.0000399999989895,,
MOGER.5T8.40505,BGD,2017,.0001100000008591,,
MOGER.5T8.40505,BGD,2018,.0009100000024773,,
MOGER.5T8.40505,BGD,2019,.0005799999926239,,
MOGER.5T8.40505,BGD,2020,.0006600000197068,,
MOGER.5T8.40505,BGD,2021,.0006200000061654,,UIS_EST
MOGER.5T8.40505,BGD,2022,.0008599999709986,,UIS_EST
MOGER.5T8.40505,BGD,2023,.0009599999757484,,UIS_EST
MOGER.5T8.40505.F,BGD,2012,0,NIL,UIS_EST
MOGER.5T8.40505.F,BGD,2013,9.99999974738e-06,,UIS_EST
MOGER.5T8.40505.F,BGD,2014,.0000199999994948,,UIS_EST
MOGER.5T8.40505.F,BGD,2015,.0000199999994948,,UIS_EST
MOGER.5T8.40505.F,BGD,2016,.0000399999989895,,
MOGER.5T8.40505.F,BGD,2017,.0000599999984843,,
MOGER.5T8.40505.F,BGD,2018,.0001500000071246,,
MOGER.5T8.40505.F,BGD,2019,.0001900000061141,,
MOGER.5T8.40505.F,BGD,2020,.0002300000051036,,
MOGER.5T8.40505.F,BGD,2021,.0004299999854993,,UIS_EST
MOGER.5T8.40505.F,BGD,2022,.0006300000241026,,UIS_EST
MOGER.5T8.40505.F,BGD,2023,.0010600000387058,,UIS_EST
MOGER.5T8.40505.GPIA,BGD,2012,0,NIL,UIS_EST
MOGER.5T8.40505.GPIA,BGD,2013,.1120200008153915,,UIS_EST
MOGER.5T8.40505.GPIA,BGD,2014,.1227699965238571,,UIS_EST
MOGER.5T8.40505.GPIA,BGD,2015,.1116499975323677,,UIS_EST
MOGER.5T8.40505.GPIA,BGD,2016,1.003859996795654,,
MOGER.5T8.40505.GPIA,BGD,2017,.4182400107383728,,
MOGER.5T8.40505.GPIA,BGD,2018,.0870399996638298,,
MOGER.5T8.40505.GPIA,BGD,2019,.1925899982452393,,
MOGER.5T8.40505.GPIA,BGD,2020,.2078299969434738,,
MOGER.5T8.40505.GPIA,BGD,2021,.5087299942970276,,UIS_EST
MOGER.5T8.40505.GPIA,BGD,2022,.5545799732208252,,UIS_EST
MOGER.5T8.40505.GPIA,BGD,2023,1.205060005187988,,UIS_EST
MOGER.5T8.40505.M,BGD,1970,0,NIL,
MOGER.5T8.40505.M,BGD,1971,0,NIL,
MOGER.5T8.40505.M,BGD,1972,0,NIL,
MOGER.5T8.40505.M,BGD,1973,0,NIL,
MOGER.5T8.40505.M,BGD,1974,0,NIL,
MOGER.5T8.40505.M,BGD,1975,0,NIL,
MOGER.5T8.40505.M,BGD,1976,0,NIL,
MOGER.5T8.40505.M,BGD,1977,0,NIL,
MOGER.5T8.40505.M,BGD,1978,0,NIL,
MOGER.5T8.40505.M,BGD,1979,0,NIL,
MOGER.5T8.40505.M,BGD,1980,0,NIL,
MOGER.5T8.40505.M,BGD,1981,0,NIL,
MOGER.5T8.40505.M,BGD,1982,0,NIL,
MOGER.5T8.40505.M,BGD,1983,0,NIL,
MOGER.5T8.40505.M,BGD,1984,0,NIL,
MOGER.5T8.40505.M,BGD,1985,0,NIL,
MOGER.5T8.40505.M,BGD,1986,0,NIL,
MOGER.5T8.40505.M,BGD,1987,0,NIL,
MOGER.5T8.40505.M,BGD,1988,0,NIL,
MOGER.5T8.40505.M,BGD,1989,0,NIL,
MOGER.5T8.40505.M,BGD,1990,0,NIL,
MOGER.5T8.40505.M,BGD,1991,0,NIL,
MOGER.5T8.40505.M,BGD,1992,0,NIL,
MOGER.5T8.40505.M,BGD,1993,0,NIL,
MOGER.5T8.40505.M,BGD,1994,0,NIL,
MOGER.5T8.40505.M,BGD,1995,0,NIL,
MOGER.5T8.40505.M,BGD,1996,0,NIL,
MOGER.5T8.40505.M,BGD,1997,0,NIL,
MOGER.5T8.40505.M,BGD,1998,.0000299999992421,,UIS_EST
MOGER.5T8.40505.M,BGD,1999,.0000299999992421,,UIS_EST
MOGER.5T8.40505.M,BGD,2000,0,NIL,UIS_EST
MOGER.5T8.40505.M,BGD,2001,9.99999974738e-06,,
MOGER.5T8.40505.M,BGD,2002,0,NIL,UIS_EST
MOGER.5T8.40505.M,BGD,2003,0,NIL,
MOGER.5T8.40505.M,BGD,2004,0,NIL,
MOGER.5T8.40505.M,BGD,2005,.0000299999992421,,
MOGER.5T8.40505.M,BGD,2006,9.99999974738e-06,,
MOGER.5T8.40505.M,BGD,2007,9.99999974738e-06,,
MOGER.5T8.40505.M,BGD,2008,.0000499999987369,,
MOGER.5T8.40505.M,BGD,2009,.0000299999992421,,
MOGER.5T8.40505.M,BGD,2010,.0000499999987369,,
MOGER.5T8.40505.M,BGD,2011,.0000299999992421,,
MOGER.5T8.40505.M,BGD,2012,.000079999997979,,UIS_EST
MOGER.5T8.40505.M,BGD,2013,.0001199999969685,,UIS_EST
MOGER.5T8.40505.M,BGD,2014,.0001300000003539,,UIS_EST
MOGER.5T8.40505.M,BGD,2015,.0001800000027288,,UIS_EST
MOGER.5T8.40505.M,BGD,2016,.0000399999989895,,
MOGER.5T8.40505.M,BGD,2017,.0001500000071246,,
MOGER.5T8.40505.M,BGD,2018,.0016899999463931,,
MOGER.5T8.40505.M,BGD,2019,.0009899999713525,,
MOGER.5T8.40505.M,BGD,2020,.0011299999896437,,
MOGER.5T8.40505.M,BGD,2021,.0008399999933317,,UIS_EST
MOGER.5T8.40505.M,BGD,2022,.0011299999896437,,UIS_EST
MOGER.5T8.40505.M,BGD,2023,.0008399999933317,,UIS_EST
MOGER.5T8.40510,BGD,1998,.0590399987995625,,UIS_EST
MOGER.5T8.40510,BGD,1999,.0599999986588955,,UIS_EST
MOGER.5T8.40510,BGD,2000,.0631600022315979,,UIS_EST
MOGER.5T8.40510,BGD,2001,.0735699981451035,,UIS_EST
MOGER.5T8.40510,BGD,2002,.0856899991631508,,UIS_EST
MOGER.5T8.40510,BGD,2003,.1100900024175644,,UIS_EST
MOGER.5T8.40510,BGD,2004,.1016599982976913,,UIS_EST
MOGER.5T8.40510,BGD,2005,.0998499989509583,,UIS_EST
MOGER.5T8.40510,BGD,2006,.099420003592968,,UIS_EST
MOGER.5T8.40510,BGD,2007,.1070199981331825,,UIS_EST
MOGER.5T8.40510,BGD,2008,.1117599979043007,,UIS_EST
MOGER.5T8.40510,BGD,2009,.1283500045537949,,UIS_EST
MOGER.5T8.40510,BGD,2010,.145579993724823,,UIS_EST
MOGER.5T8.40510,BGD,2011,.1515900045633316,,UIS_EST
MOGER.5T8.40510,BGD,2012,.1515499949455261,,UIS_EST
MOGER.5T8.40510,BGD,2013,.2453300058841705,,UIS_EST
MOGER.5T8.40510,BGD,2014,.3487100005149841,,
MOGER.5T8.40510,BGD,2015,.365449994802475,,
MOGER.5T8.40510,BGD,2016,.4007000029087067,,
MOGER.5T8.40510,BGD,2017,.3668400049209595,,
MOGER.5T8.40510,BGD,2018,.311599999666214,,
MOGER.5T8.40510,BGD,2019,.2727000117301941,,UIS_EST
MOGER.5T8.40510,BGD,2020,.3063800036907196,,
MOGER.5T8.40510,BGD,2021,.3277199864387512,,UIS_EST
MOGER.5T8.40510,BGD,2022,.393779993057251,,UIS_EST
MOGER.5T8.40510,BGD,2023,.4644599854946136,,UIS_EST
MOGER.5T8.40510.F,BGD,2012,.0545799992978573,,UIS_EST
MOGER.5T8.40510.F,BGD,2013,.0681999996304512,,UIS_EST
MOGER.5T8.40510.F,BGD,2014,.0818699970841408,,UIS_EST
MOGER.5T8.40510.F,BGD,2015,.0897499993443489,,UIS_EST
MOGER.5T8.40510.F,BGD,2016,.1075600013136864,,UIS_EST
MOGER.5T8.40510.F,BGD,2017,.1104699969291687,,UIS_EST
MOGER.5T8.40510.F,BGD,2018,.1204700022935867,,UIS_EST
MOGER.5T8.40510.F,BGD,2019,.1258800029754639,,UIS_EST
MOGER.5T8.40510.F,BGD,2020,.1440899968147278,,UIS_EST
MOGER.5T8.40510.F,BGD,2021,.1619099974632263,,UIS_EST
MOGER.5T8.40510.F,BGD,2022,.2047899961471558,,UIS_EST
MOGER.5T8.40510.F,BGD,2023,.2592499852180481,,UIS_EST
MOGER.5T8.40510.GPIA,BGD,2012,.2203499972820282,,UIS_EST
MOGER.5T8.40510.GPIA,BGD,2013,.1619900017976761,,UIS_EST
MOGER.5T8.40510.GPIA,BGD,2014,.1333899945020676,,UIS_EST
MOGER.5T8.40510.GPIA,BGD,2015,.1402699947357178,,UIS_EST
MOGER.5T8.40510.GPIA,BGD,2016,.1552699953317642,,UIS_EST
MOGER.5T8.40510.GPIA,BGD,2017,.1775400042533875,,UIS_EST
MOGER.5T8.40510.GPIA,BGD,2018,.2370499968528748,,UIS_EST
MOGER.5T8.40510.GPIA,BGD,2019,.2933700084686279,,UIS_EST
MOGER.5T8.40510.GPIA,BGD,2020,.296970009803772,,UIS_EST
MOGER.5T8.40510.GPIA,BGD,2021,.3138700127601624,,UIS_EST
MOGER.5T8.40510.GPIA,BGD,2022,.3344799876213074,,UIS_EST
MOGER.5T8.40510.GPIA,BGD,2023,.3725000023841858,,UIS_EST
MOGER.5T8.40510.M,BGD,1970,0,NIL,
MOGER.5T8.40510.M,BGD,1971,0,NIL,
MOGER.5T8.40510.M,BGD,1972,0,NIL,
MOGER.5T8.40510.M,BGD,1973,0,NIL,
MOGER.5T8.40510.M,BGD,1974,0,NIL,
MOGER.5T8.40510.M,BGD,1975,0,NIL,
MOGER.5T8.40510.M,BGD,1976,0,NIL,
MOGER.5T8.40510.M,BGD,1977,0,NIL,
MOGER.5T8.40510.M,BGD,1978,0,NIL,
MOGER.5T8.40510.M,BGD,1979,0,NIL,
MOGER.5T8.40510.M,BGD,1980,0,NIL,
MOGER.5T8.40510.M,BGD,1981,0,NIL,
MOGER.5T8.40510.M,BGD,1982,0,NIL,
MOGER.5T8.40510.M,BGD,1983,0,NIL,
MOGER.5T8.40510.M,BGD,1984,0,NIL,
MOGER.5T8.40510.M,BGD,1985,0,NIL,
MOGER.5T8.40510.M,BGD,1986,0,NIL,
MOGER.5T8.40510.M,BGD,1987,0,NIL,
MOGER.5T8.40510.M,BGD,1988,0,NIL,
MOGER.5T8.40510.M,BGD,1989,0,NIL,
MOGER.5T8.40510.M,BGD,1990,0,NIL,
MOGER.5T8.40510.M,BGD,1991,0,NIL,
MOGER.5T8.40510.M,BGD,1992,0,NIL,
MOGER.5T8.40510.M,BGD,1993,0,NIL,
MOGER.5T8.40510.M,BGD,1994,0,NIL,
MOGER.5T8.40510.M,BGD,1995,0,NIL,
MOGER.5T8.40510.M,BGD,1996,0,NIL,
MOGER.5T8.40510.M,BGD,1997,0,NIL,
MOGER.5T8.40510.M,BGD,1998,.1178700029850006,,UIS_EST
MOGER.5T8.40510.M,BGD,1999,.1198100000619888,,UIS_EST
MOGER.5T8.40510.M,BGD,2000,.1261900067329407,,UIS_EST
MOGER.5T8.40510.M,BGD,2001,.1475400030612946,,UIS_EST
MOGER.5T8.40510.M,BGD,2002,.1719000041484833,,UIS_EST
MOGER.5T8.40510.M,BGD,2003,.2208999991416931,,UIS_EST
MOGER.5T8.40510.M,BGD,2004,.2039700001478195,,UIS_EST
MOGER.5T8.40510.M,BGD,2005,.2001300007104874,,UIS_EST
MOGER.5T8.40510.M,BGD,2006,.1989199966192245,,UIS_EST
MOGER.5T8.40510.M,BGD,2007,.2137500047683716,,UIS_EST
MOGER.5T8.40510.M,BGD,2008,.2228800058364868,,UIS_EST
MOGER.5T8.40510.M,BGD,2009,.2556700110435486,,UIS_EST
MOGER.5T8.40510.M,BGD,2010,.2898699939250946,,UIS_EST
MOGER.5T8.40510.M,BGD,2011,.301939994096756,,UIS_EST
MOGER.5T8.40510.M,BGD,2012,.2477200031280518,,UIS_EST
MOGER.5T8.40510.M,BGD,2013,.4210300147533417,,UIS_EST
MOGER.5T8.40510.M,BGD,2014,.6137599945068359,,UIS_EST
MOGER.5T8.40510.M,BGD,2015,.6398299932479858,,UIS_EST
MOGER.5T8.40510.M,BGD,2016,.6927099823951721,,UIS_EST
MOGER.5T8.40510.M,BGD,2017,.6222400069236755,,UIS_EST
MOGER.5T8.40510.M,BGD,2018,.5082299709320068,,UIS_EST
MOGER.5T8.40510.M,BGD,2019,.429069995880127,,UIS_EST
MOGER.5T8.40510.M,BGD,2020,.4851999878883362,,UIS_EST
MOGER.5T8.40510.M,BGD,2021,.5158500075340271,,UIS_EST
MOGER.5T8.40510.M,BGD,2022,.612280011177063,,UIS_EST
MOGER.5T8.40510.M,BGD,2023,.6959800124168396,,UIS_EST
MOGER.5T8.40515,BGD,1997,.0116200000047684,,UIS_EST
MOGER.5T8.40515,BGD,1998,.0112699996680021,,UIS_EST
MOGER.5T8.40515,BGD,1999,.011739999987185,,UIS_EST
MOGER.5T8.40515,BGD,2000,.014019999653101,,UIS_EST
MOGER.5T8.40515,BGD,2001,.0182399991899729,,UIS_EST
MOGER.5T8.40515,BGD,2002,.0261499993503094,,UIS_EST
MOGER.5T8.40515,BGD,2003,.0412300005555153,,UIS_EST
MOGER.5T8.40515,BGD,2004,.0352299995720387,,UIS_EST
MOGER.5T8.40515,BGD,2005,.0384499989449978,,UIS_EST
MOGER.5T8.40515,BGD,2006,.0374200008809566,,UIS_EST
MOGER.5T8.40515,BGD,2007,.0370399989187717,,UIS_EST
MOGER.5T8.40515,BGD,2008,.0355900004506111,,UIS_EST
MOGER.5T8.40515,BGD,2009,.0382499992847443,,UIS_EST
MOGER.5T8.40515,BGD,2010,.0417900010943413,,UIS_EST
MOGER.5T8.40515,BGD,2011,.0435499995946884,,UIS_EST
MOGER.5T8.40515,BGD,2012,.0488200001418591,,UIS_EST
MOGER.5T8.40515,BGD,2013,.1395799964666367,,UIS_EST
MOGER.5T8.40515,BGD,2014,.2295099943876266,,UIS_EST
MOGER.5T8.40515,BGD,2015,.2405499964952469,,UIS_EST
MOGER.5T8.40515,BGD,2016,.264820009469986,,UIS_EST
MOGER.5T8.40515,BGD,2017,.2293400019407272,,UIS_EST
MOGER.5T8.40515,BGD,2018,.1674499958753586,,UIS_EST
MOGER.5T8.40515.M,BGD,1970,0,NIL,
MOGER.5T8.40515.M,BGD,1971,0,NIL,
MOGER.5T8.40515.M,BGD,1972,0,NIL,
MOGER.5T8.40515.M,BGD,1973,0,NIL,
MOGER.5T8.40515.M,BGD,1974,0,NIL,
MOGER.5T8.40515.M,BGD,1975,0,NIL,
MOGER.5T8.40515.M,BGD,1976,0,NIL,
MOGER.5T8.40515.M,BGD,1977,0,NIL,
MOGER.5T8.40515.M,BGD,1978,0,NIL,
MOGER.5T8.40515.M,BGD,1979,0,NIL,
MOGER.5T8.40515.M,BGD,1980,0,NIL,
MOGER.5T8.40515.M,BGD,1981,0,NIL,
MOGER.5T8.40515.M,BGD,1982,0,NIL,
MOGER.5T8.40515.M,BGD,1983,0,NIL,
MOGER.5T8.40515.M,BGD,1984,0,NIL,
MOGER.5T8.40515.M,BGD,1985,0,NIL,
MOGER.5T8.40515.M,BGD,1986,0,NIL,
MOGER.5T8.40515.M,BGD,1987,0,NIL,
MOGER.5T8.40515.M,BGD,1988,0,NIL,
MOGER.5T8.40515.M,BGD,1989,0,NIL,
MOGER.5T8.40515.M,BGD,1990,0,NIL,
MOGER.5T8.40515.M,BGD,1991,0,NIL,
MOGER.5T8.40515.M,BGD,1992,0,NIL,
MOGER.5T8.40515.M,BGD,1993,0,NIL,
MOGER.5T8.40515.M,BGD,1994,0,NIL,
MOGER.5T8.40515.M,BGD,1995,0,NIL,
MOGER.5T8.40515.M,BGD,1996,0,NIL,
MOGER.5T8.40515.M,BGD,1997,.023199999704957,,UIS_EST
MOGER.5T8.40515.M,BGD,1998,.0225099995732307,,UIS_EST
MOGER.5T8.40515.M,BGD,1999,.0234399996697903,,UIS_EST
MOGER.5T8.40515.M,BGD,2000,.0280200000852346,,UIS_EST
MOGER.5T8.40515.M,BGD,2001,.0365899987518787,,UIS_EST
MOGER.5T8.40515.M,BGD,2002,.0524699985980988,,UIS_EST
MOGER.5T8.40515.M,BGD,2003,.0827199965715408,,UIS_EST
MOGER.5T8.40515.M,BGD,2004,.0706799998879433,,UIS_EST
MOGER.5T8.40515.M,BGD,2005,.0770699977874756,,UIS_EST
MOGER.5T8.40515.M,BGD,2006,.0748799964785576,,UIS_EST
MOGER.5T8.40515.M,BGD,2007,.0739699974656105,,UIS_EST
MOGER.5T8.40515.M,BGD,2008,.0709799975156784,,UIS_EST
MOGER.5T8.40515.M,BGD,2009,.0762000009417534,,UIS_EST
MOGER.5T8.40515.M,BGD,2010,.0832099989056587,,UIS_EST
MOGER.5T8.40515.M,BGD,2011,.0867500007152557,,UIS_EST
MOGER.5T8.40515.M,BGD,2012,.09723000228405,,UIS_EST
MOGER.5T8.40515.M,BGD,2013,.2780399918556213,,UIS_EST
MOGER.5T8.40515.M,BGD,2014,.4574899971485138,,UIS_EST
MOGER.5T8.40515.M,BGD,2015,.4799300134181976,,UIS_EST
MOGER.5T8.40515.M,BGD,2016,.5286200046539307,,UIS_EST
MOGER.5T8.40515.M,BGD,2017,.4578199982643127,,UIS_EST
MOGER.5T8.40515.M,BGD,2018,.3397400081157684,,UIS_EST
MOGER.5T8.40515.M,BGD,2019,0,NIL,
MOGER.5T8.40515.M,BGD,2020,0,NIL,
MOGER.5T8.40515.M,BGD,2021,0,NIL,
MOGER.5T8.40515.M,BGD,2022,0,NIL,
MOGER.5T8.40516,BGD,1997,.0031999999191612,,UIS_EST
MOGER.5T8.40516,BGD,1998,.0031099999323487,,
MOGER.5T8.40516,BGD,1999,.0037400000728667,,
MOGER.5T8.40516,BGD,2000,.0052000000141561,,
MOGER.5T8.40516,BGD,2001,.0098099997267127,,UIS_EST
MOGER.5T8.40516,BGD,2002,.0143499998375773,,
MOGER.5T8.40516,BGD,2003,.0193099994212389,,
MOGER.5T8.40516,BGD,2004,.0203200001269579,,
MOGER.5T8.40516,BGD,2005,.0232299994677305,,
MOGER.5T8.40516,BGD,2006,.0213799998164177,,
MOGER.5T8.40516,BGD,2007,.0197599995881319,,
MOGER.5T8.40516,BGD,2008,.0160399992018938,,
MOGER.5T8.40516,BGD,2009,.0163599997758865,,
MOGER.5T8.40516,BGD,2010,.0182700008153915,,
MOGER.5T8.40516,BGD,2011,.0208500009030104,,
MOGER.5T8.40516,BGD,2012,.0227700006216764,,
MOGER.5T8.40516,BGD,2013,.0244299992918968,,
MOGER.5T8.40516,BGD,2014,.0267399996519089,,
MOGER.5T8.40516,BGD,2015,.0307599995285273,,
MOGER.5T8.40516,BGD,2016,.0320799984037876,,
MOGER.5T8.40516,BGD,2017,.0332899987697601,,
MOGER.5T8.40516,BGD,2018,.0375699996948242,,
MOGER.5T8.40516,BGD,2019,.0392999984323978,,
MOGER.5T8.40516,BGD,2020,.0357699990272522,,
MOGER.5T8.40516,BGD,2021,.0316600017249584,,
MOGER.5T8.40516,BGD,2022,.0375000014901161,,
MOGER.5T8.40516,BGD,2023,.0627700015902519,,
MOGER.5T8.40516.F,BGD,2012,.0101800002157688,,UIS_EST
MOGER.5T8.40516.F,BGD,2013,.0109299998730421,,
MOGER.5T8.40516.F,BGD,2014,.0118800001218915,,
MOGER.5T8.40516.F,BGD,2015,.0142900003120303,,
MOGER.5T8.40516.F,BGD,2016,.0162400007247925,,
MOGER.5T8.40516.F,BGD,2017,.0164800006896257,,
MOGER.5T8.40516.F,BGD,2018,.0198400001972914,,
MOGER.5T8.40516.F,BGD,2019,.0219999998807907,,
MOGER.5T8.40516.F,BGD,2020,.0206599999219179,,
MOGER.5T8.40516.F,BGD,2021,.0189299993216991,,
MOGER.5T8.40516.F,BGD,2022,.0226000007241964,,
MOGER.5T8.40516.F,BGD,2023,.0345299988985062,,
MOGER.5T8.40516.GPIA,BGD,2012,.2887499928474426,,UIS_EST
MOGER.5T8.40516.GPIA,BGD,2013,.2887899875640869,,
MOGER.5T8.40516.GPIA,BGD,2014,.2862800061702728,,
MOGER.5T8.40516.GPIA,BGD,2015,.3030500113964081,,
MOGER.5T8.40516.GPIA,BGD,2016,.3391700088977814,,
MOGER.5T8.40516.GPIA,BGD,2017,.3292900025844574,,
MOGER.5T8.40516.GPIA,BGD,2018,.3553799986839294,,
MOGER.5T8.40516.GPIA,BGD,2019,.3811300098896027,,
MOGER.5T8.40516.GPIA,BGD,2020,.3941799998283386,,
MOGER.5T8.40516.GPIA,BGD,2021,.4105300009250641,,
MOGER.5T8.40516.GPIA,BGD,2022,.4129700064659119,,
MOGER.5T8.40516.GPIA,BGD,2023,.3648500144481659,,
MOGER.5T8.40516.M,BGD,1970,0,NIL,
MOGER.5T8.40516.M,BGD,1971,0,NIL,
MOGER.5T8.40516.M,BGD,1972,0,NIL,
MOGER.5T8.40516.M,BGD,1973,0,NIL,
MOGER.5T8.40516.M,BGD,1974,0,NIL,
MOGER.5T8.40516.M,BGD,1975,0,NIL,
MOGER.5T8.40516.M,BGD,1976,0,NIL,
MOGER.5T8.40516.M,BGD,1977,0,NIL,
MOGER.5T8.40516.M,BGD,1978,0,NIL,
MOGER.5T8.40516.M,BGD,1979,0,NIL,
MOGER.5T8.40516.M,BGD,1980,0,NIL,
MOGER.5T8.40516.M,BGD,1981,0,NIL,
MOGER.5T8.40516.M,BGD,1982,0,NIL,
MOGER.5T8.40516.M,BGD,1983,0,NIL,
MOGER.5T8.40516.M,BGD,1984,0,NIL,
MOGER.5T8.40516.M,BGD,1985,0,NIL,
MOGER.5T8.40516.M,BGD,1986,0,NIL,
MOGER.5T8.40516.M,BGD,1987,0,NIL,
MOGER.5T8.40516.M,BGD,1988,0,NIL,
MOGER.5T8.40516.M,BGD,1989,0,NIL,
MOGER.5T8.40516.M,BGD,1990,0,NIL,
MOGER.5T8.40516.M,BGD,1991,0,NIL,
MOGER.5T8.40516.M,BGD,1992,0,NIL,
MOGER.5T8.40516.M,BGD,1993,0,NIL,
MOGER.5T8.40516.M,BGD,1994,0,NIL,
MOGER.5T8.40516.M,BGD,1995,0,NIL,
MOGER.5T8.40516.M,BGD,1996,0,NIL,
MOGER.5T8.40516.M,BGD,1997,.0063900002278388,,UIS_EST
MOGER.5T8.40516.M,BGD,1998,.0062000001780689,,
MOGER.5T8.40516.M,BGD,1999,.0074700000695884,,
MOGER.5T8.40516.M,BGD,2000,.0103799998760223,,
MOGER.5T8.40516.M,BGD,2001,.0196700002998114,,UIS_EST
MOGER.5T8.40516.M,BGD,2002,.0287900008261204,,
MOGER.5T8.40516.M,BGD,2003,.0387500002980232,,
MOGER.5T8.40516.M,BGD,2004,.0407599993050098,,
MOGER.5T8.40516.M,BGD,2005,.046560000628233,,
MOGER.5T8.40516.M,BGD,2006,.0427899993956089,,
MOGER.5T8.40516.M,BGD,2007,.0394699983298779,,
MOGER.5T8.40516.M,BGD,2008,.0319899991154671,,
MOGER.5T8.40516.M,BGD,2009,.0325900018215179,,
MOGER.5T8.40516.M,BGD,2010,.0363800004124641,,
MOGER.5T8.40516.M,BGD,2011,.0415299981832504,,
MOGER.5T8.40516.M,BGD,2012,.0352500006556511,,UIS_EST
MOGER.5T8.40516.M,BGD,2013,.0378299988806248,,
MOGER.5T8.40516.M,BGD,2014,.0415100008249283,,
MOGER.5T8.40516.M,BGD,2015,.0471500009298325,,
MOGER.5T8.40516.M,BGD,2016,.0478699989616871,,
MOGER.5T8.40516.M,BGD,2017,.0500399991869926,,
MOGER.5T8.40516.M,BGD,2018,.0558199994266033,,
MOGER.5T8.40516.M,BGD,2019,.0577200017869473,,
MOGER.5T8.40516.M,BGD,2020,.0524099990725517,,
MOGER.5T8.40516.M,BGD,2021,.0461000017821789,,
MOGER.5T8.40516.M,BGD,2022,.0547300018370152,,
MOGER.5T8.40516.M,BGD,2023,.0946400016546249,,
MOGER.5T8.40517,BGD,1997,.0084199998527765,,UIS_EST
MOGER.5T8.40517,BGD,1998,.0081700002774596,,UIS_EST
MOGER.5T8.40517,BGD,1999,.0080000003799796,,UIS_EST
MOGER.5T8.40517,BGD,2000,.0088299997150898,,UIS_EST
MOGER.5T8.40517,BGD,2001,.0084400000050664,,UIS_EST
MOGER.5T8.40517,BGD,2002,.0118000004440546,,UIS_EST
MOGER.5T8.40517,BGD,2003,.0219100005924702,,UIS_EST
MOGER.5T8.40517,BGD,2004,.0149100003764033,,UIS_EST
MOGER.5T8.40517,BGD,2005,.0152200004085898,,UIS_EST
MOGER.5T8.40517,BGD,2006,.0160399992018938,,UIS_EST
MOGER.5T8.40517,BGD,2007,.0172700006514788,,UIS_EST
MOGER.5T8.40517,BGD,2008,.0195499993860722,,UIS_EST
MOGER.5T8.40517,BGD,2009,.0218899995088577,,UIS_EST
MOGER.5T8.40517,BGD,2010,.0235200002789497,,UIS_EST
MOGER.5T8.40517,BGD,2011,.0227000005543232,,UIS_EST
MOGER.5T8.40517,BGD,2012,.0260499995201826,,UIS_EST
MOGER.5T8.40517,BGD,2013,.1151499971747398,,UIS_EST
MOGER.5T8.40517,BGD,2014,.2027699947357178,,UIS_EST
MOGER.5T8.40517,BGD,2015,.2097900062799454,,UIS_EST
MOGER.5T8.40517,BGD,2016,.2327399998903275,,UIS_EST
MOGER.5T8.40517,BGD,2017,.1960500031709671,,UIS_EST
MOGER.5T8.40517,BGD,2018,.1298799961805344,,UIS_EST
MOGER.5T8.40517.M,BGD,1970,0,NIL,
MOGER.5T8.40517.M,BGD,1971,0,NIL,
MOGER.5T8.40517.M,BGD,1972,0,NIL,
MOGER.5T8.40517.M,BGD,1973,0,NIL,
MOGER.5T8.40517.M,BGD,1974,0,NIL,
MOGER.5T8.40517.M,BGD,1975,0,NIL,
MOGER.5T8.40517.M,BGD,1976,0,NIL,
MOGER.5T8.40517.M,BGD,1977,0,NIL,
MOGER.5T8.40517.M,BGD,1978,0,NIL,
MOGER.5T8.40517.M,BGD,1979,0,NIL,
MOGER.5T8.40517.M,BGD,1980,0,NIL,
MOGER.5T8.40517.M,BGD,1981,0,NIL,
MOGER.5T8.40517.M,BGD,1982,0,NIL,
MOGER.5T8.40517.M,BGD,1983,0,NIL,
MOGER.5T8.40517.M,BGD,1984,0,NIL,
MOGER.5T8.40517.M,BGD,1985,0,NIL,
MOGER.5T8.40517.M,BGD,1986,0,NIL,
MOGER.5T8.40517.M,BGD,1987,0,NIL,
MOGER.5T8.40517.M,BGD,1988,0,NIL,
MOGER.5T8.40517.M,BGD,1989,0,NIL,
MOGER.5T8.40517.M,BGD,1990,0,NIL,
MOGER.5T8.40517.M,BGD,1991,0,NIL,
MOGER.5T8.40517.M,BGD,1992,0,NIL,
MOGER.5T8.40517.M,BGD,1993,0,NIL,
MOGER.5T8.40517.M,BGD,1994,0,NIL,
MOGER.5T8.40517.M,BGD,1995,0,NIL,
MOGER.5T8.40517.M,BGD,1996,0,NIL,
MOGER.5T8.40517.M,BGD,1997,.0168099999427795,,UIS_EST
MOGER.5T8.40517.M,BGD,1998,.0163100007921457,,UIS_EST
MOGER.5T8.40517.M,BGD,1999,.0159699991345406,,UIS_EST
MOGER.5T8.40517.M,BGD,2000,.0176400002092123,,UIS_EST
MOGER.5T8.40517.M,BGD,2001,.0169200003147125,,UIS_EST
MOGER.5T8.40517.M,BGD,2002,.0236799996346235,,UIS_EST
MOGER.5T8.40517.M,BGD,2003,.0439699999988079,,UIS_EST
MOGER.5T8.40517.M,BGD,2004,.0299200005829334,,UIS_EST
MOGER.5T8.40517.M,BGD,2005,.0305100008845329,,UIS_EST
MOGER.5T8.40517.M,BGD,2006,.032090000808239,,UIS_EST
MOGER.5T8.40517.M,BGD,2007,.0344999991357327,,UIS_EST
MOGER.5T8.40517.M,BGD,2008,.0389899984002113,,UIS_EST
MOGER.5T8.40517.M,BGD,2009,.0436099991202354,,UIS_EST
MOGER.5T8.40517.M,BGD,2010,.0468299984931946,,UIS_EST
MOGER.5T8.40517.M,BGD,2011,.045219998806715,,UIS_EST
MOGER.5T8.40517.M,BGD,2012,.0518799982964993,,UIS_EST
MOGER.5T8.40517.M,BGD,2013,.2293699979782104,,UIS_EST
MOGER.5T8.40517.M,BGD,2014,.4041799902915955,,UIS_EST
MOGER.5T8.40517.M,BGD,2015,.4185599982738495,,UIS_EST
MOGER.5T8.40517.M,BGD,2016,.4645799994468689,,UIS_EST
MOGER.5T8.40517.M,BGD,2017,.3913600146770477,,UIS_EST
MOGER.5T8.40517.M,BGD,2018,.26350998878479,,UIS_EST
MOGER.5T8.40517.M,BGD,2019,0,NIL,
MOGER.5T8.40517.M,BGD,2020,0,NIL,
MOGER.5T8.40517.M,BGD,2021,0,NIL,
MOGER.5T8.40517.M,BGD,2022,0,NIL,
MOGER.5T8.40520,BGD,2000,.0000499999987369,,UIS_EST
MOGER.5T8.40520,BGD,2001,.0000599999984843,,UIS_EST
MOGER.5T8.40520,BGD,2002,.0000599999984843,,UIS_EST
MOGER.5T8.40520,BGD,2003,.0000499999987369,,UIS_EST
MOGER.5T8.40520,BGD,2004,.0000499999987369,,UIS_EST
MOGER.5T8.40520,BGD,2005,.0000499999987369,,UIS_EST
MOGER.5T8.40520,BGD,2006,.0000499999987369,,UIS_EST
MOGER.5T8.40520,BGD,2007,.0000499999987369,,UIS_EST
MOGER.5T8.40520,BGD,2008,.0000499999987369,,UIS_EST
MOGER.5T8.40520,BGD,2009,.0000499999987369,,UIS_EST
MOGER.5T8.40520,BGD,2010,.0001100000008591,,UIS_EST
MOGER.5T8.40520,BGD,2011,.0000700000018696,,UIS_EST
MOGER.5T8.40520,BGD,2012,.0000700000018696,,UIS_EST
MOGER.5T8.40520,BGD,2013,.0000599999984843,,UIS_EST
MOGER.5T8.40520,BGD,2014,.0000499999987369,,UIS_EST
MOGER.5T8.40520,BGD,2015,.0000599999984843,,UIS_EST
MOGER.5T8.40520,BGD,2016,.0000700000018696,,
MOGER.5T8.40520,BGD,2017,.0000700000018696,,
MOGER.5T8.40520,BGD,2018,.0000900000013644,,
MOGER.5T8.40520,BGD,2019,.0000700000018696,,
MOGER.5T8.40520,BGD,2020,.0001100000008591,,
MOGER.5T8.40520,BGD,2021,.0000999999974738,,UIS_EST
MOGER.5T8.40520,BGD,2022,.000079999997979,,
MOGER.5T8.40520,BGD,2023,.0000700000018696,,UIS_EST
MOGER.5T8.40520.F,BGD,2013,.0000499999987369,,UIS_EST
MOGER.5T8.40520.F,BGD,2014,.0000499999987369,,UIS_EST
MOGER.5T8.40520.F,BGD,2015,.0000599999984843,,UIS_EST
MOGER.5T8.40520.F,BGD,2016,.0000700000018696,,
MOGER.5T8.40520.F,BGD,2017,.0000499999987369,,
MOGER.5T8.40520.F,BGD,2018,.0000499999987369,,
MOGER.5T8.40520.F,BGD,2019,.0000399999989895,,
MOGER.5T8.40520.F,BGD,2020,.0000599999984843,,
MOGER.5T8.40520.F,BGD,2021,.0000399999989895,,
MOGER.5T8.40520.F,BGD,2022,.0000499999987369,,
MOGER.5T8.40520.F,BGD,2023,.0000499999987369,,UIS_EST
MOGER.5T8.40520.GPIA,BGD,2013,.7351999878883362,,UIS_EST
MOGER.5T8.40520.GPIA,BGD,2014,.8082299828529358,,UIS_EST
MOGER.5T8.40520.GPIA,BGD,2015,1.029090046882629,,UIS_EST
MOGER.5T8.40520.GPIA,BGD,2016,1.021810054779053,,
MOGER.5T8.40520.GPIA,BGD,2017,.5849300026893616,,
MOGER.5T8.40520.GPIA,BGD,2018,.3956300020217896,,
MOGER.5T8.40520.GPIA,BGD,2019,.3199599981307983,,
MOGER.5T8.40520.GPIA,BGD,2020,.3534500002861023,,
MOGER.5T8.40520.GPIA,BGD,2021,.2071900069713593,,UIS_EST
MOGER.5T8.40520.GPIA,BGD,2022,.3931599855422974,,
MOGER.5T8.40520.GPIA,BGD,2023,.4524799883365631,,UIS_EST
MOGER.5T8.40520.M,BGD,1970,0,NIL,
MOGER.5T8.40520.M,BGD,1971,0,NIL,
MOGER.5T8.40520.M,BGD,1972,0,NIL,
MOGER.5T8.40520.M,BGD,1973,0,NIL,
MOGER.5T8.40520.M,BGD,1974,0,NIL,
MOGER.5T8.40520.M,BGD,1975,0,NIL,
MOGER.5T8.40520.M,BGD,1976,0,NIL,
MOGER.5T8.40520.M,BGD,1977,0,NIL,
MOGER.5T8.40520.M,BGD,1978,0,NIL,
MOGER.5T8.40520.M,BGD,1979,0,NIL,
MOGER.5T8.40520.M,BGD,1980,0,NIL,
MOGER.5T8.40520.M,BGD,1981,0,NIL,
MOGER.5T8.40520.M,BGD,1982,0,NIL,
MOGER.5T8.40520.M,BGD,1983,0,NIL,
MOGER.5T8.40520.M,BGD,1984,0,NIL,
MOGER.5T8.40520.M,BGD,1985,0,NIL,
MOGER.5T8.40520.M,BGD,1986,0,NIL,
MOGER.5T8.40520.M,BGD,1987,0,NIL,
MOGER.5T8.40520.M,BGD,1988,0,NIL,
MOGER.5T8.40520.M,BGD,1989,0,NIL,
MOGER.5T8.40520.M,BGD,1990,0,NIL,
MOGER.5T8.40520.M,BGD,1991,0,NIL,
MOGER.5T8.40520.M,BGD,1992,0,NIL,
MOGER.5T8.40520.M,BGD,1993,0,NIL,
MOGER.5T8.40520.M,BGD,1994,0,NIL,
MOGER.5T8.40520.M,BGD,1995,0,NIL,
MOGER.5T8.40520.M,BGD,1996,0,NIL,
MOGER.5T8.40520.M,BGD,1997,0,NIL,
MOGER.5T8.40520.M,BGD,1998,0,NIL,
MOGER.5T8.40520.M,BGD,1999,0,NIL,
MOGER.5T8.40520.M,BGD,2000,.0000999999974738,,UIS_EST
MOGER.5T8.40520.M,BGD,2001,.0001100000008591,,UIS_EST
MOGER.5T8.40520.M,BGD,2002,.0001100000008591,,UIS_EST
MOGER.5T8.40520.M,BGD,2003,.0000999999974738,,UIS_EST
MOGER.5T8.40520.M,BGD,2004,.0000999999974738,,UIS_EST
MOGER.5T8.40520.M,BGD,2005,.0000900000013644,,UIS_EST
MOGER.5T8.40520.M,BGD,2006,.0001100000008591,,UIS_EST
MOGER.5T8.40520.M,BGD,2007,.0000900000013644,,UIS_EST
MOGER.5T8.40520.M,BGD,2008,.0001100000008591,,UIS_EST
MOGER.5T8.40520.M,BGD,2009,.0001100000008591,,UIS_EST
MOGER.5T8.40520.M,BGD,2010,.0002200000017183,,UIS_EST
MOGER.5T8.40520.M,BGD,2011,.0001400000037393,,UIS_EST
MOGER.5T8.40520.M,BGD,2012,.0001400000037393,,UIS_EST
MOGER.5T8.40520.M,BGD,2013,.0000700000018696,,UIS_EST
MOGER.5T8.40520.M,BGD,2014,.0000599999984843,,UIS_EST
MOGER.5T8.40520.M,BGD,2015,.0000599999984843,,UIS_EST
MOGER.5T8.40520.M,BGD,2016,.0000700000018696,,
MOGER.5T8.40520.M,BGD,2017,.0000900000013644,,
MOGER.5T8.40520.M,BGD,2018,.0001300000003539,,
MOGER.5T8.40520.M,BGD,2019,.0001100000008591,,
MOGER.5T8.40520.M,BGD,2020,.0001699999993434,,
MOGER.5T8.40520.M,BGD,2021,.0001699999993434,,UIS_EST
MOGER.5T8.40520.M,BGD,2022,.0001199999969685,,
MOGER.5T8.40520.M,BGD,2023,.0000999999974738,,UIS_EST
MOGER.5T8.40521.M,BGD,1970,0,NIL,
MOGER.5T8.40521.M,BGD,1971,0,NIL,
MOGER.5T8.40521.M,BGD,1972,0,NIL,
MOGER.5T8.40521.M,BGD,1973,0,NIL,
MOGER.5T8.40521.M,BGD,1974,0,NIL,
MOGER.5T8.40521.M,BGD,1975,0,NIL,
MOGER.5T8.40521.M,BGD,1976,0,NIL,
MOGER.5T8.40521.M,BGD,1977,0,NIL,
MOGER.5T8.40521.M,BGD,1978,0,NIL,
MOGER.5T8.40521.M,BGD,1979,0,NIL,
MOGER.5T8.40521.M,BGD,1980,0,NIL,
MOGER.5T8.40521.M,BGD,1981,0,NIL,
MOGER.5T8.40521.M,BGD,1982,0,NIL,
MOGER.5T8.40521.M,BGD,1983,0,NIL,
MOGER.5T8.40521.M,BGD,1984,0,NIL,
MOGER.5T8.40521.M,BGD,1985,0,NIL,
MOGER.5T8.40521.M,BGD,1986,0,NIL,
MOGER.5T8.40521.M,BGD,1987,0,NIL,
MOGER.5T8.40521.M,BGD,1988,0,NIL,
MOGER.5T8.40521.M,BGD,1989,0,NIL,
MOGER.5T8.40521.M,BGD,1990,0,NIL,
MOGER.5T8.40521.M,BGD,1991,0,NIL,
MOGER.5T8.40521.M,BGD,1992,0,NIL,
MOGER.5T8.40521.M,BGD,1993,0,NIL,
MOGER.5T8.40521.M,BGD,1994,0,NIL,
MOGER.5T8.40521.M,BGD,1995,0,NIL,
MOGER.5T8.40521.M,BGD,1996,0,NIL,
MOGER.5T8.40521.M,BGD,1997,0,NIL,
MOGER.5T8.40521.M,BGD,1998,0,NIL,
MOGER.5T8.40521.M,BGD,1999,0,NIL,
MOGER.5T8.40521.M,BGD,2000,0,NIL,
MOGER.5T8.40521.M,BGD,2001,0,NIL,
MOGER.5T8.40521.M,BGD,2002,0,NIL,
MOGER.5T8.40521.M,BGD,2003,0,NIL,
MOGER.5T8.40521.M,BGD,2004,0,NIL,
MOGER.5T8.40521.M,BGD,2005,0,NIL,
MOGER.5T8.40521.M,BGD,2006,0,NIL,
MOGER.5T8.40521.M,BGD,2007,0,NIL,
MOGER.5T8.40521.M,BGD,2008,0,NIL,
MOGER.5T8.40521.M,BGD,2009,0,NIL,
MOGER.5T8.40521.M,BGD,2010,0,NIL,
MOGER.5T8.40521.M,BGD,2011,0,NIL,
MOGER.5T8.40521.M,BGD,2012,0,NIL,
MOGER.5T8.40521.M,BGD,2013,0,NIL,
MOGER.5T8.40521.M,BGD,2014,0,NIL,
MOGER.5T8.40521.M,BGD,2015,0,NIL,
MOGER.5T8.40521.M,BGD,2016,0,NIL,
MOGER.5T8.40521.M,BGD,2017,0,NIL,
MOGER.5T8.40521.M,BGD,2018,0,NIL,
MOGER.5T8.40521.M,BGD,2019,0,NIL,
MOGER.5T8.40521.M,BGD,2020,0,NIL,
MOGER.5T8.40521.M,BGD,2021,0,NIL,
MOGER.5T8.40521.M,BGD,2022,0,NIL,
MOGER.5T8.40522,BGD,2000,0,NIL,UIS_EST
MOGER.5T8.40522,BGD,2001,0,NIL,UIS_EST
MOGER.5T8.40522,BGD,2002,9.99999974738e-06,,UIS_EST
MOGER.5T8.40522,BGD,2003,0,NIL,UIS_EST
MOGER.5T8.40522,BGD,2004,0,NIL,UIS_EST
MOGER.5T8.40522,BGD,2005,0,NIL,UIS_EST
MOGER.5T8.40522,BGD,2006,9.99999974738e-06,,UIS_EST
MOGER.5T8.40522,BGD,2007,0,NIL,UIS_EST
MOGER.5T8.40522,BGD,2008,9.99999974738e-06,,UIS_EST
MOGER.5T8.40522,BGD,2009,9.99999974738e-06,,UIS_EST
MOGER.5T8.40522,BGD,2010,.0000700000018696,,UIS_EST
MOGER.5T8.40522,BGD,2011,.0000199999994948,,UIS_EST
MOGER.5T8.40522,BGD,2012,.0000199999994948,,UIS_EST
MOGER.5T8.40522,BGD,2013,.0000199999994948,,UIS_EST
MOGER.5T8.40522,BGD,2014,9.99999974738e-06,,UIS_EST
MOGER.5T8.40522,BGD,2015,.0000199999994948,,UIS_EST
MOGER.5T8.40522,BGD,2016,.0000299999992421,,
MOGER.5T8.40522,BGD,2017,.0000299999992421,,
MOGER.5T8.40522,BGD,2018,.0000599999984843,,
MOGER.5T8.40522,BGD,2019,.0000399999989895,,
MOGER.5T8.40522,BGD,2020,.000079999997979,,
MOGER.5T8.40522,BGD,2021,.0000700000018696,,
MOGER.5T8.40522,BGD,2022,.0000499999987369,,
MOGER.5T8.40522,BGD,2023,.0000399999989895,,UIS_EST
MOGER.5T8.40522.F,BGD,2013,.0000199999994948,,UIS_EST
MOGER.5T8.40522.F,BGD,2014,9.99999974738e-06,,UIS_EST
MOGER.5T8.40522.F,BGD,2015,.0000299999992421,,UIS_EST
MOGER.5T8.40522.F,BGD,2016,.0000399999989895,,
MOGER.5T8.40522.F,BGD,2017,9.99999974738e-06,,
MOGER.5T8.40522.F,BGD,2018,.0000199999994948,,
MOGER.5T8.40522.F,BGD,2019,9.99999974738e-06,,
MOGER.5T8.40522.F,BGD,2020,.0000399999989895,,
MOGER.5T8.40522.F,BGD,2021,9.99999974738e-06,,
MOGER.5T8.40522.F,BGD,2022,.0000199999994948,,
MOGER.5T8.40522.F,BGD,2023,.0000199999994948,,UIS_EST
MOGER.5T8.40522.GPIA,BGD,2013,1.008080005645752,,UIS_EST
MOGER.5T8.40522.GPIA,BGD,2014,1.00669002532959,,UIS_EST
MOGER.5T8.40522.GPIA,BGD,2015,1.502410054206848,,UIS_EST
MOGER.5T8.40522.GPIA,BGD,2016,1.335909962654114,,
MOGER.5T8.40522.GPIA,BGD,2017,.3345899879932404,,
MOGER.5T8.40522.GPIA,BGD,2018,.2777099907398224,,
MOGER.5T8.40522.GPIA,BGD,2019,.156479999423027,,
MOGER.5T8.40522.GPIA,BGD,2020,.2722499966621399,,
MOGER.5T8.40522.GPIA,BGD,2021,.088129997253418,,
MOGER.5T8.40522.GPIA,BGD,2022,.2883099913597107,,
MOGER.5T8.40522.GPIA,BGD,2023,.3545399904251099,,UIS_EST
MOGER.5T8.40522.M,BGD,1970,0,NIL,
MOGER.5T8.40522.M,BGD,1971,0,NIL,
MOGER.5T8.40522.M,BGD,1972,0,NIL,
MOGER.5T8.40522.M,BGD,1973,0,NIL,
MOGER.5T8.40522.M,BGD,1974,0,NIL,
MOGER.5T8.40522.M,BGD,1975,0,NIL,
MOGER.5T8.40522.M,BGD,1976,0,NIL,
MOGER.5T8.40522.M,BGD,1977,0,NIL,
MOGER.5T8.40522.M,BGD,1978,0,NIL,
MOGER.5T8.40522.M,BGD,1979,0,NIL,
MOGER.5T8.40522.M,BGD,1980,0,NIL,
MOGER.5T8.40522.M,BGD,1981,0,NIL,
MOGER.5T8.40522.M,BGD,1982,0,NIL,
MOGER.5T8.40522.M,BGD,1983,0,NIL,
MOGER.5T8.40522.M,BGD,1984,0,NIL,
MOGER.5T8.40522.M,BGD,1985,0,NIL,
MOGER.5T8.40522.M,BGD,1986,0,NIL,
MOGER.5T8.40522.M,BGD,1987,0,NIL,
MOGER.5T8.40522.M,BGD,1988,0,NIL,
MOGER.5T8.40522.M,BGD,1989,0,NIL,
MOGER.5T8.40522.M,BGD,1990,0,NIL,
MOGER.5T8.40522.M,BGD,1991,0,NIL,
MOGER.5T8.40522.M,BGD,1992,0,NIL,
MOGER.5T8.40522.M,BGD,1993,0,NIL,
MOGER.5T8.40522.M,BGD,1994,0,NIL,
MOGER.5T8.40522.M,BGD,1995,0,NIL,
MOGER.5T8.40522.M,BGD,1996,0,NIL,
MOGER.5T8.40522.M,BGD,1997,0,NIL,
MOGER.5T8.40522.M,BGD,1998,0,NIL,
MOGER.5T8.40522.M,BGD,1999,0,NIL,
MOGER.5T8.40522.M,BGD,2000,0,NIL,UIS_EST
MOGER.5T8.40522.M,BGD,2001,0,NIL,UIS_EST
MOGER.5T8.40522.M,BGD,2002,9.99999974738e-06,,UIS_EST
MOGER.5T8.40522.M,BGD,2003,0,NIL,UIS_EST
MOGER.5T8.40522.M,BGD,2004,0,NIL,UIS_EST
MOGER.5T8.40522.M,BGD,2005,0,NIL,UIS_EST
MOGER.5T8.40522.M,BGD,2006,9.99999974738e-06,,UIS_EST
MOGER.5T8.40522.M,BGD,2007,0,NIL,UIS_EST
MOGER.5T8.40522.M,BGD,2008,9.99999974738e-06,,UIS_EST
MOGER.5T8.40522.M,BGD,2009,9.99999974738e-06,,UIS_EST
MOGER.5T8.40522.M,BGD,2010,.0001400000037393,,UIS_EST
MOGER.5T8.40522.M,BGD,2011,.0000499999987369,,UIS_EST
MOGER.5T8.40522.M,BGD,2012,.0000399999989895,,UIS_EST
MOGER.5T8.40522.M,BGD,2013,.0000199999994948,,UIS_EST
MOGER.5T8.40522.M,BGD,2014,9.99999974738e-06,,UIS_EST
MOGER.5T8.40522.M,BGD,2015,9.99999974738e-06,,UIS_EST
MOGER.5T8.40522.M,BGD,2016,.0000299999992421,,
MOGER.5T8.40522.M,BGD,2017,.0000399999989895,,
MOGER.5T8.40522.M,BGD,2018,.0000900000013644,,
MOGER.5T8.40522.M,BGD,2019,.000079999997979,,
MOGER.5T8.40522.M,BGD,2020,.0001300000003539,,
MOGER.5T8.40522.M,BGD,2021,.0001300000003539,,
MOGER.5T8.40522.M,BGD,2022,.000079999997979,,
MOGER.5T8.40522.M,BGD,2023,.0000599999984843,,UIS_EST
MOGER.5T8.40525,BGD,2012,.0074399998411536,,UIS_EST
MOGER.5T8.40525,BGD,2013,.0093599995598197,,UIS_EST
MOGER.5T8.40525,BGD,2014,.0103700002655387,,UIS_EST
MOGER.5T8.40525,BGD,2015,.0110400002449751,,UIS_EST
MOGER.5T8.40525,BGD,2016,.0113899996504188,,UIS_EST
MOGER.5T8.40525,BGD,2017,.0114399995654821,,UIS_EST
MOGER.5T8.40525,BGD,2018,.0115099996328354,,UIS_EST
MOGER.5T8.40525,BGD,2019,.0130300000309944,,UIS_EST
MOGER.5T8.40525,BGD,2020,.0141700003296137,,UIS_EST
MOGER.5T8.40525,BGD,2021,.0152000002563,,UIS_EST
MOGER.5T8.40525,BGD,2022,.0150199998170137,,UIS_EST
MOGER.5T8.40525,BGD,2023,.016610000282526,,UIS_EST
MOGER.5T8.40525.F,BGD,2012,.0054700002074242,,UIS_EST
MOGER.5T8.40525.F,BGD,2013,.0073600001633167,,UIS_EST
MOGER.5T8.40525.F,BGD,2014,.00760000012815,,UIS_EST
MOGER.5T8.40525.F,BGD,2015,.0081000002101064,,UIS_EST
MOGER.5T8.40525.F,BGD,2016,.0090600000694394,,UIS_EST
MOGER.5T8.40525.F,BGD,2017,.0089800003916025,,UIS_EST
MOGER.5T8.40525.F,BGD,2018,.008500000461936,,UIS_EST
MOGER.5T8.40525.F,BGD,2019,.0081200003623962,,UIS_EST
MOGER.5T8.40525.F,BGD,2020,.0080599999055266,,UIS_EST
MOGER.5T8.40525.F,BGD,2021,.0099700000137091,,UIS_EST
MOGER.5T8.40525.F,BGD,2022,.0097799999639392,,UIS_EST
MOGER.5T8.40525.F,BGD,2023,.0103200003504753,,UIS_EST
MOGER.5T8.40525.GPIA,BGD,2012,.5819600224494934,,UIS_EST
MOGER.5T8.40525.GPIA,BGD,2013,.649619996547699,,UIS_EST
MOGER.5T8.40525.GPIA,BGD,2014,.578980028629303,,UIS_EST
MOGER.5T8.40525.GPIA,BGD,2015,.5800399780273438,,UIS_EST
MOGER.5T8.40525.GPIA,BGD,2016,.6613100171089172,,UIS_EST
MOGER.5T8.40525.GPIA,BGD,2017,.6471099853515625,,UIS_EST
MOGER.5T8.40525.GPIA,BGD,2018,.5824000239372253,,UIS_EST
MOGER.5T8.40525.GPIA,BGD,2019,.4445599913597107,,UIS_EST
MOGER.5T8.40525.GPIA,BGD,2020,.3858999907970428,,UIS_EST
MOGER.5T8.40525.GPIA,BGD,2021,.471670001745224,,UIS_EST
MOGER.5T8.40525.GPIA,BGD,2022,.4638699889183044,,UIS_EST
MOGER.5T8.40525.GPIA,BGD,2023,.4350500106811523,,UIS_EST
MOGER.5T8.40525.M,BGD,1970,0,NIL,
MOGER.5T8.40525.M,BGD,1971,0,NIL,
MOGER.5T8.40525.M,BGD,1972,0,NIL,
MOGER.5T8.40525.M,BGD,1973,0,NIL,
MOGER.5T8.40525.M,BGD,1974,0,NIL,
MOGER.5T8.40525.M,BGD,1975,0,NIL,
MOGER.5T8.40525.M,BGD,1976,0,NIL,
MOGER.5T8.40525.M,BGD,1977,0,NIL,
MOGER.5T8.40525.M,BGD,1978,0,NIL,
MOGER.5T8.40525.M,BGD,1979,0,NIL,
MOGER.5T8.40525.M,BGD,1980,0,NIL,
MOGER.5T8.40525.M,BGD,1981,0,NIL,
MOGER.5T8.40525.M,BGD,1982,0,NIL,
MOGER.5T8.40525.M,BGD,1983,0,NIL,
MOGER.5T8.40525.M,BGD,1984,0,NIL,
MOGER.5T8.40525.M,BGD,1985,0,NIL,
MOGER.5T8.40525.M,BGD,1986,0,NIL,
MOGER.5T8.40525.M,BGD,1987,0,NIL,
MOGER.5T8.40525.M,BGD,1988,0,NIL,
MOGER.5T8.40525.M,BGD,1989,0,NIL,
MOGER.5T8.40525.M,BGD,1990,0,NIL,
MOGER.5T8.40525.M,BGD,1991,0,NIL,
MOGER.5T8.40525.M,BGD,1992,0,NIL,
MOGER.5T8.40525.M,BGD,1993,0,NIL,
MOGER.5T8.40525.M,BGD,1994,0,NIL,
MOGER.5T8.40525.M,BGD,1995,0,NIL,
MOGER.5T8.40525.M,BGD,1996,0,NIL,
MOGER.5T8.40525.M,BGD,1997,0,NIL,
MOGER.5T8.40525.M,BGD,1998,0,NIL,
MOGER.5T8.40525.M,BGD,1999,0,NIL,
MOGER.5T8.40525.M,BGD,2000,0,NIL,
MOGER.5T8.40525.M,BGD,2001,0,NIL,
MOGER.5T8.40525.M,BGD,2002,0,NIL,
MOGER.5T8.40525.M,BGD,2003,0,NIL,
MOGER.5T8.40525.M,BGD,2004,0,NIL,
MOGER.5T8.40525.M,BGD,2005,0,NIL,
MOGER.5T8.40525.M,BGD,2006,0,NIL,
MOGER.5T8.40525.M,BGD,2007,0,NIL,
MOGER.5T8.40525.M,BGD,2008,0,NIL,
MOGER.5T8.40525.M,BGD,2009,0,NIL,
MOGER.5T8.40525.M,BGD,2010,0,NIL,
MOGER.5T8.40525.M,BGD,2011,0,NIL,
MOGER.5T8.40525.M,BGD,2012,.0093999998643994,,UIS_EST
MOGER.5T8.40525.M,BGD,2013,.0113300001248717,,UIS_EST
MOGER.5T8.40525.M,BGD,2014,.0131200002506375,,UIS_EST
MOGER.5T8.40525.M,BGD,2015,.0139699997380376,,UIS_EST
MOGER.5T8.40525.M,BGD,2016,.0137099996209145,,UIS_EST
MOGER.5T8.40525.M,BGD,2017,.013880000449717,,UIS_EST
MOGER.5T8.40525.M,BGD,2018,.0146000003442168,,UIS_EST
MOGER.5T8.40525.M,BGD,2019,.0182600002735853,,UIS_EST
MOGER.5T8.40525.M,BGD,2020,.0208999998867512,,UIS_EST
MOGER.5T8.40525.M,BGD,2021,.0211299993097782,,UIS_EST
MOGER.5T8.40525.M,BGD,2022,.0210699997842312,,UIS_EST
MOGER.5T8.40525.M,BGD,2023,.023709999397397,,UIS_EST
MOGER.5T8.40530,BGD,1998,.0006999999750406,,UIS_EST
MOGER.5T8.40530,BGD,1999,.0006099999882281,,UIS_EST
MOGER.5T8.40530,BGD,2000,.0004699999990407,,
MOGER.5T8.40530,BGD,2001,.0003199999919161,,
MOGER.5T8.40530,BGD,2002,.0003800000122283,,UIS_EST
MOGER.5T8.40530,BGD,2003,.0003399999986868,,
MOGER.5T8.40530,BGD,2004,.000289999996312,,UIS_EST
MOGER.5T8.40530,BGD,2005,.0003900000010617,,
MOGER.5T8.40530,BGD,2006,.0006799999973737,,
MOGER.5T8.40530,BGD,2007,.0015699999639764,,
MOGER.5T8.40530,BGD,2008,.0022599999792874,,
MOGER.5T8.40530,BGD,2009,.0014299999456853,,
MOGER.5T8.40530,BGD,2010,.0014199999859557,,UIS_EST
MOGER.5T8.40530,BGD,2011,.0014400000218302,,
MOGER.5T8.40530,BGD,2012,.0013599999947473,,UIS_EST
MOGER.5T8.40530,BGD,2013,.0016799999866635,,
MOGER.5T8.40530,BGD,2014,.002379999961704,,
MOGER.5T8.40530,BGD,2015,.0031399999279529,,
MOGER.5T8.40530,BGD,2016,.0044100000523031,,
MOGER.5T8.40530,BGD,2017,.0062299999408424,,
MOGER.5T8.40530,BGD,2018,.009180000051856,,
MOGER.5T8.40530,BGD,2019,.0099299997091293,,
MOGER.5T8.40530,BGD,2020,.0133100003004074,,
MOGER.5T8.40530,BGD,2021,.0140699995681643,,
MOGER.5T8.40530,BGD,2022,.0144300004467368,,
MOGER.5T8.40530,BGD,2023,.0168099999427795,,
MOGER.5T8.40530.F,BGD,2012,.0001999999949476,,UIS_EST
MOGER.5T8.40530.F,BGD,2013,.0002600000007078,,UIS_EST
MOGER.5T8.40530.F,BGD,2014,.0006099999882281,,UIS_EST
MOGER.5T8.40530.F,BGD,2015,.0009200000204146,,UIS_EST
MOGER.5T8.40530.F,BGD,2016,.0012799999676645,,UIS_EST
MOGER.5T8.40530.F,BGD,2017,.0017300000181422,,UIS_EST
MOGER.5T8.40530.F,BGD,2018,.002210000064224,,
MOGER.5T8.40530.F,BGD,2019,.0027099999133497,,
MOGER.5T8.40530.F,BGD,2020,.0036800000816584,,
MOGER.5T8.40530.F,BGD,2021,.0037700000684708,,
MOGER.5T8.40530.F,BGD,2022,.00431999983266,,
MOGER.5T8.40530.F,BGD,2023,.0050099999643862,,UIS_EST
MOGER.5T8.40530.GPIA,BGD,2012,.0782300010323524,,UIS_EST
MOGER.5T8.40530.GPIA,BGD,2013,.0849199965596199,,UIS_EST
MOGER.5T8.40530.GPIA,BGD,2014,.1481900066137314,,UIS_EST
MOGER.5T8.40530.GPIA,BGD,2015,.1725099980831146,,UIS_EST
MOGER.5T8.40530.GPIA,BGD,2016,.1697700023651123,,UIS_EST
MOGER.5T8.40530.GPIA,BGD,2017,.1618099957704544,,UIS_EST
MOGER.5T8.40530.GPIA,BGD,2018,.1351200044155121,,
MOGER.5T8.40530.GPIA,BGD,2019,.1538999974727631,,
MOGER.5T8.40530.GPIA,BGD,2020,.153999999165535,,
MOGER.5T8.40530.GPIA,BGD,2021,.1465300023555756,,
MOGER.5T8.40530.GPIA,BGD,2022,.1651600003242493,,
MOGER.5T8.40530.GPIA,BGD,2023,.166140004992485,,UIS_EST
MOGER.5T8.40530.M,BGD,1970,0,NIL,
MOGER.5T8.40530.M,BGD,1971,0,NIL,
MOGER.5T8.40530.M,BGD,1972,0,NIL,
MOGER.5T8.40530.M,BGD,1973,0,NIL,
MOGER.5T8.40530.M,BGD,1974,0,NIL,
MOGER.5T8.40530.M,BGD,1975,0,NIL,
MOGER.5T8.40530.M,BGD,1976,0,NIL,
MOGER.5T8.40530.M,BGD,1977,0,NIL,
MOGER.5T8.40530.M,BGD,1978,0,NIL,
MOGER.5T8.40530.M,BGD,1979,0,NIL,
MOGER.5T8.40530.M,BGD,1980,0,NIL,
MOGER.5T8.40530.M,BGD,1981,0,NIL,
MOGER.5T8.40530.M,BGD,1982,0,NIL,
MOGER.5T8.40530.M,BGD,1983,0,NIL,
MOGER.5T8.40530.M,BGD,1984,0,NIL,
MOGER.5T8.40530.M,BGD,1985,0,NIL,
MOGER.5T8.40530.M,BGD,1986,0,NIL,
MOGER.5T8.40530.M,BGD,1987,0,NIL,
MOGER.5T8.40530.M,BGD,1988,0,NIL,
MOGER.5T8.40530.M,BGD,1989,0,NIL,
MOGER.5T8.40530.M,BGD,1990,0,NIL,
MOGER.5T8.40530.M,BGD,1991,0,NIL,
MOGER.5T8.40530.M,BGD,1992,0,NIL,
MOGER.5T8.40530.M,BGD,1993,0,NIL,
MOGER.5T8.40530.M,BGD,1994,0,NIL,
MOGER.5T8.40530.M,BGD,1995,0,NIL,
MOGER.5T8.40530.M,BGD,1996,0,NIL,
MOGER.5T8.40530.M,BGD,1997,0,NIL,
MOGER.5T8.40530.M,BGD,1998,.0013999999500811,,UIS_EST
MOGER.5T8.40530.M,BGD,1999,.0012199999764562,,UIS_EST
MOGER.5T8.40530.M,BGD,2000,.0009500000160187,,
MOGER.5T8.40530.M,BGD,2001,.0006500000017695,,
MOGER.5T8.40530.M,BGD,2002,.0007600000244565,,UIS_EST
MOGER.5T8.40530.M,BGD,2003,.0006900000153109,,
MOGER.5T8.40530.M,BGD,2004,.0005799999926239,,UIS_EST
MOGER.5T8.40530.M,BGD,2005,.0007800000021234,,
MOGER.5T8.40530.M,BGD,2006,.001369999954477,,
MOGER.5T8.40530.M,BGD,2007,.0031399999279529,,
MOGER.5T8.40530.M,BGD,2008,.0045199999585748,,
MOGER.5T8.40530.M,BGD,2009,.0028399999719113,,
MOGER.5T8.40530.M,BGD,2010,.0028200000524521,,UIS_EST
MOGER.5T8.40530.M,BGD,2011,.0028699999675155,,
MOGER.5T8.40530.M,BGD,2012,.0025100000202656,,UIS_EST
MOGER.5T8.40530.M,BGD,2013,.0030799999367446,,UIS_EST
MOGER.5T8.40530.M,BGD,2014,.0041299997828901,,UIS_EST
MOGER.5T8.40530.M,BGD,2015,.0053400001488626,,UIS_EST
MOGER.5T8.40530.M,BGD,2016,.0075300000607967,,UIS_EST
MOGER.5T8.40530.M,BGD,2017,.0107100000604987,,UIS_EST
MOGER.5T8.40530.M,BGD,2018,.0163499992340803,,
MOGER.5T8.40530.M,BGD,2019,.0176100004464388,,
MOGER.5T8.40530.M,BGD,2020,.0239199995994568,,
MOGER.5T8.40530.M,BGD,2021,.0257500000298023,,
MOGER.5T8.40530.M,BGD,2022,.0261300001293421,,
MOGER.5T8.40530.M,BGD,2023,.0301300007849932,,UIS_EST
MOGER.5T8.40535,BGD,1999,.0005099999834783,,UIS_EST
MOGER.5T8.40535,BGD,2000,.0004900000058115,,
MOGER.5T8.40535,BGD,2001,.0045199999585748,,
MOGER.5T8.40535,BGD,2002,.0042400001548231,,
MOGER.5T8.40535,BGD,2003,.003000000026077,,
MOGER.5T8.40535,BGD,2004,.0026199999265373,,
MOGER.5T8.40535,BGD,2005,.0027199999894947,,
MOGER.5T8.40535,BGD,2006,.0027600000612438,,
MOGER.5T8.40535,BGD,2007,.0030199999455363,,UIS_EST
MOGER.5T8.40535,BGD,2008,.0034099998883903,,UIS_EST
MOGER.5T8.40535,BGD,2009,.0038099999073893,,UIS_EST
MOGER.5T8.40535,BGD,2010,.0041800001636147,,UIS_EST
MOGER.5T8.40535,BGD,2011,.0045400001108646,,
MOGER.5T8.40535,BGD,2012,.0045099998824298,,
MOGER.5T8.40535,BGD,2013,.0061900001019239,,
MOGER.5T8.40535,BGD,2014,.0059699998237193,,
MOGER.5T8.40535,BGD,2015,.0074599999934435,,
MOGER.5T8.40535,BGD,2016,.0084300003945827,,
MOGER.5T8.40535,BGD,2017,.0111800003796816,,
MOGER.5T8.40535,BGD,2018,.0112699996680021,,
MOGER.5T8.40535,BGD,2019,.0144999995827675,,
MOGER.5T8.40535,BGD,2020,.0156800001859665,,
MOGER.5T8.40535,BGD,2021,.0187999997287989,,
MOGER.5T8.40535,BGD,2022,.0179900005459785,,
MOGER.5T8.40535,BGD,2023,.0177699998021126,,
MOGER.5T8.40535.F,BGD,2012,.0031999999191612,,UIS_EST
MOGER.5T8.40535.F,BGD,2013,.0043899999000132,,
MOGER.5T8.40535.F,BGD,2014,.0045400001108646,,
MOGER.5T8.40535.F,BGD,2015,.0053500002250075,,
MOGER.5T8.40535.F,BGD,2016,.0052700000815094,,
MOGER.5T8.40535.F,BGD,2017,.006699999794364,,
MOGER.5T8.40535.F,BGD,2018,.0062400000169873,,
MOGER.5T8.40535.F,BGD,2019,.0083200000226498,,
MOGER.5T8.40535.F,BGD,2020,.0092399995774031,,
MOGER.5T8.40535.F,BGD,2021,.0083799995481968,,
MOGER.5T8.40535.F,BGD,2022,.0105499997735023,,
MOGER.5T8.40535.F,BGD,2023,.0105400001630187,,
MOGER.5T8.40535.GPIA,BGD,2012,.5514699816703796,,UIS_EST
MOGER.5T8.40535.GPIA,BGD,2013,.5504099726676941,,
MOGER.5T8.40535.GPIA,BGD,2014,.6127600073814392,,
MOGER.5T8.40535.GPIA,BGD,2015,.5603700280189514,,
MOGER.5T8.40535.GPIA,BGD,2016,.4551199972629547,,
MOGER.5T8.40535.GPIA,BGD,2017,.4285599887371063,,
MOGER.5T8.40535.GPIA,BGD,2018,.3794299960136414,,
MOGER.5T8.40535.GPIA,BGD,2019,.3941299915313721,,
MOGER.5T8.40535.GPIA,BGD,2020,.4056000113487244,,
MOGER.5T8.40535.GPIA,BGD,2021,.2736299932003021,,
MOGER.5T8.40535.GPIA,BGD,2022,.3969199955463409,,
MOGER.5T8.40535.GPIA,BGD,2023,.4064899981021881,,
MOGER.5T8.40535.M,BGD,1970,0,NIL,
MOGER.5T8.40535.M,BGD,1971,0,NIL,
MOGER.5T8.40535.M,BGD,1972,0,NIL,
MOGER.5T8.40535.M,BGD,1973,0,NIL,
MOGER.5T8.40535.M,BGD,1974,0,NIL,
MOGER.5T8.40535.M,BGD,1975,0,NIL,
MOGER.5T8.40535.M,BGD,1976,0,NIL,
MOGER.5T8.40535.M,BGD,1977,0,NIL,
MOGER.5T8.40535.M,BGD,1978,0,NIL,
MOGER.5T8.40535.M,BGD,1979,0,NIL,
MOGER.5T8.40535.M,BGD,1980,0,NIL,
MOGER.5T8.40535.M,BGD,1981,0,NIL,
MOGER.5T8.40535.M,BGD,1982,0,NIL,
MOGER.5T8.40535.M,BGD,1983,0,NIL,
MOGER.5T8.40535.M,BGD,1984,0,NIL,
MOGER.5T8.40535.M,BGD,1985,0,NIL,
MOGER.5T8.40535.M,BGD,1986,0,NIL,
MOGER.5T8.40535.M,BGD,1987,0,NIL,
MOGER.5T8.40535.M,BGD,1988,0,NIL,
MOGER.5T8.40535.M,BGD,1989,0,NIL,
MOGER.5T8.40535.M,BGD,1990,0,NIL,
MOGER.5T8.40535.M,BGD,1991,0,NIL,
MOGER.5T8.40535.M,BGD,1992,0,NIL,
MOGER.5T8.40535.M,BGD,1993,0,NIL,
MOGER.5T8.40535.M,BGD,1994,0,NIL,
MOGER.5T8.40535.M,BGD,1995,0,NIL,
MOGER.5T8.40535.M,BGD,1996,0,NIL,
MOGER.5T8.40535.M,BGD,1997,0,NIL,
MOGER.5T8.40535.M,BGD,1998,0,NIL,
MOGER.5T8.40535.M,BGD,1999,.0010100000072271,,UIS_EST
MOGER.5T8.40535.M,BGD,2000,.0009800000116229,,
MOGER.5T8.40535.M,BGD,2001,.0090699996799231,,
MOGER.5T8.40535.M,BGD,2002,.0085100000724196,,
MOGER.5T8.40535.M,BGD,2003,.0060299998149276,,
MOGER.5T8.40535.M,BGD,2004,.0052499999292195,,
MOGER.5T8.40535.M,BGD,2005,.0054500000551343,,
MOGER.5T8.40535.M,BGD,2006,.0055300001986325,,
MOGER.5T8.40535.M,BGD,2007,.0060399998910725,,UIS_EST
MOGER.5T8.40535.M,BGD,2008,.006800000090152,,UIS_EST
MOGER.5T8.40535.M,BGD,2009,.0075900000520051,,UIS_EST
MOGER.5T8.40535.M,BGD,2010,.0083299996331334,,UIS_EST
MOGER.5T8.40535.M,BGD,2011,.0090500004589558,,
MOGER.5T8.40535.M,BGD,2012,.0058100000023842,,UIS_EST
MOGER.5T8.40535.M,BGD,2013,.0079800002276897,,
MOGER.5T8.40535.M,BGD,2014,.0074000000022352,,
MOGER.5T8.40535.M,BGD,2015,.0095499996095896,,
MOGER.5T8.40535.M,BGD,2016,.0115799997001886,,
MOGER.5T8.40535.M,BGD,2017,.0156399998813868,,
MOGER.5T8.40535.M,BGD,2018,.016440000385046,,
MOGER.5T8.40535.M,BGD,2019,.0210999995470047,,
MOGER.5T8.40535.M,BGD,2020,.0227799993008375,,
MOGER.5T8.40535.M,BGD,2021,.0306199993938208,,
MOGER.5T8.40535.M,BGD,2022,.0265800002962351,,
MOGER.5T8.40535.M,BGD,2023,.0259300004690886,,
MOGER.5T8.40540,BGD,1998,.0000199999994948,,UIS_EST
MOGER.5T8.40540,BGD,1999,9.99999974738e-06,,UIS_EST
MOGER.5T8.40540,BGD,2008,9.99999974738e-06,,UIS_EST
MOGER.5T8.40540,BGD,2009,.0000299999992421,,UIS_EST
MOGER.5T8.40540,BGD,2010,.0000399999989895,,UIS_EST
MOGER.5T8.40540,BGD,2011,.0000499999987369,,UIS_EST
MOGER.5T8.40540,BGD,2012,.0001900000061141,,UIS_EST
MOGER.5T8.40540,BGD,2013,.0004299999854993,,UIS_EST
MOGER.5T8.40540,BGD,2014,.0004699999990407,,UIS_EST
MOGER.5T8.40540,BGD,2015,.0004100000078324,,UIS_EST
MOGER.5T8.40540,BGD,2016,.0002699999895412,,UIS_EST
MOGER.5T8.40540,BGD,2017,.0003199999919161,,UIS_EST
MOGER.5T8.40540,BGD,2018,.0003100000030827,,UIS_EST
MOGER.5T8.40540,BGD,2019,.0003600000054576,,UIS_EST
MOGER.5T8.40540,BGD,2020,.0003900000010617,,UIS_EST
MOGER.5T8.40540,BGD,2021,.0003800000122283,,UIS_EST
MOGER.5T8.40540,BGD,2022,.0003399999986868,,UIS_EST
MOGER.5T8.40540,BGD,2023,.0003100000030827,,UIS_EST
MOGER.5T8.40540.F,BGD,2012,.0001100000008591,,UIS_EST
MOGER.5T8.40540.F,BGD,2013,.0002099999983329,,UIS_EST
MOGER.5T8.40540.F,BGD,2014,.0001999999949476,,UIS_EST
MOGER.5T8.40540.F,BGD,2015,.0001999999949476,,UIS_EST
MOGER.5T8.40540.F,BGD,2016,.0002200000017183,,UIS_EST
MOGER.5T8.40540.F,BGD,2017,.0002300000051036,,UIS_EST
MOGER.5T8.40540.F,BGD,2018,.0002099999983329,,UIS_EST
MOGER.5T8.40540.F,BGD,2019,.0002800000074785,,UIS_EST
MOGER.5T8.40540.F,BGD,2020,.0003300000098534,,UIS_EST
MOGER.5T8.40540.F,BGD,2021,.000289999996312,,UIS_EST
MOGER.5T8.40540.F,BGD,2022,.0003300000098534,,UIS_EST
MOGER.5T8.40540.F,BGD,2023,.0003100000030827,,UIS_EST
MOGER.5T8.40540.GPIA,BGD,2012,.4039399921894073,,UIS_EST
MOGER.5T8.40540.GPIA,BGD,2013,.3291899859905243,,UIS_EST
MOGER.5T8.40540.GPIA,BGD,2014,.2696599960327148,,UIS_EST
MOGER.5T8.40540.GPIA,BGD,2015,.3140099942684174,,UIS_EST
MOGER.5T8.40540.GPIA,BGD,2016,.682640016078949,,UIS_EST
MOGER.5T8.40540.GPIA,BGD,2017,.547510027885437,,UIS_EST
MOGER.5T8.40540.GPIA,BGD,2018,.5227299928665161,,UIS_EST
MOGER.5T8.40540.GPIA,BGD,2019,.646049976348877,,UIS_EST
MOGER.5T8.40540.GPIA,BGD,2020,.705839991569519,,UIS_EST
MOGER.5T8.40540.GPIA,BGD,2021,.6120399832725525,,UIS_EST
MOGER.5T8.40540.GPIA,BGD,2022,.9647499918937683,,UIS_EST
MOGER.5T8.40540.GPIA,BGD,2023,1.037400007247925,,UIS_EST
MOGER.5T8.40540.M,BGD,1970,0,NIL,
MOGER.5T8.40540.M,BGD,1971,0,NIL,
MOGER.5T8.40540.M,BGD,1972,0,NIL,
MOGER.5T8.40540.M,BGD,1973,0,NIL,
MOGER.5T8.40540.M,BGD,1974,0,NIL,
MOGER.5T8.40540.M,BGD,1975,0,NIL,
MOGER.5T8.40540.M,BGD,1976,0,NIL,
MOGER.5T8.40540.M,BGD,1977,0,NIL,
MOGER.5T8.40540.M,BGD,1978,0,NIL,
MOGER.5T8.40540.M,BGD,1979,0,NIL,
MOGER.5T8.40540.M,BGD,1980,0,NIL,
MOGER.5T8.40540.M,BGD,1981,0,NIL,
MOGER.5T8.40540.M,BGD,1982,0,NIL,
MOGER.5T8.40540.M,BGD,1983,0,NIL,
MOGER.5T8.40540.M,BGD,1984,0,NIL,
MOGER.5T8.40540.M,BGD,1985,0,NIL,
MOGER.5T8.40540.M,BGD,1986,0,NIL,
MOGER.5T8.40540.M,BGD,1987,0,NIL,
MOGER.5T8.40540.M,BGD,1988,0,NIL,
MOGER.5T8.40540.M,BGD,1989,0,NIL,
MOGER.5T8.40540.M,BGD,1990,0,NIL,
MOGER.5T8.40540.M,BGD,1991,0,NIL,
MOGER.5T8.40540.M,BGD,1992,0,NIL,
MOGER.5T8.40540.M,BGD,1993,0,NIL,
MOGER.5T8.40540.M,BGD,1994,0,NIL,
MOGER.5T8.40540.M,BGD,1995,0,NIL,
MOGER.5T8.40540.M,BGD,1996,0,NIL,
MOGER.5T8.40540.M,BGD,1997,0,NIL,
MOGER.5T8.40540.M,BGD,1998,.0000299999992421,,UIS_EST
MOGER.5T8.40540.M,BGD,1999,.0000299999992421,,UIS_EST
MOGER.5T8.40540.M,BGD,2000,0,NIL,
MOGER.5T8.40540.M,BGD,2001,0,NIL,
MOGER.5T8.40540.M,BGD,2002,0,NIL,
MOGER.5T8.40540.M,BGD,2003,0,NIL,
MOGER.5T8.40540.M,BGD,2004,0,NIL,
MOGER.5T8.40540.M,BGD,2005,0,NIL,
MOGER.5T8.40540.M,BGD,2006,0,NIL,
MOGER.5T8.40540.M,BGD,2007,0,NIL,
MOGER.5T8.40540.M,BGD,2008,.0000299999992421,,UIS_EST
MOGER.5T8.40540.M,BGD,2009,.0000499999987369,,UIS_EST
MOGER.5T8.40540.M,BGD,2010,.000079999997979,,UIS_EST
MOGER.5T8.40540.M,BGD,2011,.0001100000008591,,UIS_EST
MOGER.5T8.40540.M,BGD,2012,.0002699999895412,,UIS_EST
MOGER.5T8.40540.M,BGD,2013,.0006399999838322,,UIS_EST
MOGER.5T8.40540.M,BGD,2014,.0007300000288524,,UIS_EST
MOGER.5T8.40540.M,BGD,2015,.0006300000241026,,UIS_EST
MOGER.5T8.40540.M,BGD,2016,.0003199999919161,,UIS_EST
MOGER.5T8.40540.M,BGD,2017,.0004199999966659,,UIS_EST
MOGER.5T8.40540.M,BGD,2018,.0004100000078324,,UIS_EST
MOGER.5T8.40540.M,BGD,2019,.0004400000034366,,UIS_EST
MOGER.5T8.40540.M,BGD,2020,.0004600000102073,,UIS_EST
MOGER.5T8.40540.M,BGD,2021,.0004699999990407,,UIS_EST
MOGER.5T8.40540.M,BGD,2022,.0003499999875203,,UIS_EST
MOGER.5T8.40540.M,BGD,2023,.0003000000142492,,UIS_EST
MOR.5T8.40500,BGD,1999,.8089100122451782,,
MOR.5T8.40500,BGD,2000,.8359699845314026,,UIS_EST
MOR.5T8.40500,BGD,2001,.7498300075531006,,UIS_EST
MOR.5T8.40500,BGD,2002,.8582599759101868,,UIS_EST
MOR.5T8.40500,BGD,2003,1.024749994277954,,UIS_EST
MOR.5T8.40500,BGD,2004,1.069560050964355,,UIS_EST
MOR.5T8.40500,BGD,2005,.8764299750328064,,
MOR.5T8.40500,BGD,2006,.7654500007629395,,UIS_EST
MOR.5T8.40500,BGD,2007,.794219970703125,,UIS_EST
MOR.5T8.40500,BGD,2008,.7610700130462646,,UIS_EST
MOR.5T8.40500,BGD,2009,.760450005531311,,UIS_EST
MOR.5T8.40500,BGD,2011,.7231000065803528,,UIS_EST
MOR.5T8.40500,BGD,2012,.6640300154685974,,UIS_EST
MOR.5T8.40500,BGD,2014,.7356699705123901,,
MOR.5T8.40500,BGD,2016,.639519989490509,,
MOR.5T8.40500,BGD,2017,.6181899905204773,,
MOR.5T8.40500,BGD,2018,.5664499998092651,,
MOR.5T8.40500,BGD,2019,.5641099810600281,,UIS_EST
MOR.5T8.40500,BGD,2020,.7072200179100037,,
MOR.5T8.40500,BGD,2022,1.04541003704071,,
MOR.5T8.40500,BGD,2023,1.181540012359619,,
MOR.5T8.40500.F,BGD,2012,.2666899859905243,,UIS_EST
MOR.5T8.40500.F,BGD,2014,.3176200091838837,,UIS_EST
MOR.5T8.40500.F,BGD,2016,.34689000248909,,UIS_EST
MOR.5T8.40500.F,BGD,2017,.3592199981212616,,UIS_EST
MOR.5T8.40500.F,BGD,2018,.3183000087738037,,UIS_EST
MOR.5T8.40500.F,BGD,2019,.3379200100898743,,UIS_EST
MOR.5T8.40500.F,BGD,2020,.4286499917507172,,UIS_EST
MOR.5T8.40500.F,BGD,2022,.6546700000762939,,UIS_EST
MOR.5T8.40500.F,BGD,2023,.7992100119590759,,UIS_EST
MOR.5T8.40500.GPIA,BGD,2012,.2823300063610077,,UIS_EST
MOR.5T8.40500.GPIA,BGD,2014,.3068499863147736,,UIS_EST
MOR.5T8.40500.GPIA,BGD,2016,.4143399894237518,,UIS_EST
MOR.5T8.40500.GPIA,BGD,2017,.4529100060462952,,UIS_EST
MOR.5T8.40500.GPIA,BGD,2018,.4327299892902374,,UIS_EST
MOR.5T8.40500.GPIA,BGD,2019,.4689399898052216,,UIS_EST
MOR.5T8.40500.GPIA,BGD,2020,.4689399898052216,,UIS_EST
MOR.5T8.40500.GPIA,BGD,2022,.4794299900531769,,UIS_EST
MOR.5T8.40500.GPIA,BGD,2023,.5321999788284302,,UIS_EST
MOR.5T8.40500.M,BGD,1970,0,NIL,
MOR.5T8.40500.M,BGD,1971,0,NIL,
MOR.5T8.40500.M,BGD,1972,0,NIL,
MOR.5T8.40500.M,BGD,1973,0,NIL,
MOR.5T8.40500.M,BGD,1974,0,NIL,
MOR.5T8.40500.M,BGD,1975,0,NIL,
MOR.5T8.40500.M,BGD,1976,0,NIL,
MOR.5T8.40500.M,BGD,1977,0,NIL,
MOR.5T8.40500.M,BGD,1978,0,NIL,
MOR.5T8.40500.M,BGD,1979,0,NIL,
MOR.5T8.40500.M,BGD,1980,0,NIL,
MOR.5T8.40500.M,BGD,1981,0,NIL,
MOR.5T8.40500.M,BGD,1982,0,NIL,
MOR.5T8.40500.M,BGD,1983,0,NIL,
MOR.5T8.40500.M,BGD,1984,0,NIL,
MOR.5T8.40500.M,BGD,1985,0,NIL,
MOR.5T8.40500.M,BGD,1986,0,NIL,
MOR.5T8.40500.M,BGD,1987,0,NIL,
MOR.5T8.40500.M,BGD,1988,0,NIL,
MOR.5T8.40500.M,BGD,1989,0,NIL,
MOR.5T8.40500.M,BGD,1990,0,NIL,
MOR.5T8.40500.M,BGD,1991,0,NIL,
MOR.5T8.40500.M,BGD,1992,0,NIL,
MOR.5T8.40500.M,BGD,1993,0,NIL,
MOR.5T8.40500.M,BGD,1994,0,NIL,
MOR.5T8.40500.M,BGD,1995,0,NIL,
MOR.5T8.40500.M,BGD,1996,0,NIL,
MOR.5T8.40500.M,BGD,1997,0,NIL,
MOR.5T8.40500.M,BGD,1999,1.194300055503845,,
MOR.5T8.40500.M,BGD,2000,1.235000014305115,,UIS_EST
MOR.5T8.40500.M,BGD,2001,1.13329005241394,,UIS_EST
MOR.5T8.40500.M,BGD,2002,1.262339949607849,,UIS_EST
MOR.5T8.40500.M,BGD,2003,1.507500052452087,,UIS_EST
MOR.5T8.40500.M,BGD,2004,1.562610030174255,,UIS_EST
MOR.5T8.40500.M,BGD,2005,1.316949963569641,,
MOR.5T8.40500.M,BGD,2006,1.174440026283264,,UIS_EST
MOR.5T8.40500.M,BGD,2007,1.219920039176941,,UIS_EST
MOR.5T8.40500.M,BGD,2008,1.173239946365356,,UIS_EST
MOR.5T8.40500.M,BGD,2009,1.206590056419373,,UIS_EST
MOR.5T8.40500.M,BGD,2011,1.214329957962036,,UIS_EST
MOR.5T8.40500.M,BGD,2012,.9445800185203552,,UIS_EST
MOR.5T8.40500.M,BGD,2014,1.035079956054688,,UIS_EST
MOR.5T8.40500.M,BGD,2016,.8372200131416321,,UIS_EST
MOR.5T8.40500.M,BGD,2017,.793150007724762,,UIS_EST
MOR.5T8.40500.M,BGD,2018,.7355599999427795,,UIS_EST
MOR.5T8.40500.M,BGD,2019,.7206000089645386,,UIS_EST
MOR.5T8.40500.M,BGD,2020,.9140700101852417,,UIS_EST
MOR.5T8.40500.M,BGD,2022,1.365509986877441,,UIS_EST
MOR.5T8.40500.M,BGD,2023,1.501710057258606,,UIS_EST
MOR.5T8.40505,BGD,1999,.0002800000074785,,UIS_EST
MOR.5T8.40505,BGD,2000,0,NIL,UIS_EST
MOR.5T8.40505,BGD,2001,.0001100000008591,,
MOR.5T8.40505,BGD,2002,0,NIL,UIS_EST
MOR.5T8.40505,BGD,2003,0,NIL,
MOR.5T8.40505,BGD,2004,0,NIL,
MOR.5T8.40505,BGD,2005,.0002200000017183,,
MOR.5T8.40505,BGD,2006,.0000900000013644,,
MOR.5T8.40505,BGD,2007,.0000900000013644,,
MOR.5T8.40505,BGD,2008,.0003100000030827,,
MOR.5T8.40505,BGD,2009,.0001300000003539,,
MOR.5T8.40505,BGD,2011,.0000999999974738,,
MOR.5T8.40505,BGD,2012,.000289999996312,,
MOR.5T8.40505,BGD,2014,.000560000014957,,
MOR.5T8.40505,BGD,2016,.0002200000017183,,
MOR.5T8.40505,BGD,2017,.0006200000061654,,
MOR.5T8.40505,BGD,2018,.0046299998648465,,
MOR.5T8.40505,BGD,2019,.0025400000158697,,
MOR.5T8.40505,BGD,2020,.0030499999411404,,
MOR.5T8.40505,BGD,2022,.0036599999293685,,UIS_EST
MOR.5T8.40505,BGD,2023,.0039499998092651,,UIS_EST
MOR.5T8.40505.F,BGD,2012,0,NIL,UIS_EST
MOR.5T8.40505.F,BGD,2014,.0001400000037393,,UIS_EST
MOR.5T8.40505.F,BGD,2016,.0002800000074785,,
MOR.5T8.40505.F,BGD,2017,.00044999999227,,
MOR.5T8.40505.F,BGD,2018,.0009399999980815,,
MOR.5T8.40505.F,BGD,2019,.0010600000387058,,
MOR.5T8.40505.F,BGD,2020,.0013299999991432,,
MOR.5T8.40505.F,BGD,2022,.003169999923557,,UIS_EST
MOR.5T8.40505.F,BGD,2023,.0050900001078844,,UIS_EST
MOR.5T8.40505.GPIA,BGD,2012,0,NIL,UIS_EST
MOR.5T8.40505.GPIA,BGD,2014,.1702699959278107,,UIS_EST
MOR.5T8.40505.GPIA,BGD,2016,1.324409961700439,,
MOR.5T8.40505.GPIA,BGD,2017,.6167399883270264,,
MOR.5T8.40505.GPIA,BGD,2018,.1314100027084351,,
MOR.5T8.40505.GPIA,BGD,2019,.2964999973773956,,
MOR.5T8.40505.GPIA,BGD,2020,.3084099888801575,,
MOR.5T8.40505.GPIA,BGD,2022,.7826799750328064,,UIS_EST
MOR.5T8.40505.GPIA,BGD,2023,1.409970045089722,,UIS_EST
MOR.5T8.40505.M,BGD,1970,0,NIL,
MOR.5T8.40505.M,BGD,1971,0,NIL,
MOR.5T8.40505.M,BGD,1972,0,NIL,
MOR.5T8.40505.M,BGD,1973,0,NIL,
MOR.5T8.40505.M,BGD,1974,0,NIL,
MOR.5T8.40505.M,BGD,1975,0,NIL,
MOR.5T8.40505.M,BGD,1976,0,NIL,
MOR.5T8.40505.M,BGD,1977,0,NIL,
MOR.5T8.40505.M,BGD,1978,0,NIL,
MOR.5T8.40505.M,BGD,1979,0,NIL,
MOR.5T8.40505.M,BGD,1980,0,NIL,
MOR.5T8.40505.M,BGD,1981,0,NIL,
MOR.5T8.40505.M,BGD,1982,0,NIL,
MOR.5T8.40505.M,BGD,1983,0,NIL,
MOR.5T8.40505.M,BGD,1984,0,NIL,
MOR.5T8.40505.M,BGD,1985,0,NIL,
MOR.5T8.40505.M,BGD,1986,0,NIL,
MOR.5T8.40505.M,BGD,1987,0,NIL,
MOR.5T8.40505.M,BGD,1988,0,NIL,
MOR.5T8.40505.M,BGD,1989,0,NIL,
MOR.5T8.40505.M,BGD,1990,0,NIL,
MOR.5T8.40505.M,BGD,1991,0,NIL,
MOR.5T8.40505.M,BGD,1992,0,NIL,
MOR.5T8.40505.M,BGD,1993,0,NIL,
MOR.5T8.40505.M,BGD,1994,0,NIL,
MOR.5T8.40505.M,BGD,1995,0,NIL,
MOR.5T8.40505.M,BGD,1996,0,NIL,
MOR.5T8.40505.M,BGD,1997,0,NIL,
MOR.5T8.40505.M,BGD,1999,.0004199999966659,,UIS_EST
MOR.5T8.40505.M,BGD,2000,0,NIL,UIS_EST
MOR.5T8.40505.M,BGD,2001,.0001699999993434,,
MOR.5T8.40505.M,BGD,2002,0,NIL,UIS_EST
MOR.5T8.40505.M,BGD,2003,0,NIL,
MOR.5T8.40505.M,BGD,2004,0,NIL,
MOR.5T8.40505.M,BGD,2005,.0003300000098534,,
MOR.5T8.40505.M,BGD,2006,.0001500000071246,,
MOR.5T8.40505.M,BGD,2007,.0001300000003539,,
MOR.5T8.40505.M,BGD,2008,.0004799999878742,,
MOR.5T8.40505.M,BGD,2009,.0001999999949476,,
MOR.5T8.40505.M,BGD,2011,.0001699999993434,,
MOR.5T8.40505.M,BGD,2012,.0005000000237487,,UIS_EST
MOR.5T8.40505.M,BGD,2014,.000850000011269,,UIS_EST
MOR.5T8.40505.M,BGD,2016,.0001900000061141,,
MOR.5T8.40505.M,BGD,2017,.0007300000288524,,
MOR.5T8.40505.M,BGD,2018,.007149999961257,,
MOR.5T8.40505.M,BGD,2019,.003569999942556,,
MOR.5T8.40505.M,BGD,2020,.00431999983266,,
MOR.5T8.40505.M,BGD,2022,.0040600001811981,,UIS_EST
MOR.5T8.40505.M,BGD,2023,.003000000026077,,UIS_EST
MOR.5T8.40510,BGD,1999,1.135040044784546,,UIS_EST
MOR.5T8.40510,BGD,2000,1.202610015869141,,UIS_EST
MOR.5T8.40510,BGD,2001,1.191930055618286,,UIS_EST
MOR.5T8.40510,BGD,2002,1.448519945144653,,UIS_EST
MOR.5T8.40510,BGD,2003,1.837430000305176,,UIS_EST
MOR.5T8.40510,BGD,2004,1.829489946365356,,UIS_EST
MOR.5T8.40510,BGD,2005,1.62758994102478,,UIS_EST
MOR.5T8.40510,BGD,2006,1.406110048294067,,UIS_EST
MOR.5T8.40510,BGD,2007,1.396569967269897,,UIS_EST
MOR.5T8.40510,BGD,2008,1.296079993247986,,UIS_EST
MOR.5T8.40510,BGD,2009,1.223099946975708,,UIS_EST
MOR.5T8.40510,BGD,2011,1.142639994621277,,UIS_EST
MOR.5T8.40510,BGD,2012,1.129220008850098,,UIS_EST
MOR.5T8.40510,BGD,2014,2.56823992729187,,
MOR.5T8.40510,BGD,2016,2.303070068359375,,
MOR.5T8.40510,BGD,2017,2.096950054168701,,
MOR.5T8.40510,BGD,2018,1.591779947280884,,
MOR.5T8.40510,BGD,2019,1.200569987297058,,UIS_EST
MOR.5T8.40510,BGD,2020,1.417250037193298,,
MOR.5T8.40510,BGD,2022,1.675619959831238,,UIS_EST
MOR.5T8.40510,BGD,2023,1.91923999786377,,UIS_EST
MOR.5T8.40510.F,BGD,2012,.4893099963665009,,UIS_EST
MOR.5T8.40510.F,BGD,2014,.720009982585907,,UIS_EST
MOR.5T8.40510.F,BGD,2016,.7651299834251404,,UIS_EST
MOR.5T8.40510.F,BGD,2017,.7816200256347656,,UIS_EST
MOR.5T8.40510.F,BGD,2018,.770039975643158,,UIS_EST
MOR.5T8.40510.F,BGD,2019,.6989700198173523,,UIS_EST
MOR.5T8.40510.F,BGD,2020,.8200100064277649,,UIS_EST
MOR.5T8.40510.F,BGD,2022,1.037670016288757,,UIS_EST
MOR.5T8.40510.F,BGD,2023,1.246099948883057,,UIS_EST
MOR.5T8.40510.GPIA,BGD,2012,.3094899952411652,,UIS_EST
MOR.5T8.40510.GPIA,BGD,2014,.1850000023841858,,UIS_EST
MOR.5T8.40510.GPIA,BGD,2016,.2289399951696396,,UIS_EST
MOR.5T8.40510.GPIA,BGD,2017,.2617999911308289,,UIS_EST
MOR.5T8.40510.GPIA,BGD,2018,.3578599989414215,,UIS_EST
MOR.5T8.40510.GPIA,BGD,2019,.4516499936580658,,UIS_EST
MOR.5T8.40510.GPIA,BGD,2020,.4406900107860565,,UIS_EST
MOR.5T8.40510.GPIA,BGD,2022,.4720399975776672,,UIS_EST
MOR.5T8.40510.GPIA,BGD,2023,.5018699765205383,,UIS_EST
MOR.5T8.40510.M,BGD,1970,0,NIL,
MOR.5T8.40510.M,BGD,1971,0,NIL,
MOR.5T8.40510.M,BGD,1972,0,NIL,
MOR.5T8.40510.M,BGD,1973,0,NIL,
MOR.5T8.40510.M,BGD,1974,0,NIL,
MOR.5T8.40510.M,BGD,1975,0,NIL,
MOR.5T8.40510.M,BGD,1976,0,NIL,
MOR.5T8.40510.M,BGD,1977,0,NIL,
MOR.5T8.40510.M,BGD,1978,0,NIL,
MOR.5T8.40510.M,BGD,1979,0,NIL,
MOR.5T8.40510.M,BGD,1980,0,NIL,
MOR.5T8.40510.M,BGD,1981,0,NIL,
MOR.5T8.40510.M,BGD,1982,0,NIL,
MOR.5T8.40510.M,BGD,1983,0,NIL,
MOR.5T8.40510.M,BGD,1984,0,NIL,
MOR.5T8.40510.M,BGD,1985,0,NIL,
MOR.5T8.40510.M,BGD,1986,0,NIL,
MOR.5T8.40510.M,BGD,1987,0,NIL,
MOR.5T8.40510.M,BGD,1988,0,NIL,
MOR.5T8.40510.M,BGD,1989,0,NIL,
MOR.5T8.40510.M,BGD,1990,0,NIL,
MOR.5T8.40510.M,BGD,1991,0,NIL,
MOR.5T8.40510.M,BGD,1992,0,NIL,
MOR.5T8.40510.M,BGD,1993,0,NIL,
MOR.5T8.40510.M,BGD,1994,0,NIL,
MOR.5T8.40510.M,BGD,1995,0,NIL,
MOR.5T8.40510.M,BGD,1996,0,NIL,
MOR.5T8.40510.M,BGD,1997,0,NIL,
MOR.5T8.40510.M,BGD,1999,1.675809979438782,,UIS_EST
MOR.5T8.40510.M,BGD,2000,1.776640057563782,,UIS_EST
MOR.5T8.40510.M,BGD,2001,1.801489949226379,,UIS_EST
MOR.5T8.40510.M,BGD,2002,2.130500078201294,,UIS_EST
MOR.5T8.40510.M,BGD,2003,2.703030109405518,,UIS_EST
MOR.5T8.40510.M,BGD,2004,2.672859907150269,,UIS_EST
MOR.5T8.40510.M,BGD,2005,2.445689916610718,,UIS_EST
MOR.5T8.40510.M,BGD,2006,2.157429933547974,,UIS_EST
MOR.5T8.40510.M,BGD,2007,2.145119905471802,,UIS_EST
MOR.5T8.40510.M,BGD,2008,1.997990012168884,,UIS_EST
MOR.5T8.40510.M,BGD,2009,1.940670013427734,,UIS_EST
MOR.5T8.40510.M,BGD,2011,1.918879985809326,,UIS_EST
MOR.5T8.40510.M,BGD,2012,1.581019997596741,,UIS_EST
MOR.5T8.40510.M,BGD,2014,3.891989946365356,,UIS_EST
MOR.5T8.40510.M,BGD,2016,3.342089891433716,,UIS_EST
MOR.5T8.40510.M,BGD,2017,2.985579967498779,,UIS_EST
MOR.5T8.40510.M,BGD,2018,2.151789903640747,,UIS_EST
MOR.5T8.40510.M,BGD,2019,1.547590017318726,,UIS_EST
MOR.5T8.40510.M,BGD,2020,1.860730051994324,,UIS_EST
MOR.5T8.40510.M,BGD,2022,2.198240041732788,,UIS_EST
MOR.5T8.40510.M,BGD,2023,2.482919931411743,,UIS_EST
MOR.5T8.40515,BGD,1999,.2220699936151505,,UIS_EST
MOR.5T8.40515,BGD,2000,.2670100033283234,,UIS_EST
MOR.5T8.40515,BGD,2001,.2955699861049652,,UIS_EST
MOR.5T8.40515,BGD,2002,.442110002040863,,UIS_EST
MOR.5T8.40515,BGD,2003,.6880999803543091,,UIS_EST
MOR.5T8.40515,BGD,2004,.6339799761772156,,UIS_EST
MOR.5T8.40515,BGD,2005,.62677001953125,,UIS_EST
MOR.5T8.40515,BGD,2006,.5292999744415283,,UIS_EST
MOR.5T8.40515,BGD,2007,.4833100140094757,,UIS_EST
MOR.5T8.40515,BGD,2008,.4127500057220459,,UIS_EST
MOR.5T8.40515,BGD,2009,.3645299971103668,,UIS_EST
MOR.5T8.40515,BGD,2011,.3282800018787384,,UIS_EST
MOR.5T8.40515,BGD,2012,.3637300133705139,,UIS_EST
MOR.5T8.40515,BGD,2014,1.690359950065613,,UIS_EST
MOR.5T8.40515,BGD,2016,1.522089958190918,,UIS_EST
MOR.5T8.40515,BGD,2017,1.310979962348938,,UIS_EST
MOR.5T8.40515,BGD,2018,.855430006980896,,UIS_EST
MOR.5T8.40515.M,BGD,1970,0,NIL,
MOR.5T8.40515.M,BGD,1971,0,NIL,
MOR.5T8.40515.M,BGD,1972,0,NIL,
MOR.5T8.40515.M,BGD,1973,0,NIL,
MOR.5T8.40515.M,BGD,1974,0,NIL,
MOR.5T8.40515.M,BGD,1975,0,NIL,
MOR.5T8.40515.M,BGD,1976,0,NIL,
MOR.5T8.40515.M,BGD,1977,0,NIL,
MOR.5T8.40515.M,BGD,1978,0,NIL,
MOR.5T8.40515.M,BGD,1979,0,NIL,
MOR.5T8.40515.M,BGD,1980,0,NIL,
MOR.5T8.40515.M,BGD,1981,0,NIL,
MOR.5T8.40515.M,BGD,1982,0,NIL,
MOR.5T8.40515.M,BGD,1983,0,NIL,
MOR.5T8.40515.M,BGD,1984,0,NIL,
MOR.5T8.40515.M,BGD,1985,0,NIL,
MOR.5T8.40515.M,BGD,1986,0,NIL,
MOR.5T8.40515.M,BGD,1987,0,NIL,
MOR.5T8.40515.M,BGD,1988,0,NIL,
MOR.5T8.40515.M,BGD,1989,0,NIL,
MOR.5T8.40515.M,BGD,1990,0,NIL,
MOR.5T8.40515.M,BGD,1991,0,NIL,
MOR.5T8.40515.M,BGD,1992,0,NIL,
MOR.5T8.40515.M,BGD,1993,0,NIL,
MOR.5T8.40515.M,BGD,1994,0,NIL,
MOR.5T8.40515.M,BGD,1995,0,NIL,
MOR.5T8.40515.M,BGD,1996,0,NIL,
MOR.5T8.40515.M,BGD,1999,.3278799951076508,,UIS_EST
MOR.5T8.40515.M,BGD,2000,.394459992647171,,UIS_EST
MOR.5T8.40515.M,BGD,2001,.446729987859726,,UIS_EST
MOR.5T8.40515.M,BGD,2002,.6502699851989746,,UIS_EST
MOR.5T8.40515.M,BGD,2003,1.012259960174561,,UIS_EST
MOR.5T8.40515.M,BGD,2004,.9262400269508362,,UIS_EST
MOR.5T8.40515.M,BGD,2005,.9418100118637085,,UIS_EST
MOR.5T8.40515.M,BGD,2006,.8121100068092346,,UIS_EST
MOR.5T8.40515.M,BGD,2007,.7423700094223022,,UIS_EST
MOR.5T8.40515.M,BGD,2008,.6362800002098083,,UIS_EST
MOR.5T8.40515.M,BGD,2009,.5783900022506714,,UIS_EST
MOR.5T8.40515.M,BGD,2011,.551289975643158,,UIS_EST
MOR.5T8.40515.M,BGD,2012,.6205400228500366,,UIS_EST
MOR.5T8.40515.M,BGD,2014,2.90103006362915,,UIS_EST
MOR.5T8.40515.M,BGD,2016,2.550410032272339,,UIS_EST
MOR.5T8.40515.M,BGD,2017,2.196670055389404,,UIS_EST
MOR.5T8.40515.M,BGD,2018,1.438400030136108,,UIS_EST
MOR.5T8.40515.M,BGD,2019,0,NIL,
MOR.5T8.40515.M,BGD,2020,0,NIL,
MOR.5T8.40515.M,BGD,2021,0,NIL,
MOR.5T8.40515.M,BGD,2022,0,NIL,
MOR.5T8.40516,BGD,1999,.0707800015807152,,
MOR.5T8.40516,BGD,2000,.0989399999380112,,
MOR.5T8.40516,BGD,2001,.1588999927043915,,UIS_EST
MOR.5T8.40516,BGD,2002,.242589995265007,,
MOR.5T8.40516,BGD,2003,.3223400115966797,,
MOR.5T8.40516,BGD,2004,.3656100034713745,,
MOR.5T8.40516,BGD,2005,.3786700069904327,,
MOR.5T8.40516,BGD,2006,.3024500012397766,,
MOR.5T8.40516,BGD,2007,.2578999996185303,,
MOR.5T8.40516,BGD,2008,.1860100030899048,,
MOR.5T8.40516,BGD,2009,.155919998884201,,
MOR.5T8.40516,BGD,2011,.1571400016546249,,
MOR.5T8.40516,BGD,2012,.1696500033140182,,
MOR.5T8.40516,BGD,2014,.1969700008630753,,
MOR.5T8.40516,BGD,2016,.1844000071287155,,
MOR.5T8.40516,BGD,2017,.190310001373291,,
MOR.5T8.40516,BGD,2018,.1919299960136414,,
MOR.5T8.40516,BGD,2019,.1730200052261353,,
MOR.5T8.40516,BGD,2020,.1654500067234039,,
MOR.5T8.40516,BGD,2022,.1595800071954727,,
MOR.5T8.40516,BGD,2023,.2593800127506256,,
MOR.5T8.40516.F,BGD,2012,.0912500023841858,,UIS_EST
MOR.5T8.40516.F,BGD,2014,.1045000031590462,,
MOR.5T8.40516.F,BGD,2016,.1154899969696999,,
MOR.5T8.40516.F,BGD,2017,.1165900006890297,,
MOR.5T8.40516.F,BGD,2018,.1267900019884109,,
MOR.5T8.40516.F,BGD,2019,.1221600025892258,,
MOR.5T8.40516.F,BGD,2020,.1175699979066849,,
MOR.5T8.40516.F,BGD,2022,.1145199984312057,,
MOR.5T8.40516.F,BGD,2023,.1659599989652634,,
MOR.5T8.40516.GPIA,BGD,2012,.4055599868297577,,UIS_EST
MOR.5T8.40516.GPIA,BGD,2014,.3970299959182739,,
MOR.5T8.40516.GPIA,BGD,2016,.5000900030136108,,
MOR.5T8.40516.GPIA,BGD,2017,.4855799973011017,,
MOR.5T8.40516.GPIA,BGD,2018,.5365099906921387,,
MOR.5T8.40516.GPIA,BGD,2019,.5867599844932556,,
MOR.5T8.40516.GPIA,BGD,2020,.5849499702453613,,
MOR.5T8.40516.GPIA,BGD,2022,.5828199982643127,,
MOR.5T8.40516.GPIA,BGD,2023,.4915600121021271,,
MOR.5T8.40516.M,BGD,1970,0,NIL,
MOR.5T8.40516.M,BGD,1971,0,NIL,
MOR.5T8.40516.M,BGD,1972,0,NIL,
MOR.5T8.40516.M,BGD,1973,0,NIL,
MOR.5T8.40516.M,BGD,1974,0,NIL,
MOR.5T8.40516.M,BGD,1975,0,NIL,
MOR.5T8.40516.M,BGD,1976,0,NIL,
MOR.5T8.40516.M,BGD,1977,0,NIL,
MOR.5T8.40516.M,BGD,1978,0,NIL,
MOR.5T8.40516.M,BGD,1979,0,NIL,
MOR.5T8.40516.M,BGD,1980,0,NIL,
MOR.5T8.40516.M,BGD,1981,0,NIL,
MOR.5T8.40516.M,BGD,1982,0,NIL,
MOR.5T8.40516.M,BGD,1983,0,NIL,
MOR.5T8.40516.M,BGD,1984,0,NIL,
MOR.5T8.40516.M,BGD,1985,0,NIL,
MOR.5T8.40516.M,BGD,1986,0,NIL,
MOR.5T8.40516.M,BGD,1987,0,NIL,
MOR.5T8.40516.M,BGD,1988,0,NIL,
MOR.5T8.40516.M,BGD,1989,0,NIL,
MOR.5T8.40516.M,BGD,1990,0,NIL,
MOR.5T8.40516.M,BGD,1991,0,NIL,
MOR.5T8.40516.M,BGD,1992,0,NIL,
MOR.5T8.40516.M,BGD,1993,0,NIL,
MOR.5T8.40516.M,BGD,1994,0,NIL,
MOR.5T8.40516.M,BGD,1995,0,NIL,
MOR.5T8.40516.M,BGD,1996,0,NIL,
MOR.5T8.40516.M,BGD,1999,.1045000031590462,,
MOR.5T8.40516.M,BGD,2000,.1461700052022934,,
MOR.5T8.40516.M,BGD,2001,.2401600033044815,,UIS_EST
MOR.5T8.40516.M,BGD,2002,.3568100035190582,,
MOR.5T8.40516.M,BGD,2003,.4741899967193604,,
MOR.5T8.40516.M,BGD,2004,.5341500043869019,,
MOR.5T8.40516.M,BGD,2005,.5690100193023682,,
MOR.5T8.40516.M,BGD,2006,.4640499949455261,,
MOR.5T8.40516.M,BGD,2007,.3961400091648102,,
MOR.5T8.40516.M,BGD,2008,.2867499887943268,,
MOR.5T8.40516.M,BGD,2009,.2474000006914139,,
MOR.5T8.40516.M,BGD,2011,.2639000117778778,,
MOR.5T8.40516.M,BGD,2012,.2249999940395355,,UIS_EST
MOR.5T8.40516.M,BGD,2014,.2632000148296356,,
MOR.5T8.40516.M,BGD,2016,.2309499979019165,,
MOR.5T8.40516.M,BGD,2017,.240109995007515,,
MOR.5T8.40516.M,BGD,2018,.2363300025463104,,
MOR.5T8.40516.M,BGD,2019,.2081999927759171,,
MOR.5T8.40516.M,BGD,2020,.2010000050067902,,
MOR.5T8.40516.M,BGD,2022,.196490004658699,,
MOR.5T8.40516.M,BGD,2023,.3376100063323975,,
MOR.5T8.40517,BGD,1999,.1512899994850159,,UIS_EST
MOR.5T8.40517,BGD,2000,.1680700033903122,,UIS_EST
MOR.5T8.40517,BGD,2001,.1366699934005737,,UIS_EST
MOR.5T8.40517,BGD,2002,.199520006775856,,UIS_EST
MOR.5T8.40517,BGD,2003,.3657599985599518,,UIS_EST
MOR.5T8.40517,BGD,2004,.2683700025081635,,UIS_EST
MOR.5T8.40517,BGD,2005,.2480999976396561,,UIS_EST
MOR.5T8.40517,BGD,2006,.2268500030040741,,UIS_EST
MOR.5T8.40517,BGD,2007,.2254099994897842,,UIS_EST
MOR.5T8.40517,BGD,2008,.2267400026321411,,UIS_EST
MOR.5T8.40517,BGD,2009,.2085999995470047,,UIS_EST
MOR.5T8.40517,BGD,2011,.1711300015449524,,UIS_EST
MOR.5T8.40517,BGD,2012,.1940799951553345,,UIS_EST
MOR.5T8.40517,BGD,2014,1.493389964103699,,UIS_EST
MOR.5T8.40517,BGD,2016,1.337689995765686,,UIS_EST
MOR.5T8.40517,BGD,2017,1.120669960975647,,UIS_EST
MOR.5T8.40517,BGD,2018,.6635000109672546,,UIS_EST
MOR.5T8.40517.M,BGD,1970,0,NIL,
MOR.5T8.40517.M,BGD,1971,0,NIL,
MOR.5T8.40517.M,BGD,1972,0,NIL,
MOR.5T8.40517.M,BGD,1973,0,NIL,
MOR.5T8.40517.M,BGD,1974,0,NIL,
MOR.5T8.40517.M,BGD,1975,0,NIL,
MOR.5T8.40517.M,BGD,1976,0,NIL,
MOR.5T8.40517.M,BGD,1977,0,NIL,
MOR.5T8.40517.M,BGD,1978,0,NIL,
MOR.5T8.40517.M,BGD,1979,0,NIL,
MOR.5T8.40517.M,BGD,1980,0,NIL,
MOR.5T8.40517.M,BGD,1981,0,NIL,
MOR.5T8.40517.M,BGD,1982,0,NIL,
MOR.5T8.40517.M,BGD,1983,0,NIL,
MOR.5T8.40517.M,BGD,1984,0,NIL,
MOR.5T8.40517.M,BGD,1985,0,NIL,
MOR.5T8.40517.M,BGD,1986,0,NIL,
MOR.5T8.40517.M,BGD,1987,0,NIL,
MOR.5T8.40517.M,BGD,1988,0,NIL,
MOR.5T8.40517.M,BGD,1989,0,NIL,
MOR.5T8.40517.M,BGD,1990,0,NIL,
MOR.5T8.40517.M,BGD,1991,0,NIL,
MOR.5T8.40517.M,BGD,1992,0,NIL,
MOR.5T8.40517.M,BGD,1993,0,NIL,
MOR.5T8.40517.M,BGD,1994,0,NIL,
MOR.5T8.40517.M,BGD,1995,0,NIL,
MOR.5T8.40517.M,BGD,1996,0,NIL,
MOR.5T8.40517.M,BGD,1999,.2233700007200241,,UIS_EST
MOR.5T8.40517.M,BGD,2000,.2482900023460388,,UIS_EST
MOR.5T8.40517.M,BGD,2001,.2065699994564056,,UIS_EST
MOR.5T8.40517.M,BGD,2002,.2934600114822388,,UIS_EST
MOR.5T8.40517.M,BGD,2003,.5380600094795227,,UIS_EST
MOR.5T8.40517.M,BGD,2004,.3920800089836121,,UIS_EST
MOR.5T8.40517.M,BGD,2005,.3727999925613403,,UIS_EST
MOR.5T8.40517.M,BGD,2006,.3480600118637085,,UIS_EST
MOR.5T8.40517.M,BGD,2007,.3462300002574921,,UIS_EST
MOR.5T8.40517.M,BGD,2008,.3495300114154816,,UIS_EST
MOR.5T8.40517.M,BGD,2009,.3309800028800964,,UIS_EST
MOR.5T8.40517.M,BGD,2011,.2873899936676025,,UIS_EST
MOR.5T8.40517.M,BGD,2012,.3311100006103516,,UIS_EST
MOR.5T8.40517.M,BGD,2014,2.562989950180054,,UIS_EST
MOR.5T8.40517.M,BGD,2016,2.241430044174194,,UIS_EST
MOR.5T8.40517.M,BGD,2017,1.877789974212646,,UIS_EST
MOR.5T8.40517.M,BGD,2018,1.115669965744019,,UIS_EST
MOR.5T8.40517.M,BGD,2019,0,NIL,
MOR.5T8.40517.M,BGD,2020,0,NIL,
MOR.5T8.40517.M,BGD,2021,0,NIL,
MOR.5T8.40517.M,BGD,2022,0,NIL,
MOR.5T8.40520,BGD,2000,.0009599999757484,,UIS_EST
MOR.5T8.40520,BGD,2001,.0009100000024773,,UIS_EST
MOR.5T8.40520,BGD,2002,.0009399999980815,,UIS_EST
MOR.5T8.40520,BGD,2003,.0007999999797903,,UIS_EST
MOR.5T8.40520,BGD,2004,.000850000011269,,UIS_EST
MOR.5T8.40520,BGD,2005,.0007699999841861,,UIS_EST
MOR.5T8.40520,BGD,2006,.0007600000244565,,UIS_EST
MOR.5T8.40520,BGD,2007,.0006099999882281,,UIS_EST
MOR.5T8.40520,BGD,2008,.0006200000061654,,UIS_EST
MOR.5T8.40520,BGD,2009,.0005099999834783,,UIS_EST
MOR.5T8.40520,BGD,2011,.0005200000014156,,UIS_EST
MOR.5T8.40520,BGD,2012,.0005399999790825,,UIS_EST
MOR.5T8.40520,BGD,2014,.0003900000010617,,UIS_EST
MOR.5T8.40520,BGD,2016,.0004100000078324,,
MOR.5T8.40520,BGD,2017,.0003999999898952,,
MOR.5T8.40520,BGD,2018,.0004400000034366,,
MOR.5T8.40520,BGD,2019,.0003199999919161,,
MOR.5T8.40520,BGD,2020,.0005099999834783,,
MOR.5T8.40520,BGD,2022,.0003399999986868,,
MOR.5T8.40520,BGD,2023,.0003000000142492,,UIS_EST
MOR.5T8.40520.F,BGD,2014,.0004100000078324,,UIS_EST
MOR.5T8.40520.F,BGD,2016,.0005099999834783,,
MOR.5T8.40520.F,BGD,2017,.0003600000054576,,
MOR.5T8.40520.F,BGD,2018,.0003199999919161,,
MOR.5T8.40520.F,BGD,2019,.0001999999949476,,
MOR.5T8.40520.F,BGD,2020,.0003399999986868,,
MOR.5T8.40520.F,BGD,2022,.0002399999939371,,
MOR.5T8.40520.F,BGD,2023,.0002200000017183,,UIS_EST
MOR.5T8.40520.GPIA,BGD,2014,1.107859969139099,,UIS_EST
MOR.5T8.40520.GPIA,BGD,2016,1.336580038070679,,
MOR.5T8.40520.GPIA,BGD,2017,.8625500202178955,,
MOR.5T8.40520.GPIA,BGD,2018,.5972700119018555,,
MOR.5T8.40520.GPIA,BGD,2019,.4925799965858459,,
MOR.5T8.40520.GPIA,BGD,2020,.5245100259780884,,
MOR.5T8.40520.GPIA,BGD,2022,.55485999584198,,
MOR.5T8.40520.GPIA,BGD,2023,.6096199750900269,,UIS_EST
MOR.5T8.40520.M,BGD,1970,0,NIL,
MOR.5T8.40520.M,BGD,1971,0,NIL,
MOR.5T8.40520.M,BGD,1972,0,NIL,
MOR.5T8.40520.M,BGD,1973,0,NIL,
MOR.5T8.40520.M,BGD,1974,0,NIL,
MOR.5T8.40520.M,BGD,1975,0,NIL,
MOR.5T8.40520.M,BGD,1976,0,NIL,
MOR.5T8.40520.M,BGD,1977,0,NIL,
MOR.5T8.40520.M,BGD,1978,0,NIL,
MOR.5T8.40520.M,BGD,1979,0,NIL,
MOR.5T8.40520.M,BGD,1980,0,NIL,
MOR.5T8.40520.M,BGD,1981,0,NIL,
MOR.5T8.40520.M,BGD,1982,0,NIL,
MOR.5T8.40520.M,BGD,1983,0,NIL,
MOR.5T8.40520.M,BGD,1984,0,NIL,
MOR.5T8.40520.M,BGD,1985,0,NIL,
MOR.5T8.40520.M,BGD,1986,0,NIL,
MOR.5T8.40520.M,BGD,1987,0,NIL,
MOR.5T8.40520.M,BGD,1988,0,NIL,
MOR.5T8.40520.M,BGD,1989,0,NIL,
MOR.5T8.40520.M,BGD,1990,0,NIL,
MOR.5T8.40520.M,BGD,1991,0,NIL,
MOR.5T8.40520.M,BGD,1992,0,NIL,
MOR.5T8.40520.M,BGD,1993,0,NIL,
MOR.5T8.40520.M,BGD,1994,0,NIL,
MOR.5T8.40520.M,BGD,1995,0,NIL,
MOR.5T8.40520.M,BGD,1996,0,NIL,
MOR.5T8.40520.M,BGD,1997,0,NIL,
MOR.5T8.40520.M,BGD,1998,0,NIL,
MOR.5T8.40520.M,BGD,1999,0,NIL,
MOR.5T8.40520.M,BGD,2000,.0014199999859557,,UIS_EST
MOR.5T8.40520.M,BGD,2001,.0013800000306219,,UIS_EST
MOR.5T8.40520.M,BGD,2002,.0013800000306219,,UIS_EST
MOR.5T8.40520.M,BGD,2003,.0011699999449775,,UIS_EST
MOR.5T8.40520.M,BGD,2004,.0012499999720603,,UIS_EST
MOR.5T8.40520.M,BGD,2005,.0011500000255182,,UIS_EST
MOR.5T8.40520.M,BGD,2006,.0011699999449775,,UIS_EST
MOR.5T8.40520.M,BGD,2007,.0009399999980815,,UIS_EST
MOR.5T8.40520.M,BGD,2008,.0009500000160187,,UIS_EST
MOR.5T8.40520.M,BGD,2009,.0007999999797903,,UIS_EST
MOR.5T8.40520.M,BGD,2011,.0008800000068732,,UIS_EST
MOR.5T8.40520.M,BGD,2012,.0009200000204146,,UIS_EST
MOR.5T8.40520.M,BGD,2014,.000369999994291,,UIS_EST
MOR.5T8.40520.M,BGD,2016,.0003399999986868,,
MOR.5T8.40520.M,BGD,2017,.0004199999966659,,
MOR.5T8.40520.M,BGD,2018,.0005300000193529,,
MOR.5T8.40520.M,BGD,2019,.0004100000078324,,
MOR.5T8.40520.M,BGD,2020,.0006399999838322,,
MOR.5T8.40520.M,BGD,2022,.0004299999854993,,
MOR.5T8.40520.M,BGD,2023,.000369999994291,,UIS_EST
MOR.5T8.40521.M,BGD,1970,0,NIL,
MOR.5T8.40521.M,BGD,1971,0,NIL,
MOR.5T8.40521.M,BGD,1972,0,NIL,
MOR.5T8.40521.M,BGD,1973,0,NIL,
MOR.5T8.40521.M,BGD,1974,0,NIL,
MOR.5T8.40521.M,BGD,1975,0,NIL,
MOR.5T8.40521.M,BGD,1976,0,NIL,
MOR.5T8.40521.M,BGD,1977,0,NIL,
MOR.5T8.40521.M,BGD,1978,0,NIL,
MOR.5T8.40521.M,BGD,1979,0,NIL,
MOR.5T8.40521.M,BGD,1980,0,NIL,
MOR.5T8.40521.M,BGD,1981,0,NIL,
MOR.5T8.40521.M,BGD,1982,0,NIL,
MOR.5T8.40521.M,BGD,1983,0,NIL,
MOR.5T8.40521.M,BGD,1984,0,NIL,
MOR.5T8.40521.M,BGD,1985,0,NIL,
MOR.5T8.40521.M,BGD,1986,0,NIL,
MOR.5T8.40521.M,BGD,1987,0,NIL,
MOR.5T8.40521.M,BGD,1988,0,NIL,
MOR.5T8.40521.M,BGD,1989,0,NIL,
MOR.5T8.40521.M,BGD,1990,0,NIL,
MOR.5T8.40521.M,BGD,1991,0,NIL,
MOR.5T8.40521.M,BGD,1992,0,NIL,
MOR.5T8.40521.M,BGD,1993,0,NIL,
MOR.5T8.40521.M,BGD,1994,0,NIL,
MOR.5T8.40521.M,BGD,1995,0,NIL,
MOR.5T8.40521.M,BGD,1996,0,NIL,
MOR.5T8.40521.M,BGD,1997,0,NIL,
MOR.5T8.40521.M,BGD,1998,0,NIL,
MOR.5T8.40521.M,BGD,1999,0,NIL,
MOR.5T8.40521.M,BGD,2000,0,NIL,
MOR.5T8.40521.M,BGD,2001,0,NIL,
MOR.5T8.40521.M,BGD,2002,0,NIL,
MOR.5T8.40521.M,BGD,2003,0,NIL,
MOR.5T8.40521.M,BGD,2004,0,NIL,
MOR.5T8.40521.M,BGD,2005,0,NIL,
MOR.5T8.40521.M,BGD,2006,0,NIL,
MOR.5T8.40521.M,BGD,2007,0,NIL,
MOR.5T8.40521.M,BGD,2008,0,NIL,
MOR.5T8.40521.M,BGD,2009,0,NIL,
MOR.5T8.40521.M,BGD,2010,0,NIL,
MOR.5T8.40521.M,BGD,2011,0,NIL,
MOR.5T8.40521.M,BGD,2012,0,NIL,
MOR.5T8.40521.M,BGD,2013,0,NIL,
MOR.5T8.40521.M,BGD,2014,0,NIL,
MOR.5T8.40521.M,BGD,2015,0,NIL,
MOR.5T8.40521.M,BGD,2016,0,NIL,
MOR.5T8.40521.M,BGD,2017,0,NIL,
MOR.5T8.40521.M,BGD,2018,0,NIL,
MOR.5T8.40521.M,BGD,2019,0,NIL,
MOR.5T8.40521.M,BGD,2020,0,NIL,
MOR.5T8.40521.M,BGD,2021,0,NIL,
MOR.5T8.40521.M,BGD,2022,0,NIL,
MOR.5T8.40522,BGD,2000,0,NIL,UIS_EST
MOR.5T8.40522,BGD,2001,0,NIL,UIS_EST
MOR.5T8.40522,BGD,2002,.0001199999969685,,UIS_EST
MOR.5T8.40522,BGD,2003,0,NIL,UIS_EST
MOR.5T8.40522,BGD,2004,0,NIL,UIS_EST
MOR.5T8.40522,BGD,2005,0,NIL,UIS_EST
MOR.5T8.40522,BGD,2006,.0000900000013644,,UIS_EST
MOR.5T8.40522,BGD,2007,0,NIL,UIS_EST
MOR.5T8.40522,BGD,2008,.000079999997979,,UIS_EST
MOR.5T8.40522,BGD,2009,.0000599999984843,,UIS_EST
MOR.5T8.40522,BGD,2011,.0001699999993434,,UIS_EST
MOR.5T8.40522,BGD,2012,.0001500000071246,,UIS_EST
MOR.5T8.40522,BGD,2014,.0000999999974738,,UIS_EST
MOR.5T8.40522,BGD,2016,.0001900000061141,,
MOR.5T8.40522,BGD,2017,.0001400000037393,,
MOR.5T8.40522,BGD,2018,.000289999996312,,
MOR.5T8.40522,BGD,2019,.0001900000061141,,
MOR.5T8.40522,BGD,2020,.000369999994291,,
MOR.5T8.40522,BGD,2022,.0002099999983329,,
MOR.5T8.40522,BGD,2023,.0001800000027288,,UIS_EST
MOR.5T8.40522.F,BGD,2014,.0001199999969685,,UIS_EST
MOR.5T8.40522.F,BGD,2016,.0002800000074785,,
MOR.5T8.40522.F,BGD,2017,.0000900000013644,,
MOR.5T8.40522.F,BGD,2018,.0001599999959581,,
MOR.5T8.40522.F,BGD,2019,.0000700000018696,,
MOR.5T8.40522.F,BGD,2020,.0001999999949476,,
MOR.5T8.40522.F,BGD,2022,.0001199999969685,,
MOR.5T8.40522.F,BGD,2023,.0001100000008591,,UIS_EST
MOR.5T8.40522.GPIA,BGD,2014,1.283779978752136,,UIS_EST
MOR.5T8.40522.GPIA,BGD,2016,1.549600005149841,,
MOR.5T8.40522.GPIA,BGD,2017,.4933899939060211,,
MOR.5T8.40522.GPIA,BGD,2018,.4192500114440918,,
MOR.5T8.40522.GPIA,BGD,2019,.2409099936485291,,
MOR.5T8.40522.GPIA,BGD,2020,.4040200114250183,,
MOR.5T8.40522.GPIA,BGD,2022,.4068999886512756,,
MOR.5T8.40522.GPIA,BGD,2023,.4776799976825714,,UIS_EST
MOR.5T8.40522.M,BGD,1970,0,NIL,
MOR.5T8.40522.M,BGD,1971,0,NIL,
MOR.5T8.40522.M,BGD,1972,0,NIL,
MOR.5T8.40522.M,BGD,1973,0,NIL,
MOR.5T8.40522.M,BGD,1974,0,NIL,
MOR.5T8.40522.M,BGD,1975,0,NIL,
MOR.5T8.40522.M,BGD,1976,0,NIL,
MOR.5T8.40522.M,BGD,1977,0,NIL,
MOR.5T8.40522.M,BGD,1978,0,NIL,
MOR.5T8.40522.M,BGD,1979,0,NIL,
MOR.5T8.40522.M,BGD,1980,0,NIL,
MOR.5T8.40522.M,BGD,1981,0,NIL,
MOR.5T8.40522.M,BGD,1982,0,NIL,
MOR.5T8.40522.M,BGD,1983,0,NIL,
MOR.5T8.40522.M,BGD,1984,0,NIL,
MOR.5T8.40522.M,BGD,1985,0,NIL,
MOR.5T8.40522.M,BGD,1986,0,NIL,
MOR.5T8.40522.M,BGD,1987,0,NIL,
MOR.5T8.40522.M,BGD,1988,0,NIL,
MOR.5T8.40522.M,BGD,1989,0,NIL,
MOR.5T8.40522.M,BGD,1990,0,NIL,
MOR.5T8.40522.M,BGD,1991,0,NIL,
MOR.5T8.40522.M,BGD,1992,0,NIL,
MOR.5T8.40522.M,BGD,1993,0,NIL,
MOR.5T8.40522.M,BGD,1994,0,NIL,
MOR.5T8.40522.M,BGD,1995,0,NIL,
MOR.5T8.40522.M,BGD,1996,0,NIL,
MOR.5T8.40522.M,BGD,1997,0,NIL,
MOR.5T8.40522.M,BGD,1998,0,NIL,
MOR.5T8.40522.M,BGD,1999,0,NIL,
MOR.5T8.40522.M,BGD,2000,0,NIL,UIS_EST
MOR.5T8.40522.M,BGD,2001,0,NIL,UIS_EST
MOR.5T8.40522.M,BGD,2002,.0001699999993434,,UIS_EST
MOR.5T8.40522.M,BGD,2003,0,NIL,UIS_EST
MOR.5T8.40522.M,BGD,2004,0,NIL,UIS_EST
MOR.5T8.40522.M,BGD,2005,0,NIL,UIS_EST
MOR.5T8.40522.M,BGD,2006,.0001500000071246,,UIS_EST
MOR.5T8.40522.M,BGD,2007,0,NIL,UIS_EST
MOR.5T8.40522.M,BGD,2008,.0001199999969685,,UIS_EST
MOR.5T8.40522.M,BGD,2009,.0000999999974738,,UIS_EST
MOR.5T8.40522.M,BGD,2011,.000289999996312,,UIS_EST
MOR.5T8.40522.M,BGD,2012,.0002500000118744,,UIS_EST
MOR.5T8.40522.M,BGD,2014,.000079999997979,,UIS_EST
MOR.5T8.40522.M,BGD,2016,.0001199999969685,,
MOR.5T8.40522.M,BGD,2017,.0001800000027288,,
MOR.5T8.40522.M,BGD,2018,.000369999994291,,
MOR.5T8.40522.M,BGD,2019,.0002699999895412,,
MOR.5T8.40522.M,BGD,2020,.0004900000058115,,
MOR.5T8.40522.M,BGD,2022,.000289999996312,,
MOR.5T8.40522.M,BGD,2023,.0002300000051036,,UIS_EST
MOR.5T8.40525,BGD,2012,.0554499998688698,,UIS_EST
MOR.5T8.40525,BGD,2014,.0763500034809113,,UIS_EST
MOR.5T8.40525,BGD,2016,.0654599964618683,,UIS_EST
MOR.5T8.40525,BGD,2017,.0653799995779991,,UIS_EST
MOR.5T8.40525,BGD,2018,.0588000006973743,,UIS_EST
MOR.5T8.40525,BGD,2019,.0573499985039234,,UIS_EST
MOR.5T8.40525,BGD,2020,.0655499994754791,,UIS_EST
MOR.5T8.40525,BGD,2022,.063900001347065,,UIS_EST
MOR.5T8.40525,BGD,2023,.0686300024390221,,UIS_EST
MOR.5T8.40525.F,BGD,2012,.0490299984812737,,UIS_EST
MOR.5T8.40525.F,BGD,2014,.0667999982833862,,UIS_EST
MOR.5T8.40525.F,BGD,2016,.0644799992442131,,UIS_EST
MOR.5T8.40525.F,BGD,2017,.063570000231266,,UIS_EST
MOR.5T8.40525.F,BGD,2018,.0543599985539913,,UIS_EST
MOR.5T8.40525.F,BGD,2019,.0450699999928474,,UIS_EST
MOR.5T8.40525.F,BGD,2020,.0458999983966351,,UIS_EST
MOR.5T8.40525.F,BGD,2022,.0495299994945526,,UIS_EST
MOR.5T8.40525.F,BGD,2023,.0495800003409386,,UIS_EST
MOR.5T8.40525.GPIA,BGD,2012,.8173900246620178,,UIS_EST
MOR.5T8.40525.GPIA,BGD,2014,.8029699921607971,,UIS_EST
MOR.5T8.40525.GPIA,BGD,2016,.9750800132751465,,UIS_EST
MOR.5T8.40525.GPIA,BGD,2017,.9542400240898132,,UIS_EST
MOR.5T8.40525.GPIA,BGD,2018,.8792399764060974,,UIS_EST
MOR.5T8.40525.GPIA,BGD,2019,.6844199895858765,,UIS_EST
MOR.5T8.40525.GPIA,BGD,2020,.5726600289344788,,UIS_EST
MOR.5T8.40525.GPIA,BGD,2022,.6546499729156494,,UIS_EST
MOR.5T8.40525.GPIA,BGD,2023,.586139976978302,,UIS_EST
MOR.5T8.40525.M,BGD,1970,0,NIL,
MOR.5T8.40525.M,BGD,1971,0,NIL,
MOR.5T8.40525.M,BGD,1972,0,NIL,
MOR.5T8.40525.M,BGD,1973,0,NIL,
MOR.5T8.40525.M,BGD,1974,0,NIL,
MOR.5T8.40525.M,BGD,1975,0,NIL,
MOR.5T8.40525.M,BGD,1976,0,NIL,
MOR.5T8.40525.M,BGD,1977,0,NIL,
MOR.5T8.40525.M,BGD,1978,0,NIL,
MOR.5T8.40525.M,BGD,1979,0,NIL,
MOR.5T8.40525.M,BGD,1980,0,NIL,
MOR.5T8.40525.M,BGD,1981,0,NIL,
MOR.5T8.40525.M,BGD,1982,0,NIL,
MOR.5T8.40525.M,BGD,1983,0,NIL,
MOR.5T8.40525.M,BGD,1984,0,NIL,
MOR.5T8.40525.M,BGD,1985,0,NIL,
MOR.5T8.40525.M,BGD,1986,0,NIL,
MOR.5T8.40525.M,BGD,1987,0,NIL,
MOR.5T8.40525.M,BGD,1988,0,NIL,
MOR.5T8.40525.M,BGD,1989,0,NIL,
MOR.5T8.40525.M,BGD,1990,0,NIL,
MOR.5T8.40525.M,BGD,1991,0,NIL,
MOR.5T8.40525.M,BGD,1992,0,NIL,
MOR.5T8.40525.M,BGD,1993,0,NIL,
MOR.5T8.40525.M,BGD,1994,0,NIL,
MOR.5T8.40525.M,BGD,1995,0,NIL,
MOR.5T8.40525.M,BGD,1996,0,NIL,
MOR.5T8.40525.M,BGD,1997,0,NIL,
MOR.5T8.40525.M,BGD,1998,0,NIL,
MOR.5T8.40525.M,BGD,1999,0,NIL,
MOR.5T8.40525.M,BGD,2000,0,NIL,
MOR.5T8.40525.M,BGD,2001,0,NIL,
MOR.5T8.40525.M,BGD,2002,0,NIL,
MOR.5T8.40525.M,BGD,2003,0,NIL,
MOR.5T8.40525.M,BGD,2004,0,NIL,
MOR.5T8.40525.M,BGD,2005,0,NIL,
MOR.5T8.40525.M,BGD,2006,0,NIL,
MOR.5T8.40525.M,BGD,2007,0,NIL,
MOR.5T8.40525.M,BGD,2008,0,NIL,
MOR.5T8.40525.M,BGD,2009,0,NIL,
MOR.5T8.40525.M,BGD,2010,0,NIL,
MOR.5T8.40525.M,BGD,2011,0,NIL,
MOR.5T8.40525.M,BGD,2012,.0599800013005733,,UIS_EST
MOR.5T8.40525.M,BGD,2014,.0831900015473366,,UIS_EST
MOR.5T8.40525.M,BGD,2016,.0661199986934662,,UIS_EST
MOR.5T8.40525.M,BGD,2017,.0666100010275841,,UIS_EST
MOR.5T8.40525.M,BGD,2018,.061829999089241,,UIS_EST
MOR.5T8.40525.M,BGD,2019,.0658499971032143,,UIS_EST
MOR.5T8.40525.M,BGD,2020,.0801500007510185,,UIS_EST
MOR.5T8.40525.M,BGD,2022,.0756599977612495,,UIS_EST
MOR.5T8.40525.M,BGD,2023,.0845900028944016,,UIS_EST
MOR.5T8.40530,BGD,1999,.0115599995478988,,UIS_EST
MOR.5T8.40530,BGD,2000,.009010000154376,,
MOR.5T8.40530,BGD,2001,.0052399998530746,,
MOR.5T8.40530,BGD,2002,.0064300000667572,,UIS_EST
MOR.5T8.40530,BGD,2003,.0057000000961125,,
MOR.5T8.40530,BGD,2004,.0052399998530746,,UIS_EST
MOR.5T8.40530,BGD,2005,.006359999999404,,
MOR.5T8.40530,BGD,2006,.0096800001338124,,
MOR.5T8.40530,BGD,2007,.0205199997872114,,
MOR.5T8.40530,BGD,2008,.0262599997222424,,
MOR.5T8.40530,BGD,2009,.0135899996384978,,
MOR.5T8.40530,BGD,2011,.0108500001952052,,
MOR.5T8.40530,BGD,2012,.0101399999111891,,UIS_EST
MOR.5T8.40530,BGD,2014,.0175000000745058,,
MOR.5T8.40530,BGD,2016,.0253400001674891,,
MOR.5T8.40530,BGD,2017,.0356100015342236,,
MOR.5T8.40530,BGD,2018,.0468799993395805,,
MOR.5T8.40530,BGD,2019,.043699998408556,,
MOR.5T8.40530,BGD,2020,.0615799985826015,,
MOR.5T8.40530,BGD,2022,.0614200010895729,,
MOR.5T8.40530,BGD,2023,.069470003247261,,
MOR.5T8.40530.F,BGD,2012,.0017600000137463,,UIS_EST
MOR.5T8.40530.F,BGD,2014,.005379999987781,,UIS_EST
MOR.5T8.40530.F,BGD,2016,.0090899998322129,,UIS_EST
MOR.5T8.40530.F,BGD,2017,.0122600002214313,,UIS_EST
MOR.5T8.40530.F,BGD,2018,.0141200004145503,,
MOR.5T8.40530.F,BGD,2019,.0150499995797873,,
MOR.5T8.40530.F,BGD,2020,.0209599994122982,,
MOR.5T8.40530.F,BGD,2022,.0218700002878904,,
MOR.5T8.40530.F,BGD,2023,.0240599997341633,,UIS_EST
MOR.5T8.40530.GPIA,BGD,2012,.1098700016736984,,UIS_EST
MOR.5T8.40530.GPIA,BGD,2014,.2055200040340424,,UIS_EST
MOR.5T8.40530.GPIA,BGD,2016,.2503199875354767,,UIS_EST
MOR.5T8.40530.GPIA,BGD,2017,.2386099994182587,,UIS_EST
MOR.5T8.40530.GPIA,BGD,2018,.2039899975061417,,
MOR.5T8.40530.GPIA,BGD,2019,.2369299978017807,,
MOR.5T8.40530.GPIA,BGD,2020,.2285400032997131,,
MOR.5T8.40530.GPIA,BGD,2022,.2330899983644485,,
MOR.5T8.40530.GPIA,BGD,2023,.2238299995660782,,UIS_EST
MOR.5T8.40530.M,BGD,1970,0,NIL,
MOR.5T8.40530.M,BGD,1971,0,NIL,
MOR.5T8.40530.M,BGD,1972,0,NIL,
MOR.5T8.40530.M,BGD,1973,0,NIL,
MOR.5T8.40530.M,BGD,1974,0,NIL,
MOR.5T8.40530.M,BGD,1975,0,NIL,
MOR.5T8.40530.M,BGD,1976,0,NIL,
MOR.5T8.40530.M,BGD,1977,0,NIL,
MOR.5T8.40530.M,BGD,1978,0,NIL,
MOR.5T8.40530.M,BGD,1979,0,NIL,
MOR.5T8.40530.M,BGD,1980,0,NIL,
MOR.5T8.40530.M,BGD,1981,0,NIL,
MOR.5T8.40530.M,BGD,1982,0,NIL,
MOR.5T8.40530.M,BGD,1983,0,NIL,
MOR.5T8.40530.M,BGD,1984,0,NIL,
MOR.5T8.40530.M,BGD,1985,0,NIL,
MOR.5T8.40530.M,BGD,1986,0,NIL,
MOR.5T8.40530.M,BGD,1987,0,NIL,
MOR.5T8.40530.M,BGD,1988,0,NIL,
MOR.5T8.40530.M,BGD,1989,0,NIL,
MOR.5T8.40530.M,BGD,1990,0,NIL,
MOR.5T8.40530.M,BGD,1991,0,NIL,
MOR.5T8.40530.M,BGD,1992,0,NIL,
MOR.5T8.40530.M,BGD,1993,0,NIL,
MOR.5T8.40530.M,BGD,1994,0,NIL,
MOR.5T8.40530.M,BGD,1995,0,NIL,
MOR.5T8.40530.M,BGD,1996,0,NIL,
MOR.5T8.40530.M,BGD,1997,0,NIL,
MOR.5T8.40530.M,BGD,1999,.0170699991285801,,UIS_EST
MOR.5T8.40530.M,BGD,2000,.0133199999108911,,
MOR.5T8.40530.M,BGD,2001,.0079100001603365,,
MOR.5T8.40530.M,BGD,2002,.009460000321269,,UIS_EST
MOR.5T8.40530.M,BGD,2003,.0083799995481968,,
MOR.5T8.40530.M,BGD,2004,.0076500000432134,,UIS_EST
MOR.5T8.40530.M,BGD,2005,.0095600001513958,,
MOR.5T8.40530.M,BGD,2006,.0148499999195337,,
MOR.5T8.40530.M,BGD,2007,.0315099991858006,,
MOR.5T8.40530.M,BGD,2008,.0404900014400482,,
MOR.5T8.40530.M,BGD,2009,.0215600002557039,,
MOR.5T8.40530.M,BGD,2011,.0182300005108118,,
MOR.5T8.40530.M,BGD,2012,.0160499997437,,UIS_EST
MOR.5T8.40530.M,BGD,2014,.0261799991130829,,UIS_EST
MOR.5T8.40530.M,BGD,2016,.0363200008869171,,UIS_EST
MOR.5T8.40530.M,BGD,2017,.0513800010085106,,UIS_EST
MOR.5T8.40530.M,BGD,2018,.0692100003361702,,
MOR.5T8.40530.M,BGD,2019,.0635299980640411,,
MOR.5T8.40530.M,BGD,2020,.091729998588562,,
MOR.5T8.40530.M,BGD,2022,.0938199982047081,,
MOR.5T8.40530.M,BGD,2023,.1075000017881393,,UIS_EST
MOR.5T8.40535,BGD,1999,.0095899999141693,,UIS_EST
MOR.5T8.40535,BGD,2000,.0093599995598197,,
MOR.5T8.40535,BGD,2001,.0732999965548515,,
MOR.5T8.40535,BGD,2002,.0716700032353401,,
MOR.5T8.40535,BGD,2003,.0501499995589256,,
MOR.5T8.40535,BGD,2004,.0471200011670589,,
MOR.5T8.40535,BGD,2005,.044319998472929,,
MOR.5T8.40535,BGD,2006,.0391100011765957,,
MOR.5T8.40535,BGD,2007,.0394599996507168,,UIS_EST
MOR.5T8.40535,BGD,2008,.0395600013434887,,UIS_EST
MOR.5T8.40535,BGD,2009,.0362999998033047,,UIS_EST
MOR.5T8.40535,BGD,2011,.0342399999499321,,
MOR.5T8.40535,BGD,2012,.033610001206398,,
MOR.5T8.40535,BGD,2014,.0439999997615814,,
MOR.5T8.40535,BGD,2016,.048470001667738,,
MOR.5T8.40535,BGD,2017,.0639299973845482,,
MOR.5T8.40535,BGD,2018,.0575600005686283,,
MOR.5T8.40535,BGD,2019,.0638599991798401,,
MOR.5T8.40535,BGD,2020,.0725300014019012,,
MOR.5T8.40535,BGD,2022,.0765400007367134,,
MOR.5T8.40535,BGD,2023,.0734499990940094,,
MOR.5T8.40535.F,BGD,2012,.0287100002169609,,UIS_EST
MOR.5T8.40535.F,BGD,2014,.0398899987339973,,
MOR.5T8.40535.F,BGD,2016,.0375000014901161,,
MOR.5T8.40535.F,BGD,2017,.0474399998784065,,
MOR.5T8.40535.F,BGD,2018,.0398800000548363,,
MOR.5T8.40535.F,BGD,2019,.046169999986887,,
MOR.5T8.40535.F,BGD,2020,.0525799989700317,,
MOR.5T8.40535.F,BGD,2022,.0534599982202053,,
MOR.5T8.40535.F,BGD,2023,.050670001655817,,
MOR.5T8.40535.GPIA,BGD,2012,.7745599746704102,,UIS_EST
MOR.5T8.40535.GPIA,BGD,2014,.8498200178146362,,
MOR.5T8.40535.GPIA,BGD,2016,.6710500121116638,,
MOR.5T8.40535.GPIA,BGD,2017,.6319599747657776,,
MOR.5T8.40535.GPIA,BGD,2018,.5728200078010559,,
MOR.5T8.40535.GPIA,BGD,2019,.6067699790000916,,
MOR.5T8.40535.GPIA,BGD,2020,.6018999814987183,,
MOR.5T8.40535.GPIA,BGD,2022,.5601699948310852,,
MOR.5T8.40535.GPIA,BGD,2023,.5476599931716919,,
MOR.5T8.40535.M,BGD,1970,0,NIL,
MOR.5T8.40535.M,BGD,1971,0,NIL,
MOR.5T8.40535.M,BGD,1972,0,NIL,
MOR.5T8.40535.M,BGD,1973,0,NIL,
MOR.5T8.40535.M,BGD,1974,0,NIL,
MOR.5T8.40535.M,BGD,1975,0,NIL,
MOR.5T8.40535.M,BGD,1976,0,NIL,
MOR.5T8.40535.M,BGD,1977,0,NIL,
MOR.5T8.40535.M,BGD,1978,0,NIL,
MOR.5T8.40535.M,BGD,1979,0,NIL,
MOR.5T8.40535.M,BGD,1980,0,NIL,
MOR.5T8.40535.M,BGD,1981,0,NIL,
MOR.5T8.40535.M,BGD,1982,0,NIL,
MOR.5T8.40535.M,BGD,1983,0,NIL,
MOR.5T8.40535.M,BGD,1984,0,NIL,
MOR.5T8.40535.M,BGD,1985,0,NIL,
MOR.5T8.40535.M,BGD,1986,0,NIL,
MOR.5T8.40535.M,BGD,1987,0,NIL,
MOR.5T8.40535.M,BGD,1988,0,NIL,
MOR.5T8.40535.M,BGD,1989,0,NIL,
MOR.5T8.40535.M,BGD,1990,0,NIL,
MOR.5T8.40535.M,BGD,1991,0,NIL,
MOR.5T8.40535.M,BGD,1992,0,NIL,
MOR.5T8.40535.M,BGD,1993,0,NIL,
MOR.5T8.40535.M,BGD,1994,0,NIL,
MOR.5T8.40535.M,BGD,1995,0,NIL,
MOR.5T8.40535.M,BGD,1996,0,NIL,
MOR.5T8.40535.M,BGD,1997,0,NIL,
MOR.5T8.40535.M,BGD,1998,0,NIL,
MOR.5T8.40535.M,BGD,1999,.0141599997878075,,UIS_EST
MOR.5T8.40535.M,BGD,2000,.0138199999928474,,
MOR.5T8.40535.M,BGD,2001,.1107899993658066,,
MOR.5T8.40535.M,BGD,2002,.1054100021719933,,
MOR.5T8.40535.M,BGD,2003,.0737800002098083,,
MOR.5T8.40535.M,BGD,2004,.0688399970531464,,
MOR.5T8.40535.M,BGD,2005,.0665900036692619,,
MOR.5T8.40535.M,BGD,2006,.0599999986588955,,
MOR.5T8.40535.M,BGD,2007,.0606100000441074,,UIS_EST
MOR.5T8.40535.M,BGD,2008,.060989998281002,,UIS_EST
MOR.5T8.40535.M,BGD,2009,.0575900003314018,,UIS_EST
MOR.5T8.40535.M,BGD,2011,.0574899986386299,,
MOR.5T8.40535.M,BGD,2012,.0370699986815453,,UIS_EST
MOR.5T8.40535.M,BGD,2014,.0469399988651276,,
MOR.5T8.40535.M,BGD,2016,.0558799989521503,,
MOR.5T8.40535.M,BGD,2017,.0750600025057793,,
MOR.5T8.40535.M,BGD,2018,.0696199983358383,,
MOR.5T8.40535.M,BGD,2019,.0760900005698204,,
MOR.5T8.40535.M,BGD,2020,.0873500034213066,,
MOR.5T8.40535.M,BGD,2022,.095440000295639,,
MOR.5T8.40535.M,BGD,2023,.092519998550415,,
MOR.5T8.40540,BGD,1999,.0002800000074785,,UIS_EST
MOR.5T8.40540,BGD,2008,.0001500000071246,,UIS_EST
MOR.5T8.40540,BGD,2009,.0002500000118744,,UIS_EST
MOR.5T8.40540,BGD,2011,.0003999999898952,,UIS_EST
MOR.5T8.40540,BGD,2012,.0014199999859557,,UIS_EST
MOR.5T8.40540,BGD,2014,.0034300000406802,,UIS_EST
MOR.5T8.40540,BGD,2016,.0015600000042468,,UIS_EST
MOR.5T8.40540,BGD,2017,.0018500000005588,,UIS_EST
MOR.5T8.40540,BGD,2018,.0015800000401214,,UIS_EST
MOR.5T8.40540,BGD,2019,.0015800000401214,,UIS_EST
MOR.5T8.40540,BGD,2020,.0018200000049546,,UIS_EST
MOR.5T8.40540,BGD,2022,.0014400000218302,,UIS_EST
MOR.5T8.40540,BGD,2023,.0012700000079349,,UIS_EST
MOR.5T8.40540.F,BGD,2012,.0009800000116229,,UIS_EST
MOR.5T8.40540.F,BGD,2014,.0017399999778718,,UIS_EST
MOR.5T8.40540.F,BGD,2016,.0015600000042468,,UIS_EST
MOR.5T8.40540.F,BGD,2017,.0016199999954551,,UIS_EST
MOR.5T8.40540.F,BGD,2018,.0013599999947473,,UIS_EST
MOR.5T8.40540.F,BGD,2019,.0015699999639764,,UIS_EST
MOR.5T8.40540.F,BGD,2020,.0018700000364333,,UIS_EST
MOR.5T8.40540.F,BGD,2022,.0016899999463931,,UIS_EST
MOR.5T8.40540.F,BGD,2023,.0015000000130385,,UIS_EST
MOR.5T8.40540.GPIA,BGD,2012,.5673499703407288,,UIS_EST
MOR.5T8.40540.GPIA,BGD,2014,.373989999294281,,UIS_EST
MOR.5T8.40540.GPIA,BGD,2016,1.006479978561401,,UIS_EST
MOR.5T8.40540.GPIA,BGD,2017,.8073700070381165,,UIS_EST
MOR.5T8.40540.GPIA,BGD,2018,.7891499996185303,,UIS_EST
MOR.5T8.40540.GPIA,BGD,2019,.9946100115776062,,UIS_EST
MOR.5T8.40540.GPIA,BGD,2020,1.045300006866455,,UIS_EST
MOR.5T8.40540.GPIA,BGD,2022,1.26554000377655,,UIS_EST
MOR.5T8.40540.GPIA,BGD,2023,1.285529971122742,,UIS_EST
MOR.5T8.40540.M,BGD,1970,0,NIL,
MOR.5T8.40540.M,BGD,1971,0,NIL,
MOR.5T8.40540.M,BGD,1972,0,NIL,
MOR.5T8.40540.M,BGD,1973,0,NIL,
MOR.5T8.40540.M,BGD,1974,0,NIL,
MOR.5T8.40540.M,BGD,1975,0,NIL,
MOR.5T8.40540.M,BGD,1976,0,NIL,
MOR.5T8.40540.M,BGD,1977,0,NIL,
MOR.5T8.40540.M,BGD,1978,0,NIL,
MOR.5T8.40540.M,BGD,1979,0,NIL,
MOR.5T8.40540.M,BGD,1980,0,NIL,
MOR.5T8.40540.M,BGD,1981,0,NIL,
MOR.5T8.40540.M,BGD,1982,0,NIL,
MOR.5T8.40540.M,BGD,1983,0,NIL,
MOR.5T8.40540.M,BGD,1984,0,NIL,
MOR.5T8.40540.M,BGD,1985,0,NIL,
MOR.5T8.40540.M,BGD,1986,0,NIL,
MOR.5T8.40540.M,BGD,1987,0,NIL,
MOR.5T8.40540.M,BGD,1988,0,NIL,
MOR.5T8.40540.M,BGD,1989,0,NIL,
MOR.5T8.40540.M,BGD,1990,0,NIL,
MOR.5T8.40540.M,BGD,1991,0,NIL,
MOR.5T8.40540.M,BGD,1992,0,NIL,
MOR.5T8.40540.M,BGD,1993,0,NIL,
MOR.5T8.40540.M,BGD,1994,0,NIL,
MOR.5T8.40540.M,BGD,1995,0,NIL,
MOR.5T8.40540.M,BGD,1996,0,NIL,
MOR.5T8.40540.M,BGD,1997,0,NIL,
MOR.5T8.40540.M,BGD,1999,.0004199999966659,,UIS_EST
MOR.5T8.40540.M,BGD,2000,0,NIL,
MOR.5T8.40540.M,BGD,2001,0,NIL,
MOR.5T8.40540.M,BGD,2002,0,NIL,
MOR.5T8.40540.M,BGD,2003,0,NIL,
MOR.5T8.40540.M,BGD,2004,0,NIL,
MOR.5T8.40540.M,BGD,2005,0,NIL,
MOR.5T8.40540.M,BGD,2006,0,NIL,
MOR.5T8.40540.M,BGD,2007,0,NIL,
MOR.5T8.40540.M,BGD,2008,.0002399999939371,,UIS_EST
MOR.5T8.40540.M,BGD,2009,.0003999999898952,,UIS_EST
MOR.5T8.40540.M,BGD,2011,.0006699999794364,,UIS_EST
MOR.5T8.40540.M,BGD,2012,.0017300000181422,,UIS_EST
MOR.5T8.40540.M,BGD,2014,.0046500000171363,,UIS_EST
MOR.5T8.40540.M,BGD,2016,.0015500000445172,,UIS_EST
MOR.5T8.40540.M,BGD,2017,.0020000000949949,,UIS_EST
MOR.5T8.40540.M,BGD,2018,.0017199999419972,,UIS_EST
MOR.5T8.40540.M,BGD,2019,.0015800000401214,,UIS_EST
MOR.5T8.40540.M,BGD,2020,.0017800000496209,,UIS_EST
MOR.5T8.40540.M,BGD,2022,.0012400000123307,,UIS_EST
MOR.5T8.40540.M,BGD,2023,.0010699999984354,,UIS_EST
MSEP.5T8,BGD,2002,.0413900017738342,,
MSEP.5T8,BGD,2003,.0438800007104874,,
MSEP.5T8,BGD,2004,.0818200036883354,,
MSEP.5T8,BGD,2005,.0820500031113625,,
MSEP.5T8,BGD,2006,.0891299992799759,,
MSEP.5T8,BGD,2007,.0584100000560284,,
MSEP.5T8,BGD,2008,.0810299962759018,,
MSEP.5T8,BGD,2009,.1004299968481064,,
MSEP.5T8,BGD,2022,.0598308578239404,,
MSEP.5T8.F,BGD,2022,.0261537502672168,,
MSEP.5T8.GPIA,BGD,2022,.2991753475504418,,
MSEP.5T8.M,BGD,2022,.0874194698238202,,
MYS.1T8.AG25T99,BGD,1974,1.231619954109192,,
MYS.1T8.AG25T99,BGD,1981,2.07190990447998,,
MYS.1T8.AG25T99,BGD,2001,4.396870136260986,,
MYS.1T8.AG25T99,BGD,2011,5.198870182037354,,
MYS.1T8.AG25T99,BGD,2012,5.302340030670166,,
MYS.1T8.AG25T99,BGD,2013,5.064770221710205,,
MYS.1T8.AG25T99,BGD,2014,5.194399833679199,,
MYS.1T8.AG25T99,BGD,2015,5.985829830169678,,
MYS.1T8.AG25T99,BGD,2016,6.113890171051025,,
MYS.1T8.AG25T99,BGD,2017,6.270249843597412,,
MYS.1T8.AG25T99,BGD,2018,6.385879993438721,,
MYS.1T8.AG25T99,BGD,2019,6.549980163574219,,
MYS.1T8.AG25T99,BGD,2020,7.09621000289917,,
MYS.1T8.AG25T99,BGD,2021,6.785880088806152,,
MYS.1T8.AG25T99.F,BGD,1974,.3626199960708618,,
MYS.1T8.AG25T99.F,BGD,1981,.9218500256538391,,
MYS.1T8.AG25T99.F,BGD,2001,3.779309988021851,,
MYS.1T8.AG25T99.F,BGD,2011,4.404220104217529,,
MYS.1T8.AG25T99.F,BGD,2012,4.538990020751953,,
MYS.1T8.AG25T99.F,BGD,2013,4.36722993850708,,
MYS.1T8.AG25T99.F,BGD,2014,4.598360061645508,,
MYS.1T8.AG25T99.F,BGD,2015,5.341070175170898,,
MYS.1T8.AG25T99.F,BGD,2016,5.438829898834229,,
MYS.1T8.AG25T99.F,BGD,2017,5.63923978805542,,
MYS.1T8.AG25T99.F,BGD,2018,5.798319816589355,,
MYS.1T8.AG25T99.F,BGD,2019,5.977169990539551,,
MYS.1T8.AG25T99.F,BGD,2020,6.473720073699951,,
MYS.1T8.AG25T99.F,BGD,2021,6.244279861450195,,
MYS.1T8.AG25T99.GPIA,BGD,1974,.1767500042915344,,
MYS.1T8.AG25T99.GPIA,BGD,1981,.2973000109195709,,
MYS.1T8.AG25T99.GPIA,BGD,2001,.7554500102996826,,
MYS.1T8.AG25T99.GPIA,BGD,2011,.7329699993133545,,
MYS.1T8.AG25T99.GPIA,BGD,2012,.7462700009346008,,
MYS.1T8.AG25T99.GPIA,BGD,2013,.7598699927330017,,
MYS.1T8.AG25T99.GPIA,BGD,2014,.7927500009536743,,
MYS.1T8.AG25T99.GPIA,BGD,2015,.8049600124359131,,
MYS.1T8.AG25T99.GPIA,BGD,2016,.8020300269126892,,
MYS.1T8.AG25T99.GPIA,BGD,2017,.8166900277137756,,
MYS.1T8.AG25T99.GPIA,BGD,2018,.8284599781036377,,
MYS.1T8.AG25T99.GPIA,BGD,2019,.8370299935340881,,
MYS.1T8.AG25T99.GPIA,BGD,2020,.8422300219535828,,
MYS.1T8.AG25T99.GPIA,BGD,2021,.8491600155830383,,
MYS.1T8.AG25T99.M,BGD,1974,2.051549911499023,,
MYS.1T8.AG25T99.M,BGD,1981,3.100729942321777,,
MYS.1T8.AG25T99.M,BGD,2001,5.002749919891357,,
MYS.1T8.AG25T99.M,BGD,2011,6.008749961853027,,
MYS.1T8.AG25T99.M,BGD,2012,6.082240104675293,,
MYS.1T8.AG25T99.M,BGD,2013,5.747340202331543,,
MYS.1T8.AG25T99.M,BGD,2014,5.800479888916016,,
MYS.1T8.AG25T99.M,BGD,2015,6.635240077972412,,
MYS.1T8.AG25T99.M,BGD,2016,6.781320095062256,,
MYS.1T8.AG25T99.M,BGD,2017,6.905029773712158,,
MYS.1T8.AG25T99.M,BGD,2018,6.998960018157959,,
MYS.1T8.AG25T99.M,BGD,2019,7.140940189361572,,
MYS.1T8.AG25T99.M,BGD,2020,7.737110137939453,,
MYS.1T8.AG25T99.M,BGD,2021,7.353469848632813,,
NART.1,BGD,2006,83.19296264648438,,
NART.1,BGD,2011,91.20401763916016,,
NART.1,BGD,2014,93.87664794921875,,
NART.1,BGD,2019,93.48932647705078,,
NART.1,BGD,2022,93.02597808837891,,
NART.1.F,BGD,2006,85.28743743896484,,
NART.1.F,BGD,2011,92.34123229980469,,
NART.1.F,BGD,2014,95.05950164794922,,
NART.1.F,BGD,2019,95.33305358886719,,
NART.1.F,BGD,2022,94.56310272216797,,
NART.1.F.LPIA,BGD,2006,1.003589987754822,,
NART.1.F.LPIA,BGD,2011,1.023730039596558,,
NART.1.F.LPIA,BGD,2014,1.015750050544739,,
NART.1.F.LPIA,BGD,2019,.9995099902153015,,
NART.1.F.LPIA,BGD,2022,1.019369959831238,,
NART.1.F.WPIA,BGD,2006,.8778200149536133,,
NART.1.F.WPIA,BGD,2011,.9174000024795532,,
NART.1.F.WPIA,BGD,2014,.9637600183486938,,
NART.1.F.WPIA,BGD,2019,.9621099829673767,,
NART.1.F.WPIA,BGD,2022,.9780399799346924,,
NART.1.GPIA,BGD,2006,1.047989964485168,,
NART.1.GPIA,BGD,2011,1.024440050125122,,
NART.1.GPIA,BGD,2014,1.024230003356934,,
NART.1.GPIA,BGD,2019,1.038100004196167,,
NART.1.GPIA,BGD,2022,1.032570004463196,,
NART.1.LPIA,BGD,2006,.9998900294303894,,
NART.1.LPIA,BGD,2011,1.012509942054749,,
NART.1.LPIA,BGD,2014,1.006049990653992,,
NART.1.LPIA,BGD,2019,.9954000115394592,,
NART.1.LPIA,BGD,2022,1.020480036735535,,
NART.1.M,BGD,2006,81.19415283203125,,
NART.1.M,BGD,2011,90.08403778076172,,
NART.1.M,BGD,2014,92.75621795654297,,
NART.1.M,BGD,2019,91.70072937011719,,
NART.1.M,BGD,2022,91.48362731933594,,
NART.1.M.LPIA,BGD,2006,.9955599904060364,,
NART.1.M.LPIA,BGD,2011,1.000959992408752,,
NART.1.M.LPIA,BGD,2014,.9976099729537964,,
NART.1.M.LPIA,BGD,2019,.9915099740028381,,
NART.1.M.LPIA,BGD,2022,1.019209980964661,,
NART.1.M.WPIA,BGD,2006,.7899799942970276,,
NART.1.M.WPIA,BGD,2011,.8559600114822388,,
NART.1.M.WPIA,BGD,2014,.9132999777793884,,
NART.1.M.WPIA,BGD,2019,.922789990901947,,
NART.1.M.WPIA,BGD,2022,.9399999976158142,,
NART.1.Q1,BGD,2006,74.89637756347656,,
NART.1.Q1,BGD,2011,83.66725158691406,,
NART.1.Q1,BGD,2014,89.89333343505859,,
NART.1.Q1,BGD,2019,90.74687194824219,,
NART.1.Q1,BGD,2022,91.85755157470703,,
NART.1.Q1.F,BGD,2006,78.10423278808594,,
NART.1.Q1.F,BGD,2011,86.13720703125,,
NART.1.Q1.F,BGD,2014,92.22585296630859,,
NART.1.Q1.F,BGD,2019,93.57257843017578,,
NART.1.Q1.F,BGD,2022,94.16024017333984,,
NART.1.Q1.F.LPIA,BGD,2006,1.076949954032898,,
NART.1.Q1.F.LPIA,BGD,2011,1.055709958076477,,
NART.1.Q1.F.LPIA,BGD,2014,.9489700198173523,,
NART.1.Q1.F.LPIA,BGD,2019,.9676600098609924,,
NART.1.Q1.F.LPIA,BGD,2022,1.021479964256287,,
NART.1.Q1.GPIA,BGD,2006,1.081840038299561,,
NART.1.Q1.GPIA,BGD,2011,1.054370045661926,,
NART.1.Q1.GPIA,BGD,2014,1.05062997341156,,
NART.1.Q1.GPIA,BGD,2019,1.05826997756958,,
NART.1.Q1.GPIA,BGD,2022,1.049630045890808,,
NART.1.Q1.LPIA,BGD,2006,1.092960000038147,,
NART.1.Q1.LPIA,BGD,2011,1.046640038490295,,
NART.1.Q1.LPIA,BGD,2014,.932889997959137,,
NART.1.Q1.LPIA,BGD,2019,.9594600200653076,,
NART.1.Q1.LPIA,BGD,2022,1.032899975776672,,
NART.1.Q1.M,BGD,2006,71.71231079101563,,
NART.1.Q1.M,BGD,2011,81.453857421875,,
NART.1.Q1.M,BGD,2014,87.55673217773438,,
NART.1.Q1.M,BGD,2019,88.12039947509766,,
NART.1.Q1.M,BGD,2022,89.48737335205078,,
NART.1.Q1.M.LPIA,BGD,2006,1.111559987068176,,
NART.1.Q1.M.LPIA,BGD,2011,1.034420013427734,,
NART.1.Q1.M.LPIA,BGD,2014,.9194700121879578,,
NART.1.Q1.M.LPIA,BGD,2019,.9526900053024292,,
NART.1.Q1.M.LPIA,BGD,2022,1.046020030975342,,
NART.1.Q2,BGD,2006,82.21260833740234,,
NART.1.Q2,BGD,2011,91.68763732910156,,
NART.1.Q2,BGD,2014,94.88427734375,,
NART.1.Q2,BGD,2019,92.88478851318359,,
NART.1.Q2,BGD,2022,92.39951324462891,,
NART.1.Q2.F,BGD,2006,84.69873046875,,
NART.1.Q2.F,BGD,2011,92.85994720458984,,
NART.1.Q2.F,BGD,2014,95.56404113769531,,
NART.1.Q2.F,BGD,2019,94.32682037353516,,
NART.1.Q2.F,BGD,2022,93.83602142333984,,
NART.1.Q2.F.LPIA,BGD,2006,1.05706000328064,,
NART.1.Q2.F.LPIA,BGD,2011,.9742799997329712,,
NART.1.Q2.F.LPIA,BGD,2014,.9925799965858459,,
NART.1.Q2.F.LPIA,BGD,2019,1.016119956970215,,
NART.1.Q2.F.LPIA,BGD,2022,1.076840043067932,,
NART.1.Q2.GPIA,BGD,2006,1.056859970092773,,
NART.1.Q2.GPIA,BGD,2011,1.024850010871887,,
NART.1.Q2.GPIA,BGD,2014,1.013090014457703,,
NART.1.Q2.GPIA,BGD,2019,1.03013002872467,,
NART.1.Q2.GPIA,BGD,2022,1.031030058860779,,
NART.1.Q2.LPIA,BGD,2006,1.09280002117157,,
NART.1.Q2.LPIA,BGD,2011,1.004860043525696,,
NART.1.Q2.LPIA,BGD,2014,.989080011844635,,
NART.1.Q2.LPIA,BGD,2019,.9859300255775452,,
NART.1.Q2.LPIA,BGD,2022,1.077229976654053,,
NART.1.Q2.M,BGD,2006,79.88288879394531,,
NART.1.Q2.M,BGD,2011,90.55207061767578,,
NART.1.Q2.M,BGD,2014,94.31342315673828,,
NART.1.Q2.M,BGD,2019,91.48461151123047,,
NART.1.Q2.M,BGD,2022,90.92398834228516,,
NART.1.Q2.M.LPIA,BGD,2006,1.12362003326416,,
NART.1.Q2.M.LPIA,BGD,2011,1.026049971580505,,
NART.1.Q2.M.LPIA,BGD,2014,.9860900044441223,,
NART.1.Q2.M.LPIA,BGD,2019,.9569299817085266,,
NART.1.Q2.M.LPIA,BGD,2022,1.075379967689514,,
NART.1.Q3,BGD,2006,84.64359283447266,,
NART.1.Q3,BGD,2011,94.8211669921875,,
NART.1.Q3,BGD,2014,95.92755126953125,,
NART.1.Q3,BGD,2019,94.34767913818359,,
NART.1.Q3,BGD,2022,91.66567230224609,,
NART.1.Q3.F,BGD,2006,87.66626739501953,,
NART.1.Q3.F,BGD,2011,95.99736022949219,,
NART.1.Q3.F,BGD,2014,97.01149749755859,,
NART.1.Q3.F,BGD,2019,96.13903045654297,,
NART.1.Q3.F,BGD,2022,93.30960083007813,,
NART.1.Q3.F.LPIA,BGD,2006,1.062080025672913,,
NART.1.Q3.F.LPIA,BGD,2011,1.016469955444336,,
NART.1.Q3.F.LPIA,BGD,2014,1.075219988822937,,
NART.1.Q3.F.LPIA,BGD,2019,1.030259966850281,,
NART.1.Q3.F.LPIA,BGD,2022,1.063269972801208,,
NART.1.Q3.GPIA,BGD,2006,1.066580057144165,,
NART.1.Q3.GPIA,BGD,2011,1.025020003318787,,
NART.1.Q3.GPIA,BGD,2014,1.021309971809387,,
NART.1.Q3.GPIA,BGD,2019,1.036880016326904,,
NART.1.Q3.GPIA,BGD,2022,1.034700036048889,,
NART.1.Q3.LPIA,BGD,2006,1.101070046424866,,
NART.1.Q3.LPIA,BGD,2011,1.026239991188049,,
NART.1.Q3.LPIA,BGD,2014,1.061200022697449,,
NART.1.Q3.LPIA,BGD,2019,1.03863000869751,,
NART.1.Q3.LPIA,BGD,2022,1.070000052452087,,
NART.1.Q3.M,BGD,2006,81.8294677734375,,
NART.1.Q3.M,BGD,2011,93.59565734863281,,
NART.1.Q3.M,BGD,2014,94.94458770751953,,
NART.1.Q3.M,BGD,2019,92.59310150146484,,
NART.1.Q3.M,BGD,2022,90.07131958007813,,
NART.1.Q3.M.LPIA,BGD,2006,1.138020038604736,,
NART.1.Q3.M.LPIA,BGD,2011,1.034620046615601,,
NART.1.Q3.M.LPIA,BGD,2014,1.048079967498779,,
NART.1.Q3.M.LPIA,BGD,2019,1.047950029373169,,
NART.1.Q3.M.LPIA,BGD,2022,1.074270009994507,,
NART.1.Q4,BGD,2006,88.97667694091797,,
NART.1.Q4,BGD,2011,93.9471435546875,,
NART.1.Q4,BGD,2014,94.48927307128906,,
NART.1.Q4,BGD,2019,93.92877197265625,,
NART.1.Q4,BGD,2022,93.86219787597656,,
NART.1.Q4.F,BGD,2006,90.87420654296875,,
NART.1.Q4.F,BGD,2011,94.27852630615234,,
NART.1.Q4.F,BGD,2014,96.07769012451172,,
NART.1.Q4.F,BGD,2019,95.91686248779297,,
NART.1.Q4.F,BGD,2022,95.46462249755859,,
NART.1.Q4.F.LPIA,BGD,2006,1.049280047416687,,
NART.1.Q4.F.LPIA,BGD,2011,1.092659950256348,,
NART.1.Q4.F.LPIA,BGD,2014,1.061959981918335,,
NART.1.Q4.F.LPIA,BGD,2019,1.042479991912842,,
NART.1.Q4.F.LPIA,BGD,2022,1.033360004425049,,
NART.1.Q4.GPIA,BGD,2006,1.039909958839417,,
NART.1.Q4.GPIA,BGD,2011,1.00724995136261,,
NART.1.Q4.GPIA,BGD,2014,1.032719969749451,,
NART.1.Q4.GPIA,BGD,2019,1.041440010070801,,
NART.1.Q4.GPIA,BGD,2022,1.033980011940002,,
NART.1.Q4.LPIA,BGD,2006,1.070350050926208,,
NART.1.Q4.LPIA,BGD,2011,1.105829954147339,,
NART.1.Q4.LPIA,BGD,2014,1.072440028190613,,
NART.1.Q4.LPIA,BGD,2019,1.049020051956177,,
NART.1.Q4.LPIA,BGD,2022,1.039109945297241,,
NART.1.Q4.M,BGD,2006,87.24722290039063,,
NART.1.Q4.M,BGD,2011,93.59529876708984,,
NART.1.Q4.M,BGD,2014,92.93448638916016,,
NART.1.Q4.M,BGD,2019,91.94174957275391,,
NART.1.Q4.M,BGD,2022,92.22055816650391,,
NART.1.Q4.M.LPIA,BGD,2006,1.087730050086975,,
NART.1.Q4.M.LPIA,BGD,2011,1.119789958000183,,
NART.1.Q4.M.LPIA,BGD,2014,1.087299942970276,,
NART.1.Q4.M.LPIA,BGD,2019,1.054620027542114,,
NART.1.Q4.M.LPIA,BGD,2022,1.042610049247742,,
NART.1.Q5,BGD,2006,89.87770843505859,,
NART.1.Q5,BGD,2011,94.52681732177734,,
NART.1.Q5,BGD,2014,95.77934265136719,,
NART.1.Q5,BGD,2019,96.36894989013672,,
NART.1.Q5,BGD,2022,95.7269287109375,,
NART.1.Q5.F,BGD,2006,88.974853515625,,
NART.1.Q5.F,BGD,2011,93.89230346679688,,
NART.1.Q5.F,BGD,2014,95.69394683837891,,
NART.1.Q5.F,BGD,2019,97.25785827636719,,
NART.1.Q5.F,BGD,2022,96.27455902099609,,
NART.1.Q5.F.LPIA,BGD,2006,1.021690011024475,,
NART.1.Q5.F.LPIA,BGD,2011,1.063140034675598,,
NART.1.Q5.F.LPIA,BGD,2014,1.030709981918335,,
NART.1.Q5.F.LPIA,BGD,2019,1.006979942321777,,
NART.1.Q5.F.LPIA,BGD,2022,.9920200109481812,,
NART.1.Q5.GPIA,BGD,2006,.9801399707794189,,
NART.1.Q5.GPIA,BGD,2011,.9866700172424316,,
NART.1.Q5.GPIA,BGD,2014,.9981799721717834,,
NART.1.Q5.GPIA,BGD,2019,1.018149971961975,,
NART.1.Q5.GPIA,BGD,2022,1.011170029640198,,
NART.1.Q5.LPIA,BGD,2006,1.005859971046448,,
NART.1.Q5.LPIA,BGD,2011,1.048480033874512,,
NART.1.Q5.LPIA,BGD,2014,1.017099976539612,,
NART.1.Q5.LPIA,BGD,2019,1.017410039901733,,
NART.1.Q5.LPIA,BGD,2022,1.004119992256165,,
NART.1.Q5.M,BGD,2006,90.77747344970703,,
NART.1.Q5.M,BGD,2011,95.16074371337891,,
NART.1.Q5.M,BGD,2014,95.86813354492188,,
NART.1.Q5.M,BGD,2019,95.49310302734375,,
NART.1.Q5.M,BGD,2022,95.19956970214844,,
NART.1.Q5.M.LPIA,BGD,2006,.9902600049972534,,
NART.1.Q5.M.LPIA,BGD,2011,1.033789992332458,,
NART.1.Q5.M.LPIA,BGD,2014,1.003389954566956,,
NART.1.Q5.M.LPIA,BGD,2019,1.027680039405823,,
NART.1.Q5.M.LPIA,BGD,2022,1.01502001285553,,
NART.1.RUR,BGD,2006,83.19062042236328,,
NART.1.RUR,BGD,2011,91.45540618896484,,
NART.1.RUR,BGD,2014,94.01358032226563,,
NART.1.RUR,BGD,2019,93.39978790283203,,
NART.1.RUR,BGD,2022,93.55917358398438,,
NART.1.RUR.F,BGD,2006,85.36778259277344,,
NART.1.RUR.F,BGD,2011,92.82015228271484,,
NART.1.RUR.F,BGD,2014,95.44022369384766,,
NART.1.RUR.F,BGD,2019,95.32331848144531,,
NART.1.RUR.F,BGD,2022,95.04792785644531,,
NART.1.RUR.F.WPIA,BGD,2006,.8712800145149231,,
NART.1.RUR.F.WPIA,BGD,2011,.8822500109672546,,
NART.1.RUR.F.WPIA,BGD,2014,.9386600255966187,,
NART.1.RUR.F.WPIA,BGD,2019,.9560400247573853,,
NART.1.RUR.F.WPIA,BGD,2022,.9841399788856506,,
NART.1.RUR.GPIA,BGD,2006,1.050019979476929,,
NART.1.RUR.GPIA,BGD,2011,1.029270052909851,,
NART.1.RUR.GPIA,BGD,2014,1.02866005897522,,
NART.1.RUR.GPIA,BGD,2019,1.039700031280518,,
NART.1.RUR.GPIA,BGD,2022,1.032050013542175,,
NART.1.RUR.M,BGD,2006,81.09747314453125,,
NART.1.RUR.M,BGD,2011,90.10325622558594,,
NART.1.RUR.M,BGD,2014,92.70533752441406,,
NART.1.RUR.M,BGD,2019,91.53904724121094,,
NART.1.RUR.M,BGD,2022,92.00199127197266,,
NART.1.RUR.M.WPIA,BGD,2006,.8050299882888794,,
NART.1.RUR.M.WPIA,BGD,2011,.8389000296592712,,
NART.1.RUR.M.WPIA,BGD,2014,.9057199954986572,,
NART.1.RUR.M.WPIA,BGD,2019,.9050899744033813,,
NART.1.RUR.M.WPIA,BGD,2022,.9342899918556213,,
NART.1.RUR.Q1,BGD,2006,75.63942718505859,,
NART.1.RUR.Q1,BGD,2011,83.92386627197266,,
NART.1.RUR.Q1,BGD,2014,89.38218688964844,,
NART.1.RUR.Q1,BGD,2019,90.49131011962891,,
NART.1.RUR.Q1,BGD,2022,92.08614349365234,,
NART.1.RUR.Q1.F,BGD,2006,78.751708984375,,
NART.1.RUR.Q1.F,BGD,2011,86.41909027099609,,
NART.1.RUR.Q1.F,BGD,2014,91.78546905517578,,
NART.1.RUR.Q1.F,BGD,2019,93.35851287841797,,
NART.1.RUR.Q1.F,BGD,2022,94.31458282470703,,
NART.1.RUR.Q1.GPIA,BGD,2006,1.078649997711182,,
NART.1.RUR.Q1.GPIA,BGD,2011,1.05511999130249,,
NART.1.RUR.Q1.GPIA,BGD,2014,1.051859974861145,,
NART.1.RUR.Q1.GPIA,BGD,2019,1.059149980545044,,
NART.1.RUR.Q1.GPIA,BGD,2022,1.04790997505188,,
NART.1.RUR.Q1.M,BGD,2006,72.55827331542969,,
NART.1.RUR.Q1.M,BGD,2011,81.65576934814453,,
NART.1.RUR.Q1.M,BGD,2014,87.02504730224609,,
NART.1.RUR.Q1.M,BGD,2019,87.83602905273438,,
NART.1.RUR.Q1.M,BGD,2022,89.79606628417969,,
NART.1.RUR.Q2,BGD,2006,83.15927124023438,,
NART.1.RUR.Q2,BGD,2011,91.71784973144531,,
NART.1.RUR.Q2,BGD,2014,94.8006591796875,,
NART.1.RUR.Q2,BGD,2019,92.78318786621094,,
NART.1.RUR.Q2,BGD,2022,93.39656829833984,,
NART.1.RUR.Q2.F,BGD,2006,85.27265167236328,,
NART.1.RUR.Q2.F,BGD,2011,92.71597290039063,,
NART.1.RUR.Q2.F,BGD,2014,95.50731658935547,,
NART.1.RUR.Q2.F,BGD,2019,94.44461059570313,,
NART.1.RUR.Q2.F,BGD,2022,94.77149200439453,,
NART.1.RUR.Q2.GPIA,BGD,2006,1.048249959945679,,
NART.1.RUR.Q2.GPIA,BGD,2011,1.021389961242676,,
NART.1.RUR.Q2.GPIA,BGD,2014,1.013620018959045,,
NART.1.RUR.Q2.GPIA,BGD,2019,1.034649968147278,,
NART.1.RUR.Q2.GPIA,BGD,2022,1.029760003089905,,
NART.1.RUR.Q2.M,BGD,2006,81.1580810546875,,
NART.1.RUR.Q2.M,BGD,2011,90.73261260986328,,
NART.1.RUR.Q2.M,BGD,2014,94.20668792724609,,
NART.1.RUR.Q2.M,BGD,2019,91.17205810546875,,
NART.1.RUR.Q2.M,BGD,2022,91.95150756835938,,
NART.1.RUR.Q3,BGD,2006,86.43827056884766,,
NART.1.RUR.Q3,BGD,2011,95.10357666015625,,
NART.1.RUR.Q3,BGD,2014,96.97634124755859,,
NART.1.RUR.Q3,BGD,2019,94.81757354736328,,
NART.1.RUR.Q3,BGD,2022,93.26959991455078,,
NART.1.RUR.Q3.F,BGD,2006,88.78736877441406,,
NART.1.RUR.Q3.F,BGD,2011,96.16854095458984,,
NART.1.RUR.Q3.F,BGD,2014,98.24788665771484,,
NART.1.RUR.Q3.F,BGD,2019,96.51924896240234,,
NART.1.RUR.Q3.F,BGD,2022,94.70703887939453,,
NART.1.RUR.Q3.GPIA,BGD,2006,1.051210045814514,,
NART.1.RUR.Q3.GPIA,BGD,2011,1.022750020027161,,
NART.1.RUR.Q3.GPIA,BGD,2014,1.024940013885498,,
NART.1.RUR.Q3.GPIA,BGD,2019,1.0348299741745,,
NART.1.RUR.Q3.GPIA,BGD,2022,1.030390024185181,,
NART.1.RUR.Q3.M,BGD,2006,84.24031066894531,,
NART.1.RUR.Q3.M,BGD,2011,93.98092651367188,,
NART.1.RUR.Q3.M,BGD,2014,95.79788208007813,,
NART.1.RUR.Q3.M,BGD,2019,93.15792846679688,,
NART.1.RUR.Q3.M,BGD,2022,91.82933807373047,,
NART.1.RUR.Q4,BGD,2006,91.09983062744141,,
NART.1.RUR.Q4,BGD,2011,97.04884338378906,,
NART.1.RUR.Q4,BGD,2014,96.95237731933594,,
NART.1.RUR.Q4,BGD,2019,95.04905700683594,,
NART.1.RUR.Q4,BGD,2022,95.29895782470703,,
NART.1.RUR.Q4.F,BGD,2006,92.33033752441406,,
NART.1.RUR.Q4.F,BGD,2011,96.991943359375,,
NART.1.RUR.Q4.F,BGD,2014,98.35870361328125,,
NART.1.RUR.Q4.F,BGD,2019,96.88726043701172,,
NART.1.RUR.Q4.F,BGD,2022,96.65255737304688,,
NART.1.RUR.Q4.GPIA,BGD,2006,1.025869965553284,,
NART.1.RUR.Q4.GPIA,BGD,2011,.9987900257110596,,
NART.1.RUR.Q4.GPIA,BGD,2014,1.027320027351379,,
NART.1.RUR.Q4.GPIA,BGD,2019,1.038169980049133,,
NART.1.RUR.Q4.GPIA,BGD,2022,1.02918004989624,,
NART.1.RUR.Q4.M,BGD,2006,89.94175720214844,,
NART.1.RUR.Q4.M,BGD,2011,97.10926055908203,,
NART.1.RUR.Q4.M,BGD,2014,95.67120361328125,,
NART.1.RUR.Q4.M,BGD,2019,93.18920135498047,,
NART.1.RUR.Q4.M,BGD,2022,93.83177185058594,,
NART.1.RUR.Q5,BGD,2006,90.26088714599609,,
NART.1.RUR.Q5,BGD,2011,97.64729309082031,,
NART.1.RUR.Q5,BGD,2014,96.904541015625,,
NART.1.RUR.Q5,BGD,2019,97.34707641601563,,
NART.1.RUR.Q5,BGD,2022,95.96505737304688,,
NART.1.RUR.Q5.F,BGD,2006,90.38667297363281,,
NART.1.RUR.Q5.F,BGD,2011,97.95314025878906,,
NART.1.RUR.Q5.F,BGD,2014,97.78338623046875,,
NART.1.RUR.Q5.F,BGD,2019,97.65074920654297,,
NART.1.RUR.Q5.F,BGD,2022,95.8343505859375,,
NART.1.RUR.Q5.GPIA,BGD,2006,1.002820014953613,,
NART.1.RUR.Q5.GPIA,BGD,2011,1.006289958953857,,
NART.1.RUR.Q5.GPIA,BGD,2014,1.017379999160767,,
NART.1.RUR.Q5.GPIA,BGD,2019,1.006189942359924,,
NART.1.RUR.Q5.GPIA,BGD,2022,.9971100091934204,,
NART.1.RUR.Q5.M,BGD,2006,90.13136291503906,,
NART.1.RUR.Q5.M,BGD,2011,97.33718872070313,,
NART.1.RUR.Q5.M,BGD,2014,96.08352661132813,,
NART.1.RUR.Q5.M,BGD,2019,97.04637145996094,,
NART.1.RUR.Q5.M,BGD,2022,96.11167907714844,,
NART.1.RUR.WPIA,BGD,2006,.8380100131034851,,
NART.1.RUR.WPIA,BGD,2011,.8594599962234497,,
NART.1.RUR.WPIA,BGD,2014,.9223700165748596,,
NART.1.RUR.WPIA,BGD,2019,.9295700192451477,,
NART.1.RUR.WPIA,BGD,2022,.9595800042152405,,
NART.1.URB,BGD,2006,83.19947052001953,,
NART.1.URB,BGD,2011,90.31147003173828,,
NART.1.URB,BGD,2014,93.44460296630859,,
NART.1.URB,BGD,2019,93.83152770996094,,
NART.1.URB,BGD,2022,91.64328002929688,,
NART.1.URB.F,BGD,2006,85.0611572265625,,
NART.1.URB.F,BGD,2011,90.61720275878906,,
NART.1.URB.F,BGD,2014,93.93717193603516,,
NART.1.URB.F,BGD,2019,95.37001800537109,,
NART.1.URB.F,BGD,2022,93.20684814453125,,
NART.1.URB.F.WPIA,BGD,2006,.8220599889755249,,
NART.1.URB.F.WPIA,BGD,2011,.889240026473999,,
NART.1.URB.F.WPIA,BGD,2014,1.020059943199158,,
NART.1.URB.F.WPIA,BGD,2019,.9949399828910828,,
NART.1.URB.F.WPIA,BGD,2022,.9553200006484985,,
NART.1.URB.GPIA,BGD,2006,1.042350053787231,,
NART.1.URB.GPIA,BGD,2011,1.006629943847656,,
NART.1.URB.GPIA,BGD,2014,1.01075005531311,,
NART.1.URB.GPIA,BGD,2019,1.031949996948242,,
NART.1.URB.GPIA,BGD,2022,1.031890034675598,,
NART.1.URB.M,BGD,2006,81.45892333984375,,
NART.1.URB.M,BGD,2011,90.01670837402344,,
NART.1.URB.M,BGD,2014,92.92781066894531,,
NART.1.URB.M,BGD,2019,92.32286834716797,,
NART.1.URB.M,BGD,2022,90.23471832275391,,
NART.1.URB.M.WPIA,BGD,2006,.7082499861717224,,
NART.1.URB.M.WPIA,BGD,2011,.8383600115776062,,
NART.1.URB.M.WPIA,BGD,2014,.9883999824523926,,
NART.1.URB.M.WPIA,BGD,2019,.9770900011062622,,
NART.1.URB.M.WPIA,BGD,2022,.9048799872398376,,
NART.1.URB.Q1,BGD,2006,68.60765075683594,,
NART.1.URB.Q1,BGD,2011,80.00988006591797,,
NART.1.URB.Q1,BGD,2014,95.81194305419922,,
NART.1.URB.Q1,BGD,2019,94.31474304199219,,
NART.1.URB.Q1,BGD,2022,89.05657958984375,,
NART.1.URB.Q1.F,BGD,2006,72.69151306152344,,
NART.1.URB.Q1.F,BGD,2011,81.60447692871094,,
NART.1.URB.Q1.F,BGD,2014,96.72116851806641,,
NART.1.URB.Q1.F,BGD,2019,96.47840881347656,,
NART.1.URB.Q1.F,BGD,2022,92.2886962890625,,
NART.1.URB.Q1.GPIA,BGD,2006,1.113190054893494,,
NART.1.URB.Q1.GPIA,BGD,2011,1.033810019493103,,
NART.1.URB.Q1.GPIA,BGD,2014,1.021450042724609,,
NART.1.URB.Q1.GPIA,BGD,2019,1.044370055198669,,
NART.1.URB.Q1.GPIA,BGD,2022,1.071789979934692,,
NART.1.URB.Q1.M,BGD,2006,64.4635009765625,,
NART.1.URB.Q1.M,BGD,2011,78.84551239013672,,
NART.1.URB.Q1.M,BGD,2014,94.64695739746094,,
NART.1.URB.Q1.M,BGD,2019,92.19805908203125,,
NART.1.URB.Q1.M,BGD,2022,85.66358184814453,,
NART.1.URB.Q2,BGD,2006,75.4423828125,,
NART.1.URB.Q2,BGD,2011,91.27192687988281,,
NART.1.URB.Q2,BGD,2014,95.84686279296875,,
NART.1.URB.Q2,BGD,2019,94.10688018798828,,
NART.1.URB.Q2,BGD,2022,86.18309783935547,,
NART.1.URB.Q2.F,BGD,2006,80.40682983398438,,
NART.1.URB.Q2.F,BGD,2011,95.16384124755859,,
NART.1.URB.Q2.F,BGD,2014,96.22090148925781,,
NART.1.URB.Q2.F,BGD,2019,92.92198944091797,,
NART.1.URB.Q2.F,BGD,2022,87.48959350585938,,
NART.1.URB.Q2.GPIA,BGD,2006,1.115429997444153,,
NART.1.URB.Q2.GPIA,BGD,2011,1.071400046348572,,
NART.1.URB.Q2.GPIA,BGD,2014,1.007120013237,,
NART.1.URB.Q2.GPIA,BGD,2019,.9753000140190125,,
NART.1.URB.Q2.GPIA,BGD,2022,1.028229951858521,,
NART.1.URB.Q2.M,BGD,2006,71.12518310546875,,
NART.1.URB.Q2.M,BGD,2011,88.36894989013672,,
NART.1.URB.Q2.M,BGD,2014,95.53592681884766,,
NART.1.URB.Q2.M,BGD,2019,95.2752685546875,,
NART.1.URB.Q2.M,BGD,2022,85.02015686035156,,
NART.1.URB.Q3,BGD,2006,77.70229339599609,,
NART.1.URB.Q3,BGD,2011,92.60762786865234,,
NART.1.URB.Q3,BGD,2014,91.04131317138672,,
NART.1.URB.Q3,BGD,2019,91.15484619140625,,
NART.1.URB.Q3,BGD,2022,86.74105834960938,,
NART.1.URB.Q3.F,BGD,2006,83.27510070800781,,
NART.1.URB.Q3.F,BGD,2011,94.58468627929688,,
NART.1.URB.Q3.F,BGD,2014,90.85797119140625,,
NART.1.URB.Q3.F,BGD,2019,93.59834289550781,,
NART.1.URB.Q3.F,BGD,2022,88.71456146240234,,
NART.1.URB.Q3.GPIA,BGD,2006,1.128029942512512,,
NART.1.URB.Q3.GPIA,BGD,2011,1.040779948234558,,
NART.1.URB.Q3.GPIA,BGD,2014,.9963399767875671,,
NART.1.URB.Q3.GPIA,BGD,2019,1.052430033683777,,
NART.1.URB.Q3.GPIA,BGD,2022,1.041759967803955,,
NART.1.URB.Q3.M,BGD,2006,72.61313629150391,,
NART.1.URB.Q3.M,BGD,2011,90.72746276855469,,
NART.1.URB.Q3.M,BGD,2014,91.19146728515625,,
NART.1.URB.Q3.M,BGD,2019,88.69103240966797,,
NART.1.URB.Q3.M,BGD,2022,85.00962066650391,,
NART.1.URB.Q4,BGD,2006,84.69052886962891,,
NART.1.URB.Q4,BGD,2011,86.77838134765625,,
NART.1.URB.Q4,BGD,2014,89.92935180664063,,
NART.1.URB.Q4,BGD,2019,90.38987731933594,,
NART.1.URB.Q4,BGD,2022,91.57192230224609,,
NART.1.URB.Q4.F,BGD,2006,87.78041076660156,,
NART.1.URB.Q4.F,BGD,2011,88.00483703613281,,
NART.1.URB.Q4.F,BGD,2014,92.26392364501953,,
NART.1.URB.Q4.F,BGD,2019,92.77178955078125,,
NART.1.URB.Q4.F,BGD,2022,93.4278564453125,,
NART.1.URB.Q4.GPIA,BGD,2006,1.065269947052002,,
NART.1.URB.Q4.GPIA,BGD,2011,1.028720021247864,,
NART.1.URB.Q4.GPIA,BGD,2014,1.053590059280396,,
NART.1.URB.Q4.GPIA,BGD,2019,1.050359964370728,,
NART.1.URB.Q4.GPIA,BGD,2022,1.038470029830933,,
NART.1.URB.Q4.M,BGD,2006,82.05127716064453,,
NART.1.URB.Q4.M,BGD,2011,85.47692108154297,,
NART.1.URB.Q4.M,BGD,2014,87.31941986083984,,
NART.1.URB.Q4.M,BGD,2019,88.09957885742188,,
NART.1.URB.Q4.M,BGD,2022,89.83396148681641,,
NART.1.URB.Q5,BGD,2006,89.73210144042969,,
NART.1.URB.Q5,BGD,2011,92.91316986083984,,
NART.1.URB.Q5,BGD,2014,95.24738311767578,,
NART.1.URB.Q5,BGD,2019,95.65216827392578,,
NART.1.URB.Q5,BGD,2022,95.56954956054688,,
NART.1.URB.Q5.F,BGD,2006,88.42613983154297,,
NART.1.URB.Q5.F,BGD,2011,91.76870727539063,,
NART.1.URB.Q5.F,BGD,2014,94.78074645996094,,
NART.1.URB.Q5.F,BGD,2019,96.96868133544922,,
NART.1.URB.Q5.F,BGD,2022,96.60507965087891,,
NART.1.URB.Q5.GPIA,BGD,2006,.971530020236969,,
NART.1.URB.Q5.GPIA,BGD,2011,.9757699966430664,,
NART.1.URB.Q5.GPIA,BGD,2014,.989799976348877,,
NART.1.URB.Q5.GPIA,BGD,2019,1.026900053024292,,
NART.1.URB.Q5.GPIA,BGD,2022,1.020050048828125,,
NART.1.URB.Q5.M,BGD,2006,91.01747131347656,,
NART.1.URB.Q5.M,BGD,2011,94.04783630371094,,
NART.1.URB.Q5.M,BGD,2014,95.75788879394531,,
NART.1.URB.Q5.M,BGD,2019,94.35977172851563,,
NART.1.URB.Q5.M,BGD,2022,94.66815948486328,,
NART.1.URB.WPIA,BGD,2006,.7645800113677979,,
NART.1.URB.WPIA,BGD,2011,.8611299991607666,,
NART.1.URB.WPIA,BGD,2014,1.005890011787415,,
NART.1.URB.WPIA,BGD,2019,.986020028591156,,
NART.1.URB.WPIA,BGD,2022,.9318500161170959,,
NART.1.WPIA,BGD,2006,.8333100080490112,,
NART.1.WPIA,BGD,2011,.8851199746131897,,
NART.1.WPIA,BGD,2014,.9385499954223633,,
NART.1.WPIA,BGD,2019,.9416599869728088,,
NART.1.WPIA,BGD,2022,.9595800042152405,,
NART.2,BGD,2006,68.39177703857422,,
NART.2,BGD,2011,80.88865661621094,,
NART.2,BGD,2014,82.97466278076172,,
NART.2,BGD,2019,86.89985656738281,,
NART.2,BGD,2022,86.23087310791016,,
NART.2.F,BGD,2006,73.81931304931641,,
NART.2.F,BGD,2011,84.35888671875,,
NART.2.F,BGD,2014,87.64997100830078,,
NART.2.F,BGD,2019,91.84467315673828,,
NART.2.F,BGD,2022,90.4439697265625,,
NART.2.F.LPIA,BGD,2006,1.061360001564026,,
NART.2.F.LPIA,BGD,2011,1.066400051116943,,
NART.2.F.LPIA,BGD,2014,1.077029943466187,,
NART.2.F.LPIA,BGD,2019,1.02046000957489,,
NART.2.F.LPIA,BGD,2022,1.022320032119751,,
NART.2.F.WPIA,BGD,2006,.7915999889373779,,
NART.2.F.WPIA,BGD,2011,.8821700215339661,,
NART.2.F.WPIA,BGD,2014,1.000190019607544,,
NART.2.F.WPIA,BGD,2019,.9217000007629395,,
NART.2.F.WPIA,BGD,2022,.9472399950027466,,
NART.2.GPIA,BGD,2006,1.147670030593872,,
NART.2.GPIA,BGD,2011,1.082749962806702,,
NART.2.GPIA,BGD,2014,1.10617995262146,,
NART.2.GPIA,BGD,2019,1.106940031051636,,
NART.2.GPIA,BGD,2022,1.09621000289917,,
NART.2.LPIA,BGD,2006,.9946100115776062,,
NART.2.LPIA,BGD,2011,1.041309952735901,,
NART.2.LPIA,BGD,2014,1.055240035057068,,
NART.2.LPIA,BGD,2019,.9871900081634521,,
NART.2.LPIA,BGD,2022,1.012269973754883,,
NART.2.M,BGD,2006,62.91830825805664,,
NART.2.M,BGD,2011,77.37802886962891,,
NART.2.M,BGD,2014,78.34291076660156,,
NART.2.M,BGD,2019,82.0225830078125,,
NART.2.M,BGD,2022,81.74265289306641,,
NART.2.M.LPIA,BGD,2006,.9231899976730347,,
NART.2.M.LPIA,BGD,2011,1.012339949607849,,
NART.2.M.LPIA,BGD,2014,1.035380005836487,,
NART.2.M.LPIA,BGD,2019,.952750027179718,,
NART.2.M.LPIA,BGD,2022,1.001549959182739,,
NART.2.M.WPIA,BGD,2006,.5608599781990051,,
NART.2.M.WPIA,BGD,2011,.7066699862480164,,
NART.2.M.WPIA,BGD,2014,.7913399934768677,,
NART.2.M.WPIA,BGD,2019,.8166800141334534,,
NART.2.M.WPIA,BGD,2022,.7694399952888489,,
NART.2.Q1,BGD,2006,53.09675979614258,,
NART.2.Q1,BGD,2011,68.46627807617188,,
NART.2.Q1,BGD,2014,75.56546020507813,,
NART.2.Q1,BGD,2019,80.72107696533203,,
NART.2.Q1,BGD,2022,79.86766052246094,,
NART.2.Q1.F,BGD,2006,61.18122863769531,,
NART.2.Q1.F,BGD,2011,75.38260650634766,,
NART.2.Q1.F,BGD,2014,84.83238983154297,,
NART.2.Q1.F,BGD,2019,87.50457000732422,,
NART.2.Q1.F,BGD,2022,87.96468353271484,,
NART.2.Q1.F.LPIA,BGD,2006,1.159620046615601,,
NART.2.Q1.F.LPIA,BGD,2011,1.019690036773682,,
NART.2.Q1.F.LPIA,BGD,2014,.9200699925422668,,
NART.2.Q1.F.LPIA,BGD,2019,1.019930005073547,,
NART.2.Q1.F.LPIA,BGD,2022,1.00669002532959,,
NART.2.Q1.GPIA,BGD,2006,1.253370046615601,,
NART.2.Q1.GPIA,BGD,2011,1.180480003356934,,
NART.2.Q1.GPIA,BGD,2014,1.207180023193359,,
NART.2.Q1.GPIA,BGD,2019,1.157649993896484,,
NART.2.Q1.GPIA,BGD,2022,1.183850049972534,,
NART.2.Q1.LPIA,BGD,2006,1.186229944229126,,
NART.2.Q1.LPIA,BGD,2011,1.084139943122864,,
NART.2.Q1.LPIA,BGD,2014,.9577800035476685,,
NART.2.Q1.LPIA,BGD,2019,1.028229951858521,,
NART.2.Q1.LPIA,BGD,2022,1.052729964256287,,
NART.2.Q1.M,BGD,2006,45.67958831787109,,
NART.2.Q1.M,BGD,2011,61.77742004394531,,
NART.2.Q1.M,BGD,2014,67.25724029541016,,
NART.2.Q1.M,BGD,2019,73.70986175537109,,
NART.2.Q1.M,BGD,2022,71.79264068603516,,
NART.2.Q1.M.LPIA,BGD,2006,1.220960021018982,,
NART.2.Q1.M.LPIA,BGD,2011,1.129109978675842,,
NART.2.Q1.M.LPIA,BGD,2014,.9678999781608582,,
NART.2.Q1.M.LPIA,BGD,2019,1.061779975891113,,
NART.2.Q1.M.LPIA,BGD,2022,1.092890024185181,,
NART.2.Q2,BGD,2006,63.09125900268555,,
NART.2.Q2,BGD,2011,79.17160797119141,,
NART.2.Q2,BGD,2014,81.59664154052734,,
NART.2.Q2,BGD,2019,85.41207885742188,,
NART.2.Q2,BGD,2022,85.35240936279297,,
NART.2.Q2.F,BGD,2006,71.2203369140625,,
NART.2.Q2.F,BGD,2011,83.45964813232422,,
NART.2.Q2.F,BGD,2014,88.08222198486328,,
NART.2.Q2.F,BGD,2019,92.65399169921875,,
NART.2.Q2.F,BGD,2022,90.45497894287109,,
NART.2.Q2.F.LPIA,BGD,2006,1.097779989242554,,
NART.2.Q2.F.LPIA,BGD,2011,.9458199739456177,,
NART.2.Q2.F.LPIA,BGD,2014,.9595000147819519,,
NART.2.Q2.F.LPIA,BGD,2019,1.071269989013672,,
NART.2.Q2.F.LPIA,BGD,2022,1.046710014343262,,
NART.2.Q2.GPIA,BGD,2006,1.226199984550476,,
NART.2.Q2.GPIA,BGD,2011,1.099349975585938,,
NART.2.Q2.GPIA,BGD,2014,1.14749002456665,,
NART.2.Q2.GPIA,BGD,2019,1.154039978981018,,
NART.2.Q2.GPIA,BGD,2022,1.115479946136475,,
NART.2.Q2.LPIA,BGD,2006,1.156110048294067,,
NART.2.Q2.LPIA,BGD,2011,1.04899001121521,,
NART.2.Q2.LPIA,BGD,2014,1.011070013046265,,
NART.2.Q2.LPIA,BGD,2019,1.047270059585571,,
NART.2.Q2.LPIA,BGD,2022,1.065700054168701,,
NART.2.Q2.M,BGD,2006,55.11027908325195,,
NART.2.Q2.M,BGD,2011,75.16771697998047,,
NART.2.Q2.M,BGD,2014,75.09130859375,,
NART.2.Q2.M,BGD,2019,78.38166046142578,,
NART.2.Q2.M,BGD,2022,80.00926208496094,,
NART.2.Q2.M.LPIA,BGD,2006,1.212759971618652,,
NART.2.Q2.M.LPIA,BGD,2011,1.135439991950989,,
NART.2.Q2.M.LPIA,BGD,2014,1.085270047187805,,
NART.2.Q2.M.LPIA,BGD,2019,1.030339956283569,,
NART.2.Q2.M.LPIA,BGD,2022,1.096670031547546,,
NART.2.Q3,BGD,2006,69.97576904296875,,
NART.2.Q3,BGD,2011,84.30307006835938,,
NART.2.Q3,BGD,2014,89.69716644287109,,
NART.2.Q3,BGD,2019,88.55242919921875,,
NART.2.Q3,BGD,2022,85.46237945556641,,
NART.2.Q3.F,BGD,2006,75.16168212890625,,
NART.2.Q3.F,BGD,2011,88.01177978515625,,
NART.2.Q3.F,BGD,2014,93.40489196777344,,
NART.2.Q3.F,BGD,2019,93.95191955566406,,
NART.2.Q3.F,BGD,2022,88.52401733398438,,
NART.2.Q3.F.LPIA,BGD,2006,1.08817994594574,,
NART.2.Q3.F.LPIA,BGD,2011,1.201279997825623,,
NART.2.Q3.F.LPIA,BGD,2014,1.121180057525635,,
NART.2.Q3.F.LPIA,BGD,2019,1.00721001625061,,
NART.2.Q3.F.LPIA,BGD,2022,1.190559983253479,,
NART.2.Q3.GPIA,BGD,2006,1.139639973640442,,
NART.2.Q3.GPIA,BGD,2011,1.085610032081604,,
NART.2.Q3.GPIA,BGD,2014,1.08080005645752,,
NART.2.Q3.GPIA,BGD,2019,1.111129999160767,,
NART.2.Q3.GPIA,BGD,2022,1.071730017662048,,
NART.2.Q3.LPIA,BGD,2006,1.110739946365356,,
NART.2.Q3.LPIA,BGD,2011,1.159369945526123,,
NART.2.Q3.LPIA,BGD,2014,1.095149993896484,,
NART.2.Q3.LPIA,BGD,2019,.9878299832344055,,
NART.2.Q3.LPIA,BGD,2022,1.204669952392578,,
NART.2.Q3.M,BGD,2006,64.66580963134766,,
NART.2.Q3.M,BGD,2011,80.47711181640625,,
NART.2.Q3.M,BGD,2014,85.85793304443359,,
NART.2.Q3.M,BGD,2019,83.51075744628906,,
NART.2.Q3.M,BGD,2022,82.17413330078125,,
NART.2.Q3.M.LPIA,BGD,2006,1.137869954109192,,
NART.2.Q3.M.LPIA,BGD,2011,1.111770033836365,,
NART.2.Q3.M.LPIA,BGD,2014,1.067330002784729,,
NART.2.Q3.M.LPIA,BGD,2019,.9678300023078918,,
NART.2.Q3.M.LPIA,BGD,2022,1.221089959144592,,
NART.2.Q4,BGD,2006,77.62787628173828,,
NART.2.Q4,BGD,2011,86.68511199951172,,
NART.2.Q4,BGD,2014,84.68659210205078,,
NART.2.Q4,BGD,2019,89.30013275146484,,
NART.2.Q4,BGD,2022,88.93876647949219,,
NART.2.Q4.F,BGD,2006,83.904052734375,,
NART.2.Q4.F,BGD,2011,89.03534698486328,,
NART.2.Q4.F,BGD,2014,87.07380676269531,,
NART.2.Q4.F,BGD,2019,91.35475158691406,,
NART.2.Q4.F,BGD,2022,92.84294128417969,,
NART.2.Q4.F.LPIA,BGD,2006,1.17087996006012,,
NART.2.Q4.F.LPIA,BGD,2011,1.188140034675598,,
NART.2.Q4.F.LPIA,BGD,2014,1.096650004386902,,
NART.2.Q4.F.LPIA,BGD,2019,1.103099942207336,,
NART.2.Q4.F.LPIA,BGD,2022,1.008399963378906,,
NART.2.Q4.GPIA,BGD,2006,1.152400016784668,,
NART.2.Q4.GPIA,BGD,2011,1.057639956474304,,
NART.2.Q4.GPIA,BGD,2014,1.053859949111938,,
NART.2.Q4.GPIA,BGD,2019,1.045050024986267,,
NART.2.Q4.GPIA,BGD,2022,1.08896005153656,,
NART.2.Q4.LPIA,BGD,2006,1.169589996337891,,
NART.2.Q4.LPIA,BGD,2011,1.223809957504272,,
NART.2.Q4.LPIA,BGD,2014,1.156849980354309,,
NART.2.Q4.LPIA,BGD,2019,1.107030034065247,,
NART.2.Q4.LPIA,BGD,2022,1.05348002910614,,
NART.2.Q4.M,BGD,2006,71.11667633056641,,
NART.2.Q4.M,BGD,2011,83.90351867675781,,
NART.2.Q4.M,BGD,2014,82.38395690917969,,
NART.2.Q4.M,BGD,2019,87.23931121826172,,
NART.2.Q4.M,BGD,2022,84.58370208740234,,
NART.2.Q4.M.LPIA,BGD,2006,1.168920040130615,,
NART.2.Q4.M.LPIA,BGD,2011,1.2640700340271,,
NART.2.Q4.M.LPIA,BGD,2014,1.224990010261536,,
NART.2.Q4.M.LPIA,BGD,2019,1.114259958267212,,
NART.2.Q4.M.LPIA,BGD,2022,1.095280051231384,,
NART.2.Q5,BGD,2006,79.27114868164063,,
NART.2.Q5,BGD,2011,86.44790649414063,,
NART.2.Q5,BGD,2014,84.89975738525391,,
NART.2.Q5,BGD,2019,92.58255767822266,,
NART.2.Q5,BGD,2022,93.07290649414063,,
NART.2.Q5.F,BGD,2006,77.28843688964844,,
NART.2.Q5.F,BGD,2011,85.45098876953125,,
NART.2.Q5.F,BGD,2014,84.81610870361328,,
NART.2.Q5.F,BGD,2019,94.93839263916016,,
NART.2.Q5.F,BGD,2022,92.86454010009766,,
NART.2.Q5.F.LPIA,BGD,2006,1.188240051269531,,
NART.2.Q5.F.LPIA,BGD,2011,1.081519961357117,,
NART.2.Q5.F.LPIA,BGD,2014,1.146469950675964,,
NART.2.Q5.F.LPIA,BGD,2019,1.029070019721985,,
NART.2.Q5.F.LPIA,BGD,2022,.9974499940872192,,
NART.2.Q5.GPIA,BGD,2006,.94896000623703,,
NART.2.Q5.GPIA,BGD,2011,.9774699807167053,,
NART.2.Q5.GPIA,BGD,2014,.9979400038719177,,
NART.2.Q5.GPIA,BGD,2019,1.049329996109009,,
NART.2.Q5.GPIA,BGD,2022,.9952800273895264,,
NART.2.Q5.LPIA,BGD,2006,1.104259967803955,,
NART.2.Q5.LPIA,BGD,2011,1.071740031242371,,
NART.2.Q5.LPIA,BGD,2014,1.123180031776428,,
NART.2.Q5.LPIA,BGD,2019,1.014179944992065,,
NART.2.Q5.LPIA,BGD,2022,.9975100159645081,,
NART.2.Q5.M,BGD,2006,81.44544219970703,,
NART.2.Q5.M,BGD,2011,87.42098236083984,,
NART.2.Q5.M,BGD,2014,84.99120330810547,,
NART.2.Q5.M,BGD,2019,90.25553131103516,,
NART.2.Q5.M,BGD,2022,93.30516815185547,,
NART.2.Q5.M.LPIA,BGD,2006,1.00669002532959,,
NART.2.Q5.M.LPIA,BGD,2011,1.062849998474121,,
NART.2.Q5.M.LPIA,BGD,2014,1.097480058670044,,
NART.2.Q5.M.LPIA,BGD,2019,.9947999715805054,,
NART.2.Q5.M.LPIA,BGD,2022,.9973000288009644,,
NART.2.RUR,BGD,2006,68.28736114501953,,
NART.2.RUR,BGD,2011,81.66211700439453,,
NART.2.RUR,BGD,2014,84.11991882324219,,
NART.2.RUR,BGD,2019,86.67923736572266,,
NART.2.RUR,BGD,2022,86.50995635986328,,
NART.2.RUR.F,BGD,2006,75.15949249267578,,
NART.2.RUR.F,BGD,2011,85.64573669433594,,
NART.2.RUR.F,BGD,2014,89.41206359863281,,
NART.2.RUR.F,BGD,2019,92.21813201904297,,
NART.2.RUR.F,BGD,2022,90.98262786865234,,
NART.2.RUR.F.WPIA,BGD,2006,.6917700171470642,,
NART.2.RUR.F.WPIA,BGD,2011,.8355000019073486,,
NART.2.RUR.F.WPIA,BGD,2014,.8950200080871582,,
NART.2.RUR.F.WPIA,BGD,2019,.9076799750328064,,
NART.2.RUR.F.WPIA,BGD,2022,.949180006980896,,
NART.2.RUR.GPIA,BGD,2006,1.181519985198975,,
NART.2.RUR.GPIA,BGD,2011,1.093940019607544,,
NART.2.RUR.GPIA,BGD,2014,1.116389989852905,,
NART.2.RUR.GPIA,BGD,2019,1.119060039520264,,
NART.2.RUR.GPIA,BGD,2022,1.101199984550476,,
NART.2.RUR.M,BGD,2006,61.51655960083008,,
NART.2.RUR.M,BGD,2011,77.60050201416016,,
NART.2.RUR.M,BGD,2014,79.00578308105469,,
NART.2.RUR.M,BGD,2019,81.23886108398438,,
NART.2.RUR.M,BGD,2022,81.77562713623047,,
NART.2.RUR.M.WPIA,BGD,2006,.5711600184440613,,
NART.2.RUR.M.WPIA,BGD,2011,.6838300228118896,,
NART.2.RUR.M.WPIA,BGD,2014,.7383099794387817,,
NART.2.RUR.M.WPIA,BGD,2019,.8220900297164917,,
NART.2.RUR.M.WPIA,BGD,2022,.7761600017547607,,
NART.2.RUR.Q1,BGD,2006,54.13819885253906,,
NART.2.RUR.Q1,BGD,2011,68.91000366210938,,
NART.2.RUR.Q1,BGD,2014,75.25269317626953,,
NART.2.RUR.Q1,BGD,2019,80.86311340332031,,
NART.2.RUR.Q1,BGD,2022,80.17427062988281,,
NART.2.RUR.Q1.F,BGD,2006,62.21374130249023,,
NART.2.RUR.Q1.F,BGD,2011,75.48552703857422,,
NART.2.RUR.Q1.F,BGD,2014,84.22206878662109,,
NART.2.RUR.Q1.F,BGD,2019,87.62368011474609,,
NART.2.RUR.Q1.F,BGD,2022,88.00524139404297,,
NART.2.RUR.Q1.GPIA,BGD,2006,1.248720049858093,,
NART.2.RUR.Q1.GPIA,BGD,2011,1.172670006752014,,
NART.2.RUR.Q1.GPIA,BGD,2014,1.204180002212524,,
NART.2.RUR.Q1.GPIA,BGD,2019,1.155869960784912,,
NART.2.RUR.Q1.GPIA,BGD,2022,1.178410053253174,,
NART.2.RUR.Q1.M,BGD,2006,46.73997116088867,,
NART.2.RUR.Q1.M,BGD,2011,62.45130157470703,,
NART.2.RUR.Q1.M,BGD,2014,67.02599334716797,,
NART.2.RUR.Q1.M,BGD,2019,73.96582794189453,,
NART.2.RUR.Q1.M,BGD,2022,72.30381774902344,,
NART.2.RUR.Q2,BGD,2006,64.36916351318359,,
NART.2.RUR.Q2,BGD,2011,79.4190673828125,,
NART.2.RUR.Q2,BGD,2014,81.66110229492188,,
NART.2.RUR.Q2,BGD,2019,85.68805694580078,,
NART.2.RUR.Q2,BGD,2022,86.03743743896484,,
NART.2.RUR.Q2.F,BGD,2006,72.07906341552734,,
NART.2.RUR.Q2.F,BGD,2011,83.18070983886719,,
NART.2.RUR.Q2.F,BGD,2014,87.80767059326172,,
NART.2.RUR.Q2.F,BGD,2019,93.14079284667969,,
NART.2.RUR.Q2.F,BGD,2022,90.99302673339844,,
NART.2.RUR.Q2.GPIA,BGD,2006,1.213260054588318,,
NART.2.RUR.Q2.GPIA,BGD,2011,1.087890028953552,,
NART.2.RUR.Q2.GPIA,BGD,2014,1.139790058135986,,
NART.2.RUR.Q2.GPIA,BGD,2019,1.156849980354309,,
NART.2.RUR.Q2.GPIA,BGD,2022,1.110780000686646,,
NART.2.RUR.Q2.M,BGD,2006,56.70766067504883,,
NART.2.RUR.Q2.M,BGD,2011,75.86979675292969,,
NART.2.RUR.Q2.M,BGD,2014,75.53260040283203,,
NART.2.RUR.Q2.M,BGD,2019,78.53199768066406,,
NART.2.RUR.Q2.M,BGD,2022,80.91300201416016,,
NART.2.RUR.Q3,BGD,2006,71.43138122558594,,
NART.2.RUR.Q3,BGD,2011,85.6566162109375,,
NART.2.RUR.Q3,BGD,2014,91.09158325195313,,
NART.2.RUR.Q3,BGD,2019,88.42349243164063,,
NART.2.RUR.Q3,BGD,2022,89.44696044921875,,
NART.2.RUR.Q3.F,BGD,2006,76.40422821044922,,
NART.2.RUR.Q3.F,BGD,2011,89.88484954833984,,
NART.2.RUR.Q3.F,BGD,2014,95.32795715332031,,
NART.2.RUR.Q3.F,BGD,2019,94.03195190429688,,
NART.2.RUR.Q3.F,BGD,2022,92.36147308349609,,
NART.2.RUR.Q3.GPIA,BGD,2006,1.131659984588623,,
NART.2.RUR.Q3.GPIA,BGD,2011,1.09509003162384,,
NART.2.RUR.Q3.GPIA,BGD,2014,1.089840054512024,,
NART.2.RUR.Q3.GPIA,BGD,2019,1.115380048751831,,
NART.2.RUR.Q3.GPIA,BGD,2022,1.065410017967224,,
NART.2.RUR.Q3.M,BGD,2006,66.34494781494141,,
NART.2.RUR.Q3.M,BGD,2011,81.33751678466797,,
NART.2.RUR.Q3.M,BGD,2014,86.76399230957031,,
NART.2.RUR.Q3.M,BGD,2019,83.1826171875,,
NART.2.RUR.Q3.M,BGD,2022,86.31993103027344,,
NART.2.RUR.Q4,BGD,2006,81.88185882568359,,
NART.2.RUR.Q4,BGD,2011,92.91822052001953,,
NART.2.RUR.Q4,BGD,2014,89.28618621826172,,
NART.2.RUR.Q4,BGD,2019,91.53204345703125,,
NART.2.RUR.Q4,BGD,2022,90.68852233886719,,
NART.2.RUR.Q4.F,BGD,2006,88.55870056152344,,
NART.2.RUR.Q4.F,BGD,2011,94.21642303466797,,
NART.2.RUR.Q4.F,BGD,2014,90.1107177734375,,
NART.2.RUR.Q4.F,BGD,2019,93.65847778320313,,
NART.2.RUR.Q4.F,BGD,2022,93.10897827148438,,
NART.2.RUR.Q4.GPIA,BGD,2006,1.153329968452454,,
NART.2.RUR.Q4.GPIA,BGD,2011,1.030470013618469,,
NART.2.RUR.Q4.GPIA,BGD,2014,1.017470002174377,,
NART.2.RUR.Q4.GPIA,BGD,2019,1.044849991798401,,
NART.2.RUR.Q4.GPIA,BGD,2022,1.057070016860962,,
NART.2.RUR.Q4.M,BGD,2006,74.98036956787109,,
NART.2.RUR.Q4.M,BGD,2011,91.345703125,,
NART.2.RUR.Q4.M,BGD,2014,88.53671264648438,,
NART.2.RUR.Q4.M,BGD,2019,89.45787048339844,,
NART.2.RUR.Q4.M,BGD,2022,87.79566955566406,,
NART.2.RUR.Q5,BGD,2006,85.79541015625,,
NART.2.RUR.Q5,BGD,2011,90.83071899414063,,
NART.2.RUR.Q5,BGD,2014,92.46839904785156,,
NART.2.RUR.Q5,BGD,2019,93.35682678222656,,
NART.2.RUR.Q5,BGD,2022,92.93229675292969,,
NART.2.RUR.Q5.F,BGD,2006,89.93434143066406,,
NART.2.RUR.Q5.F,BGD,2011,90.34728240966797,,
NART.2.RUR.Q5.F,BGD,2014,94.1007080078125,,
NART.2.RUR.Q5.F,BGD,2019,96.53563690185547,,
NART.2.RUR.Q5.F,BGD,2022,92.71736145019531,,
NART.2.RUR.Q5.GPIA,BGD,2006,1.090070009231567,,
NART.2.RUR.Q5.GPIA,BGD,2011,.9892899990081787,,
NART.2.RUR.Q5.GPIA,BGD,2014,1.035259962081909,,
NART.2.RUR.Q5.GPIA,BGD,2019,1.067980051040649,,
NART.2.RUR.Q5.GPIA,BGD,2022,.9952899813652039,,
NART.2.RUR.Q5.M,BGD,2006,81.83397674560547,,
NART.2.RUR.Q5.M,BGD,2011,91.32530975341797,,
NART.2.RUR.Q5.M,BGD,2014,90.78292083740234,,
NART.2.RUR.Q5.M,BGD,2019,89.97315979003906,,
NART.2.RUR.Q5.M,BGD,2022,93.15583801269531,,
NART.2.RUR.WPIA,BGD,2006,.6310200095176697,,
NART.2.RUR.WPIA,BGD,2011,.7586600184440613,,
NART.2.RUR.WPIA,BGD,2014,.8138200044631958,,
NART.2.RUR.WPIA,BGD,2019,.8661699891090393,,
NART.2.RUR.WPIA,BGD,2022,.8627200126647949,,
NART.2.URB,BGD,2006,68.65731811523438,,
NART.2.URB,BGD,2011,78.28864288330078,,
NART.2.URB,BGD,2014,79.47277069091797,,
NART.2.URB,BGD,2019,87.80368804931641,,
NART.2.URB,BGD,2022,85.44879913330078,,
NART.2.URB.F,BGD,2006,70.54744720458984,,
NART.2.URB.F,BGD,2011,79.95881652832031,,
NART.2.URB.F,BGD,2014,82.52485656738281,,
NART.2.URB.F,BGD,2019,90.33094024658203,,
NART.2.URB.F,BGD,2022,88.95216369628906,,
NART.2.URB.F.WPIA,BGD,2006,.716159999370575,,
NART.2.URB.F.WPIA,BGD,2011,.8917400240898132,,
NART.2.URB.F.WPIA,BGD,2014,1.122589945793152,,
NART.2.URB.F.WPIA,BGD,2019,.9162300229072571,,
NART.2.URB.F.WPIA,BGD,2022,.9404199719429016,,
NART.2.URB.GPIA,BGD,2006,1.055459976196289,,
NART.2.URB.GPIA,BGD,2011,1.041470050811768,,
NART.2.URB.GPIA,BGD,2014,1.076519966125488,,
NART.2.URB.GPIA,BGD,2019,1.056049942970276,,
NART.2.URB.GPIA,BGD,2022,1.082100033760071,,
NART.2.URB.M,BGD,2006,66.63487243652344,,
NART.2.URB.M,BGD,2011,76.642822265625,,
NART.2.URB.M,BGD,2014,76.21029663085938,,
NART.2.URB.M,BGD,2019,85.26779174804688,,
NART.2.URB.M,BGD,2022,81.64907073974609,,
NART.2.URB.M.WPIA,BGD,2006,.447950005531311,,
NART.2.URB.M.WPIA,BGD,2011,.6354900002479553,,
NART.2.URB.M.WPIA,BGD,2014,.8451799750328064,,
NART.2.URB.M.WPIA,BGD,2019,.7672899961471558,,
NART.2.URB.M.WPIA,BGD,2022,.7021700143814087,,
NART.2.URB.Q1,BGD,2006,44.05609130859375,,
NART.2.URB.Q1,BGD,2011,63.11214065551758,,
NART.2.URB.Q1,BGD,2014,78.56977844238281,,
NART.2.URB.Q1,BGD,2019,78.58009338378906,,
NART.2.URB.Q1,BGD,2022,75.94657897949219,,
NART.2.URB.Q1.F,BGD,2006,52.28332901000977,,
NART.2.URB.Q1.F,BGD,2011,73.99915313720703,,
NART.2.URB.Q1.F,BGD,2014,91.53922271728516,,
NART.2.URB.Q1.F,BGD,2019,85.8773193359375,,
NART.2.URB.Q1.F,BGD,2022,87.41683197021484,,
NART.2.URB.Q1.GPIA,BGD,2006,1.303560018539429,,
NART.2.URB.Q1.GPIA,BGD,2011,1.265009999275208,,
NART.2.URB.Q1.GPIA,BGD,2014,1.243510007858276,,
NART.2.URB.Q1.GPIA,BGD,2019,1.191910028457642,,
NART.2.URB.Q1.GPIA,BGD,2022,1.249709963798523,,
NART.2.URB.Q1.M,BGD,2006,36.41231155395508,,
NART.2.URB.Q1.M,BGD,2011,54.38837051391602,,
NART.2.URB.Q1.M,BGD,2014,69.24852752685547,,
NART.2.URB.Q1.M,BGD,2019,69.39617919921875,,
NART.2.URB.Q1.M,BGD,2022,65.58782196044922,,
NART.2.URB.Q2,BGD,2006,54.32044982910156,,
NART.2.URB.Q2,BGD,2011,75.52816009521484,,
NART.2.URB.Q2,BGD,2014,80.7569580078125,,
NART.2.URB.Q2,BGD,2019,81.63787078857422,,
NART.2.URB.Q2,BGD,2022,80.38511657714844,,
NART.2.URB.Q2.F,BGD,2006,65.03147125244141,,
NART.2.URB.Q2.F,BGD,2011,87.9456787109375,,
NART.2.URB.Q2.F,BGD,2014,91.51419067382813,,
NART.2.URB.Q2.F,BGD,2019,86.50250244140625,,
NART.2.URB.Q2.F,BGD,2022,86.74266815185547,,
NART.2.URB.Q2.GPIA,BGD,2006,1.313519954681396,,
NART.2.URB.Q2.GPIA,BGD,2011,1.254150032997131,,
NART.2.URB.Q2.GPIA,BGD,2014,1.245020031929016,,
NART.2.URB.Q2.GPIA,BGD,2019,1.119680047035217,,
NART.2.URB.Q2.GPIA,BGD,2022,1.157379984855652,,
NART.2.URB.Q2.M,BGD,2006,44.64276123046875,,
NART.2.URB.Q2.M,BGD,2011,65.59407806396484,,
NART.2.URB.Q2.M,BGD,2014,69.09184265136719,,
NART.2.URB.Q2.M,BGD,2019,76.14954376220703,,
NART.2.URB.Q2.M,BGD,2022,73.09150695800781,,
NART.2.URB.Q3,BGD,2006,63.52072906494141,,
NART.2.URB.Q3,BGD,2011,72.00582122802734,,
NART.2.URB.Q3,BGD,2014,82.42452239990234,,
NART.2.URB.Q3,BGD,2019,89.51287841796875,,
NART.2.URB.Q3,BGD,2022,71.13955688476563,,
NART.2.URB.Q3.F,BGD,2006,69.66708374023438,,
NART.2.URB.Q3.F,BGD,2011,71.79250335693359,,
NART.2.URB.Q3.F,BGD,2014,83.77619171142578,,
NART.2.URB.Q3.F,BGD,2019,93.353759765625,,
NART.2.URB.Q3.F,BGD,2022,74.76125335693359,,
NART.2.URB.Q3.GPIA,BGD,2006,1.178979992866516,,
NART.2.URB.Q3.GPIA,BGD,2011,.9937199950218201,,
NART.2.URB.Q3.GPIA,BGD,2014,1.034070014953613,,
NART.2.URB.Q3.GPIA,BGD,2019,1.079339981079102,,
NART.2.URB.Q3.GPIA,BGD,2022,1.100659966468811,,
NART.2.URB.Q3.M,BGD,2006,57.19787979125977,,
NART.2.URB.Q3.M,BGD,2011,72.24653625488281,,
NART.2.URB.Q3.M,BGD,2014,80.92230224609375,,
NART.2.URB.Q3.M,BGD,2019,85.94725036621094,,
NART.2.URB.Q3.M,BGD,2022,67.23548126220703,,
NART.2.URB.Q4,BGD,2006,67.99546813964844,,
NART.2.URB.Q4,BGD,2011,72.12222290039063,,
NART.2.URB.Q4,BGD,2014,75.28130340576172,,
NART.2.URB.Q4,BGD,2019,81.73564910888672,,
NART.2.URB.Q4,BGD,2022,85.83830261230469,,
NART.2.URB.Q4.F,BGD,2006,73.42611694335938,,
NART.2.URB.Q4.F,BGD,2011,76.49085998535156,,
NART.2.URB.Q4.F,BGD,2014,81.40158843994141,,
NART.2.URB.Q4.F,BGD,2019,84.00264739990234,,
NART.2.URB.Q4.F,BGD,2022,92.32640838623047,,
NART.2.URB.Q4.GPIA,BGD,2006,1.15132999420166,,
NART.2.URB.Q4.GPIA,BGD,2011,1.121150016784668,,
NART.2.URB.Q4.GPIA,BGD,2014,1.157060027122498,,
NART.2.URB.Q4.GPIA,BGD,2019,1.056740045547485,,
NART.2.URB.Q4.GPIA,BGD,2022,1.139680027961731,,
NART.2.URB.Q4.M,BGD,2006,62.31443023681641,,
NART.2.URB.Q4.M,BGD,2011,67.22379302978516,,
NART.2.URB.Q4.M,BGD,2014,68.61656951904297,,
NART.2.URB.Q4.M,BGD,2019,79.23613739013672,,
NART.2.URB.Q4.M,BGD,2022,79.43020629882813,,
NART.2.URB.Q5,BGD,2006,76.85051727294922,,
NART.2.URB.Q5,BGD,2011,84.31466674804688,,
NART.2.URB.Q5,BGD,2014,81.07804870605469,,
NART.2.URB.Q5,BGD,2019,92.03273010253906,,
NART.2.URB.Q5,BGD,2022,93.16394805908203,,
NART.2.URB.Q5.F,BGD,2006,73.0048828125,,
NART.2.URB.Q5.F,BGD,2011,82.98251342773438,,
NART.2.URB.Q5.F,BGD,2014,80.31733703613281,,
NART.2.URB.Q5.F,BGD,2019,93.72920989990234,,
NART.2.URB.Q5.F,BGD,2022,92.95478820800781,,
NART.2.URB.Q5.GPIA,BGD,2006,.8981099724769592,,
NART.2.URB.Q5.GPIA,BGD,2011,.9695900082588196,,
NART.2.URB.Q5.GPIA,BGD,2014,.9802700281143188,,
NART.2.URB.Q5.GPIA,BGD,2019,1.03505003452301,,
NART.2.URB.Q5.GPIA,BGD,2022,.9951500296592712,,
NART.2.URB.Q5.M,BGD,2006,81.28681945800781,,
NART.2.URB.Q5.M,BGD,2011,85.58553314208984,,
NART.2.URB.Q5.M,BGD,2014,81.93379974365234,,
NART.2.URB.Q5.M,BGD,2019,90.44364929199219,,
NART.2.URB.Q5.M,BGD,2022,93.40782928466797,,
NART.2.URB.WPIA,BGD,2006,.5732700228691101,,
NART.2.URB.WPIA,BGD,2011,.7485299706459045,,
NART.2.URB.WPIA,BGD,2014,.9690600037574768,,
NART.2.URB.WPIA,BGD,2019,.8538299798965454,,
NART.2.URB.WPIA,BGD,2022,.8151900172233582,,
NART.2.WPIA,BGD,2006,.6698099970817566,,
NART.2.WPIA,BGD,2011,.7919899821281433,,
NART.2.WPIA,BGD,2014,.8900600075721741,,
NART.2.WPIA,BGD,2019,.8718799948692322,,
NART.2.WPIA,BGD,2022,.8581200242042542,,
NART.3,BGD,2006,35.18434906005859,,
NART.3,BGD,2011,46.56053161621094,,
NART.3,BGD,2014,52.08734893798828,,
NART.3,BGD,2019,68.42266845703125,,
NART.3,BGD,2022,62.31776809692383,,
NART.3.F,BGD,2006,34.70713043212891,,
NART.3.F,BGD,2011,43.3212890625,,
NART.3.F,BGD,2014,48.91886901855469,,
NART.3.F,BGD,2019,73.7183837890625,,
NART.3.F,BGD,2022,62.40071105957031,,
NART.3.F.LPIA,BGD,2006,.7750399708747864,,
NART.3.F.LPIA,BGD,2011,.9170899987220764,,
NART.3.F.LPIA,BGD,2014,1.002599954605103,,
NART.3.F.LPIA,BGD,2019,1.010929942131042,,
NART.3.F.LPIA,BGD,2022,.9578700065612793,,
NART.3.F.WPIA,BGD,2006,.3139899969100952,,
NART.3.F.WPIA,BGD,2011,.4077500104904175,,
NART.3.F.WPIA,BGD,2014,.51323002576828,,
NART.3.F.WPIA,BGD,2019,.7854300141334534,,
NART.3.F.WPIA,BGD,2022,.6385300159454346,,
NART.3.GPIA,BGD,2006,.9727200269699097,,
NART.3.GPIA,BGD,2011,.8568900227546692,,
NART.3.GPIA,BGD,2014,.8742799758911133,,
NART.3.GPIA,BGD,2019,1.139119982719421,,
NART.3.GPIA,BGD,2022,1.002900004386902,,
NART.3.LPIA,BGD,2006,.812279999256134,,
NART.3.LPIA,BGD,2011,.9519299864768982,,
NART.3.LPIA,BGD,2014,1.024060010910034,,
NART.3.LPIA,BGD,2019,.9808700084686279,,
NART.3.LPIA,BGD,2022,.9895099997520447,,
NART.3.M,BGD,2006,35.68045043945313,,
NART.3.M,BGD,2011,50.55646896362305,,
NART.3.M,BGD,2014,55.9534797668457,,
NART.3.M,BGD,2019,63.46250915527344,,
NART.3.M,BGD,2022,62.21992874145508,,
NART.3.M.LPIA,BGD,2006,.8522800207138062,,
NART.3.M.LPIA,BGD,2011,.9863799810409546,,
NART.3.M.LPIA,BGD,2014,1.047569990158081,,
NART.3.M.LPIA,BGD,2019,.9511600136756897,,
NART.3.M.LPIA,BGD,2022,1.028519988059998,,
NART.3.M.WPIA,BGD,2006,.2766000032424927,,
NART.3.M.WPIA,BGD,2011,.3710100054740906,,
NART.3.M.WPIA,BGD,2014,.6264899969100952,,
NART.3.M.WPIA,BGD,2019,.5902900099754333,,
NART.3.M.WPIA,BGD,2022,.609250009059906,,
NART.3.Q1,BGD,2006,16.50456047058105,,
NART.3.Q1,BGD,2011,23.7288703918457,,
NART.3.Q1,BGD,2014,35.43251037597656,,
NART.3.Q1,BGD,2019,54.86296844482422,,
NART.3.Q1,BGD,2022,49.78614044189453,,
NART.3.Q1.F,BGD,2006,16.72509956359863,,
NART.3.Q1.F,BGD,2011,23.31880950927734,,
NART.3.Q1.F,BGD,2014,31.1211109161377,,
NART.3.Q1.F,BGD,2019,63.93886947631836,,
NART.3.Q1.F,BGD,2022,50.56118011474609,,
NART.3.Q1.F.LPIA,BGD,2006,.8599500060081482,,
NART.3.Q1.F.LPIA,BGD,2011,.6801599860191345,,
NART.3.Q1.F.LPIA,BGD,2014,.7103000283241272,,
NART.3.Q1.F.LPIA,BGD,2019,.9423800110816956,,
NART.3.Q1.F.LPIA,BGD,2022,1.297839999198914,,
NART.3.Q1.GPIA,BGD,2006,1.026309967041016,,
NART.3.Q1.GPIA,BGD,2011,.9635599851608276,,
NART.3.Q1.GPIA,BGD,2014,.7638400197029114,,
NART.3.Q1.GPIA,BGD,2019,1.259099960327148,,
NART.3.Q1.GPIA,BGD,2022,1.03099000453949,,
NART.3.Q1.LPIA,BGD,2006,1.045379996299744,,
NART.3.Q1.LPIA,BGD,2011,.8518400192260742,,
NART.3.Q1.LPIA,BGD,2014,.7674700021743774,,
NART.3.Q1.LPIA,BGD,2019,1.050740003585815,,
NART.3.Q1.LPIA,BGD,2022,1.218479990959167,,
NART.3.Q1.M,BGD,2006,16.28503036499023,,
NART.3.Q1.M,BGD,2011,24.20062065124512,,
NART.3.Q1.M,BGD,2014,40.74308013916016,,
NART.3.Q1.M,BGD,2019,47.37255096435547,,
NART.3.Q1.M,BGD,2022,48.99430084228516,,
NART.3.Q1.M.LPIA,BGD,2006,1.26908004283905,,
NART.3.Q1.M.LPIA,BGD,2011,1.218459963798523,,
NART.3.Q1.M.LPIA,BGD,2014,.8384299874305725,,
NART.3.Q1.M.LPIA,BGD,2019,1.180279970169067,,
NART.3.Q1.M.LPIA,BGD,2022,1.137189984321594,,
NART.3.Q2,BGD,2006,24.96294021606445,,
NART.3.Q2,BGD,2011,41.07287979125977,,
NART.3.Q2,BGD,2014,46.95886993408203,,
NART.3.Q2,BGD,2019,64.66899871826172,,
NART.3.Q2,BGD,2022,56.99728012084961,,
NART.3.Q2.F,BGD,2006,24.21603965759277,,
NART.3.Q2.F,BGD,2011,37.85002136230469,,
NART.3.Q2.F,BGD,2014,47.66043853759766,,
NART.3.Q2.F,BGD,2019,71.99643707275391,,
NART.3.Q2.F,BGD,2022,59.08646011352539,,
NART.3.Q2.F.LPIA,BGD,2006,1.156219959259033,,
NART.3.Q2.F.LPIA,BGD,2011,1.231150031089783,,
NART.3.Q2.F.LPIA,BGD,2014,1.119320034980774,,
NART.3.Q2.F.LPIA,BGD,2019,1.189389944076538,,
NART.3.Q2.F.LPIA,BGD,2022,1.109060049057007,,
NART.3.Q2.GPIA,BGD,2006,.942579984664917,,
NART.3.Q2.GPIA,BGD,2011,.8365300297737122,,
NART.3.Q2.GPIA,BGD,2014,1.031550049781799,,
NART.3.Q2.GPIA,BGD,2019,1.185840010643005,,
NART.3.Q2.GPIA,BGD,2022,1.07506000995636,,
NART.3.Q2.LPIA,BGD,2006,1.319560050964355,,
NART.3.Q2.LPIA,BGD,2011,1.188949942588806,,
NART.3.Q2.LPIA,BGD,2014,1.111209988594055,,
NART.3.Q2.LPIA,BGD,2019,1.102149963378906,,
NART.3.Q2.LPIA,BGD,2022,1.188179969787598,,
NART.3.Q2.M,BGD,2006,25.69121932983398,,
NART.3.Q2.M,BGD,2011,45.24662017822266,,
NART.3.Q2.M,BGD,2014,46.15653991699219,,
NART.3.Q2.M,BGD,2019,58.61663055419922,,
NART.3.Q2.M,BGD,2022,54.65127944946289,,
NART.3.Q2.M.LPIA,BGD,2006,1.460049986839294,,
NART.3.Q2.M.LPIA,BGD,2011,1.145380020141602,,
NART.3.Q2.M.LPIA,BGD,2014,1.106549978256226,,
NART.3.Q2.M.LPIA,BGD,2019,1.012339949607849,,
NART.3.Q2.M.LPIA,BGD,2022,1.297309994697571,,
NART.3.Q3,BGD,2006,31.73596954345703,,
NART.3.Q3,BGD,2011,48.27397155761719,,
NART.3.Q3,BGD,2014,57.07115936279297,,
NART.3.Q3,BGD,2019,70.85130310058594,,
NART.3.Q3,BGD,2022,62.5915412902832,,
NART.3.Q3.F,BGD,2006,30.87033081054688,,
NART.3.Q3.F,BGD,2011,44.33588027954102,,
NART.3.Q3.F,BGD,2014,54.59275054931641,,
NART.3.Q3.F,BGD,2019,76.54318237304688,,
NART.3.Q3.F,BGD,2022,62.07712173461914,,
NART.3.Q3.F.LPIA,BGD,2006,1.180520057678223,,
NART.3.Q3.F.LPIA,BGD,2011,1.218230009078979,,
NART.3.Q3.F.LPIA,BGD,2014,1.17985999584198,,
NART.3.Q3.F.LPIA,BGD,2019,1.146720051765442,,
NART.3.Q3.F.LPIA,BGD,2022,1.0973299741745,,
NART.3.Q3.GPIA,BGD,2006,.9462500214576721,,
NART.3.Q3.GPIA,BGD,2011,.8325300216674805,,
NART.3.Q3.GPIA,BGD,2014,.9039499759674072,,
NART.3.Q3.GPIA,BGD,2019,1.144979953765869,,
NART.3.Q3.GPIA,BGD,2022,.981660008430481,,
NART.3.Q3.LPIA,BGD,2006,1.269340038299561,,
NART.3.Q3.LPIA,BGD,2011,1.26321005821228,,
NART.3.Q3.LPIA,BGD,2014,1.18546998500824,,
NART.3.Q3.LPIA,BGD,2019,1.141190052032471,,
NART.3.Q3.LPIA,BGD,2022,1.186319947242737,,
NART.3.Q3.M,BGD,2006,32.62377166748047,,
NART.3.Q3.M,BGD,2011,53.25418090820313,,
NART.3.Q3.M,BGD,2014,60.39324951171875,,
NART.3.Q3.M,BGD,2019,65.44557952880859,,
NART.3.Q3.M,BGD,2022,63.23666000366211,,
NART.3.Q3.M.LPIA,BGD,2006,1.357319951057434,,
NART.3.Q3.M.LPIA,BGD,2011,1.302340030670166,,
NART.3.Q3.M.LPIA,BGD,2014,1.18340003490448,,
NART.3.Q3.M.LPIA,BGD,2019,1.1318199634552,,
NART.3.Q3.M.LPIA,BGD,2022,1.288210034370422,,
NART.3.Q4,BGD,2006,42.31504058837891,,
NART.3.Q4,BGD,2011,53.03141021728516,,
NART.3.Q4,BGD,2014,56.25920104980469,,
NART.3.Q4,BGD,2019,71.58690643310547,,
NART.3.Q4,BGD,2022,63.68610000610352,,
NART.3.Q4.F,BGD,2006,42.52386856079102,,
NART.3.Q4.F,BGD,2011,48.82862091064453,,
NART.3.Q4.F,BGD,2014,48.89836883544922,,
NART.3.Q4.F,BGD,2019,73.76608276367188,,
NART.3.Q4.F,BGD,2022,60.93661880493164,,
NART.3.Q4.F.LPIA,BGD,2006,1.187250018119812,,
NART.3.Q4.F.LPIA,BGD,2011,1.298840045928955,,
NART.3.Q4.F.LPIA,BGD,2014,1.228680014610291,,
NART.3.Q4.F.LPIA,BGD,2019,1.194689989089966,,
NART.3.Q4.F.LPIA,BGD,2022,1.15064001083374,,
NART.3.Q4.GPIA,BGD,2006,1.01010000705719,,
NART.3.Q4.GPIA,BGD,2011,.838890016078949,,
NART.3.Q4.GPIA,BGD,2014,.7472500205039978,,
NART.3.Q4.GPIA,BGD,2019,1.061229944229126,,
NART.3.Q4.GPIA,BGD,2022,.9064300060272217,,
NART.3.Q4.LPIA,BGD,2006,1.279670000076294,,
NART.3.Q4.LPIA,BGD,2011,1.330940008163452,,
NART.3.Q4.LPIA,BGD,2014,1.290500044822693,,
NART.3.Q4.LPIA,BGD,2019,1.234480023384094,,
NART.3.Q4.LPIA,BGD,2022,1.202960014343262,,
NART.3.Q4.M,BGD,2006,42.0943489074707,,
NART.3.Q4.M,BGD,2011,58.20627975463867,,
NART.3.Q4.M,BGD,2014,65.43784332275391,,
NART.3.Q4.M,BGD,2019,69.24957275390625,,
NART.3.Q4.M,BGD,2022,67.22711181640625,,
NART.3.Q4.M.LPIA,BGD,2006,1.377570033073425,,
NART.3.Q4.M.LPIA,BGD,2011,1.3539799451828,,
NART.3.Q4.M.LPIA,BGD,2014,1.349599957466125,,
NART.3.Q4.M.LPIA,BGD,2019,1.272480010986328,,
NART.3.Q4.M.LPIA,BGD,2022,1.262889981269836,,
NART.3.Q5,BGD,2006,55.88301086425781,,
NART.3.Q5,BGD,2011,60.8478889465332,,
NART.3.Q5,BGD,2014,62.69137954711914,,
NART.3.Q5,BGD,2019,80.84390258789063,,
NART.3.Q5,BGD,2022,79.73361206054688,,
NART.3.Q5.F,BGD,2006,53.26646041870117,,
NART.3.Q5.F,BGD,2011,57.18875122070313,,
NART.3.Q5.F,BGD,2014,60.63751983642578,,
NART.3.Q5.F,BGD,2019,81.40582275390625,,
NART.3.Q5.F,BGD,2022,79.18324279785156,,
NART.3.Q5.F.LPIA,BGD,2006,1.0522700548172,,
NART.3.Q5.F.LPIA,BGD,2011,1.046000003814697,,
NART.3.Q5.F.LPIA,BGD,2014,1.168759942054749,,
NART.3.Q5.F.LPIA,BGD,2019,.9921799898147583,,
NART.3.Q5.F.LPIA,BGD,2022,.9604300260543823,,
NART.3.Q5.GPIA,BGD,2006,.9047300219535828,,
NART.3.Q5.GPIA,BGD,2011,.8767300248146057,,
NART.3.Q5.GPIA,BGD,2014,.9323999881744385,,
NART.3.Q5.GPIA,BGD,2019,1.014150023460388,,
NART.3.Q5.GPIA,BGD,2022,.9846600294113159,,
NART.3.Q5.LPIA,BGD,2006,1.061220049858093,,
NART.3.Q5.LPIA,BGD,2011,1.114689946174622,,
NART.3.Q5.LPIA,BGD,2014,1.188240051269531,,
NART.3.Q5.LPIA,BGD,2019,1.027619957923889,,
NART.3.Q5.LPIA,BGD,2022,1.003749966621399,,
NART.3.Q5.M,BGD,2006,58.87577819824219,,
NART.3.Q5.M,BGD,2011,65.22924041748047,,
NART.3.Q5.M,BGD,2014,65.03388977050781,,
NART.3.Q5.M,BGD,2019,80.25354766845703,,
NART.3.Q5.M,BGD,2022,80.41703796386719,,
NART.3.Q5.M.LPIA,BGD,2006,1.063109993934631,,
NART.3.Q5.M.LPIA,BGD,2011,1.186229944229126,,
NART.3.Q5.M.LPIA,BGD,2014,1.213019967079163,,
NART.3.Q5.M.LPIA,BGD,2019,1.063799977302551,,
NART.3.Q5.M.LPIA,BGD,2022,1.057379961013794,,
NART.3.RUR,BGD,2006,32.9682502746582,,
NART.3.RUR,BGD,2011,45.96852874755859,,
NART.3.RUR,BGD,2014,52.44364166259766,,
NART.3.RUR,BGD,2019,68.14824676513672,,
NART.3.RUR,BGD,2022,62.13698959350586,,
NART.3.RUR.F,BGD,2006,31.89509010314941,,
NART.3.RUR.F,BGD,2011,42.32165145874023,,
NART.3.RUR.F,BGD,2014,48.95468902587891,,
NART.3.RUR.F,BGD,2019,73.88697052001953,,
NART.3.RUR.F,BGD,2022,61.65130996704102,,
NART.3.RUR.F.WPIA,BGD,2006,.2963100075721741,,
NART.3.RUR.F.WPIA,BGD,2011,.3756000101566315,,
NART.3.RUR.F.WPIA,BGD,2014,.4359799921512604,,
NART.3.RUR.F.WPIA,BGD,2019,.785860002040863,,
NART.3.RUR.F.WPIA,BGD,2022,.6666600108146667,,
NART.3.RUR.GPIA,BGD,2006,.9369000196456909,,
NART.3.RUR.GPIA,BGD,2011,.8399800062179565,,
NART.3.RUR.GPIA,BGD,2014,.8630899786949158,,
NART.3.RUR.GPIA,BGD,2019,1.149999976158142,,
NART.3.RUR.GPIA,BGD,2022,.9831699728965759,,
NART.3.RUR.M,BGD,2006,34.04328155517578,,
NART.3.RUR.M,BGD,2011,50.3843994140625,,
NART.3.RUR.M,BGD,2014,56.72024917602539,,
NART.3.RUR.M,BGD,2019,62.8036003112793,,
NART.3.RUR.M,BGD,2022,62.70672988891602,,
NART.3.RUR.M.WPIA,BGD,2006,.2718000113964081,,
NART.3.RUR.M.WPIA,BGD,2011,.3277400135993958,,
NART.3.RUR.M.WPIA,BGD,2014,.5217199921607971,,
NART.3.RUR.M.WPIA,BGD,2019,.5741199851036072,,
NART.3.RUR.M.WPIA,BGD,2022,.5946099758148193,,
NART.3.RUR.Q1,BGD,2006,16.58679962158203,,
NART.3.RUR.Q1,BGD,2011,23.34210014343262,,
NART.3.RUR.Q1,BGD,2014,34.18289947509766,,
NART.3.RUR.Q1,BGD,2019,55.04302978515625,,
NART.3.RUR.Q1,BGD,2022,50.55263137817383,,
NART.3.RUR.Q1.F,BGD,2006,16.41806030273438,,
NART.3.RUR.Q1.F,BGD,2011,22.18593978881836,,
NART.3.RUR.Q1.F,BGD,2014,29.74514961242676,,
NART.3.RUR.Q1.F,BGD,2019,63.6844482421875,,
NART.3.RUR.Q1.F,BGD,2022,51.60105133056641,,
NART.3.RUR.Q1.GPIA,BGD,2006,.9800300002098083,,
NART.3.RUR.Q1.GPIA,BGD,2011,.9007400274276733,,
NART.3.RUR.Q1.GPIA,BGD,2014,.7483000159263611,,
NART.3.RUR.Q1.GPIA,BGD,2019,1.247490048408508,,
NART.3.RUR.Q1.GPIA,BGD,2022,1.041159987449646,,
NART.3.RUR.Q1.M,BGD,2006,16.75268936157227,,
NART.3.RUR.Q1.M,BGD,2011,24.63079071044922,,
NART.3.RUR.Q1.M,BGD,2014,39.75054168701172,,
NART.3.RUR.Q1.M,BGD,2019,47.92330932617188,,
NART.3.RUR.Q1.M,BGD,2022,49.47740936279297,,
NART.3.RUR.Q2,BGD,2006,25.94684982299805,,
NART.3.RUR.Q2,BGD,2011,41.64670944213867,,
NART.3.RUR.Q2,BGD,2014,47.38343048095703,,
NART.3.RUR.Q2,BGD,2019,65.11473846435547,,
NART.3.RUR.Q2,BGD,2022,58.51007843017578,,
NART.3.RUR.Q2.F,BGD,2006,24.66481971740723,,
NART.3.RUR.Q2.F,BGD,2011,38.49325942993164,,
NART.3.RUR.Q2.F,BGD,2014,48.21081161499023,,
NART.3.RUR.Q2.F,BGD,2019,72.91351318359375,,
NART.3.RUR.Q2.F,BGD,2022,60.03585815429688,,
NART.3.RUR.Q2.GPIA,BGD,2006,.9066900014877319,,
NART.3.RUR.Q2.GPIA,BGD,2011,.8416200280189514,,
NART.3.RUR.Q2.GPIA,BGD,2014,1.036110043525696,,
NART.3.RUR.Q2.GPIA,BGD,2019,1.195410013198853,,
NART.3.RUR.Q2.GPIA,BGD,2022,1.053419947624207,,
NART.3.RUR.Q2.M,BGD,2006,27.20309066772461,,
NART.3.RUR.Q2.M,BGD,2011,45.73693084716797,,
NART.3.RUR.Q2.M,BGD,2014,46.46992874145508,,
NART.3.RUR.Q2.M,BGD,2019,58.66550064086914,,
NART.3.RUR.Q2.M,BGD,2022,56.8284912109375,,
NART.3.RUR.Q3,BGD,2006,33.34811019897461,,
NART.3.RUR.Q3,BGD,2011,49.72806930541992,,
NART.3.RUR.Q3,BGD,2014,58.85916900634766,,
NART.3.RUR.Q3,BGD,2019,72.09429168701172,,
NART.3.RUR.Q3,BGD,2022,65.48796081542969,,
NART.3.RUR.Q3.F,BGD,2006,31.94923973083496,,
NART.3.RUR.Q3.F,BGD,2011,45.55012130737305,,
NART.3.RUR.Q3.F,BGD,2014,56.38175964355469,,
NART.3.RUR.Q3.F,BGD,2019,77.90766143798828,,
NART.3.RUR.Q3.F,BGD,2022,63.52053070068359,,
NART.3.RUR.Q3.GPIA,BGD,2006,.9192399978637695,,
NART.3.RUR.Q3.GPIA,BGD,2011,.8302199840545654,,
NART.3.RUR.Q3.GPIA,BGD,2014,.9084299802780151,,
NART.3.RUR.Q3.GPIA,BGD,2019,1.145920038223267,,
NART.3.RUR.Q3.GPIA,BGD,2022,.9343500137329102,,
NART.3.RUR.Q3.M,BGD,2006,34.75622177124023,,
NART.3.RUR.Q3.M,BGD,2011,54.86508941650391,,
NART.3.RUR.Q3.M,BGD,2014,62.0648193359375,,
NART.3.RUR.Q3.M,BGD,2019,66.53948211669922,,
NART.3.RUR.Q3.M,BGD,2022,67.98403167724609,,
NART.3.RUR.Q4,BGD,2006,46.08951950073242,,
NART.3.RUR.Q4,BGD,2011,58.89052963256836,,
NART.3.RUR.Q4,BGD,2014,63.04565811157227,,
NART.3.RUR.Q4,BGD,2019,75.79006195068359,,
NART.3.RUR.Q4,BGD,2022,69.07048034667969,,
NART.3.RUR.Q4.F,BGD,2006,45.06975936889648,,
NART.3.RUR.Q4.F,BGD,2011,54.075439453125,,
NART.3.RUR.Q4.F,BGD,2014,53.34574127197266,,
NART.3.RUR.Q4.F,BGD,2019,77.14070129394531,,
NART.3.RUR.Q4.F,BGD,2022,64.60060119628906,,
NART.3.RUR.Q4.GPIA,BGD,2006,.9560800194740295,,
NART.3.RUR.Q4.GPIA,BGD,2011,.839900016784668,,
NART.3.RUR.Q4.GPIA,BGD,2014,.7074800133705139,,
NART.3.RUR.Q4.GPIA,BGD,2019,1.036900043487549,,
NART.3.RUR.Q4.GPIA,BGD,2022,.8614299893379211,,
NART.3.RUR.Q4.M,BGD,2006,47.13991165161133,,
NART.3.RUR.Q4.M,BGD,2011,64.38289642333984,,
NART.3.RUR.Q4.M,BGD,2014,75.40213012695313,,
NART.3.RUR.Q4.M,BGD,2019,74.29414367675781,,
NART.3.RUR.Q4.M,BGD,2022,74.99214172363281,,
NART.3.RUR.Q5,BGD,2006,58.48072052001953,,
NART.3.RUR.Q5,BGD,2011,66.15576171875,,
NART.3.RUR.Q5,BGD,2014,71.77504730224609,,
NART.3.RUR.Q5,BGD,2019,82.18254089355469,,
NART.3.RUR.Q5,BGD,2022,79.90434265136719,,
NART.3.RUR.Q5.F,BGD,2006,55.40795135498047,,
NART.3.RUR.Q5.F,BGD,2011,59.06801986694336,,
NART.3.RUR.Q5.F,BGD,2014,68.22564697265625,,
NART.3.RUR.Q5.F,BGD,2019,81.03791046142578,,
NART.3.RUR.Q5.F,BGD,2022,77.40206146240234,,
NART.3.RUR.Q5.GPIA,BGD,2006,.8989499807357788,,
NART.3.RUR.Q5.GPIA,BGD,2011,.7859699726104736,,
NART.3.RUR.Q5.GPIA,BGD,2014,.8954499959945679,,
NART.3.RUR.Q5.GPIA,BGD,2019,.9708399772644043,,
NART.3.RUR.Q5.GPIA,BGD,2022,.9301999807357788,,
NART.3.RUR.Q5.M,BGD,2006,61.63653945922852,,
NART.3.RUR.Q5.M,BGD,2011,75.15339660644531,,
NART.3.RUR.Q5.M,BGD,2014,76.19122314453125,,
NART.3.RUR.Q5.M,BGD,2019,83.47209167480469,,
NART.3.RUR.Q5.M,BGD,2022,83.21025085449219,,
NART.3.RUR.WPIA,BGD,2006,.2836300134658813,,
NART.3.RUR.WPIA,BGD,2011,.3528400063514709,,
NART.3.RUR.WPIA,BGD,2014,.4762499928474426,,
NART.3.RUR.WPIA,BGD,2019,.6697700023651123,,
NART.3.RUR.WPIA,BGD,2022,.6326599717140198,,
NART.3.URB,BGD,2006,40.58744049072266,,
NART.3.URB,BGD,2011,48.28956985473633,,
NART.3.URB,BGD,2014,51.18191146850586,,
NART.3.URB,BGD,2019,69.47725677490234,,
NART.3.URB,BGD,2022,62.79568862915039,,
NART.3.URB.F,BGD,2006,41.15290832519531,,
NART.3.URB.F,BGD,2011,46.14775085449219,,
NART.3.URB.F,BGD,2014,48.82719039916992,,
NART.3.URB.F,BGD,2019,73.07958221435547,,
NART.3.URB.F,BGD,2022,64.36289978027344,,
NART.3.URB.F.WPIA,BGD,2006,.3635799884796143,,
NART.3.URB.F.WPIA,BGD,2011,.5788499712944031,,
NART.3.URB.F.WPIA,BGD,2014,.7384200096130371,,
NART.3.URB.F.WPIA,BGD,2019,.8273900151252747,,
NART.3.URB.F.WPIA,BGD,2022,.4495800137519836,,
NART.3.URB.GPIA,BGD,2006,1.029379963874817,,
NART.3.URB.GPIA,BGD,2011,.903439998626709,,
NART.3.URB.GPIA,BGD,2014,.9038400053977966,,
NART.3.URB.GPIA,BGD,2019,1.096480011940002,,
NART.3.URB.GPIA,BGD,2022,1.05351996421814,,
NART.3.URB.M,BGD,2006,39.94392013549805,,
NART.3.URB.M,BGD,2011,51.07992172241211,,
NART.3.URB.M,BGD,2014,54.02207183837891,,
NART.3.URB.M,BGD,2019,66.02874755859375,,
NART.3.URB.M,BGD,2022,60.91831970214844,,
NART.3.URB.M.WPIA,BGD,2006,.2120400071144104,,
NART.3.URB.M.WPIA,BGD,2011,.3147599995136261,,
NART.3.URB.M.WPIA,BGD,2014,.790690004825592,,
NART.3.URB.M.WPIA,BGD,2019,.5026900172233582,,
NART.3.URB.M.WPIA,BGD,2022,.5442600250244141,,
NART.3.URB.Q1,BGD,2006,15.83415985107422,,
NART.3.URB.Q1,BGD,2011,27.40192031860352,,
NART.3.URB.Q1,BGD,2014,44.53987884521484,,
NART.3.URB.Q1,BGD,2019,52.25004959106445,,
NART.3.URB.Q1,BGD,2022,39.50796127319336,,
NART.3.URB.Q1.F,BGD,2006,19.09192085266113,,
NART.3.URB.Q1.F,BGD,2011,32.61883163452148,,
NART.3.URB.Q1.F,BGD,2014,41.87704086303711,,
NART.3.URB.Q1.F,BGD,2019,67.578369140625,,
NART.3.URB.Q1.F,BGD,2022,36.23223114013672,,
NART.3.URB.Q1.GPIA,BGD,2006,1.35863995552063,,
NART.3.URB.Q1.GPIA,BGD,2011,1.409850001335144,,
NART.3.URB.Q1.GPIA,BGD,2014,.8832799792289734,,
NART.3.URB.Q1.GPIA,BGD,2019,1.418699979782104,,
NART.3.URB.Q1.GPIA,BGD,2022,.8487399816513062,,
NART.3.URB.Q1.M,BGD,2006,12.24479007720947,,
NART.3.URB.Q1.M,BGD,2011,19.24991989135742,,
NART.3.URB.Q1.M,BGD,2014,47.41096115112305,,
NART.3.URB.Q1.M,BGD,2019,39.28358840942383,,
NART.3.URB.Q1.M,BGD,2022,42.68960189819336,,
NART.3.URB.Q2,BGD,2006,17.65534973144531,,
NART.3.URB.Q2,BGD,2011,33.77759170532227,,
NART.3.URB.Q2,BGD,2014,42.11381912231445,,
NART.3.URB.Q2,BGD,2019,58.46295166015625,,
NART.3.URB.Q2,BGD,2022,47.49993896484375,,
NART.3.URB.Q2.F,BGD,2006,20.81159973144531,,
NART.3.URB.Q2.F,BGD,2011,29.59540939331055,,
NART.3.URB.Q2.F,BGD,2014,42.45822906494141,,
NART.3.URB.Q2.F,BGD,2019,59.10464096069336,,
NART.3.URB.Q2.F,BGD,2022,53.48847961425781,,
NART.3.URB.Q2.GPIA,BGD,2006,1.294219970703125,,
NART.3.URB.Q2.GPIA,BGD,2011,.7571600079536438,,
NART.3.URB.Q2.GPIA,BGD,2014,1.022140026092529,,
NART.3.URB.Q2.GPIA,BGD,2019,1.019680023193359,,
NART.3.URB.Q2.GPIA,BGD,2022,1.253430008888245,,
NART.3.URB.Q2.M,BGD,2006,14.68830966949463,,
NART.3.URB.Q2.M,BGD,2011,39.08749008178711,,
NART.3.URB.Q2.M,BGD,2014,41.51839828491211,,
NART.3.URB.Q2.M,BGD,2019,57.9415283203125,,
NART.3.URB.Q2.M,BGD,2022,39.93270874023438,,
NART.3.URB.Q3,BGD,2006,24.36603927612305,,
NART.3.URB.Q3,BGD,2011,36.63935089111328,,
NART.3.URB.Q3,BGD,2014,47.94253158569336,,
NART.3.URB.Q3,BGD,2019,61.91539001464844,,
NART.3.URB.Q3,BGD,2022,53.28638076782227,,
NART.3.URB.Q3.F,BGD,2006,26.18173980712891,,
NART.3.URB.Q3.F,BGD,2011,35.6096305847168,,
NART.3.URB.Q3.F,BGD,2014,46.24113082885742,,
NART.3.URB.Q3.F,BGD,2019,66.47727203369141,,
NART.3.URB.Q3.F,BGD,2022,57.33794021606445,,
NART.3.URB.Q3.GPIA,BGD,2006,1.14683997631073,,
NART.3.URB.Q3.GPIA,BGD,2011,.9303100109100342,,
NART.3.URB.Q3.GPIA,BGD,2014,.9123700261116028,,
NART.3.URB.Q3.GPIA,BGD,2019,1.13100004196167,,
NART.3.URB.Q3.GPIA,BGD,2022,1.156049966812134,,
NART.3.URB.Q3.M,BGD,2006,22.3372802734375,,
NART.3.URB.Q3.M,BGD,2011,38.27729034423828,,
NART.3.URB.Q3.M,BGD,2014,50.6822509765625,,
NART.3.URB.Q3.M,BGD,2019,57.76856994628906,,
NART.3.URB.Q3.M,BGD,2022,48.39052963256836,,
NART.3.URB.Q4,BGD,2006,33.19979858398438,,
NART.3.URB.Q4,BGD,2011,39.40140914916992,,
NART.3.URB.Q4,BGD,2014,44.73099136352539,,
NART.3.URB.Q4,BGD,2019,58.01916885375977,,
NART.3.URB.Q4,BGD,2022,55.05221176147461,,
NART.3.URB.Q4.F,BGD,2006,36.63056182861328,,
NART.3.URB.Q4.F,BGD,2011,37.91572952270508,,
NART.3.URB.Q4.F,BGD,2014,41.14688110351563,,
NART.3.URB.Q4.F,BGD,2019,62.12253189086914,,
NART.3.URB.Q4.F,BGD,2022,54.86899185180664,,
NART.3.URB.Q4.GPIA,BGD,2006,1.199000000953674,,
NART.3.URB.Q4.GPIA,BGD,2011,.9115899801254272,,
NART.3.URB.Q4.GPIA,BGD,2014,.8390200138092041,,
NART.3.URB.Q4.GPIA,BGD,2019,1.129940032958984,,
NART.3.URB.Q4.GPIA,BGD,2022,.9926000237464905,,
NART.3.URB.Q4.M,BGD,2006,29.3411808013916,,
NART.3.URB.Q4.M,BGD,2011,41.59291839599609,,
NART.3.URB.Q4.M,BGD,2014,49.04148101806641,,
NART.3.URB.Q4.M,BGD,2019,54.0505485534668,,
NART.3.URB.Q4.M,BGD,2022,55.27777862548828,,
NART.3.URB.Q5,BGD,2006,54.90037155151367,,
NART.3.URB.Q5,BGD,2011,58.56819152832031,,
NART.3.URB.Q5,BGD,2014,58.26399993896484,,
NART.3.URB.Q5,BGD,2019,79.91259002685547,,
NART.3.URB.Q5,BGD,2022,79.60498809814453,,
NART.3.URB.Q5.F,BGD,2006,52.51158142089844,,
NART.3.URB.Q5.F,BGD,2011,56.35065078735352,,
NART.3.URB.Q5.F,BGD,2014,56.71179962158203,,
NART.3.URB.Q5.F,BGD,2019,81.67690277099609,,
NART.3.URB.Q5.F,BGD,2022,80.59127807617188,,
NART.3.URB.Q5.GPIA,BGD,2006,.9093400239944458,,
NART.3.URB.Q5.GPIA,BGD,2011,.9214000105857849,,
NART.3.URB.Q5.GPIA,BGD,2014,.9458100199699402,,
NART.3.URB.Q5.GPIA,BGD,2019,1.043220043182373,,
NART.3.URB.Q5.GPIA,BGD,2022,1.026749968528748,,
NART.3.URB.Q5.M,BGD,2006,57.74670028686523,,
NART.3.URB.Q5.M,BGD,2011,61.15782928466797,,
NART.3.URB.Q5.M,BGD,2014,59.96118927001953,,
NART.3.URB.Q5.M,BGD,2019,78.14681243896484,,
NART.3.URB.Q5.M,BGD,2022,78.43582153320313,,
NART.3.URB.WPIA,BGD,2006,.2884199917316437,,
NART.3.URB.WPIA,BGD,2011,.4678600132465363,,
NART.3.URB.WPIA,BGD,2014,.7644500136375427,,
NART.3.URB.WPIA,BGD,2019,.6538400053977966,,
NART.3.URB.WPIA,BGD,2022,.4963000118732452,,
NART.3.WPIA,BGD,2006,.2953400015830994,,
NART.3.WPIA,BGD,2011,.3899700045585632,,
NART.3.WPIA,BGD,2014,.5651900172233582,,
NART.3.WPIA,BGD,2019,.678629994392395,,
NART.3.WPIA,BGD,2022,.6244099736213684,,
NERT.1.CP,BGD,1970,48.92530059814453,,
NERT.1.CP,BGD,1973,69.16130065917969,,
NERT.1.CP,BGD,1976,74.18280792236328,,
NERT.1.CP,BGD,1977,68.81922149658203,,
NERT.1.CP,BGD,1978,66.91581726074219,,
NERT.1.CP,BGD,1981,60.77397155761719,,
NERT.1.CP,BGD,1983,57.95738983154297,,
NERT.1.CP,BGD,1984,57.30220031738281,,
NERT.1.CP,BGD,1985,56.19795989990234,,
NERT.1.CP,BGD,1986,55.80081176757813,,
NERT.1.CP,BGD,1987,55.23971939086914,,
NERT.1.CP,BGD,1988,65.0257568359375,,
NERT.1.CP,BGD,1989,64.87703704833984,,
NERT.1.CP,BGD,1990,67.42891693115234,,
NERT.1.CP,BGD,2005,93.17459106445313,,
NERT.1.CP,BGD,2006,92.45749664306641,,UIS_EST
NERT.1.CP,BGD,2008,86.91100311279297,,NAT_EST
NERT.1.CP,BGD,2009,87.07224273681641,,NAT_EST
NERT.1.CP,BGD,2010,90.24642944335938,,UIS_EST
NERT.1.CP,BGD,2017,96.72172330371615,,
NERT.1.CP,BGD,2018,96.6420704494484,,
NERT.1.CP,BGD,2022,92.71375754008594,,
NERT.1.CP,BGD,2023,93.11538462883497,,
NERT.1.CP,BGD,2024,94.13780401407658,,
NERT.1.F.CP,BGD,1970,32.72845077514648,,
NERT.1.F.CP,BGD,1973,48.71416854858398,,
NERT.1.F.CP,BGD,1976,50.84920883178711,,
NERT.1.F.CP,BGD,1977,51.37181091308594,,
NERT.1.F.CP,BGD,1978,49.96263885498047,,
NERT.1.F.CP,BGD,1981,49.4958610534668,,
NERT.1.F.CP,BGD,1983,43.73094940185547,,
NERT.1.F.CP,BGD,1984,47.23657989501953,,
NERT.1.F.CP,BGD,1985,46.11999893188477,,
NERT.1.F.CP,BGD,1986,45.96138000488281,,
NERT.1.F.CP,BGD,1987,45.4262809753418,,
NERT.1.F.CP,BGD,1988,58.42309951782227,,
NERT.1.F.CP,BGD,1989,58.50259017944336,,
NERT.1.F.CP,BGD,1990,62.05120849609375,,
NERT.1.F.CP,BGD,2005,95.36128997802734,,
NERT.1.F.CP,BGD,2006,95.07495880126953,,UIS_EST
NERT.1.F.CP,BGD,2008,87.652587890625,,NAT_EST
NERT.1.F.CP,BGD,2009,90.45639038085938,,NAT_EST
NERT.1.F.CP,BGD,2010,94.62036895751953,,UIS_EST
NERT.1.F.CP,BGD,2017,99.32283445786383,,
NERT.1.F.CP,BGD,2018,97.61236838098479,,
NERT.1.GPIA,BGD,1970,.5071700215339661,,
NERT.1.GPIA,BGD,1973,.5486500263214111,,
NERT.1.GPIA,BGD,1976,.526449978351593,,
NERT.1.GPIA,BGD,1977,.6001899838447571,,
NERT.1.GPIA,BGD,1978,.6003900170326233,,
NERT.1.GPIA,BGD,1981,.6912599802017212,,
NERT.1.GPIA,BGD,1983,.6109099984169006,,
NERT.1.GPIA,BGD,1984,.7056699991226196,,
NERT.1.GPIA,BGD,1985,.7004500031471252,,
NERT.1.GPIA,BGD,1986,.704770028591156,,
NERT.1.GPIA,BGD,1987,.7028899788856506,,
NERT.1.GPIA,BGD,1988,.8188499808311462,,
NERT.1.GPIA,BGD,1989,.8240900039672852,,
NERT.1.GPIA,BGD,1990,.8547700047492981,,
NERT.1.GPIA,BGD,2005,1.045179963111877,,
NERT.1.GPIA,BGD,2006,1.054250001907349,,UIS_EST
NERT.1.GPIA,BGD,2008,1.01665997505188,,NAT_EST
NERT.1.GPIA,BGD,2009,1.073639988899231,,NAT_EST
NERT.1.GPIA,BGD,2010,1.090980052947998,,UIS_EST
NERT.1.GPIA,BGD,2017,1.051567490101002,,
NERT.1.GPIA,BGD,2018,1.019478944076648,,
NERT.1.M.CP,BGD,1970,64.53160858154297,,
NERT.1.M.CP,BGD,1973,88.78938293457031,,
NERT.1.M.CP,BGD,1976,96.58920288085938,,
NERT.1.M.CP,BGD,1977,85.59284210205078,,
NERT.1.M.CP,BGD,1978,83.21759796142578,,
NERT.1.M.CP,BGD,1981,71.60211181640625,,
NERT.1.M.CP,BGD,1983,71.5831298828125,,
NERT.1.M.CP,BGD,1984,66.93872833251953,,
NERT.1.M.CP,BGD,1985,65.84323883056641,,
NERT.1.M.CP,BGD,1986,65.21484375,,
NERT.1.M.CP,BGD,1987,64.62792205810547,,
NERT.1.M.CP,BGD,1988,71.34799194335938,,
NERT.1.M.CP,BGD,1989,70.99031066894531,,
NERT.1.M.CP,BGD,1990,72.59426879882813,,
NERT.1.M.CP,BGD,2005,91.05300140380859,,
NERT.1.M.CP,BGD,2006,89.91729736328125,,UIS_EST
NERT.1.M.CP,BGD,2008,86.19235229492188,,NAT_EST
NERT.1.M.CP,BGD,2009,83.79534912109375,,NAT_EST
NERT.1.M.CP,BGD,2010,86.01157379150391,,UIS_EST
NERT.1.M.CP,BGD,2017,94.20100517515444,,
NERT.1.M.CP,BGD,2018,95.71098251610243,,
NERT.2.CP,BGD,2005,67.74992370605469,,
NERT.2.CP,BGD,2006,67.59644317626953,,UIS_EST
NERT.2.CP,BGD,2009,69.49807739257813,,NAT_EST
NERT.2.CP,BGD,2010,69.85337066650391,,UIS_EST
NERT.2.CP,BGD,2017,89.27248780509865,,
NERT.2.CP,BGD,2018,88.95244342560429,,
NERT.2.CP,BGD,2021,81.85781384814867,,
NERT.2.CP,BGD,2022,75.26995045001134,,
NERT.2.CP,BGD,2023,76.3601722740726,,
NERT.2.CP,BGD,2024,76.05668898193501,,
NERT.2.F.CP,BGD,2005,71.46257781982422,,
NERT.2.F.CP,BGD,2006,71.13488006591797,,UIS_EST
NERT.2.F.CP,BGD,2009,71.54042053222656,,NAT_EST
NERT.2.F.CP,BGD,2010,72.96012115478516,,UIS_EST
NERT.2.F.CP,BGD,2017,98.31374329999068,,
NERT.2.F.CP,BGD,2021,91.90229132284257,,
NERT.2.F.CP,BGD,2022,83.76578582672094,,
NERT.2.F.CP,BGD,2023,87.4803524518158,,
NERT.2.F.CP,BGD,2024,87.20480245179701,,
NERT.2.GPIA,BGD,2005,1.102030038833618,,
NERT.2.GPIA,BGD,2006,1.097800016403198,,UIS_EST
NERT.2.GPIA,BGD,2009,1.056319952011108,,NAT_EST
NERT.2.GPIA,BGD,2010,1.083979964256287,,UIS_EST
NERT.2.GPIA,BGD,2017,1.181059442912802,,
NERT.2.GPIA,BGD,2021,1.212352837090944,,
NERT.2.GPIA,BGD,2022,1.19466322906535,,
NERT.2.GPIA,BGD,2023,1.242771344538814,,
NERT.2.GPIA,BGD,2024,1.243947010076017,,
NERT.2.M.CP,BGD,2005,64.17124938964844,,
NERT.2.M.CP,BGD,2006,64.17762756347656,,UIS_EST
NERT.2.M.CP,BGD,2009,67.51132965087891,,NAT_EST
NERT.2.M.CP,BGD,2010,66.83294677734375,,UIS_EST
NERT.2.M.CP,BGD,2017,80.51311170742217,,
NERT.2.M.CP,BGD,2021,72.38657902527848,,
NERT.2.M.CP,BGD,2022,67.45966747249494,,
NERT.2.M.CP,BGD,2023,66.24262966635912,,
NERT.2.M.CP,BGD,2024,65.93145162941138,,
NERT.3.CP,BGD,1999,31.09399032592773,,UIS_EST
NERT.3.CP,BGD,2003,32.48273086547852,,UIS_EST
NERT.3.CP,BGD,2005,28.46647071838379,,
NERT.3.CP,BGD,2006,29.80027008056641,,
NERT.3.CP,BGD,2009,38.17184829711914,,NAT_EST
NERT.3.CP,BGD,2010,38.38083000529669,,
NERT.3.CP,BGD,2011,37.48035049438477,,UIS_EST
NERT.3.CP,BGD,2013,40.72932052612305,,UIS_EST
NERT.3.CP,BGD,2015,43.07368850708008,,UIS_EST
NERT.3.CP,BGD,2016,52.45188140869141,,UIS_EST
NERT.3.CP,BGD,2017,47.77145353826782,,
NERT.3.CP,BGD,2018,55.01003816204029,,
NERT.3.CP,BGD,2020,56.77825927734375,,UIS_EST
NERT.3.CP,BGD,2021,56.44320627628166,,
NERT.3.CP,BGD,2022,74.94011413854781,,
NERT.3.CP,BGD,2023,75.19410649187026,,
NERT.3.CP,BGD,2024,71.54881497276118,,
NERT.3.F.CP,BGD,1999,27.93024063110352,,UIS_EST
NERT.3.F.CP,BGD,2003,31.74640083312988,,UIS_EST
NERT.3.F.CP,BGD,2005,27.50646018981934,,
NERT.3.F.CP,BGD,2006,28.7193603515625,,
NERT.3.F.CP,BGD,2009,36.60239028930664,,NAT_EST
NERT.3.F.CP,BGD,2010,38.21231079101563,,UIS_EST
NERT.3.F.CP,BGD,2011,37.56539154052734,,UIS_EST
NERT.3.F.CP,BGD,2013,40.18217086791992,,UIS_EST
NERT.3.F.CP,BGD,2015,43.70090866088867,,UIS_EST
NERT.3.F.CP,BGD,2016,49.99580001831055,,UIS_EST
NERT.3.F.CP,BGD,2017,49.02728685508488,,
NERT.3.F.CP,BGD,2018,56.46900864540916,,
NERT.3.F.CP,BGD,2020,57.6385383605957,,UIS_EST
NERT.3.F.CP,BGD,2021,62.65115293659564,,
NERT.3.F.CP,BGD,2022,70.09900705096005,,
NERT.3.F.CP,BGD,2023,75.88360775772058,,
NERT.3.F.CP,BGD,2024,73.6656238341785,,
NERT.3.GPIA,BGD,1999,.8169400095939636,,UIS_EST
NERT.3.GPIA,BGD,2003,.9562600255012512,,UIS_EST
NERT.3.GPIA,BGD,2005,.9357799887657166,,
NERT.3.GPIA,BGD,2006,.9311000108718872,,
NERT.3.GPIA,BGD,2009,.9220600128173828,,NAT_EST
NERT.3.GPIA,BGD,2010,.9595000147819519,,UIS_EST
NERT.3.GPIA,BGD,2011,1.004469990730286,,UIS_EST
NERT.3.GPIA,BGD,2013,.9737899899482727,,UIS_EST
NERT.3.GPIA,BGD,2015,1.028329968452454,,UIS_EST
NERT.3.GPIA,BGD,2016,.951229989528656,,UIS_EST
NERT.3.GPIA,BGD,2017,1.050521747766211,,
NERT.3.GPIA,BGD,2018,1.051684366645336,,
NERT.3.GPIA,BGD,2020,1.030279994010925,,UIS_EST
NERT.3.GPIA,BGD,2021,1.200505976598372,,
NERT.3.GPIA,BGD,2022,.8783412416521595,,
NERT.3.GPIA,BGD,2023,1.017962224426317,,
NERT.3.GPIA,BGD,2024,1.056077629026619,,
NERT.3.M.CP,BGD,1999,34.18867874145508,,UIS_EST
NERT.3.M.CP,BGD,2003,33.19866180419922,,UIS_EST
NERT.3.M.CP,BGD,2005,29.39402008056641,,
NERT.3.M.CP,BGD,2006,30.84450912475586,,
NERT.3.M.CP,BGD,2009,39.69618988037109,,NAT_EST
NERT.3.M.CP,BGD,2010,39.82503890991211,,UIS_EST
NERT.3.M.CP,BGD,2011,37.3973503112793,,UIS_EST
NERT.3.M.CP,BGD,2013,41.26371002197266,,UIS_EST
NERT.3.M.CP,BGD,2015,42.46268081665039,,UIS_EST
NERT.3.M.CP,BGD,2016,52.55934906005859,,UIS_EST
NERT.3.M.CP,BGD,2017,46.55034263493064,,
NERT.3.M.CP,BGD,2018,53.55044369848117,,
NERT.3.M.CP,BGD,2020,55.8932991027832,,UIS_EST
NERT.3.M.CP,BGD,2021,50.08922233202956,,
NERT.3.M.CP,BGD,2022,79.8083976099128,,
NERT.3.M.CP,BGD,2023,74.52056936489777,,
NERT.3.M.CP,BGD,2024,69.53463030879099,,
OE.5T8.40500,BGD,1998,5464,,UIS_EST
OE.5T8.40500,BGD,1999,5737,,
OE.5T8.40500,BGD,2000,6075,,UIS_EST
OE.5T8.40500,BGD,2001,6588,,UIS_EST
OE.5T8.40500,BGD,2002,7341,,UIS_EST
OE.5T8.40500,BGD,2003,8991,,UIS_EST
OE.5T8.40500,BGD,2004,8785,,UIS_EST
OE.5T8.40500,BGD,2005,7990,,
OE.5T8.40500,BGD,2006,8065,,UIS_EST
OE.5T8.40500,BGD,2007,9097,,UIS_EST
OE.5T8.40500,BGD,2008,9852,,UIS_EST
OE.5T8.40500,BGD,2009,12032,,UIS_EST
OE.5T8.40500,BGD,2010,13955,,UIS_EST
OE.5T8.40500,BGD,2011,14522,,UIS_EST
OE.5T8.40500,BGD,2012,13527,,UIS_EST
OE.5T8.40500,BGD,2013,13387,,
OE.5T8.40500,BGD,2014,15216,,
OE.5T8.40500,BGD,2015,15720,,
OE.5T8.40500,BGD,2016,17263,,
OE.5T8.40500,BGD,2017,17082,,
OE.5T8.40500,BGD,2018,17846,,
OE.5T8.40500,BGD,2019,20845,,UIS_EST
OE.5T8.40500,BGD,2020,24911,,
OE.5T8.40500,BGD,2021,29403,,
OE.5T8.40500,BGD,2022,39855,,
OE.5T8.40500,BGD,2023,46990,,
OE.5T8.40500.F,BGD,2012,2248,,UIS_EST
OE.5T8.40500.F,BGD,2013,2400,,UIS_EST
OE.5T8.40500.F,BGD,2014,2742,,UIS_EST
OE.5T8.40500.F,BGD,2015,3001,,UIS_EST
OE.5T8.40500.F,BGD,2016,3775,,UIS_EST
OE.5T8.40500.F,BGD,2017,4002,,UIS_EST
OE.5T8.40500.F,BGD,2018,4064,,UIS_EST
OE.5T8.40500.F,BGD,2019,5106,,UIS_EST
OE.5T8.40500.F,BGD,2020,6434,,UIS_EST
OE.5T8.40500.F,BGD,2021,8094,,UIS_EST
OE.5T8.40500.F,BGD,2022,11239,,UIS_EST
OE.5T8.40500.F,BGD,2023,14486,,UIS_EST
OE.5T8.40500.GPIA,BGD,2012,0,,UIS_EST
OE.5T8.40500.GPIA,BGD,2013,0,,UIS_EST
OE.5T8.40500.GPIA,BGD,2014,0,,UIS_EST
OE.5T8.40500.GPIA,BGD,2015,0,,UIS_EST
OE.5T8.40500.GPIA,BGD,2016,0,,UIS_EST
OE.5T8.40500.GPIA,BGD,2017,0,,UIS_EST
OE.5T8.40500.GPIA,BGD,2018,0,,UIS_EST
OE.5T8.40500.GPIA,BGD,2019,0,,UIS_EST
OE.5T8.40500.GPIA,BGD,2020,0,,UIS_EST
OE.5T8.40500.GPIA,BGD,2021,0,,UIS_EST
OE.5T8.40500.GPIA,BGD,2022,0,,UIS_EST
OE.5T8.40500.GPIA,BGD,2023,0,,UIS_EST
OE.5T8.40500.M,BGD,1970,0,NIL,
OE.5T8.40500.M,BGD,1971,0,NIL,
OE.5T8.40500.M,BGD,1972,0,NIL,
OE.5T8.40500.M,BGD,1973,0,NIL,
OE.5T8.40500.M,BGD,1974,0,NIL,
OE.5T8.40500.M,BGD,1975,0,NIL,
OE.5T8.40500.M,BGD,1976,0,NIL,
OE.5T8.40500.M,BGD,1977,0,NIL,
OE.5T8.40500.M,BGD,1978,0,NIL,
OE.5T8.40500.M,BGD,1979,0,NIL,
OE.5T8.40500.M,BGD,1980,0,NIL,
OE.5T8.40500.M,BGD,1981,0,NIL,
OE.5T8.40500.M,BGD,1982,0,NIL,
OE.5T8.40500.M,BGD,1983,0,NIL,
OE.5T8.40500.M,BGD,1984,0,NIL,
OE.5T8.40500.M,BGD,1985,0,NIL,
OE.5T8.40500.M,BGD,1986,0,NIL,
OE.5T8.40500.M,BGD,1987,0,NIL,
OE.5T8.40500.M,BGD,1988,0,NIL,
OE.5T8.40500.M,BGD,1989,0,NIL,
OE.5T8.40500.M,BGD,1990,0,NIL,
OE.5T8.40500.M,BGD,1991,0,NIL,
OE.5T8.40500.M,BGD,1992,0,NIL,
OE.5T8.40500.M,BGD,1993,0,NIL,
OE.5T8.40500.M,BGD,1994,0,NIL,
OE.5T8.40500.M,BGD,1995,0,NIL,
OE.5T8.40500.M,BGD,1996,0,NIL,
OE.5T8.40500.M,BGD,1997,0,NIL,
OE.5T8.40500.M,BGD,1998,5464,,UIS_EST
OE.5T8.40500.M,BGD,1999,5737,,
OE.5T8.40500.M,BGD,2000,6075,,UIS_EST
OE.5T8.40500.M,BGD,2001,6588,,UIS_EST
OE.5T8.40500.M,BGD,2002,7341,,UIS_EST
OE.5T8.40500.M,BGD,2003,8991,,UIS_EST
OE.5T8.40500.M,BGD,2004,8785,,UIS_EST
OE.5T8.40500.M,BGD,2005,7990,,
OE.5T8.40500.M,BGD,2006,8065,,UIS_EST
OE.5T8.40500.M,BGD,2007,9097,,UIS_EST
OE.5T8.40500.M,BGD,2008,9852,,UIS_EST
OE.5T8.40500.M,BGD,2009,12032,,UIS_EST
OE.5T8.40500.M,BGD,2010,13955,,UIS_EST
OE.5T8.40500.M,BGD,2011,14522,,UIS_EST
OE.5T8.40500.M,BGD,2012,11279,,UIS_EST
OE.5T8.40500.M,BGD,2013,10987,,UIS_EST
OE.5T8.40500.M,BGD,2014,12475,,UIS_EST
OE.5T8.40500.M,BGD,2015,12719,,UIS_EST
OE.5T8.40500.M,BGD,2016,13487,,UIS_EST
OE.5T8.40500.M,BGD,2017,13080,,UIS_EST
OE.5T8.40500.M,BGD,2018,13782,,UIS_EST
OE.5T8.40500.M,BGD,2019,15739,,UIS_EST
OE.5T8.40500.M,BGD,2020,18477,,UIS_EST
OE.5T8.40500.M,BGD,2021,21309,,UIS_EST
OE.5T8.40500.M,BGD,2022,28616,,UIS_EST
OE.5T8.40500.M,BGD,2023,32504,,UIS_EST
OE.5T8.40505,BGD,1998,2,,UIS_EST
OE.5T8.40505,BGD,1999,2,,UIS_EST
OE.5T8.40505,BGD,2000,0,NIL,UIS_EST
OE.5T8.40505,BGD,2001,1,,
OE.5T8.40505,BGD,2002,0,NIL,UIS_EST
OE.5T8.40505,BGD,2003,0,NIL,
OE.5T8.40505,BGD,2004,0,NIL,
OE.5T8.40505,BGD,2005,2,,
OE.5T8.40505,BGD,2006,1,,
OE.5T8.40505,BGD,2007,1,,
OE.5T8.40505,BGD,2008,4,,
OE.5T8.40505,BGD,2009,2,,
OE.5T8.40505,BGD,2010,4,,
OE.5T8.40505,BGD,2011,2,,
OE.5T8.40505,BGD,2012,6,,
OE.5T8.40505,BGD,2013,10,,
OE.5T8.40505,BGD,2014,12,,
OE.5T8.40505,BGD,2015,15,,
OE.5T8.40505,BGD,2016,6,,
OE.5T8.40505,BGD,2017,17,,
OE.5T8.40505,BGD,2018,146,,
OE.5T8.40505,BGD,2019,94,,
OE.5T8.40505,BGD,2020,107,,
OE.5T8.40505,BGD,2021,100,,UIS_EST
OE.5T8.40505,BGD,2022,140,,UIS_EST
OE.5T8.40505,BGD,2023,157,,UIS_EST
OE.5T8.40505.F,BGD,2012,0,NIL,UIS_EST
OE.5T8.40505.F,BGD,2013,1,,UIS_EST
OE.5T8.40505.F,BGD,2014,1,,UIS_EST
OE.5T8.40505.F,BGD,2015,2,,UIS_EST
OE.5T8.40505.F,BGD,2016,3,,
OE.5T8.40505.F,BGD,2017,5,,
OE.5T8.40505.F,BGD,2018,12,,
OE.5T8.40505.F,BGD,2019,16,,
OE.5T8.40505.F,BGD,2020,20,,
OE.5T8.40505.F,BGD,2021,37,,UIS_EST
OE.5T8.40505.F,BGD,2022,55,,UIS_EST
OE.5T8.40505.F,BGD,2023,92,,UIS_EST
OE.5T8.40505.GPIA,BGD,2012,0,NIL,UIS_EST
OE.5T8.40505.GPIA,BGD,2013,0,,UIS_EST
OE.5T8.40505.GPIA,BGD,2014,0,,UIS_EST
OE.5T8.40505.GPIA,BGD,2015,0,,UIS_EST
OE.5T8.40505.GPIA,BGD,2016,1,,
OE.5T8.40505.GPIA,BGD,2017,0,,
OE.5T8.40505.GPIA,BGD,2018,0,,
OE.5T8.40505.GPIA,BGD,2019,0,,
OE.5T8.40505.GPIA,BGD,2020,0,,
OE.5T8.40505.GPIA,BGD,2021,1,,UIS_EST
OE.5T8.40505.GPIA,BGD,2022,1,,UIS_EST
OE.5T8.40505.GPIA,BGD,2023,1,,UIS_EST
OE.5T8.40505.M,BGD,1970,0,NIL,
OE.5T8.40505.M,BGD,1971,0,NIL,
OE.5T8.40505.M,BGD,1972,0,NIL,
OE.5T8.40505.M,BGD,1973,0,NIL,
OE.5T8.40505.M,BGD,1974,0,NIL,
OE.5T8.40505.M,BGD,1975,0,NIL,
OE.5T8.40505.M,BGD,1976,0,NIL,
OE.5T8.40505.M,BGD,1977,0,NIL,
OE.5T8.40505.M,BGD,1978,0,NIL,
OE.5T8.40505.M,BGD,1979,0,NIL,
OE.5T8.40505.M,BGD,1980,0,NIL,
OE.5T8.40505.M,BGD,1981,0,NIL,
OE.5T8.40505.M,BGD,1982,0,NIL,
OE.5T8.40505.M,BGD,1983,0,NIL,
OE.5T8.40505.M,BGD,1984,0,NIL,
OE.5T8.40505.M,BGD,1985,0,NIL,
OE.5T8.40505.M,BGD,1986,0,NIL,
OE.5T8.40505.M,BGD,1987,0,NIL,
OE.5T8.40505.M,BGD,1988,0,NIL,
OE.5T8.40505.M,BGD,1989,0,NIL,
OE.5T8.40505.M,BGD,1990,0,NIL,
OE.5T8.40505.M,BGD,1991,0,NIL,
OE.5T8.40505.M,BGD,1992,0,NIL,
OE.5T8.40505.M,BGD,1993,0,NIL,
OE.5T8.40505.M,BGD,1994,0,NIL,
OE.5T8.40505.M,BGD,1995,0,NIL,
OE.5T8.40505.M,BGD,1996,0,NIL,
OE.5T8.40505.M,BGD,1997,0,NIL,
OE.5T8.40505.M,BGD,1998,2,,UIS_EST
OE.5T8.40505.M,BGD,1999,2,,UIS_EST
OE.5T8.40505.M,BGD,2000,0,NIL,UIS_EST
OE.5T8.40505.M,BGD,2001,1,,
OE.5T8.40505.M,BGD,2002,0,NIL,UIS_EST
OE.5T8.40505.M,BGD,2003,0,NIL,
OE.5T8.40505.M,BGD,2004,0,NIL,
OE.5T8.40505.M,BGD,2005,2,,
OE.5T8.40505.M,BGD,2006,1,,
OE.5T8.40505.M,BGD,2007,1,,
OE.5T8.40505.M,BGD,2008,4,,
OE.5T8.40505.M,BGD,2009,2,,
OE.5T8.40505.M,BGD,2010,4,,
OE.5T8.40505.M,BGD,2011,2,,
OE.5T8.40505.M,BGD,2012,6,,UIS_EST
OE.5T8.40505.M,BGD,2013,9,,UIS_EST
OE.5T8.40505.M,BGD,2014,10,,UIS_EST
OE.5T8.40505.M,BGD,2015,14,,UIS_EST
OE.5T8.40505.M,BGD,2016,3,,
OE.5T8.40505.M,BGD,2017,12,,
OE.5T8.40505.M,BGD,2018,134,,
OE.5T8.40505.M,BGD,2019,78,,
OE.5T8.40505.M,BGD,2020,87,,
OE.5T8.40505.M,BGD,2021,64,,UIS_EST
OE.5T8.40505.M,BGD,2022,85,,UIS_EST
OE.5T8.40505.M,BGD,2023,65,,UIS_EST
OE.5T8.40510,BGD,1998,7677,,UIS_EST
OE.5T8.40510,BGD,1999,8050,,UIS_EST
OE.5T8.40510,BGD,2000,8739,,UIS_EST
OE.5T8.40510,BGD,2001,10472,,UIS_EST
OE.5T8.40510,BGD,2002,12390,,UIS_EST
OE.5T8.40510,BGD,2003,16120,,UIS_EST
OE.5T8.40510,BGD,2004,15027,,UIS_EST
OE.5T8.40510,BGD,2005,14837,,UIS_EST
OE.5T8.40510,BGD,2006,14814,,UIS_EST
OE.5T8.40510,BGD,2007,15996,,UIS_EST
OE.5T8.40510,BGD,2008,16778,,UIS_EST
OE.5T8.40510,BGD,2009,19352,,UIS_EST
OE.5T8.40510,BGD,2010,22015,,UIS_EST
OE.5T8.40510,BGD,2011,22948,,UIS_EST
OE.5T8.40510,BGD,2012,23004,,UIS_EST
OE.5T8.40510,BGD,2013,37332,,UIS_EST
OE.5T8.40510,BGD,2014,53120,,
OE.5T8.40510,BGD,2015,55939,,
OE.5T8.40510,BGD,2016,62168,,
OE.5T8.40510,BGD,2017,57944,,
OE.5T8.40510,BGD,2018,50150,,
OE.5T8.40510,BGD,2019,44364,,UIS_EST
OE.5T8.40510,BGD,2020,49922,,
OE.5T8.40510,BGD,2021,53201,,UIS_EST
OE.5T8.40510,BGD,2022,63882,,UIS_EST
OE.5T8.40510,BGD,2023,76328,,UIS_EST
OE.5T8.40510.F,BGD,2012,4125,,UIS_EST
OE.5T8.40510.F,BGD,2013,5168,,UIS_EST
OE.5T8.40510.F,BGD,2014,6215,,UIS_EST
OE.5T8.40510.F,BGD,2015,6852,,UIS_EST
OE.5T8.40510.F,BGD,2016,8327,,UIS_EST
OE.5T8.40510.F,BGD,2017,8708,,UIS_EST
OE.5T8.40510.F,BGD,2018,9833,,UIS_EST
OE.5T8.40510.F,BGD,2019,10562,,UIS_EST
OE.5T8.40510.F,BGD,2020,12308,,UIS_EST
OE.5T8.40510.F,BGD,2021,13971,,UIS_EST
OE.5T8.40510.F,BGD,2022,17814,,UIS_EST
OE.5T8.40510.F,BGD,2023,22586,,UIS_EST
OE.5T8.40510.GPIA,BGD,2012,0,,UIS_EST
OE.5T8.40510.GPIA,BGD,2013,0,,UIS_EST
OE.5T8.40510.GPIA,BGD,2014,0,,UIS_EST
OE.5T8.40510.GPIA,BGD,2015,0,,UIS_EST
OE.5T8.40510.GPIA,BGD,2016,0,,UIS_EST
OE.5T8.40510.GPIA,BGD,2017,0,,UIS_EST
OE.5T8.40510.GPIA,BGD,2018,0,,UIS_EST
OE.5T8.40510.GPIA,BGD,2019,0,,UIS_EST
OE.5T8.40510.GPIA,BGD,2020,0,,UIS_EST
OE.5T8.40510.GPIA,BGD,2021,0,,UIS_EST
OE.5T8.40510.GPIA,BGD,2022,0,,UIS_EST
OE.5T8.40510.GPIA,BGD,2023,0,,UIS_EST
OE.5T8.40510.M,BGD,1970,0,NIL,
OE.5T8.40510.M,BGD,1971,0,NIL,
OE.5T8.40510.M,BGD,1972,0,NIL,
OE.5T8.40510.M,BGD,1973,0,NIL,
OE.5T8.40510.M,BGD,1974,0,NIL,
OE.5T8.40510.M,BGD,1975,0,NIL,
OE.5T8.40510.M,BGD,1976,0,NIL,
OE.5T8.40510.M,BGD,1977,0,NIL,
OE.5T8.40510.M,BGD,1978,0,NIL,
OE.5T8.40510.M,BGD,1979,0,NIL,
OE.5T8.40510.M,BGD,1980,0,NIL,
OE.5T8.40510.M,BGD,1981,0,NIL,
OE.5T8.40510.M,BGD,1982,0,NIL,
OE.5T8.40510.M,BGD,1983,0,NIL,
OE.5T8.40510.M,BGD,1984,0,NIL,
OE.5T8.40510.M,BGD,1985,0,NIL,
OE.5T8.40510.M,BGD,1986,0,NIL,
OE.5T8.40510.M,BGD,1987,0,NIL,
OE.5T8.40510.M,BGD,1988,0,NIL,
OE.5T8.40510.M,BGD,1989,0,NIL,
OE.5T8.40510.M,BGD,1990,0,NIL,
OE.5T8.40510.M,BGD,1991,0,NIL,
OE.5T8.40510.M,BGD,1992,0,NIL,
OE.5T8.40510.M,BGD,1993,0,NIL,
OE.5T8.40510.M,BGD,1994,0,NIL,
OE.5T8.40510.M,BGD,1995,0,NIL,
OE.5T8.40510.M,BGD,1996,0,NIL,
OE.5T8.40510.M,BGD,1997,0,NIL,
OE.5T8.40510.M,BGD,1998,7677,,UIS_EST
OE.5T8.40510.M,BGD,1999,8050,,UIS_EST
OE.5T8.40510.M,BGD,2000,8739,,UIS_EST
OE.5T8.40510.M,BGD,2001,10472,,UIS_EST
OE.5T8.40510.M,BGD,2002,12390,,UIS_EST
OE.5T8.40510.M,BGD,2003,16120,,UIS_EST
OE.5T8.40510.M,BGD,2004,15027,,UIS_EST
OE.5T8.40510.M,BGD,2005,14837,,UIS_EST
OE.5T8.40510.M,BGD,2006,14814,,UIS_EST
OE.5T8.40510.M,BGD,2007,15996,,UIS_EST
OE.5T8.40510.M,BGD,2008,16778,,UIS_EST
OE.5T8.40510.M,BGD,2009,19352,,UIS_EST
OE.5T8.40510.M,BGD,2010,22015,,UIS_EST
OE.5T8.40510.M,BGD,2011,22948,,UIS_EST
OE.5T8.40510.M,BGD,2012,18878,,UIS_EST
OE.5T8.40510.M,BGD,2013,32163,,UIS_EST
OE.5T8.40510.M,BGD,2014,46905,,UIS_EST
OE.5T8.40510.M,BGD,2015,49086,,UIS_EST
OE.5T8.40510.M,BGD,2016,53840,,UIS_EST
OE.5T8.40510.M,BGD,2017,49236,,UIS_EST
OE.5T8.40510.M,BGD,2018,40317,,UIS_EST
OE.5T8.40510.M,BGD,2019,33802,,UIS_EST
OE.5T8.40510.M,BGD,2020,37613,,UIS_EST
OE.5T8.40510.M,BGD,2021,39230,,UIS_EST
OE.5T8.40510.M,BGD,2022,46067,,UIS_EST
OE.5T8.40510.M,BGD,2023,53742,,UIS_EST
OE.5T8.40515,BGD,1997,1466,,UIS_EST
OE.5T8.40515,BGD,1998,1466,,UIS_EST
OE.5T8.40515,BGD,1999,1575,,UIS_EST
OE.5T8.40515,BGD,2000,1940,,UIS_EST
OE.5T8.40515,BGD,2001,2597,,UIS_EST
OE.5T8.40515,BGD,2002,3782,,UIS_EST
OE.5T8.40515,BGD,2003,6037,,UIS_EST
OE.5T8.40515,BGD,2004,5207,,UIS_EST
OE.5T8.40515,BGD,2005,5714,,UIS_EST
OE.5T8.40515,BGD,2006,5577,,UIS_EST
OE.5T8.40515,BGD,2007,5536,,UIS_EST
OE.5T8.40515,BGD,2008,5343,,UIS_EST
OE.5T8.40515,BGD,2009,5767,,UIS_EST
OE.5T8.40515,BGD,2010,6320,,UIS_EST
OE.5T8.40515,BGD,2011,6593,,UIS_EST
OE.5T8.40515,BGD,2012,7410,,UIS_EST
OE.5T8.40515,BGD,2013,21240,,UIS_EST
OE.5T8.40515,BGD,2014,34963,,UIS_EST
OE.5T8.40515,BGD,2015,36820,,UIS_EST
OE.5T8.40515,BGD,2016,41087,,UIS_EST
OE.5T8.40515,BGD,2017,36226,,UIS_EST
OE.5T8.40515,BGD,2018,26951,,UIS_EST
OE.5T8.40515.M,BGD,1970,0,NIL,
OE.5T8.40515.M,BGD,1971,0,NIL,
OE.5T8.40515.M,BGD,1972,0,NIL,
OE.5T8.40515.M,BGD,1973,0,NIL,
OE.5T8.40515.M,BGD,1974,0,NIL,
OE.5T8.40515.M,BGD,1975,0,NIL,
OE.5T8.40515.M,BGD,1976,0,NIL,
OE.5T8.40515.M,BGD,1977,0,NIL,
OE.5T8.40515.M,BGD,1978,0,NIL,
OE.5T8.40515.M,BGD,1979,0,NIL,
OE.5T8.40515.M,BGD,1980,0,NIL,
OE.5T8.40515.M,BGD,1981,0,NIL,
OE.5T8.40515.M,BGD,1982,0,NIL,
OE.5T8.40515.M,BGD,1983,0,NIL,
OE.5T8.40515.M,BGD,1984,0,NIL,
OE.5T8.40515.M,BGD,1985,0,NIL,
OE.5T8.40515.M,BGD,1986,0,NIL,
OE.5T8.40515.M,BGD,1987,0,NIL,
OE.5T8.40515.M,BGD,1988,0,NIL,
OE.5T8.40515.M,BGD,1989,0,NIL,
OE.5T8.40515.M,BGD,1990,0,NIL,
OE.5T8.40515.M,BGD,1991,0,NIL,
OE.5T8.40515.M,BGD,1992,0,NIL,
OE.5T8.40515.M,BGD,1993,0,NIL,
OE.5T8.40515.M,BGD,1994,0,NIL,
OE.5T8.40515.M,BGD,1995,0,NIL,
OE.5T8.40515.M,BGD,1996,0,NIL,
OE.5T8.40515.M,BGD,1997,1466,,UIS_EST
OE.5T8.40515.M,BGD,1998,1466,,UIS_EST
OE.5T8.40515.M,BGD,1999,1575,,UIS_EST
OE.5T8.40515.M,BGD,2000,1940,,UIS_EST
OE.5T8.40515.M,BGD,2001,2597,,UIS_EST
OE.5T8.40515.M,BGD,2002,3782,,UIS_EST
OE.5T8.40515.M,BGD,2003,6037,,UIS_EST
OE.5T8.40515.M,BGD,2004,5207,,UIS_EST
OE.5T8.40515.M,BGD,2005,5714,,UIS_EST
OE.5T8.40515.M,BGD,2006,5577,,UIS_EST
OE.5T8.40515.M,BGD,2007,5536,,UIS_EST
OE.5T8.40515.M,BGD,2008,5343,,UIS_EST
OE.5T8.40515.M,BGD,2009,5767,,UIS_EST
OE.5T8.40515.M,BGD,2010,6320,,UIS_EST
OE.5T8.40515.M,BGD,2011,6593,,UIS_EST
OE.5T8.40515.M,BGD,2012,7410,,UIS_EST
OE.5T8.40515.M,BGD,2013,21240,,UIS_EST
OE.5T8.40515.M,BGD,2014,34963,,UIS_EST
OE.5T8.40515.M,BGD,2015,36820,,UIS_EST
OE.5T8.40515.M,BGD,2016,41087,,UIS_EST
OE.5T8.40515.M,BGD,2017,36226,,UIS_EST
OE.5T8.40515.M,BGD,2018,26951,,UIS_EST
OE.5T8.40515.M,BGD,2019,0,NIL,
OE.5T8.40515.M,BGD,2020,0,NIL,
OE.5T8.40515.M,BGD,2021,0,NIL,
OE.5T8.40515.M,BGD,2022,0,NIL,
OE.5T8.40516,BGD,1997,404,,UIS_EST
OE.5T8.40516,BGD,1998,404,,
OE.5T8.40516,BGD,1999,502,,
OE.5T8.40516,BGD,2000,719,,
OE.5T8.40516,BGD,2001,1396,,UIS_EST
OE.5T8.40516,BGD,2002,2075,,
OE.5T8.40516,BGD,2003,2828,,
OE.5T8.40516,BGD,2004,3003,,
OE.5T8.40516,BGD,2005,3452,,
OE.5T8.40516,BGD,2006,3187,,
OE.5T8.40516,BGD,2007,2954,,
OE.5T8.40516,BGD,2008,2408,,
OE.5T8.40516,BGD,2009,2467,,
OE.5T8.40516,BGD,2010,2763,,
OE.5T8.40516,BGD,2011,3156,,
OE.5T8.40516,BGD,2012,3456,,
OE.5T8.40516,BGD,2013,3718,,
OE.5T8.40516,BGD,2014,4074,,
OE.5T8.40516,BGD,2015,4709,,
OE.5T8.40516,BGD,2016,4978,,
OE.5T8.40516,BGD,2017,5259,,
OE.5T8.40516,BGD,2018,6047,,
OE.5T8.40516,BGD,2019,6394,,
OE.5T8.40516,BGD,2020,5828,,
OE.5T8.40516,BGD,2021,5139,,
OE.5T8.40516,BGD,2022,6084,,
OE.5T8.40516,BGD,2023,10316,,
OE.5T8.40516.F,BGD,2012,769,,UIS_EST
OE.5T8.40516.F,BGD,2013,828,,
OE.5T8.40516.F,BGD,2014,902,,
OE.5T8.40516.F,BGD,2015,1091,,
OE.5T8.40516.F,BGD,2016,1257,,
OE.5T8.40516.F,BGD,2017,1299,,
OE.5T8.40516.F,BGD,2018,1619,,
OE.5T8.40516.F,BGD,2019,1846,,
OE.5T8.40516.F,BGD,2020,1765,,
OE.5T8.40516.F,BGD,2021,1633,,
OE.5T8.40516.F,BGD,2022,1966,,
OE.5T8.40516.F,BGD,2023,3008,,
OE.5T8.40516.GPIA,BGD,2012,0,,UIS_EST
OE.5T8.40516.GPIA,BGD,2013,0,,
OE.5T8.40516.GPIA,BGD,2014,0,,
OE.5T8.40516.GPIA,BGD,2015,0,,
OE.5T8.40516.GPIA,BGD,2016,0,,
OE.5T8.40516.GPIA,BGD,2017,0,,
OE.5T8.40516.GPIA,BGD,2018,0,,
OE.5T8.40516.GPIA,BGD,2019,0,,
OE.5T8.40516.GPIA,BGD,2020,0,,
OE.5T8.40516.GPIA,BGD,2021,0,,
OE.5T8.40516.GPIA,BGD,2022,0,,
OE.5T8.40516.GPIA,BGD,2023,0,,
OE.5T8.40516.M,BGD,1970,0,NIL,
OE.5T8.40516.M,BGD,1971,0,NIL,
OE.5T8.40516.M,BGD,1972,0,NIL,
OE.5T8.40516.M,BGD,1973,0,NIL,
OE.5T8.40516.M,BGD,1974,0,NIL,
OE.5T8.40516.M,BGD,1975,0,NIL,
OE.5T8.40516.M,BGD,1976,0,NIL,
OE.5T8.40516.M,BGD,1977,0,NIL,
OE.5T8.40516.M,BGD,1978,0,NIL,
OE.5T8.40516.M,BGD,1979,0,NIL,
OE.5T8.40516.M,BGD,1980,0,NIL,
OE.5T8.40516.M,BGD,1981,0,NIL,
OE.5T8.40516.M,BGD,1982,0,NIL,
OE.5T8.40516.M,BGD,1983,0,NIL,
OE.5T8.40516.M,BGD,1984,0,NIL,
OE.5T8.40516.M,BGD,1985,0,NIL,
OE.5T8.40516.M,BGD,1986,0,NIL,
OE.5T8.40516.M,BGD,1987,0,NIL,
OE.5T8.40516.M,BGD,1988,0,NIL,
OE.5T8.40516.M,BGD,1989,0,NIL,
OE.5T8.40516.M,BGD,1990,0,NIL,
OE.5T8.40516.M,BGD,1991,0,NIL,
OE.5T8.40516.M,BGD,1992,0,NIL,
OE.5T8.40516.M,BGD,1993,0,NIL,
OE.5T8.40516.M,BGD,1994,0,NIL,
OE.5T8.40516.M,BGD,1995,0,NIL,
OE.5T8.40516.M,BGD,1996,0,NIL,
OE.5T8.40516.M,BGD,1997,404,,UIS_EST
OE.5T8.40516.M,BGD,1998,404,,
OE.5T8.40516.M,BGD,1999,502,,
OE.5T8.40516.M,BGD,2000,719,,
OE.5T8.40516.M,BGD,2001,1396,,UIS_EST
OE.5T8.40516.M,BGD,2002,2075,,
OE.5T8.40516.M,BGD,2003,2828,,
OE.5T8.40516.M,BGD,2004,3003,,
OE.5T8.40516.M,BGD,2005,3452,,
OE.5T8.40516.M,BGD,2006,3187,,
OE.5T8.40516.M,BGD,2007,2954,,
OE.5T8.40516.M,BGD,2008,2408,,
OE.5T8.40516.M,BGD,2009,2467,,
OE.5T8.40516.M,BGD,2010,2763,,
OE.5T8.40516.M,BGD,2011,3156,,
OE.5T8.40516.M,BGD,2012,2687,,UIS_EST
OE.5T8.40516.M,BGD,2013,2890,,
OE.5T8.40516.M,BGD,2014,3172,,
OE.5T8.40516.M,BGD,2015,3618,,
OE.5T8.40516.M,BGD,2016,3721,,
OE.5T8.40516.M,BGD,2017,3960,,
OE.5T8.40516.M,BGD,2018,4428,,
OE.5T8.40516.M,BGD,2019,4548,,
OE.5T8.40516.M,BGD,2020,4063,,
OE.5T8.40516.M,BGD,2021,3506,,
OE.5T8.40516.M,BGD,2022,4118,,
OE.5T8.40516.M,BGD,2023,7308,,
OE.5T8.40517,BGD,1997,1062,,UIS_EST
OE.5T8.40517,BGD,1998,1062,,UIS_EST
OE.5T8.40517,BGD,1999,1073,,UIS_EST
OE.5T8.40517,BGD,2000,1221,,UIS_EST
OE.5T8.40517,BGD,2001,1201,,UIS_EST
OE.5T8.40517,BGD,2002,1707,,UIS_EST
OE.5T8.40517,BGD,2003,3209,,UIS_EST
OE.5T8.40517,BGD,2004,2204,,UIS_EST
OE.5T8.40517,BGD,2005,2262,,UIS_EST
OE.5T8.40517,BGD,2006,2390,,UIS_EST
OE.5T8.40517,BGD,2007,2582,,UIS_EST
OE.5T8.40517,BGD,2008,2935,,UIS_EST
OE.5T8.40517,BGD,2009,3300,,UIS_EST
OE.5T8.40517,BGD,2010,3557,,UIS_EST
OE.5T8.40517,BGD,2011,3437,,UIS_EST
OE.5T8.40517,BGD,2012,3954,,UIS_EST
OE.5T8.40517,BGD,2013,17522,,UIS_EST
OE.5T8.40517,BGD,2014,30889,,UIS_EST
OE.5T8.40517,BGD,2015,32111,,UIS_EST
OE.5T8.40517,BGD,2016,36109,,UIS_EST
OE.5T8.40517,BGD,2017,30967,,UIS_EST
OE.5T8.40517,BGD,2018,20904,,UIS_EST
OE.5T8.40517.M,BGD,1970,0,NIL,
OE.5T8.40517.M,BGD,1971,0,NIL,
OE.5T8.40517.M,BGD,1972,0,NIL,
OE.5T8.40517.M,BGD,1973,0,NIL,
OE.5T8.40517.M,BGD,1974,0,NIL,
OE.5T8.40517.M,BGD,1975,0,NIL,
OE.5T8.40517.M,BGD,1976,0,NIL,
OE.5T8.40517.M,BGD,1977,0,NIL,
OE.5T8.40517.M,BGD,1978,0,NIL,
OE.5T8.40517.M,BGD,1979,0,NIL,
OE.5T8.40517.M,BGD,1980,0,NIL,
OE.5T8.40517.M,BGD,1981,0,NIL,
OE.5T8.40517.M,BGD,1982,0,NIL,
OE.5T8.40517.M,BGD,1983,0,NIL,
OE.5T8.40517.M,BGD,1984,0,NIL,
OE.5T8.40517.M,BGD,1985,0,NIL,
OE.5T8.40517.M,BGD,1986,0,NIL,
OE.5T8.40517.M,BGD,1987,0,NIL,
OE.5T8.40517.M,BGD,1988,0,NIL,
OE.5T8.40517.M,BGD,1989,0,NIL,
OE.5T8.40517.M,BGD,1990,0,NIL,
OE.5T8.40517.M,BGD,1991,0,NIL,
OE.5T8.40517.M,BGD,1992,0,NIL,
OE.5T8.40517.M,BGD,1993,0,NIL,
OE.5T8.40517.M,BGD,1994,0,NIL,
OE.5T8.40517.M,BGD,1995,0,NIL,
OE.5T8.40517.M,BGD,1996,0,NIL,
OE.5T8.40517.M,BGD,1997,1062,,UIS_EST
OE.5T8.40517.M,BGD,1998,1062,,UIS_EST
OE.5T8.40517.M,BGD,1999,1073,,UIS_EST
OE.5T8.40517.M,BGD,2000,1221,,UIS_EST
OE.5T8.40517.M,BGD,2001,1201,,UIS_EST
OE.5T8.40517.M,BGD,2002,1707,,UIS_EST
OE.5T8.40517.M,BGD,2003,3209,,UIS_EST
OE.5T8.40517.M,BGD,2004,2204,,UIS_EST
OE.5T8.40517.M,BGD,2005,2262,,UIS_EST
OE.5T8.40517.M,BGD,2006,2390,,UIS_EST
OE.5T8.40517.M,BGD,2007,2582,,UIS_EST
OE.5T8.40517.M,BGD,2008,2935,,UIS_EST
OE.5T8.40517.M,BGD,2009,3300,,UIS_EST
OE.5T8.40517.M,BGD,2010,3557,,UIS_EST
OE.5T8.40517.M,BGD,2011,3437,,UIS_EST
OE.5T8.40517.M,BGD,2012,3954,,UIS_EST
OE.5T8.40517.M,BGD,2013,17522,,UIS_EST
OE.5T8.40517.M,BGD,2014,30889,,UIS_EST
OE.5T8.40517.M,BGD,2015,32111,,UIS_EST
OE.5T8.40517.M,BGD,2016,36109,,UIS_EST
OE.5T8.40517.M,BGD,2017,30967,,UIS_EST
OE.5T8.40517.M,BGD,2018,20904,,UIS_EST
OE.5T8.40517.M,BGD,2019,0,NIL,
OE.5T8.40517.M,BGD,2020,0,NIL,
OE.5T8.40517.M,BGD,2021,0,NIL,
OE.5T8.40517.M,BGD,2022,0,NIL,
OE.5T8.40520,BGD,2000,7,,UIS_EST
OE.5T8.40520,BGD,2001,8,,UIS_EST
OE.5T8.40520,BGD,2002,8,,UIS_EST
OE.5T8.40520,BGD,2003,7,,UIS_EST
OE.5T8.40520,BGD,2004,7,,UIS_EST
OE.5T8.40520,BGD,2005,7,,UIS_EST
OE.5T8.40520,BGD,2006,8,,UIS_EST
OE.5T8.40520,BGD,2007,7,,UIS_EST
OE.5T8.40520,BGD,2008,8,,UIS_EST
OE.5T8.40520,BGD,2009,8,,UIS_EST
OE.5T8.40520,BGD,2010,17,,UIS_EST
OE.5T8.40520,BGD,2011,11,,UIS_EST
OE.5T8.40520,BGD,2012,11,,UIS_EST
OE.5T8.40520,BGD,2013,9,,UIS_EST
OE.5T8.40520,BGD,2014,8,,UIS_EST
OE.5T8.40520,BGD,2015,9,,UIS_EST
OE.5T8.40520,BGD,2016,11,,
OE.5T8.40520,BGD,2017,11,,
OE.5T8.40520,BGD,2018,14,,
OE.5T8.40520,BGD,2019,12,,
OE.5T8.40520,BGD,2020,18,,
OE.5T8.40520,BGD,2021,16,,UIS_EST
OE.5T8.40520,BGD,2022,13,,
OE.5T8.40520,BGD,2023,12,,UIS_EST
OE.5T8.40520.F,BGD,2013,4,,UIS_EST
OE.5T8.40520.F,BGD,2014,4,,UIS_EST
OE.5T8.40520.F,BGD,2015,5,,UIS_EST
OE.5T8.40520.F,BGD,2016,6,,
OE.5T8.40520.F,BGD,2017,4,,
OE.5T8.40520.F,BGD,2018,4,,
OE.5T8.40520.F,BGD,2019,3,,
OE.5T8.40520.F,BGD,2020,5,,
OE.5T8.40520.F,BGD,2021,3,,
OE.5T8.40520.F,BGD,2022,4,,
OE.5T8.40520.F,BGD,2023,4,,UIS_EST
OE.5T8.40520.GPIA,BGD,2013,1,,UIS_EST
OE.5T8.40520.GPIA,BGD,2014,1,,UIS_EST
OE.5T8.40520.GPIA,BGD,2015,1,,UIS_EST
OE.5T8.40520.GPIA,BGD,2016,1,,
OE.5T8.40520.GPIA,BGD,2017,1,,
OE.5T8.40520.GPIA,BGD,2018,0,,
OE.5T8.40520.GPIA,BGD,2019,0,,
OE.5T8.40520.GPIA,BGD,2020,0,,
OE.5T8.40520.GPIA,BGD,2021,0,,UIS_EST
OE.5T8.40520.GPIA,BGD,2022,0,,
OE.5T8.40520.GPIA,BGD,2023,1,,UIS_EST
OE.5T8.40520.M,BGD,1970,0,NIL,
OE.5T8.40520.M,BGD,1971,0,NIL,
OE.5T8.40520.M,BGD,1972,0,NIL,
OE.5T8.40520.M,BGD,1973,0,NIL,
OE.5T8.40520.M,BGD,1974,0,NIL,
OE.5T8.40520.M,BGD,1975,0,NIL,
OE.5T8.40520.M,BGD,1976,0,NIL,
OE.5T8.40520.M,BGD,1977,0,NIL,
OE.5T8.40520.M,BGD,1978,0,NIL,
OE.5T8.40520.M,BGD,1979,0,NIL,
OE.5T8.40520.M,BGD,1980,0,NIL,
OE.5T8.40520.M,BGD,1981,0,NIL,
OE.5T8.40520.M,BGD,1982,0,NIL,
OE.5T8.40520.M,BGD,1983,0,NIL,
OE.5T8.40520.M,BGD,1984,0,NIL,
OE.5T8.40520.M,BGD,1985,0,NIL,
OE.5T8.40520.M,BGD,1986,0,NIL,
OE.5T8.40520.M,BGD,1987,0,NIL,
OE.5T8.40520.M,BGD,1988,0,NIL,
OE.5T8.40520.M,BGD,1989,0,NIL,
OE.5T8.40520.M,BGD,1990,0,NIL,
OE.5T8.40520.M,BGD,1991,0,NIL,
OE.5T8.40520.M,BGD,1992,0,NIL,
OE.5T8.40520.M,BGD,1993,0,NIL,
OE.5T8.40520.M,BGD,1994,0,NIL,
OE.5T8.40520.M,BGD,1995,0,NIL,
OE.5T8.40520.M,BGD,1996,0,NIL,
OE.5T8.40520.M,BGD,1997,0,NIL,
OE.5T8.40520.M,BGD,1998,0,NIL,
OE.5T8.40520.M,BGD,1999,0,NIL,
OE.5T8.40520.M,BGD,2000,7,,UIS_EST
OE.5T8.40520.M,BGD,2001,8,,UIS_EST
OE.5T8.40520.M,BGD,2002,8,,UIS_EST
OE.5T8.40520.M,BGD,2003,7,,UIS_EST
OE.5T8.40520.M,BGD,2004,7,,UIS_EST
OE.5T8.40520.M,BGD,2005,7,,UIS_EST
OE.5T8.40520.M,BGD,2006,8,,UIS_EST
OE.5T8.40520.M,BGD,2007,7,,UIS_EST
OE.5T8.40520.M,BGD,2008,8,,UIS_EST
OE.5T8.40520.M,BGD,2009,8,,UIS_EST
OE.5T8.40520.M,BGD,2010,17,,UIS_EST
OE.5T8.40520.M,BGD,2011,11,,UIS_EST
OE.5T8.40520.M,BGD,2012,11,,UIS_EST
OE.5T8.40520.M,BGD,2013,5,,UIS_EST
OE.5T8.40520.M,BGD,2014,4,,UIS_EST
OE.5T8.40520.M,BGD,2015,4,,UIS_EST
OE.5T8.40520.M,BGD,2016,5,,
OE.5T8.40520.M,BGD,2017,7,,
OE.5T8.40520.M,BGD,2018,10,,
OE.5T8.40520.M,BGD,2019,9,,
OE.5T8.40520.M,BGD,2020,13,,
OE.5T8.40520.M,BGD,2021,13,,UIS_EST
OE.5T8.40520.M,BGD,2022,9,,
OE.5T8.40520.M,BGD,2023,8,,UIS_EST
OE.5T8.40521.M,BGD,1970,0,NIL,
OE.5T8.40521.M,BGD,1971,0,NIL,
OE.5T8.40521.M,BGD,1972,0,NIL,
OE.5T8.40521.M,BGD,1973,0,NIL,
OE.5T8.40521.M,BGD,1974,0,NIL,
OE.5T8.40521.M,BGD,1975,0,NIL,
OE.5T8.40521.M,BGD,1976,0,NIL,
OE.5T8.40521.M,BGD,1977,0,NIL,
OE.5T8.40521.M,BGD,1978,0,NIL,
OE.5T8.40521.M,BGD,1979,0,NIL,
OE.5T8.40521.M,BGD,1980,0,NIL,
OE.5T8.40521.M,BGD,1981,0,NIL,
OE.5T8.40521.M,BGD,1982,0,NIL,
OE.5T8.40521.M,BGD,1983,0,NIL,
OE.5T8.40521.M,BGD,1984,0,NIL,
OE.5T8.40521.M,BGD,1985,0,NIL,
OE.5T8.40521.M,BGD,1986,0,NIL,
OE.5T8.40521.M,BGD,1987,0,NIL,
OE.5T8.40521.M,BGD,1988,0,NIL,
OE.5T8.40521.M,BGD,1989,0,NIL,
OE.5T8.40521.M,BGD,1990,0,NIL,
OE.5T8.40521.M,BGD,1991,0,NIL,
OE.5T8.40521.M,BGD,1992,0,NIL,
OE.5T8.40521.M,BGD,1993,0,NIL,
OE.5T8.40521.M,BGD,1994,0,NIL,
OE.5T8.40521.M,BGD,1995,0,NIL,
OE.5T8.40521.M,BGD,1996,0,NIL,
OE.5T8.40521.M,BGD,1997,0,NIL,
OE.5T8.40521.M,BGD,1998,0,NIL,
OE.5T8.40521.M,BGD,1999,0,NIL,
OE.5T8.40521.M,BGD,2000,0,NIL,
OE.5T8.40521.M,BGD,2001,0,NIL,
OE.5T8.40521.M,BGD,2002,0,NIL,
OE.5T8.40521.M,BGD,2003,0,NIL,
OE.5T8.40521.M,BGD,2004,0,NIL,
OE.5T8.40521.M,BGD,2005,0,NIL,
OE.5T8.40521.M,BGD,2006,0,NIL,
OE.5T8.40521.M,BGD,2007,0,NIL,
OE.5T8.40521.M,BGD,2008,0,NIL,
OE.5T8.40521.M,BGD,2009,0,NIL,
OE.5T8.40521.M,BGD,2010,0,NIL,
OE.5T8.40521.M,BGD,2011,0,NIL,
OE.5T8.40521.M,BGD,2012,0,NIL,
OE.5T8.40521.M,BGD,2013,0,NIL,
OE.5T8.40521.M,BGD,2014,0,NIL,
OE.5T8.40521.M,BGD,2015,0,NIL,
OE.5T8.40521.M,BGD,2016,0,NIL,
OE.5T8.40521.M,BGD,2017,0,NIL,
OE.5T8.40521.M,BGD,2018,0,NIL,
OE.5T8.40521.M,BGD,2019,0,NIL,
OE.5T8.40521.M,BGD,2020,0,NIL,
OE.5T8.40521.M,BGD,2021,0,NIL,
OE.5T8.40521.M,BGD,2022,0,NIL,
OE.5T8.40522,BGD,2000,0,NIL,UIS_EST
OE.5T8.40522,BGD,2001,0,NIL,UIS_EST
OE.5T8.40522,BGD,2002,1,,UIS_EST
OE.5T8.40522,BGD,2003,0,NIL,UIS_EST
OE.5T8.40522,BGD,2004,0,NIL,UIS_EST
OE.5T8.40522,BGD,2005,0,NIL,UIS_EST
OE.5T8.40522,BGD,2006,1,,UIS_EST
OE.5T8.40522,BGD,2007,0,NIL,UIS_EST
OE.5T8.40522,BGD,2008,1,,UIS_EST
OE.5T8.40522,BGD,2009,1,,UIS_EST
OE.5T8.40522,BGD,2010,11,,UIS_EST
OE.5T8.40522,BGD,2011,4,,UIS_EST
OE.5T8.40522,BGD,2012,3,,UIS_EST
OE.5T8.40522,BGD,2013,3,,UIS_EST
OE.5T8.40522,BGD,2014,2,,UIS_EST
OE.5T8.40522,BGD,2015,3,,UIS_EST
OE.5T8.40522,BGD,2016,5,,
OE.5T8.40522,BGD,2017,4,,
OE.5T8.40522,BGD,2018,9,,
OE.5T8.40522,BGD,2019,7,,
OE.5T8.40522,BGD,2020,13,,
OE.5T8.40522,BGD,2021,11,,
OE.5T8.40522,BGD,2022,8,,
OE.5T8.40522,BGD,2023,7,,UIS_EST
OE.5T8.40522.F,BGD,2013,1,,UIS_EST
OE.5T8.40522.F,BGD,2014,1,,UIS_EST
OE.5T8.40522.F,BGD,2015,2,,UIS_EST
OE.5T8.40522.F,BGD,2016,3,,
OE.5T8.40522.F,BGD,2017,1,,
OE.5T8.40522.F,BGD,2018,2,,
OE.5T8.40522.F,BGD,2019,1,,
OE.5T8.40522.F,BGD,2020,3,,
OE.5T8.40522.F,BGD,2021,1,,
OE.5T8.40522.F,BGD,2022,2,,
OE.5T8.40522.F,BGD,2023,2,,UIS_EST
OE.5T8.40522.GPIA,BGD,2013,1,,UIS_EST
OE.5T8.40522.GPIA,BGD,2014,1,,UIS_EST
OE.5T8.40522.GPIA,BGD,2015,2,,UIS_EST
OE.5T8.40522.GPIA,BGD,2016,1,,
OE.5T8.40522.GPIA,BGD,2017,0,,
OE.5T8.40522.GPIA,BGD,2018,0,,
OE.5T8.40522.GPIA,BGD,2019,0,,
OE.5T8.40522.GPIA,BGD,2020,0,,
OE.5T8.40522.GPIA,BGD,2021,0,,
OE.5T8.40522.GPIA,BGD,2022,0,,
OE.5T8.40522.GPIA,BGD,2023,0,,UIS_EST
OE.5T8.40522.M,BGD,1970,0,NIL,
OE.5T8.40522.M,BGD,1971,0,NIL,
OE.5T8.40522.M,BGD,1972,0,NIL,
OE.5T8.40522.M,BGD,1973,0,NIL,
OE.5T8.40522.M,BGD,1974,0,NIL,
OE.5T8.40522.M,BGD,1975,0,NIL,
OE.5T8.40522.M,BGD,1976,0,NIL,
OE.5T8.40522.M,BGD,1977,0,NIL,
OE.5T8.40522.M,BGD,1978,0,NIL,
OE.5T8.40522.M,BGD,1979,0,NIL,
OE.5T8.40522.M,BGD,1980,0,NIL,
OE.5T8.40522.M,BGD,1981,0,NIL,
OE.5T8.40522.M,BGD,1982,0,NIL,
OE.5T8.40522.M,BGD,1983,0,NIL,
OE.5T8.40522.M,BGD,1984,0,NIL,
OE.5T8.40522.M,BGD,1985,0,NIL,
OE.5T8.40522.M,BGD,1986,0,NIL,
OE.5T8.40522.M,BGD,1987,0,NIL,
OE.5T8.40522.M,BGD,1988,0,NIL,
OE.5T8.40522.M,BGD,1989,0,NIL,
OE.5T8.40522.M,BGD,1990,0,NIL,
OE.5T8.40522.M,BGD,1991,0,NIL,
OE.5T8.40522.M,BGD,1992,0,NIL,
OE.5T8.40522.M,BGD,1993,0,NIL,
OE.5T8.40522.M,BGD,1994,0,NIL,
OE.5T8.40522.M,BGD,1995,0,NIL,
OE.5T8.40522.M,BGD,1996,0,NIL,
OE.5T8.40522.M,BGD,1997,0,NIL,
OE.5T8.40522.M,BGD,1998,0,NIL,
OE.5T8.40522.M,BGD,1999,0,NIL,
OE.5T8.40522.M,BGD,2000,0,NIL,UIS_EST
OE.5T8.40522.M,BGD,2001,0,NIL,UIS_EST
OE.5T8.40522.M,BGD,2002,1,,UIS_EST
OE.5T8.40522.M,BGD,2003,0,NIL,UIS_EST
OE.5T8.40522.M,BGD,2004,0,NIL,UIS_EST
OE.5T8.40522.M,BGD,2005,0,NIL,UIS_EST
OE.5T8.40522.M,BGD,2006,1,,UIS_EST
OE.5T8.40522.M,BGD,2007,0,NIL,UIS_EST
OE.5T8.40522.M,BGD,2008,1,,UIS_EST
OE.5T8.40522.M,BGD,2009,1,,UIS_EST
OE.5T8.40522.M,BGD,2010,11,,UIS_EST
OE.5T8.40522.M,BGD,2011,4,,UIS_EST
OE.5T8.40522.M,BGD,2012,3,,UIS_EST
OE.5T8.40522.M,BGD,2013,1,,UIS_EST
OE.5T8.40522.M,BGD,2014,1,,UIS_EST
OE.5T8.40522.M,BGD,2015,1,,UIS_EST
OE.5T8.40522.M,BGD,2016,2,,
OE.5T8.40522.M,BGD,2017,3,,
OE.5T8.40522.M,BGD,2018,7,,
OE.5T8.40522.M,BGD,2019,6,,
OE.5T8.40522.M,BGD,2020,10,,
OE.5T8.40522.M,BGD,2021,10,,
OE.5T8.40522.M,BGD,2022,6,,
OE.5T8.40522.M,BGD,2023,5,,UIS_EST
OE.5T8.40525,BGD,2012,1130,,UIS_EST
OE.5T8.40525,BGD,2013,1424,,UIS_EST
OE.5T8.40525,BGD,2014,1579,,UIS_EST
OE.5T8.40525,BGD,2015,1691,,UIS_EST
OE.5T8.40525,BGD,2016,1767,,UIS_EST
OE.5T8.40525,BGD,2017,1807,,UIS_EST
OE.5T8.40525,BGD,2018,1853,,UIS_EST
OE.5T8.40525,BGD,2019,2119,,UIS_EST
OE.5T8.40525,BGD,2020,2309,,UIS_EST
OE.5T8.40525,BGD,2021,2467,,UIS_EST
OE.5T8.40525,BGD,2022,2436,,UIS_EST
OE.5T8.40525,BGD,2023,2730,,UIS_EST
OE.5T8.40525.F,BGD,2012,413,,UIS_EST
OE.5T8.40525.F,BGD,2013,558,,UIS_EST
OE.5T8.40525.F,BGD,2014,577,,UIS_EST
OE.5T8.40525.F,BGD,2015,619,,UIS_EST
OE.5T8.40525.F,BGD,2016,702,,UIS_EST
OE.5T8.40525.F,BGD,2017,708,,UIS_EST
OE.5T8.40525.F,BGD,2018,694,,UIS_EST
OE.5T8.40525.F,BGD,2019,681,,UIS_EST
OE.5T8.40525.F,BGD,2020,689,,UIS_EST
OE.5T8.40525.F,BGD,2021,860,,UIS_EST
OE.5T8.40525.F,BGD,2022,850,,UIS_EST
OE.5T8.40525.F,BGD,2023,899,,UIS_EST
OE.5T8.40525.GPIA,BGD,2012,1,,UIS_EST
OE.5T8.40525.GPIA,BGD,2013,1,,UIS_EST
OE.5T8.40525.GPIA,BGD,2014,1,,UIS_EST
OE.5T8.40525.GPIA,BGD,2015,1,,UIS_EST
OE.5T8.40525.GPIA,BGD,2016,1,,UIS_EST
OE.5T8.40525.GPIA,BGD,2017,1,,UIS_EST
OE.5T8.40525.GPIA,BGD,2018,1,,UIS_EST
OE.5T8.40525.GPIA,BGD,2019,0,,UIS_EST
OE.5T8.40525.GPIA,BGD,2020,0,,UIS_EST
OE.5T8.40525.GPIA,BGD,2021,1,,UIS_EST
OE.5T8.40525.GPIA,BGD,2022,1,,UIS_EST
OE.5T8.40525.GPIA,BGD,2023,0,,UIS_EST
OE.5T8.40525.M,BGD,1970,0,NIL,
OE.5T8.40525.M,BGD,1971,0,NIL,
OE.5T8.40525.M,BGD,1972,0,NIL,
OE.5T8.40525.M,BGD,1973,0,NIL,
OE.5T8.40525.M,BGD,1974,0,NIL,
OE.5T8.40525.M,BGD,1975,0,NIL,
OE.5T8.40525.M,BGD,1976,0,NIL,
OE.5T8.40525.M,BGD,1977,0,NIL,
OE.5T8.40525.M,BGD,1978,0,NIL,
OE.5T8.40525.M,BGD,1979,0,NIL,
OE.5T8.40525.M,BGD,1980,0,NIL,
OE.5T8.40525.M,BGD,1981,0,NIL,
OE.5T8.40525.M,BGD,1982,0,NIL,
OE.5T8.40525.M,BGD,1983,0,NIL,
OE.5T8.40525.M,BGD,1984,0,NIL,
OE.5T8.40525.M,BGD,1985,0,NIL,
OE.5T8.40525.M,BGD,1986,0,NIL,
OE.5T8.40525.M,BGD,1987,0,NIL,
OE.5T8.40525.M,BGD,1988,0,NIL,
OE.5T8.40525.M,BGD,1989,0,NIL,
OE.5T8.40525.M,BGD,1990,0,NIL,
OE.5T8.40525.M,BGD,1991,0,NIL,
OE.5T8.40525.M,BGD,1992,0,NIL,
OE.5T8.40525.M,BGD,1993,0,NIL,
OE.5T8.40525.M,BGD,1994,0,NIL,
OE.5T8.40525.M,BGD,1995,0,NIL,
OE.5T8.40525.M,BGD,1996,0,NIL,
OE.5T8.40525.M,BGD,1997,0,NIL,
OE.5T8.40525.M,BGD,1998,0,NIL,
OE.5T8.40525.M,BGD,1999,0,NIL,
OE.5T8.40525.M,BGD,2000,0,NIL,
OE.5T8.40525.M,BGD,2001,0,NIL,
OE.5T8.40525.M,BGD,2002,0,NIL,
OE.5T8.40525.M,BGD,2003,0,NIL,
OE.5T8.40525.M,BGD,2004,0,NIL,
OE.5T8.40525.M,BGD,2005,0,NIL,
OE.5T8.40525.M,BGD,2006,0,NIL,
OE.5T8.40525.M,BGD,2007,0,NIL,
OE.5T8.40525.M,BGD,2008,0,NIL,
OE.5T8.40525.M,BGD,2009,0,NIL,
OE.5T8.40525.M,BGD,2010,0,NIL,
OE.5T8.40525.M,BGD,2011,0,NIL,
OE.5T8.40525.M,BGD,2012,716,,UIS_EST
OE.5T8.40525.M,BGD,2013,866,,UIS_EST
OE.5T8.40525.M,BGD,2014,1003,,UIS_EST
OE.5T8.40525.M,BGD,2015,1072,,UIS_EST
OE.5T8.40525.M,BGD,2016,1065,,UIS_EST
OE.5T8.40525.M,BGD,2017,1099,,UIS_EST
OE.5T8.40525.M,BGD,2018,1158,,UIS_EST
OE.5T8.40525.M,BGD,2019,1438,,UIS_EST
OE.5T8.40525.M,BGD,2020,1620,,UIS_EST
OE.5T8.40525.M,BGD,2021,1607,,UIS_EST
OE.5T8.40525.M,BGD,2022,1586,,UIS_EST
OE.5T8.40525.M,BGD,2023,1831,,UIS_EST
OE.5T8.40530,BGD,1998,91,,UIS_EST
OE.5T8.40530,BGD,1999,82,,UIS_EST
OE.5T8.40530,BGD,2000,66,,
OE.5T8.40530,BGD,2001,46,,
OE.5T8.40530,BGD,2002,55,,UIS_EST
OE.5T8.40530,BGD,2003,50,,
OE.5T8.40530,BGD,2004,43,,UIS_EST
OE.5T8.40530,BGD,2005,58,,
OE.5T8.40530,BGD,2006,102,,
OE.5T8.40530,BGD,2007,235,,
OE.5T8.40530,BGD,2008,340,,
OE.5T8.40530,BGD,2009,215,,
OE.5T8.40530,BGD,2010,215,,UIS_EST
OE.5T8.40530,BGD,2011,218,,
OE.5T8.40530,BGD,2012,207,,UIS_EST
OE.5T8.40530,BGD,2013,255,,
OE.5T8.40530,BGD,2014,362,,
OE.5T8.40530,BGD,2015,480,,
OE.5T8.40530,BGD,2016,684,,
OE.5T8.40530,BGD,2017,984,,
OE.5T8.40530,BGD,2018,1477,,
OE.5T8.40530,BGD,2019,1615,,
OE.5T8.40530,BGD,2020,2169,,
OE.5T8.40530,BGD,2021,2284,,
OE.5T8.40530,BGD,2022,2342,,
OE.5T8.40530,BGD,2023,2763,,
OE.5T8.40530.F,BGD,2012,15,,UIS_EST
OE.5T8.40530.F,BGD,2013,20,,UIS_EST
OE.5T8.40530.F,BGD,2014,46,,UIS_EST
OE.5T8.40530.F,BGD,2015,70,,UIS_EST
OE.5T8.40530.F,BGD,2016,99,,UIS_EST
OE.5T8.40530.F,BGD,2017,137,,UIS_EST
OE.5T8.40530.F,BGD,2018,180,,
OE.5T8.40530.F,BGD,2019,227,,
OE.5T8.40530.F,BGD,2020,315,,
OE.5T8.40530.F,BGD,2021,326,,
OE.5T8.40530.F,BGD,2022,375,,
OE.5T8.40530.F,BGD,2023,436,,UIS_EST
OE.5T8.40530.GPIA,BGD,2012,0,,UIS_EST
OE.5T8.40530.GPIA,BGD,2013,0,,UIS_EST
OE.5T8.40530.GPIA,BGD,2014,0,,UIS_EST
OE.5T8.40530.GPIA,BGD,2015,0,,UIS_EST
OE.5T8.40530.GPIA,BGD,2016,0,,UIS_EST
OE.5T8.40530.GPIA,BGD,2017,0,,UIS_EST
OE.5T8.40530.GPIA,BGD,2018,0,,
OE.5T8.40530.GPIA,BGD,2019,0,,
OE.5T8.40530.GPIA,BGD,2020,0,,
OE.5T8.40530.GPIA,BGD,2021,0,,
OE.5T8.40530.GPIA,BGD,2022,0,,
OE.5T8.40530.GPIA,BGD,2023,0,,UIS_EST
OE.5T8.40530.M,BGD,1970,0,NIL,
OE.5T8.40530.M,BGD,1971,0,NIL,
OE.5T8.40530.M,BGD,1972,0,NIL,
OE.5T8.40530.M,BGD,1973,0,NIL,
OE.5T8.40530.M,BGD,1974,0,NIL,
OE.5T8.40530.M,BGD,1975,0,NIL,
OE.5T8.40530.M,BGD,1976,0,NIL,
OE.5T8.40530.M,BGD,1977,0,NIL,
OE.5T8.40530.M,BGD,1978,0,NIL,
OE.5T8.40530.M,BGD,1979,0,NIL,
OE.5T8.40530.M,BGD,1980,0,NIL,
OE.5T8.40530.M,BGD,1981,0,NIL,
OE.5T8.40530.M,BGD,1982,0,NIL,
OE.5T8.40530.M,BGD,1983,0,NIL,
OE.5T8.40530.M,BGD,1984,0,NIL,
OE.5T8.40530.M,BGD,1985,0,NIL,
OE.5T8.40530.M,BGD,1986,0,NIL,
OE.5T8.40530.M,BGD,1987,0,NIL,
OE.5T8.40530.M,BGD,1988,0,NIL,
OE.5T8.40530.M,BGD,1989,0,NIL,
OE.5T8.40530.M,BGD,1990,0,NIL,
OE.5T8.40530.M,BGD,1991,0,NIL,
OE.5T8.40530.M,BGD,1992,0,NIL,
OE.5T8.40530.M,BGD,1993,0,NIL,
OE.5T8.40530.M,BGD,1994,0,NIL,
OE.5T8.40530.M,BGD,1995,0,NIL,
OE.5T8.40530.M,BGD,1996,0,NIL,
OE.5T8.40530.M,BGD,1997,0,NIL,
OE.5T8.40530.M,BGD,1998,91,,UIS_EST
OE.5T8.40530.M,BGD,1999,82,,UIS_EST
OE.5T8.40530.M,BGD,2000,66,,
OE.5T8.40530.M,BGD,2001,46,,
OE.5T8.40530.M,BGD,2002,55,,UIS_EST
OE.5T8.40530.M,BGD,2003,50,,
OE.5T8.40530.M,BGD,2004,43,,UIS_EST
OE.5T8.40530.M,BGD,2005,58,,
OE.5T8.40530.M,BGD,2006,102,,
OE.5T8.40530.M,BGD,2007,235,,
OE.5T8.40530.M,BGD,2008,340,,
OE.5T8.40530.M,BGD,2009,215,,
OE.5T8.40530.M,BGD,2010,215,,UIS_EST
OE.5T8.40530.M,BGD,2011,218,,
OE.5T8.40530.M,BGD,2012,192,,UIS_EST
OE.5T8.40530.M,BGD,2013,235,,UIS_EST
OE.5T8.40530.M,BGD,2014,316,,UIS_EST
OE.5T8.40530.M,BGD,2015,410,,UIS_EST
OE.5T8.40530.M,BGD,2016,585,,UIS_EST
OE.5T8.40530.M,BGD,2017,847,,UIS_EST
OE.5T8.40530.M,BGD,2018,1297,,
OE.5T8.40530.M,BGD,2019,1388,,
OE.5T8.40530.M,BGD,2020,1854,,
OE.5T8.40530.M,BGD,2021,1958,,
OE.5T8.40530.M,BGD,2022,1966,,
OE.5T8.40530.M,BGD,2023,2327,,UIS_EST
OE.5T8.40535,BGD,1999,68,,UIS_EST
OE.5T8.40535,BGD,2000,68,,
OE.5T8.40535,BGD,2001,644,,
OE.5T8.40535,BGD,2002,613,,
OE.5T8.40535,BGD,2003,440,,
OE.5T8.40535,BGD,2004,387,,
OE.5T8.40535,BGD,2005,404,,
OE.5T8.40535,BGD,2006,412,,
OE.5T8.40535,BGD,2007,452,,UIS_EST
OE.5T8.40535,BGD,2008,512,,UIS_EST
OE.5T8.40535,BGD,2009,574,,UIS_EST
OE.5T8.40535,BGD,2010,632,,UIS_EST
OE.5T8.40535,BGD,2011,688,,
OE.5T8.40535,BGD,2012,685,,
OE.5T8.40535,BGD,2013,942,,
OE.5T8.40535,BGD,2014,910,,
OE.5T8.40535,BGD,2015,1141,,
OE.5T8.40535,BGD,2016,1308,,
OE.5T8.40535,BGD,2017,1766,,
OE.5T8.40535,BGD,2018,1814,,
OE.5T8.40535,BGD,2019,2360,,
OE.5T8.40535,BGD,2020,2555,,
OE.5T8.40535,BGD,2021,3052,,
OE.5T8.40535,BGD,2022,2918,,
OE.5T8.40535,BGD,2023,2921,,
OE.5T8.40535.F,BGD,2012,242,,UIS_EST
OE.5T8.40535.F,BGD,2013,333,,
OE.5T8.40535.F,BGD,2014,344,,
OE.5T8.40535.F,BGD,2015,409,,
OE.5T8.40535.F,BGD,2016,408,,
OE.5T8.40535.F,BGD,2017,529,,
OE.5T8.40535.F,BGD,2018,509,,
OE.5T8.40535.F,BGD,2019,698,,
OE.5T8.40535.F,BGD,2020,789,,
OE.5T8.40535.F,BGD,2021,723,,
OE.5T8.40535.F,BGD,2022,918,,
OE.5T8.40535.F,BGD,2023,918,,
OE.5T8.40535.GPIA,BGD,2012,1,,UIS_EST
OE.5T8.40535.GPIA,BGD,2013,1,,
OE.5T8.40535.GPIA,BGD,2014,1,,
OE.5T8.40535.GPIA,BGD,2015,1,,
OE.5T8.40535.GPIA,BGD,2016,0,,
OE.5T8.40535.GPIA,BGD,2017,0,,
OE.5T8.40535.GPIA,BGD,2018,0,,
OE.5T8.40535.GPIA,BGD,2019,0,,
OE.5T8.40535.GPIA,BGD,2020,0,,
OE.5T8.40535.GPIA,BGD,2021,0,,
OE.5T8.40535.GPIA,BGD,2022,0,,
OE.5T8.40535.GPIA,BGD,2023,0,,
OE.5T8.40535.M,BGD,1970,0,NIL,
OE.5T8.40535.M,BGD,1971,0,NIL,
OE.5T8.40535.M,BGD,1972,0,NIL,
OE.5T8.40535.M,BGD,1973,0,NIL,
OE.5T8.40535.M,BGD,1974,0,NIL,
OE.5T8.40535.M,BGD,1975,0,NIL,
OE.5T8.40535.M,BGD,1976,0,NIL,
OE.5T8.40535.M,BGD,1977,0,NIL,
OE.5T8.40535.M,BGD,1978,0,NIL,
OE.5T8.40535.M,BGD,1979,0,NIL,
OE.5T8.40535.M,BGD,1980,0,NIL,
OE.5T8.40535.M,BGD,1981,0,NIL,
OE.5T8.40535.M,BGD,1982,0,NIL,
OE.5T8.40535.M,BGD,1983,0,NIL,
OE.5T8.40535.M,BGD,1984,0,NIL,
OE.5T8.40535.M,BGD,1985,0,NIL,
OE.5T8.40535.M,BGD,1986,0,NIL,
OE.5T8.40535.M,BGD,1987,0,NIL,
OE.5T8.40535.M,BGD,1988,0,NIL,
OE.5T8.40535.M,BGD,1989,0,NIL,
OE.5T8.40535.M,BGD,1990,0,NIL,
OE.5T8.40535.M,BGD,1991,0,NIL,
OE.5T8.40535.M,BGD,1992,0,NIL,
OE.5T8.40535.M,BGD,1993,0,NIL,
OE.5T8.40535.M,BGD,1994,0,NIL,
OE.5T8.40535.M,BGD,1995,0,NIL,
OE.5T8.40535.M,BGD,1996,0,NIL,
OE.5T8.40535.M,BGD,1997,0,NIL,
OE.5T8.40535.M,BGD,1998,0,NIL,
OE.5T8.40535.M,BGD,1999,68,,UIS_EST
OE.5T8.40535.M,BGD,2000,68,,
OE.5T8.40535.M,BGD,2001,644,,
OE.5T8.40535.M,BGD,2002,613,,
OE.5T8.40535.M,BGD,2003,440,,
OE.5T8.40535.M,BGD,2004,387,,
OE.5T8.40535.M,BGD,2005,404,,
OE.5T8.40535.M,BGD,2006,412,,
OE.5T8.40535.M,BGD,2007,452,,UIS_EST
OE.5T8.40535.M,BGD,2008,512,,UIS_EST
OE.5T8.40535.M,BGD,2009,574,,UIS_EST
OE.5T8.40535.M,BGD,2010,632,,UIS_EST
OE.5T8.40535.M,BGD,2011,688,,
OE.5T8.40535.M,BGD,2012,443,,UIS_EST
OE.5T8.40535.M,BGD,2013,609,,
OE.5T8.40535.M,BGD,2014,566,,
OE.5T8.40535.M,BGD,2015,733,,
OE.5T8.40535.M,BGD,2016,900,,
OE.5T8.40535.M,BGD,2017,1238,,
OE.5T8.40535.M,BGD,2018,1304,,
OE.5T8.40535.M,BGD,2019,1662,,
OE.5T8.40535.M,BGD,2020,1766,,
OE.5T8.40535.M,BGD,2021,2329,,
OE.5T8.40535.M,BGD,2022,2000,,
OE.5T8.40535.M,BGD,2023,2003,,
OE.5T8.40540,BGD,1998,2,,UIS_EST
OE.5T8.40540,BGD,1999,2,,UIS_EST
OE.5T8.40540,BGD,2008,2,,UIS_EST
OE.5T8.40540,BGD,2009,4,,UIS_EST
OE.5T8.40540,BGD,2010,6,,UIS_EST
OE.5T8.40540,BGD,2011,8,,UIS_EST
OE.5T8.40540,BGD,2012,29,,UIS_EST
OE.5T8.40540,BGD,2013,65,,UIS_EST
OE.5T8.40540,BGD,2014,71,,UIS_EST
OE.5T8.40540,BGD,2015,63,,UIS_EST
OE.5T8.40540,BGD,2016,42,,UIS_EST
OE.5T8.40540,BGD,2017,51,,UIS_EST
OE.5T8.40540,BGD,2018,50,,UIS_EST
OE.5T8.40540,BGD,2019,58,,UIS_EST
OE.5T8.40540,BGD,2020,64,,UIS_EST
OE.5T8.40540,BGD,2021,61,,UIS_EST
OE.5T8.40540,BGD,2022,55,,UIS_EST
OE.5T8.40540,BGD,2023,51,,UIS_EST
OE.5T8.40540.F,BGD,2012,8,,UIS_EST
OE.5T8.40540.F,BGD,2013,16,,UIS_EST
OE.5T8.40540.F,BGD,2014,15,,UIS_EST
OE.5T8.40540.F,BGD,2015,15,,UIS_EST
OE.5T8.40540.F,BGD,2016,17,,UIS_EST
OE.5T8.40540.F,BGD,2017,18,,UIS_EST
OE.5T8.40540.F,BGD,2018,17,,UIS_EST
OE.5T8.40540.F,BGD,2019,24,,UIS_EST
OE.5T8.40540.F,BGD,2020,28,,UIS_EST
OE.5T8.40540.F,BGD,2021,25,,UIS_EST
OE.5T8.40540.F,BGD,2022,29,,UIS_EST
OE.5T8.40540.F,BGD,2023,27,,UIS_EST
OE.5T8.40540.GPIA,BGD,2012,0,,UIS_EST
OE.5T8.40540.GPIA,BGD,2013,0,,UIS_EST
OE.5T8.40540.GPIA,BGD,2014,0,,UIS_EST
OE.5T8.40540.GPIA,BGD,2015,0,,UIS_EST
OE.5T8.40540.GPIA,BGD,2016,1,,UIS_EST
OE.5T8.40540.GPIA,BGD,2017,1,,UIS_EST
OE.5T8.40540.GPIA,BGD,2018,1,,UIS_EST
OE.5T8.40540.GPIA,BGD,2019,1,,UIS_EST
OE.5T8.40540.GPIA,BGD,2020,1,,UIS_EST
OE.5T8.40540.GPIA,BGD,2021,1,,UIS_EST
OE.5T8.40540.GPIA,BGD,2022,1,,UIS_EST
OE.5T8.40540.GPIA,BGD,2023,1,,UIS_EST
OE.5T8.40540.M,BGD,1970,0,NIL,
OE.5T8.40540.M,BGD,1971,0,NIL,
OE.5T8.40540.M,BGD,1972,0,NIL,
OE.5T8.40540.M,BGD,1973,0,NIL,
OE.5T8.40540.M,BGD,1974,0,NIL,
OE.5T8.40540.M,BGD,1975,0,NIL,
OE.5T8.40540.M,BGD,1976,0,NIL,
OE.5T8.40540.M,BGD,1977,0,NIL,
OE.5T8.40540.M,BGD,1978,0,NIL,
OE.5T8.40540.M,BGD,1979,0,NIL,
OE.5T8.40540.M,BGD,1980,0,NIL,
OE.5T8.40540.M,BGD,1981,0,NIL,
OE.5T8.40540.M,BGD,1982,0,NIL,
OE.5T8.40540.M,BGD,1983,0,NIL,
OE.5T8.40540.M,BGD,1984,0,NIL,
OE.5T8.40540.M,BGD,1985,0,NIL,
OE.5T8.40540.M,BGD,1986,0,NIL,
OE.5T8.40540.M,BGD,1987,0,NIL,
OE.5T8.40540.M,BGD,1988,0,NIL,
OE.5T8.40540.M,BGD,1989,0,NIL,
OE.5T8.40540.M,BGD,1990,0,NIL,
OE.5T8.40540.M,BGD,1991,0,NIL,
OE.5T8.40540.M,BGD,1992,0,NIL,
OE.5T8.40540.M,BGD,1993,0,NIL,
OE.5T8.40540.M,BGD,1994,0,NIL,
OE.5T8.40540.M,BGD,1995,0,NIL,
OE.5T8.40540.M,BGD,1996,0,NIL,
OE.5T8.40540.M,BGD,1997,0,NIL,
OE.5T8.40540.M,BGD,1998,2,,UIS_EST
OE.5T8.40540.M,BGD,1999,2,,UIS_EST
OE.5T8.40540.M,BGD,2000,0,NIL,
OE.5T8.40540.M,BGD,2001,0,NIL,
OE.5T8.40540.M,BGD,2002,0,NIL,
OE.5T8.40540.M,BGD,2003,0,NIL,
OE.5T8.40540.M,BGD,2004,0,NIL,
OE.5T8.40540.M,BGD,2005,0,NIL,
OE.5T8.40540.M,BGD,2006,0,NIL,
OE.5T8.40540.M,BGD,2007,0,NIL,
OE.5T8.40540.M,BGD,2008,2,,UIS_EST
OE.5T8.40540.M,BGD,2009,4,,UIS_EST
OE.5T8.40540.M,BGD,2010,6,,UIS_EST
OE.5T8.40540.M,BGD,2011,8,,UIS_EST
OE.5T8.40540.M,BGD,2012,21,,UIS_EST
OE.5T8.40540.M,BGD,2013,49,,UIS_EST
OE.5T8.40540.M,BGD,2014,56,,UIS_EST
OE.5T8.40540.M,BGD,2015,48,,UIS_EST
OE.5T8.40540.M,BGD,2016,25,,UIS_EST
OE.5T8.40540.M,BGD,2017,33,,UIS_EST
OE.5T8.40540.M,BGD,2018,32,,UIS_EST
OE.5T8.40540.M,BGD,2019,35,,UIS_EST
OE.5T8.40540.M,BGD,2020,36,,UIS_EST
OE.5T8.40540.M,BGD,2021,36,,UIS_EST
OE.5T8.40540.M,BGD,2022,26,,UIS_EST
OE.5T8.40540.M,BGD,2023,23,,UIS_EST
OFST.1.CP,BGD,1970,5060947,,
OFST.1.CP,BGD,1973,3262975,,
OFST.1.CP,BGD,1976,2917842,,
OFST.1.CP,BGD,1977,3610122,,
OFST.1.CP,BGD,1978,3960790,,
OFST.1.CP,BGD,1981,5212587,,
OFST.1.CP,BGD,1983,5738082,,
OFST.1.CP,BGD,1984,5964606,,
OFST.1.CP,BGD,1985,6257419,,
OFST.1.CP,BGD,1986,6449855,,
OFST.1.CP,BGD,1987,6673539,,
OFST.1.CP,BGD,1988,5326152,,
OFST.1.CP,BGD,1989,5462667,,
OFST.1.CP,BGD,1990,5156730,,
OFST.1.CP,BGD,2005,1148544,,
OFST.1.CP,BGD,2006,1289922,,UIS_EST
OFST.1.CP,BGD,2008,2317428,,NAT_EST
OFST.1.CP,BGD,2009,2309199,,NAT_EST
OFST.1.CP,BGD,2010,2278044,,
OFST.1.CP,BGD,2017,536211,,
OFST.1.CP,BGD,2018,543149,,
OFST.1.CP,BGD,2022,1159988.452399015,,
OFST.1.CP,BGD,2023,1085125.811726162,,
OFST.1.CP,BGD,2024,918575.0999774355,,
OFST.1.F.CP,BGD,1970,3271051,,
OFST.1.F.CP,BGD,1973,2657768,,
OFST.1.F.CP,BGD,1976,2721192,,
OFST.1.F.CP,BGD,1977,2759668,,
OFST.1.F.CP,BGD,1978,2936530,,
OFST.1.F.CP,BGD,1981,3287341,,
OFST.1.F.CP,BGD,1983,3757054,,
OFST.1.F.CP,BGD,1984,3605092,,
OFST.1.F.CP,BGD,1985,3764133,,
OFST.1.F.CP,BGD,1986,3855732,,
OFST.1.F.CP,BGD,1987,3978240,,
OFST.1.F.CP,BGD,1988,3097138,,
OFST.1.F.CP,BGD,1989,3159547,,
OFST.1.F.CP,BGD,1990,2943562,,
OFST.1.F.CP,BGD,2005,384392,,
OFST.1.F.CP,BGD,2006,414833,,UIS_EST
OFST.1.F.CP,BGD,2008,1075896,,NAT_EST
OFST.1.F.CP,BGD,2009,838631,,NAT_EST
OFST.1.F.CP,BGD,2010,993602,,
OFST.1.F.CP,BGD,2017,54511,,
OFST.1.F.CP,BGD,2018,189119,,
OFST.1.M.CP,BGD,1970,1789896,,
OFST.1.M.CP,BGD,1973,605207,,
OFST.1.M.CP,BGD,1976,196650,,
OFST.1.M.CP,BGD,1977,850454,,
OFST.1.M.CP,BGD,1978,1024260,,
OFST.1.M.CP,BGD,1981,1925246,,
OFST.1.M.CP,BGD,1983,1981028,,
OFST.1.M.CP,BGD,1984,2359514,,
OFST.1.M.CP,BGD,1985,2493286,,
OFST.1.M.CP,BGD,1986,2594123,,
OFST.1.M.CP,BGD,1987,2695299,,
OFST.1.M.CP,BGD,1988,2229014,,
OFST.1.M.CP,BGD,1989,2303120,,
OFST.1.M.CP,BGD,1990,2213168,,
OFST.1.M.CP,BGD,2005,764152,,
OFST.1.M.CP,BGD,2006,875089,,UIS_EST
OFST.1.M.CP,BGD,2008,1241532,,NAT_EST
OFST.1.M.CP,BGD,2009,1470568,,NAT_EST
OFST.1.M.CP,BGD,2010,1284442,,
OFST.1.M.CP,BGD,2017,481700,,
OFST.1.M.CP,BGD,2018,354030,,
OFST.1T2.CP,BGD,2005,4264220,,
OFST.1T2.CP,BGD,2006,4422234,,UIS_EST
OFST.1T2.CP,BGD,2009,5348047,,NAT_EST
OFST.1T2.CP,BGD,2010,4829814,,
OFST.1T2.CP,BGD,2017,1661703.711371001,,
OFST.1T2.CP,BGD,2018,1687793.296633782,,
OFST.1T2.CP,BGD,2022,3661342.452399015,,
OFST.1T2.CP,BGD,2023,3438376.811726162,,
OFST.1T2.CP,BGD,2024,3262198.099977436,,
OFST.1T2.F.CP,BGD,2005,1737559,,
OFST.1T2.F.CP,BGD,2006,1785976,,UIS_EST
OFST.1T2.F.CP,BGD,2009,2236761,,NAT_EST
OFST.1T2.F.CP,BGD,2010,1903963,,
OFST.1T2.F.CP,BGD,2017,141568.2852299996,,
OFST.1T2.M.CP,BGD,2005,2526661,,
OFST.1T2.M.CP,BGD,2006,2636258,,UIS_EST
OFST.1T2.M.CP,BGD,2009,3111286,,NAT_EST
OFST.1T2.M.CP,BGD,2010,2925851,,
OFST.1T2.M.CP,BGD,2017,1520135.426140999,,
OFST.1T3.CP,BGD,2005,13363305,,
OFST.1T3.CP,BGD,2006,13382397,,UIS_EST
OFST.1T3.CP,BGD,2009,13200809,,NAT_EST
OFST.1T3.CP,BGD,2010,12660343,,
OFST.1T3.CP,BGD,2017,9012617.795124002,,
OFST.1T3.CP,BGD,2018,7965014.572777783,,
OFST.1T3.CP,BGD,2022,7133939.452399015,,
OFST.1T3.CP,BGD,2023,6856740.811726162,,
OFST.1T3.CP,BGD,2024,7144375.099977436,,
OFST.1T3.F.CP,BGD,2005,6268874,,
OFST.1T3.F.CP,BGD,2006,6256543,,UIS_EST
OFST.1T3.F.CP,BGD,2009,6204088,,NAT_EST
OFST.1T3.F.CP,BGD,2010,5729890,,
OFST.1T3.F.CP,BGD,2017,3678364.527593,,
OFST.1T3.M.CP,BGD,2005,7094431,,
OFST.1T3.M.CP,BGD,2006,7125854,,UIS_EST
OFST.1T3.M.CP,BGD,2009,6996721,,NAT_EST
OFST.1T3.M.CP,BGD,2010,6930453,,
OFST.1T3.M.CP,BGD,2017,5334253.267531,,
OFST.2.CP,BGD,2005,3115676,,
OFST.2.CP,BGD,2006,3132312,,UIS_EST
OFST.2.CP,BGD,2009,3038848,,NAT_EST
OFST.2.CP,BGD,2010,2551770,,
OFST.2.CP,BGD,2017,1125492.711371001,,
OFST.2.CP,BGD,2018,1144644.296633782,,
OFST.2.CP,BGD,2021,1844255,,
OFST.2.CP,BGD,2022,2501354,,
OFST.2.CP,BGD,2023,2353251,,
OFST.2.CP,BGD,2024,2343623,,
OFST.2.F.CP,BGD,2005,1353167,,
OFST.2.F.CP,BGD,2006,1371143,,UIS_EST
OFST.2.F.CP,BGD,2009,1398130,,NAT_EST
OFST.2.F.CP,BGD,2010,910361,,
OFST.2.F.CP,BGD,2017,87057.28522999957,,
OFST.2.F.CP,BGD,2021,399499,,
OFST.2.F.CP,BGD,2022,786498,,
OFST.2.F.CP,BGD,2023,593722,,
OFST.2.F.CP,BGD,2024,596101,,
OFST.2.M.CP,BGD,2005,1762509,,
OFST.2.M.CP,BGD,2006,1761169,,UIS_EST
OFST.2.M.CP,BGD,2009,1640718,,NAT_EST
OFST.2.M.CP,BGD,2010,1641409,,
OFST.2.M.CP,BGD,2017,1038435.426140999,,
OFST.2.M.CP,BGD,2021,1444756,,
OFST.2.M.CP,BGD,2022,1714856,,
OFST.2.M.CP,BGD,2023,1759529,,
OFST.2.M.CP,BGD,2024,1747522,,
OFST.2T3.CP,BGD,2005,12214761,,
OFST.2T3.CP,BGD,2006,12092475,,UIS_EST
OFST.2T3.CP,BGD,2009,10891610,,NAT_EST
OFST.2T3.CP,BGD,2010,10382299,,
OFST.2T3.CP,BGD,2017,8476406.795124002,,
OFST.2T3.CP,BGD,2018,7421865.572777783,,
OFST.2T3.CP,BGD,2021,7859764,,
OFST.2T3.CP,BGD,2022,5973951,,
OFST.2T3.CP,BGD,2023,5771615,,
OFST.2T3.CP,BGD,2024,6225800,,
OFST.2T3.F.CP,BGD,2005,5884482,,
OFST.2T3.F.CP,BGD,2006,5841710,,UIS_EST
OFST.2T3.F.CP,BGD,2009,5365457,,NAT_EST
OFST.2T3.F.CP,BGD,2010,4736288,,
OFST.2T3.F.CP,BGD,2017,3623853.527593,,
OFST.2T3.F.CP,BGD,2021,3008555,,
OFST.2T3.F.CP,BGD,2022,2864016,,
OFST.2T3.F.CP,BGD,2023,2235934,,
OFST.2T3.F.CP,BGD,2024,2348136,,
OFST.2T3.M.CP,BGD,2005,6330279,,
OFST.2T3.M.CP,BGD,2006,6250765,,UIS_EST
OFST.2T3.M.CP,BGD,2009,5526153,,NAT_EST
OFST.2T3.M.CP,BGD,2010,5646011,,
OFST.2T3.M.CP,BGD,2017,4852553.267531,,
OFST.2T3.M.CP,BGD,2021,4851209,,
OFST.2T3.M.CP,BGD,2022,3109935,,
OFST.2T3.M.CP,BGD,2023,3535681,,
OFST.2T3.M.CP,BGD,2024,3877664,,
OFST.3.CP,BGD,1999,8472653,,UIS_EST
OFST.3.CP,BGD,2003,8478091,,UIS_EST
OFST.3.CP,BGD,2005,9099085,,
OFST.3.CP,BGD,2006,8960163,,
OFST.3.CP,BGD,2009,7852762,,NAT_EST
OFST.3.CP,BGD,2010,7830529,,
OFST.3.CP,BGD,2011,7994199,,UIS_EST
OFST.3.CP,BGD,2013,7857835,,UIS_EST
OFST.3.CP,BGD,2015,7859152,,UIS_EST
OFST.3.CP,BGD,2016,6645456,,UIS_EST
OFST.3.CP,BGD,2017,7350914.083753,,
OFST.3.CP,BGD,2018,6277221.276144001,,
OFST.3.CP,BGD,2020,5962855,,UIS_EST
OFST.3.CP,BGD,2021,6015509,,
OFST.3.CP,BGD,2022,3472597,,
OFST.3.CP,BGD,2023,3418364,,
OFST.3.CP,BGD,2024,3882177,,
OFST.3.F.CP,BGD,1999,4381938,,UIS_EST
OFST.3.F.CP,BGD,2003,4225042,,UIS_EST
OFST.3.F.CP,BGD,2005,4531315,,
OFST.3.F.CP,BGD,2006,4470567,,
OFST.3.F.CP,BGD,2009,3967327,,NAT_EST
OFST.3.F.CP,BGD,2010,3825927,,
OFST.3.F.CP,BGD,2011,3943463,,UIS_EST
OFST.3.F.CP,BGD,2013,3918432,,UIS_EST
OFST.3.F.CP,BGD,2015,3835392,,UIS_EST
OFST.3.F.CP,BGD,2016,3446347,,UIS_EST
OFST.3.F.CP,BGD,2017,3536796.242363,,
OFST.3.F.CP,BGD,2018,3037478.525526,,
OFST.3.F.CP,BGD,2020,2963386,,UIS_EST
OFST.3.F.CP,BGD,2021,2609056,,
OFST.3.F.CP,BGD,2022,2077518,,
OFST.3.F.CP,BGD,2023,1642212,,
OFST.3.F.CP,BGD,2024,1752035,,
OFST.3.M.CP,BGD,1999,4090715,,UIS_EST
OFST.3.M.CP,BGD,2003,4253049,,UIS_EST
OFST.3.M.CP,BGD,2005,4567770,,
OFST.3.M.CP,BGD,2006,4489596,,
OFST.3.M.CP,BGD,2009,3885435,,NAT_EST
OFST.3.M.CP,BGD,2010,4004602,,
OFST.3.M.CP,BGD,2011,4050736,,UIS_EST
OFST.3.M.CP,BGD,2013,3939403,,UIS_EST
OFST.3.M.CP,BGD,2015,4023760,,UIS_EST
OFST.3.M.CP,BGD,2016,3360771,,UIS_EST
OFST.3.M.CP,BGD,2017,3814117.84139,,
OFST.3.M.CP,BGD,2018,3239742.750618,,
OFST.3.M.CP,BGD,2020,2999468,,UIS_EST
OFST.3.M.CP,BGD,2021,3406453,,
OFST.3.M.CP,BGD,2022,1395079,,
OFST.3.M.CP,BGD,2023,1776152,,
OFST.3.M.CP,BGD,2024,2130142,,
OFST.AGM1.CP,BGD,2009,2599750,,NAT_EST
OFST.AGM1.CP,BGD,2010,2314947,,
OFST.AGM1.CP,BGD,2021,2659548,,
OFST.AGM1.CP,BGD,2022,2541881,,
OFST.AGM1.CP,BGD,2023,167888,,
OFST.AGM1.CP,BGD,2024,366884,,
OFST.AGM1.F.CP,BGD,2009,1273768,,NAT_EST
OFST.AGM1.F.CP,BGD,2010,1136556,,
OFST.AGM1.F.CP,BGD,2021,1280922,,
OFST.AGM1.F.CP,BGD,2022,1221444,,
OFST.AGM1.F.CP,BGD,2023,95241,,
OFST.AGM1.F.CP,BGD,2024,123140,,
OFST.AGM1.M.CP,BGD,2009,1325982,,NAT_EST
OFST.AGM1.M.CP,BGD,2010,1178391,,
OFST.AGM1.M.CP,BGD,2021,1378626,,
OFST.AGM1.M.CP,BGD,2022,1320437,,
OFST.AGM1.M.CP,BGD,2023,72647,,
OFST.AGM1.M.CP,BGD,2024,243744,,
REPR.1.CP,BGD,1975,19.26964950561523,,
REPR.1.CP,BGD,1976,15.58008003234863,,
REPR.1.CP,BGD,1980,17.87462043762207,,
REPR.1.CP,BGD,1988,6.955689907073975,,
REPR.1.CP,BGD,2005,11.05766010284424,,
REPR.1.CP,BGD,2007,12.9037504196167,,NAT_EST
REPR.1.CP,BGD,2008,13.70079040527344,,NAT_EST
REPR.1.CP,BGD,2009,12.79825019836426,,NAT_EST
REPR.1.CP,BGD,2010,10.16664028167725,,NAT_EST
REPR.1.CP,BGD,2022,2.948602946039197,,
REPR.1.CP,BGD,2023,2.381472437798725,,
REPR.1.F.CP,BGD,1975,19.60960960388184,,
REPR.1.F.CP,BGD,1980,19.74385070800781,,
REPR.1.F.CP,BGD,2005,10.87078952789307,,
REPR.1.F.CP,BGD,2007,12.632399559021,,NAT_EST
REPR.1.F.CP,BGD,2008,13.03689002990723,,NAT_EST
REPR.1.F.CP,BGD,2009,12.69585990905762,,NAT_EST
REPR.1.F.CP,BGD,2010,9.844929695129395,,NAT_EST
REPR.1.F.CP,BGD,2022,2.686315332303509,,
REPR.1.F.CP,BGD,2023,2.201927440809944,,
REPR.1.G1.CP,BGD,1976,19.12903022766113,,
REPR.1.G1.CP,BGD,1980,27.34347915649414,,
REPR.1.G1.CP,BGD,1988,5.649380207061768,,
REPR.1.G1.CP,BGD,2005,11.52449035644531,,
REPR.1.G1.CP,BGD,2007,19.57605934143066,,NAT_EST
REPR.1.G1.CP,BGD,2008,16.49625015258789,,NAT_EST
REPR.1.G1.CP,BGD,2009,11.03054046630859,,NAT_EST
REPR.1.G1.CP,BGD,2015,6.889579772949219,,
REPR.1.G1.CP,BGD,2016,4.520617076058692,,
REPR.1.G1.CP,BGD,2022,5.211891652224581,,
REPR.1.G1.F.CP,BGD,1980,31.30485916137695,,
REPR.1.G1.F.CP,BGD,2005,11.1885404586792,,
REPR.1.G1.F.CP,BGD,2008,14.89266967773438,,NAT_EST
REPR.1.G1.F.CP,BGD,2009,10.62911987304688,,NAT_EST
REPR.1.G1.F.CP,BGD,2015,6.345099925994873,,
REPR.1.G1.F.CP,BGD,2016,4.009820113377673,,
REPR.1.G1.F.CP,BGD,2022,4.899863718695704,,
REPR.1.G1.M.CP,BGD,1980,25.05903053283691,,
REPR.1.G1.M.CP,BGD,2005,11.85756015777588,,
REPR.1.G1.M.CP,BGD,2008,18.05196952819824,,NAT_EST
REPR.1.G1.M.CP,BGD,2009,11.41866970062256,,NAT_EST
REPR.1.G1.M.CP,BGD,2015,7.413609981536865,,
REPR.1.G1.M.CP,BGD,2016,5.022936363253512,,
REPR.1.G1.M.CP,BGD,2022,5.531883168646162,,
REPR.1.G2.CP,BGD,1976,14.29870986938477,,
REPR.1.G2.CP,BGD,1980,11.14019966125488,,
REPR.1.G2.CP,BGD,1988,6.332729816436768,,
REPR.1.G2.CP,BGD,2008,12.12763977050781,,NAT_EST
REPR.1.G2.CP,BGD,2009,12.27756977081299,,NAT_EST
REPR.1.G2.F.CP,BGD,1980,11.6310396194458,,
REPR.1.G2.F.CP,BGD,2008,11.66812992095947,,NAT_EST
REPR.1.G2.F.CP,BGD,2009,12.04806995391846,,NAT_EST
REPR.1.G2.M.CP,BGD,1980,10.84136962890625,,
REPR.1.G2.M.CP,BGD,2008,12.5907096862793,,NAT_EST
REPR.1.G2.M.CP,BGD,2009,12.50380039215088,,NAT_EST
REPR.1.G3.CP,BGD,1976,14.00230026245117,,
REPR.1.G3.CP,BGD,1980,15.39443969726563,,
REPR.1.G3.CP,BGD,1988,8.252790451049805,,
REPR.1.G3.CP,BGD,2008,16.12108993530273,,NAT_EST
REPR.1.G3.CP,BGD,2009,14.58255958557129,,NAT_EST
REPR.1.G3.CP,BGD,2022,2.965285377548006,,
REPR.1.G3.CP,BGD,2023,1.657865454443557,,
REPR.1.G3.F.CP,BGD,1980,16.2628002166748,,
REPR.1.G3.F.CP,BGD,2008,15.69264984130859,,NAT_EST
REPR.1.G3.F.CP,BGD,2009,14.47813987731934,,NAT_EST
REPR.1.G3.F.CP,BGD,2022,2.642252907098602,,
REPR.1.G3.F.CP,BGD,2023,1.999284237550318,,
REPR.1.G3.M.CP,BGD,1980,14.88496017456055,,
REPR.1.G3.M.CP,BGD,2008,16.56761932373047,,NAT_EST
REPR.1.G3.M.CP,BGD,2009,14.68842029571533,,NAT_EST
REPR.1.G3.M.CP,BGD,2022,3.303697527408827,,
REPR.1.G3.M.CP,BGD,2023,1.44680676783039,,
REPR.1.G4.CP,BGD,1976,14.22756004333496,,
REPR.1.G4.CP,BGD,1980,8.312910079956055,,
REPR.1.G4.CP,BGD,1988,8.582719802856445,,
REPR.1.G4.CP,BGD,2008,15.99151992797852,,NAT_EST
REPR.1.G4.CP,BGD,2009,17.82127952575684,,NAT_EST
REPR.1.G4.CP,BGD,2022,2.480629533936928,,
REPR.1.G4.CP,BGD,2023,1.743169577179467,,
REPR.1.G4.F.CP,BGD,1980,8.644510269165039,,
REPR.1.G4.F.CP,BGD,2008,15.97412967681885,,NAT_EST
REPR.1.G4.F.CP,BGD,2009,17.8460807800293,,NAT_EST
REPR.1.G4.F.CP,BGD,2022,2.213497060354049,,
REPR.1.G4.F.CP,BGD,2023,1.567903970673679,,
REPR.1.G4.M.CP,BGD,1980,8.116390228271484,,
REPR.1.G4.M.CP,BGD,2008,16.00992012023926,,NAT_EST
REPR.1.G4.M.CP,BGD,2009,17.79508972167969,,NAT_EST
REPR.1.G4.M.CP,BGD,2022,2.765544714229462,,
REPR.1.G4.M.CP,BGD,2023,1.932066506780115,,
REPR.1.G5.CP,BGD,1976,9.534390449523926,,
REPR.1.G5.CP,BGD,1980,8.031880378723145,,
REPR.1.G5.CP,BGD,1988,8.366060256958008,,
REPR.1.G5.CP,BGD,2008,3.35752010345459,,NAT_EST
REPR.1.G5.CP,BGD,2009,7.664239883422852,,NAT_EST
REPR.1.G5.CP,BGD,2022,1.01351961184517,,
REPR.1.G5.CP,BGD,2023,.9374238759572967,,
REPR.1.G5.F.CP,BGD,1980,8.338390350341797,,
REPR.1.G5.F.CP,BGD,2008,3.225680112838745,,NAT_EST
REPR.1.G5.F.CP,BGD,2009,8.039810180664063,,NAT_EST
REPR.1.G5.F.CP,BGD,2022,.9685244660934831,,
REPR.1.G5.F.CP,BGD,2023,.8942900253558089,,
REPR.1.G5.M.CP,BGD,1980,7.8578200340271,,
REPR.1.G5.M.CP,BGD,2008,3.498399972915649,,NAT_EST
REPR.1.G5.M.CP,BGD,2009,7.269400119781494,,NAT_EST
REPR.1.G5.M.CP,BGD,2022,1.063028787314426,,
REPR.1.G5.M.CP,BGD,2023,.9849294955076462,,
REPR.1.M.CP,BGD,1975,19.09450912475586,,
REPR.1.M.CP,BGD,1980,16.77902984619141,,
REPR.1.M.CP,BGD,2005,11.24545001983643,,
REPR.1.M.CP,BGD,2007,13.18327045440674,,NAT_EST
REPR.1.M.CP,BGD,2008,14.37827968597412,,NAT_EST
REPR.1.M.CP,BGD,2009,12.90133953094482,,NAT_EST
REPR.1.M.CP,BGD,2010,10.49493026733398,,NAT_EST
REPR.1.M.CP,BGD,2022,3.224922190841708,,
REPR.1.M.CP,BGD,2023,2.568967022263299,,
REPR.2.CP,BGD,1998,3.548269987106323,,
REPR.2.CP,BGD,1999,3.521490097045898,,
REPR.2.CP,BGD,2000,3.48006010055542,,
REPR.2.CP,BGD,2001,3.641949892044067,,
REPR.2.CP,BGD,2002,3.640079975128174,,
REPR.2.CP,BGD,2003,5.884479999542236,,
REPR.2.CP,BGD,2004,6.023429870605469,,
REPR.2.CP,BGD,2005,6.664519786834717,,
REPR.2.CP,BGD,2006,6.772250175476074,,
REPR.2.CP,BGD,2009,3.395260095596313,,
REPR.2.CP,BGD,2010,2.912270429009233,,
REPR.2.CP,BGD,2015,2.369160008332956,,
REPR.2.CP,BGD,2016,2.163670063018799,,
REPR.2.CP,BGD,2017,2.181809902191162,,
REPR.2.CP,BGD,2019,4.189080238342285,,
REPR.2.F.CP,BGD,1998,3.419270038604736,,
REPR.2.F.CP,BGD,1999,3.351880073547363,,
REPR.2.F.CP,BGD,2000,3.350790023803711,,
REPR.2.F.CP,BGD,2001,3.244859933853149,,
REPR.2.F.CP,BGD,2002,3.201129913330078,,
REPR.2.F.CP,BGD,2003,5.208839893341064,,
REPR.2.F.CP,BGD,2004,6.04203987121582,,
REPR.2.F.CP,BGD,2005,6.571090221405029,,
REPR.2.F.CP,BGD,2006,6.674149990081787,,
REPR.2.F.CP,BGD,2009,3.322839975357056,,
REPR.2.F.CP,BGD,2010,3.581024578795297,,
REPR.2.F.CP,BGD,2015,2.600603318048191,,
REPR.2.F.CP,BGD,2019,3.897850036621094,,
REPR.2.G1.CP,BGD,1989,9.557539939880371,,
REPR.2.G1.CP,BGD,1998,3.737750053405762,,
REPR.2.G1.CP,BGD,1999,3.78026008605957,,
REPR.2.G1.CP,BGD,2000,3.681010007858276,,
REPR.2.G1.CP,BGD,2001,3.740289926528931,,
REPR.2.G1.CP,BGD,2002,3.616679906845093,,
REPR.2.G1.CP,BGD,2003,5.363009929656982,,
REPR.2.G1.CP,BGD,2004,6.045030117034912,,
REPR.2.G1.CP,BGD,2005,6.537000179290771,,
REPR.2.G1.CP,BGD,2006,6.646749973297119,,
REPR.2.G1.CP,BGD,2009,3.556139945983887,,
REPR.2.G1.CP,BGD,2010,2.606486609262526,,
REPR.2.G1.CP,BGD,2015,2.520289382619997,,
REPR.2.G1.CP,BGD,2016,2.022320032119751,,
REPR.2.G1.CP,BGD,2017,2.038969993591309,,
REPR.2.G1.CP,BGD,2018,1.867122710839318,,
REPR.2.G1.CP,BGD,2019,2.943089962005615,,
REPR.2.G1.F.CP,BGD,1989,6.91802978515625,,
REPR.2.G1.F.CP,BGD,1998,3.607089996337891,,
REPR.2.G1.F.CP,BGD,1999,3.613369941711426,,
REPR.2.G1.F.CP,BGD,2000,3.496670007705688,,
REPR.2.G1.F.CP,BGD,2001,3.498719930648804,,
REPR.2.G1.F.CP,BGD,2002,3.312469959259033,,
REPR.2.G1.F.CP,BGD,2003,4.215219974517822,,
REPR.2.G1.F.CP,BGD,2004,5.949709892272949,,
REPR.2.G1.F.CP,BGD,2005,6.287839889526367,,
REPR.2.G1.F.CP,BGD,2006,6.395050048828125,,
REPR.2.G1.F.CP,BGD,2009,3.591000080108643,,
REPR.2.G1.F.CP,BGD,2010,2.830700892246027,,
REPR.2.G1.F.CP,BGD,2015,2.319784165011017,,
REPR.2.G1.F.CP,BGD,2016,2.033139944076538,,
REPR.2.G1.F.CP,BGD,2018,1.656420223090233,,
REPR.2.G1.F.CP,BGD,2019,2.721549987792969,,
REPR.2.G1.M.CP,BGD,1989,11.11771011352539,,
REPR.2.G1.M.CP,BGD,1998,3.871140003204346,,
REPR.2.G1.M.CP,BGD,1999,3.958800077438354,,
REPR.2.G1.M.CP,BGD,2000,3.883219957351685,,
REPR.2.G1.M.CP,BGD,2001,4.008699893951416,,
REPR.2.G1.M.CP,BGD,2002,3.960299968719482,,
REPR.2.G1.M.CP,BGD,2003,6.588019847869873,,
REPR.2.G1.M.CP,BGD,2004,6.144909858703613,,
REPR.2.G1.M.CP,BGD,2005,6.806560039520264,,
REPR.2.G1.M.CP,BGD,2006,6.919680118560791,,
REPR.2.G1.M.CP,BGD,2009,3.517339944839478,,
REPR.2.G1.M.CP,BGD,2010,2.338006768423234,,
REPR.2.G1.M.CP,BGD,2015,2.760257136914256,,
REPR.2.G1.M.CP,BGD,2016,2.009190082550049,,
REPR.2.G1.M.CP,BGD,2018,2.12428237105919,,
REPR.2.G1.M.CP,BGD,2019,3.209800004959106,,
REPR.2.G2.CP,BGD,1989,9.496100425720215,,
REPR.2.G2.CP,BGD,1998,3.459539890289307,,
REPR.2.G2.CP,BGD,1999,3.36023998260498,,
REPR.2.G2.CP,BGD,2000,3.254559993743896,,
REPR.2.G2.CP,BGD,2001,3.318120002746582,,
REPR.2.G2.CP,BGD,2002,3.461800098419189,,
REPR.2.G2.CP,BGD,2003,5.344190120697021,,
REPR.2.G2.CP,BGD,2004,6.001560211181641,,
REPR.2.G2.CP,BGD,2005,6.648719787597656,,
REPR.2.G2.CP,BGD,2006,6.750720024108887,,
REPR.2.G2.CP,BGD,2009,3.39818000793457,,
REPR.2.G2.CP,BGD,2010,2.426097239286139,,
REPR.2.G2.CP,BGD,2015,2.045847611340699,,
REPR.2.G2.CP,BGD,2016,2.06685996055603,,
REPR.2.G2.CP,BGD,2017,2.065269947052002,,
REPR.2.G2.CP,BGD,2018,1.869269967079163,,UIS_EST
REPR.2.G2.CP,BGD,2019,2.972460031509399,,
REPR.2.G2.F.CP,BGD,1989,6.623980045318604,,
REPR.2.G2.F.CP,BGD,1998,3.313359975814819,,
REPR.2.G2.F.CP,BGD,1999,3.188299894332886,,
REPR.2.G2.F.CP,BGD,2000,3.110419988632202,,
REPR.2.G2.F.CP,BGD,2001,3.080770015716553,,
REPR.2.G2.F.CP,BGD,2002,3.129519939422607,,
REPR.2.G2.F.CP,BGD,2003,5.263800144195557,,
REPR.2.G2.F.CP,BGD,2004,6.020549774169922,,
REPR.2.G2.F.CP,BGD,2005,6.540450096130371,,
REPR.2.G2.F.CP,BGD,2006,6.637670040130615,,
REPR.2.G2.F.CP,BGD,2009,3.258059978485107,,
REPR.2.G2.F.CP,BGD,2010,3.461101082650952,,
REPR.2.G2.F.CP,BGD,2015,2.209062718304833,,
REPR.2.G2.F.CP,BGD,2019,2.720279932022095,,
REPR.2.G2.M.CP,BGD,1989,11.04609966278076,,
REPR.2.G2.M.CP,BGD,1998,3.609390020370483,,
REPR.2.G2.M.CP,BGD,1999,3.543129920959473,,
REPR.2.G2.M.CP,BGD,2000,3.411760091781616,,
REPR.2.G2.M.CP,BGD,2001,3.589750051498413,,
REPR.2.G2.M.CP,BGD,2002,3.847729921340942,,
REPR.2.G2.M.CP,BGD,2003,5.434589862823486,,
REPR.2.G2.M.CP,BGD,2004,5.981850147247314,,
REPR.2.G2.M.CP,BGD,2005,6.765230178833008,,
REPR.2.G2.M.CP,BGD,2006,6.872519969940186,,
REPR.2.G2.M.CP,BGD,2009,3.553580045700073,,
REPR.2.G2.M.CP,BGD,2010,1.186080646190593,,
REPR.2.G2.M.CP,BGD,2015,1.858272328844595,,
REPR.2.G2.M.CP,BGD,2019,3.287050008773804,,
REPR.2.G3.CP,BGD,1989,10.28022003173828,,
REPR.2.G3.CP,BGD,1998,3.388089895248413,,
REPR.2.G3.CP,BGD,1999,3.360249996185303,,
REPR.2.G3.CP,BGD,2000,3.475840091705322,,
REPR.2.G3.CP,BGD,2001,3.880199909210205,,
REPR.2.G3.CP,BGD,2002,3.872220039367676,,
REPR.2.G3.CP,BGD,2003,7.154749870300293,,
REPR.2.G3.CP,BGD,2004,6.020649909973145,,
REPR.2.G3.CP,BGD,2005,6.853720188140869,,
REPR.2.G3.CP,BGD,2006,6.959609985351563,,
REPR.2.G3.CP,BGD,2009,3.197119951248169,,
REPR.2.G3.CP,BGD,2010,3.892431968118878,,
REPR.2.G3.CP,BGD,2015,2.551951047838238,,
REPR.2.G3.CP,BGD,2016,2.433429956436157,,
REPR.2.G3.CP,BGD,2017,2.455410003662109,,
REPR.2.G3.CP,BGD,2019,6.652890205383301,,
REPR.2.G3.F.CP,BGD,1989,6.520639896392822,,
REPR.2.G3.F.CP,BGD,1998,3.280200004577637,,
REPR.2.G3.F.CP,BGD,1999,3.188349962234497,,
REPR.2.G3.F.CP,BGD,2000,3.439899921417236,,
REPR.2.G3.F.CP,BGD,2001,3.109879970550537,,
REPR.2.G3.F.CP,BGD,2002,3.141429901123047,,
REPR.2.G3.F.CP,BGD,2003,6.328539848327637,,
REPR.2.G3.F.CP,BGD,2004,6.179520130157471,,
REPR.2.G3.F.CP,BGD,2005,6.985390186309814,,
REPR.2.G3.F.CP,BGD,2006,7.077449798583984,,
REPR.2.G3.F.CP,BGD,2009,3.077209949493408,,
REPR.2.G3.F.CP,BGD,2010,4.7282231539008,,
REPR.2.G3.F.CP,BGD,2015,3.346622158936598,,
REPR.2.G3.F.CP,BGD,2019,6.270800113677979,,
REPR.2.G3.M.CP,BGD,1989,12.17444038391113,,
REPR.2.G3.M.CP,BGD,1998,3.495539903640747,,
REPR.2.G3.M.CP,BGD,1999,3.542220115661621,,
REPR.2.G3.M.CP,BGD,2000,3.514859914779663,,
REPR.2.G3.M.CP,BGD,2001,4.826839923858643,,
REPR.2.G3.M.CP,BGD,2002,4.786210060119629,,
REPR.2.G3.M.CP,BGD,2003,8.166119575500488,,
REPR.2.G3.M.CP,BGD,2004,5.851009845733643,,
REPR.2.G3.M.CP,BGD,2005,6.71068000793457,,
REPR.2.G3.M.CP,BGD,2006,6.831620216369629,,
REPR.2.G3.M.CP,BGD,2009,3.339010000228882,,
REPR.2.G3.M.CP,BGD,2010,2.930824325345831,,
REPR.2.G3.M.CP,BGD,2015,1.563294412095638,,
REPR.2.G3.M.CP,BGD,2019,7.112649917602539,,
REPR.2.G4.CP,BGD,1989,9.070420265197754,,
REPR.2.G4.F.CP,BGD,1989,6.286230087280273,,
REPR.2.G4.M.CP,BGD,1989,10.22762966156006,,
REPR.2.M.CP,BGD,1998,3.679239988327026,,
REPR.2.M.CP,BGD,1999,3.702049970626831,,
REPR.2.M.CP,BGD,2000,3.62116003036499,,
REPR.2.M.CP,BGD,2001,4.1007399559021,,
REPR.2.M.CP,BGD,2002,4.155509948730469,,
REPR.2.M.CP,BGD,2003,6.64838981628418,,
REPR.2.M.CP,BGD,2004,6.003880023956299,,
REPR.2.M.CP,BGD,2005,6.76554012298584,,
REPR.2.M.CP,BGD,2006,6.878439903259277,,
REPR.2.M.CP,BGD,2009,3.477279901504517,,
REPR.2.M.CP,BGD,2010,2.120432278848215,,
REPR.2.M.CP,BGD,2015,2.092722209880006,,
REPR.2.M.CP,BGD,2019,4.543660163879395,,
SAP.0,BGD,1999,9911043,,
SAP.0,BGD,2000,10009310,,
SAP.0,BGD,2001,10180349,,
SAP.0,BGD,2002,10405249,,
SAP.0,BGD,2003,10631385,,
SAP.0,BGD,2004,10780710,,
SAP.0,BGD,2005,10887312,,
SAP.0,BGD,2006,10935997,,
SAP.0,BGD,2007,10905054,,
SAP.0,BGD,2008,10816606,,
SAP.0,BGD,2009,10670867,,
SAP.0,BGD,2010,10502599,,
SAP.0,BGD,2011,10320138,,
SAP.0,BGD,2012,10138115,,
SAP.0,BGD,2013,9934301,,
SAP.0,BGD,2014,9683319,,
SAP.0,BGD,2015,9432214,,
SAP.0,BGD,2016,9237058,,
SAP.0,BGD,2017,9151372,,
SAP.0,BGD,2018,9230606,,
SAP.0,BGD,2019,9300829,,
SAP.0,BGD,2020,9337856,,
SAP.0,BGD,2021,9380272,,
SAP.0,BGD,2022,9444095,,
SAP.0,BGD,2023,9518073,,
SAP.0,BGD,2024,9632341,,
SAP.0,BGD,2025,9787171,,
SAP.0.F,BGD,1999,4876713,,
SAP.0.F,BGD,2000,4932132,,
SAP.0.F,BGD,2001,5019673,,
SAP.0.F,BGD,2002,5128932,,
SAP.0.F,BGD,2003,5236078,,
SAP.0.F,BGD,2004,5306481,,
SAP.0.F,BGD,2005,5357738,,
SAP.0.F,BGD,2006,5380633,,
SAP.0.F,BGD,2007,5365654,,
SAP.0.F,BGD,2008,5323847,,
SAP.0.F,BGD,2009,5254097,,
SAP.0.F,BGD,2010,5171826,,
SAP.0.F,BGD,2011,5081315,,
SAP.0.F,BGD,2012,4991380,,
SAP.0.F,BGD,2013,4891526,,
SAP.0.F,BGD,2014,4768922,,
SAP.0.F,BGD,2015,4644072,,
SAP.0.F,BGD,2016,4543214,,
SAP.0.F,BGD,2017,4493122,,
SAP.0.F,BGD,2018,4503264,,
SAP.0.F,BGD,2019,4522396,,
SAP.0.F,BGD,2020,4535528,,
SAP.0.F,BGD,2021,4555449,,
SAP.0.F,BGD,2022,4588349,,
SAP.0.F,BGD,2023,4631394,,
SAP.0.F,BGD,2024,4692908,,
SAP.0.F,BGD,2025,4774083,,
SAP.0.M,BGD,1999,5034330,,
SAP.0.M,BGD,2000,5077178,,
SAP.0.M,BGD,2001,5160676,,
SAP.0.M,BGD,2002,5276317,,
SAP.0.M,BGD,2003,5395307,,
SAP.0.M,BGD,2004,5474229,,
SAP.0.M,BGD,2005,5529574,,
SAP.0.M,BGD,2006,5555364,,
SAP.0.M,BGD,2007,5539400,,
SAP.0.M,BGD,2008,5492759,,
SAP.0.M,BGD,2009,5416770,,
SAP.0.M,BGD,2010,5330773,,
SAP.0.M,BGD,2011,5238823,,
SAP.0.M,BGD,2012,5146735,,
SAP.0.M,BGD,2013,5042775,,
SAP.0.M,BGD,2014,4914397,,
SAP.0.M,BGD,2015,4788142,,
SAP.0.M,BGD,2016,4693844,,
SAP.0.M,BGD,2017,4658250,,
SAP.0.M,BGD,2018,4727342,,
SAP.0.M,BGD,2019,4778433,,
SAP.0.M,BGD,2020,4802328,,
SAP.0.M,BGD,2021,4824823,,
SAP.0.M,BGD,2022,4855746,,
SAP.0.M,BGD,2023,4886679,,
SAP.0.M,BGD,2024,4939433,,
SAP.0.M,BGD,2025,5013088,,
SAP.02,BGD,1970,2206903,,
SAP.02,BGD,1971,2252902,,
SAP.02,BGD,1972,2276598,,
SAP.02,BGD,1973,2317468,,
SAP.02,BGD,1974,2357986,,
SAP.02,BGD,1975,2414373,,
SAP.02,BGD,1976,2503114,,
SAP.02,BGD,1977,2676883,,
SAP.02,BGD,1978,2738925,,
SAP.02,BGD,1979,2817396,,
SAP.02,BGD,1980,2875438,,
SAP.02,BGD,1981,2936073,,
SAP.02,BGD,1982,2907194,,
SAP.02,BGD,1983,2969519,,
SAP.02,BGD,1984,3028231,,
SAP.02,BGD,1985,3101318,,
SAP.02,BGD,1986,3167611,,
SAP.02,BGD,1987,3231525,,
SAP.02,BGD,1988,3297445,,
SAP.02,BGD,1989,3308016,,
SAP.02,BGD,1990,3345137,,
SAP.02,BGD,1991,3366662,,
SAP.02,BGD,1992,3355823,,
SAP.02,BGD,1993,3357918,,
SAP.02,BGD,1994,3339749,,
SAP.02,BGD,1995,3366792,,
SAP.02,BGD,1996,3356851,,
SAP.02,BGD,1997,3300467,,
SAP.02,BGD,1998,9878277,,
SAP.02,BGD,1999,9911043,,
SAP.02,BGD,2000,10009310,,
SAP.02,BGD,2001,10180349,,
SAP.02,BGD,2002,10405249,,
SAP.02,BGD,2003,10631385,,
SAP.02,BGD,2004,10780710,,
SAP.02,BGD,2005,10887312,,
SAP.02,BGD,2006,10935997,,
SAP.02,BGD,2007,10905054,,
SAP.02,BGD,2008,10816606,,
SAP.02,BGD,2009,10670867,,
SAP.02,BGD,2010,10502599,,
SAP.02,BGD,2011,10320138,,
SAP.02,BGD,2012,10138115,,
SAP.02,BGD,2013,9934301,,
SAP.02,BGD,2014,9683319,,
SAP.02,BGD,2015,9432214,,
SAP.02,BGD,2016,9237058,,
SAP.02,BGD,2017,9151372,,
SAP.02,BGD,2018,9230606,,
SAP.02,BGD,2019,9300829,,
SAP.02,BGD,2020,9337856,,
SAP.02,BGD,2021,9380272,,
SAP.02,BGD,2022,9444095,,
SAP.02,BGD,2023,9518073,,
SAP.02,BGD,2024,9632341,,
SAP.02,BGD,2025,9787171,,
SAP.02.F,BGD,1970,1086775,,
SAP.02.F,BGD,1971,1108646,,
SAP.02.F,BGD,1972,1118724,,
SAP.02.F,BGD,1973,1138601,,
SAP.02.F,BGD,1974,1159307,,
SAP.02.F,BGD,1975,1188256,,
SAP.02.F,BGD,1976,1232625,,
SAP.02.F,BGD,1977,1315001,,
SAP.02.F,BGD,1978,1344781,,
SAP.02.F,BGD,1979,1383082,,
SAP.02.F,BGD,1980,1411012,,
SAP.02.F,BGD,1981,1440328,,
SAP.02.F,BGD,1982,1424581,,
SAP.02.F,BGD,1983,1454555,,
SAP.02.F,BGD,1984,1482797,,
SAP.02.F,BGD,1985,1518281,,
SAP.02.F,BGD,1986,1550841,,
SAP.02.F,BGD,1987,1585614,,
SAP.02.F,BGD,1988,1620213,,
SAP.02.F,BGD,1989,1625199,,
SAP.02.F,BGD,1990,1643883,,
SAP.02.F,BGD,1991,1653965,,
SAP.02.F,BGD,1992,1645466,,
SAP.02.F,BGD,1993,1644028,,
SAP.02.F,BGD,1994,1634784,,
SAP.02.F,BGD,1995,1649960,,
SAP.02.F,BGD,1996,1645135,,
SAP.02.F,BGD,1997,1618351,,
SAP.02.F,BGD,1998,4855291,,
SAP.02.F,BGD,1999,4876713,,
SAP.02.F,BGD,2000,4932132,,
SAP.02.F,BGD,2001,5019673,,
SAP.02.F,BGD,2002,5128932,,
SAP.02.F,BGD,2003,5236078,,
SAP.02.F,BGD,2004,5306481,,
SAP.02.F,BGD,2005,5357738,,
SAP.02.F,BGD,2006,5380633,,
SAP.02.F,BGD,2007,5365654,,
SAP.02.F,BGD,2008,5323847,,
SAP.02.F,BGD,2009,5254097,,
SAP.02.F,BGD,2010,5171826,,
SAP.02.F,BGD,2011,5081315,,
SAP.02.F,BGD,2012,4991380,,
SAP.02.F,BGD,2013,4891526,,
SAP.02.F,BGD,2014,4768922,,
SAP.02.F,BGD,2015,4644072,,
SAP.02.F,BGD,2016,4543214,,
SAP.02.F,BGD,2017,4493122,,
SAP.02.F,BGD,2018,4503264,,
SAP.02.F,BGD,2019,4522396,,
SAP.02.F,BGD,2020,4535528,,
SAP.02.F,BGD,2021,4555449,,
SAP.02.F,BGD,2022,4588349,,
SAP.02.F,BGD,2023,4631394,,
SAP.02.F,BGD,2024,4692908,,
SAP.02.F,BGD,2025,4774083,,
SAP.02.M,BGD,1970,1120128,,
SAP.02.M,BGD,1971,1144256,,
SAP.02.M,BGD,1972,1157874,,
SAP.02.M,BGD,1973,1178867,,
SAP.02.M,BGD,1974,1198679,,
SAP.02.M,BGD,1975,1226117,,
SAP.02.M,BGD,1976,1270489,,
SAP.02.M,BGD,1977,1361882,,
SAP.02.M,BGD,1978,1394144,,
SAP.02.M,BGD,1979,1434314,,
SAP.02.M,BGD,1980,1464426,,
SAP.02.M,BGD,1981,1495745,,
SAP.02.M,BGD,1982,1482613,,
SAP.02.M,BGD,1983,1514964,,
SAP.02.M,BGD,1984,1545434,,
SAP.02.M,BGD,1985,1583037,,
SAP.02.M,BGD,1986,1616770,,
SAP.02.M,BGD,1987,1645911,,
SAP.02.M,BGD,1988,1677232,,
SAP.02.M,BGD,1989,1682817,,
SAP.02.M,BGD,1990,1701254,,
SAP.02.M,BGD,1991,1712697,,
SAP.02.M,BGD,1992,1710357,,
SAP.02.M,BGD,1993,1713890,,
SAP.02.M,BGD,1994,1704965,,
SAP.02.M,BGD,1995,1716832,,
SAP.02.M,BGD,1996,1711716,,
SAP.02.M,BGD,1997,1682116,,
SAP.02.M,BGD,1998,5022986,,
SAP.02.M,BGD,1999,5034330,,
SAP.02.M,BGD,2000,5077178,,
SAP.02.M,BGD,2001,5160676,,
SAP.02.M,BGD,2002,5276317,,
SAP.02.M,BGD,2003,5395307,,
SAP.02.M,BGD,2004,5474229,,
SAP.02.M,BGD,2005,5529574,,
SAP.02.M,BGD,2006,5555364,,
SAP.02.M,BGD,2007,5539400,,
SAP.02.M,BGD,2008,5492759,,
SAP.02.M,BGD,2009,5416770,,
SAP.02.M,BGD,2010,5330773,,
SAP.02.M,BGD,2011,5238823,,
SAP.02.M,BGD,2012,5146735,,
SAP.02.M,BGD,2013,5042775,,
SAP.02.M,BGD,2014,4914397,,
SAP.02.M,BGD,2015,4788142,,
SAP.02.M,BGD,2016,4693844,,
SAP.02.M,BGD,2017,4658250,,
SAP.02.M,BGD,2018,4727342,,
SAP.02.M,BGD,2019,4778433,,
SAP.02.M,BGD,2020,4802328,,
SAP.02.M,BGD,2021,4824823,,
SAP.02.M,BGD,2022,4855746,,
SAP.02.M,BGD,2023,4886679,,
SAP.02.M,BGD,2024,4939433,,
SAP.02.M,BGD,2025,5013088,,
SAP.1,BGD,1970,9908912,,
SAP.1,BGD,1971,10150486,,
SAP.1,BGD,1972,10328215,,
SAP.1,BGD,1973,10580780,,
SAP.1,BGD,1974,10830081,,
SAP.1,BGD,1975,11061000,,
SAP.1,BGD,1976,11301933,,
SAP.1,BGD,1977,11578035,,
SAP.1,BGD,1978,11971855,,
SAP.1,BGD,1979,12385063,,
SAP.1,BGD,1980,12836551,,
SAP.1,BGD,1981,13288591,,
SAP.1,BGD,1982,13218663,,
SAP.1,BGD,1983,13648255,,
SAP.1,BGD,1984,13969351,,
SAP.1,BGD,1985,14285681,,
SAP.1,BGD,1986,14592698,,
SAP.1,BGD,1987,14909512,,
SAP.1,BGD,1988,15228786,,
SAP.1,BGD,1989,15552982,,
SAP.1,BGD,1990,15832235,,
SAP.1,BGD,1991,16078775,,
SAP.1,BGD,1992,16272636,,
SAP.1,BGD,1993,16416161,,
SAP.1,BGD,1994,16489788,,
SAP.1,BGD,1995,16541572,,
SAP.1,BGD,1996,16576980,,
SAP.1,BGD,1997,16580307,,
SAP.1,BGD,1998,16531494,,
SAP.1,BGD,1999,16455415,,
SAP.1,BGD,2000,16379868,,
SAP.1,BGD,2001,16309167,,
SAP.1,BGD,2002,16296752,,
SAP.1,BGD,2003,16350584,,
SAP.1,BGD,2004,16549506,,
SAP.1,BGD,2005,16827484,,
SAP.1,BGD,2006,17102056,,
SAP.1,BGD,2007,17416718,,
SAP.1,BGD,2008,17705154,,
SAP.1,BGD,2009,17862332,,
SAP.1,BGD,2010,17923384,,
SAP.1,BGD,2011,17902070,,
SAP.1,BGD,2012,17771604,,
SAP.1,BGD,2013,17565508,,
SAP.1,BGD,2014,17319528,,
SAP.1,BGD,2015,17036336,,
SAP.1,BGD,2016,16711040,,
SAP.1,BGD,2017,16356490,,
SAP.1,BGD,2018,16175116,,
SAP.1,BGD,2019,16053834,,
SAP.1,BGD,2020,15993803,,
SAP.1,BGD,2021,15954287,,
SAP.1,BGD,2022,15920256,,
SAP.1,BGD,2023,15761604,,
SAP.1,BGD,2024,15669471,,
SAP.1,BGD,2025,15644603,,
SAP.1.AGM1,BGD,1970,2206903,,
SAP.1.AGM1,BGD,1971,2252902,,
SAP.1.AGM1,BGD,1972,2276598,,
SAP.1.AGM1,BGD,1973,2317468,,
SAP.1.AGM1,BGD,1974,2357986,,
SAP.1.AGM1,BGD,1975,2414373,,
SAP.1.AGM1,BGD,1976,2503114,,
SAP.1.AGM1,BGD,1977,2676883,,
SAP.1.AGM1,BGD,1978,2738925,,
SAP.1.AGM1,BGD,1979,2817396,,
SAP.1.AGM1,BGD,1980,2875438,,
SAP.1.AGM1,BGD,1981,2936073,,
SAP.1.AGM1,BGD,1982,2907194,,
SAP.1.AGM1,BGD,1983,2969519,,
SAP.1.AGM1,BGD,1984,3028231,,
SAP.1.AGM1,BGD,1985,3101318,,
SAP.1.AGM1,BGD,1986,3167611,,
SAP.1.AGM1,BGD,1987,3231525,,
SAP.1.AGM1,BGD,1988,3297445,,
SAP.1.AGM1,BGD,1989,3308016,,
SAP.1.AGM1,BGD,1990,3345137,,
SAP.1.AGM1,BGD,1991,3366662,,
SAP.1.AGM1,BGD,1992,3355823,,
SAP.1.AGM1,BGD,1993,3357918,,
SAP.1.AGM1,BGD,1994,3339749,,
SAP.1.AGM1,BGD,1995,3366792,,
SAP.1.AGM1,BGD,1996,3356851,,
SAP.1.AGM1,BGD,1997,3300467,,
SAP.1.AGM1,BGD,1998,3274724,,
SAP.1.AGM1,BGD,1999,3256003,,
SAP.1.AGM1,BGD,2000,3305567,,
SAP.1.AGM1,BGD,2001,3309392,,
SAP.1.AGM1,BGD,2002,3353247,,
SAP.1.AGM1,BGD,2003,3473657,,
SAP.1.AGM1,BGD,2004,3534706,,
SAP.1.AGM1,BGD,2005,3579984,,
SAP.1.AGM1,BGD,2006,3623543,,
SAP.1.AGM1,BGD,2007,3642030,,
SAP.1.AGM1,BGD,2008,3629330,,
SAP.1.AGM1,BGD,2009,3593444,,
SAP.1.AGM1,BGD,2010,3555265,,
SAP.1.AGM1,BGD,2011,3485282,,
SAP.1.AGM1,BGD,2012,3428085,,
SAP.1.AGM1,BGD,2013,3376668,,
SAP.1.AGM1,BGD,2014,3304447,,
SAP.1.AGM1,BGD,2015,3224951,,
SAP.1.AGM1,BGD,2016,3126503,,
SAP.1.AGM1,BGD,2017,3054165,,
SAP.1.AGM1,BGD,2018,3073234,,
SAP.1.AGM1,BGD,2019,3102296,,
SAP.1.AGM1,BGD,2020,3107565,,
SAP.1.AGM1,BGD,2021,3119113,,
SAP.1.AGM1,BGD,2022,3126261,,
SAP.1.AGM1,BGD,2023,3136938,,
SAP.1.AGM1,BGD,2024,3163388,,
SAP.1.AGM1,BGD,2025,3201046,,
SAP.1.AGM1.F,BGD,1970,1086775,,
SAP.1.AGM1.F,BGD,1971,1108646,,
SAP.1.AGM1.F,BGD,1972,1118724,,
SAP.1.AGM1.F,BGD,1973,1138601,,
SAP.1.AGM1.F,BGD,1974,1159307,,
SAP.1.AGM1.F,BGD,1975,1188256,,
SAP.1.AGM1.F,BGD,1976,1232625,,
SAP.1.AGM1.F,BGD,1977,1315001,,
SAP.1.AGM1.F,BGD,1978,1344781,,
SAP.1.AGM1.F,BGD,1979,1383082,,
SAP.1.AGM1.F,BGD,1980,1411012,,
SAP.1.AGM1.F,BGD,1981,1440328,,
SAP.1.AGM1.F,BGD,1982,1424581,,
SAP.1.AGM1.F,BGD,1983,1454555,,
SAP.1.AGM1.F,BGD,1984,1482797,,
SAP.1.AGM1.F,BGD,1985,1518281,,
SAP.1.AGM1.F,BGD,1986,1550841,,
SAP.1.AGM1.F,BGD,1987,1585614,,
SAP.1.AGM1.F,BGD,1988,1620213,,
SAP.1.AGM1.F,BGD,1989,1625199,,
SAP.1.AGM1.F,BGD,1990,1643883,,
SAP.1.AGM1.F,BGD,1991,1653965,,
SAP.1.AGM1.F,BGD,1992,1645466,,
SAP.1.AGM1.F,BGD,1993,1644028,,
SAP.1.AGM1.F,BGD,1994,1634784,,
SAP.1.AGM1.F,BGD,1995,1649960,,
SAP.1.AGM1.F,BGD,1996,1645135,,
SAP.1.AGM1.F,BGD,1997,1618351,,
SAP.1.AGM1.F,BGD,1998,1607667,,
SAP.1.AGM1.F,BGD,1999,1599339,,
SAP.1.AGM1.F,BGD,2000,1626047,,
SAP.1.AGM1.F,BGD,2001,1630149,,
SAP.1.AGM1.F,BGD,2002,1654329,,
SAP.1.AGM1.F,BGD,2003,1712137,,
SAP.1.AGM1.F,BGD,2004,1739741,,
SAP.1.AGM1.F,BGD,2005,1761901,,
SAP.1.AGM1.F,BGD,2006,1782936,,
SAP.1.AGM1.F,BGD,2007,1791465,,
SAP.1.AGM1.F,BGD,2008,1785199,,
SAP.1.AGM1.F,BGD,2009,1768409,,
SAP.1.AGM1.F,BGD,2010,1750497,,
SAP.1.AGM1.F,BGD,2011,1716261,,
SAP.1.AGM1.F,BGD,2012,1687556,,
SAP.1.AGM1.F,BGD,2013,1661895,,
SAP.1.AGM1.F,BGD,2014,1626913,,
SAP.1.AGM1.F,BGD,2015,1588072,,
SAP.1.AGM1.F,BGD,2016,1539767,,
SAP.1.AGM1.F,BGD,2017,1502568,,
SAP.1.AGM1.F,BGD,2018,1499615,,
SAP.1.AGM1.F,BGD,2019,1506518,,
SAP.1.AGM1.F,BGD,2020,1506228,,
SAP.1.AGM1.F,BGD,2021,1511719,,
SAP.1.AGM1.F,BGD,2022,1516455,,
SAP.1.AGM1.F,BGD,2023,1524441,,
SAP.1.AGM1.F,BGD,2024,1539381,,
SAP.1.AGM1.F,BGD,2025,1559729,,
SAP.1.AGM1.M,BGD,1970,1120128,,
SAP.1.AGM1.M,BGD,1971,1144256,,
SAP.1.AGM1.M,BGD,1972,1157874,,
SAP.1.AGM1.M,BGD,1973,1178867,,
SAP.1.AGM1.M,BGD,1974,1198679,,
SAP.1.AGM1.M,BGD,1975,1226117,,
SAP.1.AGM1.M,BGD,1976,1270489,,
SAP.1.AGM1.M,BGD,1977,1361882,,
SAP.1.AGM1.M,BGD,1978,1394144,,
SAP.1.AGM1.M,BGD,1979,1434314,,
SAP.1.AGM1.M,BGD,1980,1464426,,
SAP.1.AGM1.M,BGD,1981,1495745,,
SAP.1.AGM1.M,BGD,1982,1482613,,
SAP.1.AGM1.M,BGD,1983,1514964,,
SAP.1.AGM1.M,BGD,1984,1545434,,
SAP.1.AGM1.M,BGD,1985,1583037,,
SAP.1.AGM1.M,BGD,1986,1616770,,
SAP.1.AGM1.M,BGD,1987,1645911,,
SAP.1.AGM1.M,BGD,1988,1677232,,
SAP.1.AGM1.M,BGD,1989,1682817,,
SAP.1.AGM1.M,BGD,1990,1701254,,
SAP.1.AGM1.M,BGD,1991,1712697,,
SAP.1.AGM1.M,BGD,1992,1710357,,
SAP.1.AGM1.M,BGD,1993,1713890,,
SAP.1.AGM1.M,BGD,1994,1704965,,
SAP.1.AGM1.M,BGD,1995,1716832,,
SAP.1.AGM1.M,BGD,1996,1711716,,
SAP.1.AGM1.M,BGD,1997,1682116,,
SAP.1.AGM1.M,BGD,1998,1667057,,
SAP.1.AGM1.M,BGD,1999,1656664,,
SAP.1.AGM1.M,BGD,2000,1679520,,
SAP.1.AGM1.M,BGD,2001,1679243,,
SAP.1.AGM1.M,BGD,2002,1698918,,
SAP.1.AGM1.M,BGD,2003,1761520,,
SAP.1.AGM1.M,BGD,2004,1794965,,
SAP.1.AGM1.M,BGD,2005,1818083,,
SAP.1.AGM1.M,BGD,2006,1840607,,
SAP.1.AGM1.M,BGD,2007,1850565,,
SAP.1.AGM1.M,BGD,2008,1844131,,
SAP.1.AGM1.M,BGD,2009,1825035,,
SAP.1.AGM1.M,BGD,2010,1804768,,
SAP.1.AGM1.M,BGD,2011,1769021,,
SAP.1.AGM1.M,BGD,2012,1740529,,
SAP.1.AGM1.M,BGD,2013,1714773,,
SAP.1.AGM1.M,BGD,2014,1677534,,
SAP.1.AGM1.M,BGD,2015,1636879,,
SAP.1.AGM1.M,BGD,2016,1586736,,
SAP.1.AGM1.M,BGD,2017,1551597,,
SAP.1.AGM1.M,BGD,2018,1573619,,
SAP.1.AGM1.M,BGD,2019,1595778,,
SAP.1.AGM1.M,BGD,2020,1601337,,
SAP.1.AGM1.M,BGD,2021,1607394,,
SAP.1.AGM1.M,BGD,2022,1609806,,
SAP.1.AGM1.M,BGD,2023,1612497,,
SAP.1.AGM1.M,BGD,2024,1624007,,
SAP.1.AGM1.M,BGD,2025,1641317,,
SAP.1.F,BGD,1970,4862458,,
SAP.1.F,BGD,1971,4978434,,
SAP.1.F,BGD,1972,5060673,,
SAP.1.F,BGD,1973,5182266,,
SAP.1.F,BGD,1974,5302992,,
SAP.1.F,BGD,1975,5416280,,
SAP.1.F,BGD,1976,5536416,,
SAP.1.F,BGD,1977,5675038,,
SAP.1.F,BGD,1978,5868675,,
SAP.1.F,BGD,1979,6071015,,
SAP.1.F,BGD,1980,6290870,,
SAP.1.F,BGD,1981,6509053,,
SAP.1.F,BGD,1982,6470091,,
SAP.1.F,BGD,1983,6676946,,
SAP.1.F,BGD,1984,6832560,,
SAP.1.F,BGD,1985,6986142,,
SAP.1.F,BGD,1986,7135142,,
SAP.1.F,BGD,1987,7289663,,
SAP.1.F,BGD,1988,7449179,,
SAP.1.F,BGD,1989,7613842,,
SAP.1.F,BGD,1990,7756669,,
SAP.1.F,BGD,1991,7884136,,
SAP.1.F,BGD,1992,7984698,,
SAP.1.F,BGD,1993,8054460,,
SAP.1.F,BGD,1994,8085119,,
SAP.1.F,BGD,1995,8104959,,
SAP.1.F,BGD,1996,8118178,,
SAP.1.F,BGD,1997,8116245,,
SAP.1.F,BGD,1998,8092693,,
SAP.1.F,BGD,1999,8060243,,
SAP.1.F,BGD,2000,8029329,,
SAP.1.F,BGD,2001,8001234,,
SAP.1.F,BGD,2002,8004292,,
SAP.1.F,BGD,2003,8041241,,
SAP.1.F,BGD,2004,8146145,,
SAP.1.F,BGD,2005,8286606,,
SAP.1.F,BGD,2006,8422941,,
SAP.1.F,BGD,2007,8576343,,
SAP.1.F,BGD,2008,8713533,,
SAP.1.F,BGD,2009,8787356,,
SAP.1.F,BGD,2010,8816915,,
SAP.1.F,BGD,2011,8806722,,
SAP.1.F,BGD,2012,8743305,,
SAP.1.F,BGD,2013,8642701,,
SAP.1.F,BGD,2014,8522291,,
SAP.1.F,BGD,2015,8383547,,
SAP.1.F,BGD,2016,8223809,,
SAP.1.F,BGD,2017,8049878,,
SAP.1.F,BGD,2018,7920778,,
SAP.1.F,BGD,2019,7803246,,
SAP.1.F,BGD,2020,7718384,,
SAP.1.F,BGD,2021,7661411,,
SAP.1.F,BGD,2022,7631023,,
SAP.1.F,BGD,2023,7587155,,
SAP.1.F,BGD,2024,7572288,,
SAP.1.F,BGD,2025,7583551,,
SAP.1.G1,BGD,1970,2128390,,
SAP.1.G1,BGD,1971,2167198,,
SAP.1.G1,BGD,1972,2195786,,
SAP.1.G1,BGD,1973,2249777,,
SAP.1.G1,BGD,1974,2291887,,
SAP.1.G1,BGD,1975,2330158,,
SAP.1.G1,BGD,1976,2387063,,
SAP.1.G1,BGD,1977,2475070,,
SAP.1.G1,BGD,1978,2647216,,
SAP.1.G1,BGD,1979,2708831,,
SAP.1.G1,BGD,1980,2786858,,
SAP.1.G1,BGD,1981,2844719,,
SAP.1.G1,BGD,1982,2822746,,
SAP.1.G1,BGD,1983,2885367,,
SAP.1.G1,BGD,1984,2947488,,
SAP.1.G1,BGD,1985,3006086,,
SAP.1.G1,BGD,1986,3078348,,
SAP.1.G1,BGD,1987,3145358,,
SAP.1.G1,BGD,1988,3209361,,
SAP.1.G1,BGD,1989,3275436,,
SAP.1.G1,BGD,1990,3286754,,
SAP.1.G1,BGD,1991,3324507,,
SAP.1.G1,BGD,1992,3341094,,
SAP.1.G1,BGD,1993,3338004,,
SAP.1.G1,BGD,1994,3340830,,
SAP.1.G1,BGD,1995,3323831,,
SAP.1.G1,BGD,1996,3351465,,
SAP.1.G1,BGD,1997,3342339,,
SAP.1.G1,BGD,1998,3286925,,
SAP.1.G1,BGD,1999,3261995,,
SAP.1.G1,BGD,2000,3244121,,
SAP.1.G1,BGD,2001,3293454,,
SAP.1.G1,BGD,2002,3296693,,
SAP.1.G1,BGD,2003,3340732,,
SAP.1.G1,BGD,2004,3461122,,
SAP.1.G1,BGD,2005,3522270,,
SAP.1.G1,BGD,2006,3567712,,
SAP.1.G1,BGD,2007,3611420,,
SAP.1.G1,BGD,2008,3629912,,
SAP.1.G1,BGD,2009,3617691,,
SAP.1.G1,BGD,2010,3582202,,
SAP.1.G1,BGD,2011,3544514,,
SAP.1.G1,BGD,2012,3475920,,
SAP.1.G1,BGD,2013,3419136,,
SAP.1.G1,BGD,2014,3367914,,
SAP.1.G1,BGD,2015,3295967,,
SAP.1.G1,BGD,2016,3216778,,
SAP.1.G1,BGD,2017,3118696,,
SAP.1.G1,BGD,2018,3095754,,
SAP.1.G1,BGD,2019,3107704,,
SAP.1.G1,BGD,2020,3124449,,
SAP.1.G1,BGD,2021,3123227,,
SAP.1.G1,BGD,2022,3126057,,
SAP.1.G1,BGD,2023,3121661,,
SAP.1.G1,BGD,2024,3132231,,
SAP.1.G1,BGD,2025,3158053,,
SAP.1.G1.F,BGD,1970,1046623,,
SAP.1.G1.F,BGD,1971,1065141,,
SAP.1.G1.F,BGD,1972,1077691,,
SAP.1.G1.F,BGD,1973,1103828,,
SAP.1.G1.F,BGD,1974,1124401,,
SAP.1.G1.F,BGD,1975,1144044,,
SAP.1.G1.F,BGD,1976,1173323,,
SAP.1.G1.F,BGD,1977,1217329,,
SAP.1.G1.F,BGD,1978,1298871,,
SAP.1.G1.F,BGD,1979,1328433,,
SAP.1.G1.F,BGD,1980,1366493,,
SAP.1.G1.F,BGD,1981,1394335,,
SAP.1.G1.F,BGD,1982,1382135,,
SAP.1.G1.F,BGD,1983,1412504,,
SAP.1.G1.F,BGD,1984,1442452,,
SAP.1.G1.F,BGD,1985,1470727,,
SAP.1.G1.F,BGD,1986,1505884,,
SAP.1.G1.F,BGD,1987,1538895,,
SAP.1.G1.F,BGD,1988,1573765,,
SAP.1.G1.F,BGD,1989,1608485,,
SAP.1.G1.F,BGD,1990,1613898,,
SAP.1.G1.F,BGD,1991,1632924,,
SAP.1.G1.F,BGD,1992,1640484,,
SAP.1.G1.F,BGD,1993,1635959,,
SAP.1.G1.F,BGD,1994,1634911,,
SAP.1.G1.F,BGD,1995,1626267,,
SAP.1.G1.F,BGD,1996,1641746,,
SAP.1.G1.F,BGD,1997,1637358,,
SAP.1.G1.F,BGD,1998,1611100,,
SAP.1.G1.F,BGD,1999,1600862,,
SAP.1.G1.F,BGD,2000,1593005,,
SAP.1.G1.F,BGD,2001,1619647,,
SAP.1.G1.F,BGD,2002,1623464,,
SAP.1.G1.F,BGD,2003,1647774,,
SAP.1.G1.F,BGD,2004,1705617,,
SAP.1.G1.F,BGD,2005,1733319,,
SAP.1.G1.F,BGD,2006,1755599,,
SAP.1.G1.F,BGD,2007,1776735,,
SAP.1.G1.F,BGD,2008,1785275,,
SAP.1.G1.F,BGD,2009,1779242,,
SAP.1.G1.F,BGD,2010,1762623,,
SAP.1.G1.F,BGD,2011,1744922,,
SAP.1.G1.F,BGD,2012,1711352,,
SAP.1.G1.F,BGD,2013,1682838,,
SAP.1.G1.F,BGD,2014,1657277,,
SAP.1.G1.F,BGD,2015,1622457,,
SAP.1.G1.F,BGD,2016,1583810,,
SAP.1.G1.F,BGD,2017,1535739,,
SAP.1.G1.F,BGD,2018,1511938,,
SAP.1.G1.F,BGD,2019,1507364,,
SAP.1.G1.F,BGD,2020,1510583,,
SAP.1.G1.F,BGD,2021,1509150,,
SAP.1.G1.F,BGD,2022,1511970,,
SAP.1.G1.F,BGD,2023,1514442,,
SAP.1.G1.F,BGD,2024,1522293,,
SAP.1.G1.F,BGD,2025,1536921,,
SAP.1.G1.M,BGD,1970,1081767,,
SAP.1.G1.M,BGD,1971,1102057,,
SAP.1.G1.M,BGD,1972,1118095,,
SAP.1.G1.M,BGD,1973,1145949,,
SAP.1.G1.M,BGD,1974,1167486,,
SAP.1.G1.M,BGD,1975,1186114,,
SAP.1.G1.M,BGD,1976,1213740,,
SAP.1.G1.M,BGD,1977,1257741,,
SAP.1.G1.M,BGD,1978,1348345,,
SAP.1.G1.M,BGD,1979,1380398,,
SAP.1.G1.M,BGD,1980,1420365,,
SAP.1.G1.M,BGD,1981,1450384,,
SAP.1.G1.M,BGD,1982,1440611,,
SAP.1.G1.M,BGD,1983,1472863,,
SAP.1.G1.M,BGD,1984,1505036,,
SAP.1.G1.M,BGD,1985,1535359,,
SAP.1.G1.M,BGD,1986,1572464,,
SAP.1.G1.M,BGD,1987,1606463,,
SAP.1.G1.M,BGD,1988,1635596,,
SAP.1.G1.M,BGD,1989,1666951,,
SAP.1.G1.M,BGD,1990,1672856,,
SAP.1.G1.M,BGD,1991,1691583,,
SAP.1.G1.M,BGD,1992,1700610,,
SAP.1.G1.M,BGD,1993,1702045,,
SAP.1.G1.M,BGD,1994,1705919,,
SAP.1.G1.M,BGD,1995,1697564,,
SAP.1.G1.M,BGD,1996,1709719,,
SAP.1.G1.M,BGD,1997,1704981,,
SAP.1.G1.M,BGD,1998,1675825,,
SAP.1.G1.M,BGD,1999,1661133,,
SAP.1.G1.M,BGD,2000,1651116,,
SAP.1.G1.M,BGD,2001,1673807,,
SAP.1.G1.M,BGD,2002,1673229,,
SAP.1.G1.M,BGD,2003,1692958,,
SAP.1.G1.M,BGD,2004,1755505,,
SAP.1.G1.M,BGD,2005,1788951,,
SAP.1.G1.M,BGD,2006,1812113,,
SAP.1.G1.M,BGD,2007,1834685,,
SAP.1.G1.M,BGD,2008,1844637,,
SAP.1.G1.M,BGD,2009,1838449,,
SAP.1.G1.M,BGD,2010,1819579,,
SAP.1.G1.M,BGD,2011,1799592,,
SAP.1.G1.M,BGD,2012,1764568,,
SAP.1.G1.M,BGD,2013,1736298,,
SAP.1.G1.M,BGD,2014,1710637,,
SAP.1.G1.M,BGD,2015,1673510,,
SAP.1.G1.M,BGD,2016,1632968,,
SAP.1.G1.M,BGD,2017,1582957,,
SAP.1.G1.M,BGD,2018,1583816,,
SAP.1.G1.M,BGD,2019,1600340,,
SAP.1.G1.M,BGD,2020,1613866,,
SAP.1.G1.M,BGD,2021,1614077,,
SAP.1.G1.M,BGD,2022,1614087,,
SAP.1.G1.M,BGD,2023,1607219,,
SAP.1.G1.M,BGD,2024,1609938,,
SAP.1.G1.M,BGD,2025,1621132,,
SAP.1.GLAST,BGD,1970,1829168,,
SAP.1.GLAST,BGD,1971,1892989,,
SAP.1.GLAST,BGD,1972,1945733,,
SAP.1.GLAST,BGD,1973,1994633,,
SAP.1.GLAST,BGD,1974,2045398,,
SAP.1.GLAST,BGD,1975,2092112,,
SAP.1.GLAST,BGD,1976,2144094,,
SAP.1.GLAST,BGD,1977,2197104,,
SAP.1.GLAST,BGD,1978,2237097,,
SAP.1.GLAST,BGD,1979,2275165,,
SAP.1.GLAST,BGD,1980,2330937,,
SAP.1.GLAST,BGD,1981,2417225,,
SAP.1.GLAST,BGD,1982,2403023,,
SAP.1.GLAST,BGD,1983,2568508,,
SAP.1.GLAST,BGD,1984,2626931,,
SAP.1.GLAST,BGD,1985,2701577,,
SAP.1.GLAST,BGD,1986,2756222,,
SAP.1.GLAST,BGD,1987,2813758,,
SAP.1.GLAST,BGD,1988,2871660,,
SAP.1.GLAST,BGD,1989,2926860,,
SAP.1.GLAST,BGD,1990,2997968,,
SAP.1.GLAST,BGD,1991,3064774,,
SAP.1.GLAST,BGD,1992,3140632,,
SAP.1.GLAST,BGD,1993,3212233,,
SAP.1.GLAST,BGD,1994,3223096,,
SAP.1.GLAST,BGD,1995,3266296,,
SAP.1.GLAST,BGD,1996,3288743,,
SAP.1.GLAST,BGD,1997,3285328,,
SAP.1.GLAST,BGD,1998,3288140,,
SAP.1.GLAST,BGD,1999,3271461,,
SAP.1.GLAST,BGD,2000,3300119,,
SAP.1.GLAST,BGD,2001,3277304,,
SAP.1.GLAST,BGD,2002,3255404,,
SAP.1.GLAST,BGD,2003,3230886,,
SAP.1.GLAST,BGD,2004,3212821,,
SAP.1.GLAST,BGD,2005,3261633,,
SAP.1.GLAST,BGD,2006,3265185,,
SAP.1.GLAST,BGD,2007,3309265,,
SAP.1.GLAST,BGD,2008,3429138,,
SAP.1.GLAST,BGD,2009,3490285,,
SAP.1.GLAST,BGD,2010,3535876,,
SAP.1.GLAST,BGD,2011,3579888,,
SAP.1.GLAST,BGD,2012,3599684,,
SAP.1.GLAST,BGD,2013,3588888,,
SAP.1.GLAST,BGD,2014,3554990,,
SAP.1.GLAST,BGD,2015,3518941,,
SAP.1.GLAST,BGD,2016,3451322,,
SAP.1.GLAST,BGD,2017,3395459,,
SAP.1.GLAST,BGD,2018,3370383,,
SAP.1.GLAST,BGD,2019,3336219,,
SAP.1.GLAST,BGD,2020,3306870,,
SAP.1.GLAST,BGD,2021,3280653,,
SAP.1.GLAST,BGD,2022,3268296,,
SAP.1.GLAST,BGD,2023,3212832,,
SAP.1.GLAST,BGD,2024,3166257,,
SAP.1.GLAST,BGD,2025,3130452,,
SAP.1.GLAST.F,BGD,1970,896069,,
SAP.1.GLAST.F,BGD,1971,926997,,
SAP.1.GLAST.F,BGD,1972,952385,,
SAP.1.GLAST.F,BGD,1973,975790,,
SAP.1.GLAST.F,BGD,1974,1000160,,
SAP.1.GLAST.F,BGD,1975,1022784,,
SAP.1.GLAST.F,BGD,1976,1048012,,
SAP.1.GLAST.F,BGD,1977,1073887,,
SAP.1.GLAST.F,BGD,1978,1093627,,
SAP.1.GLAST.F,BGD,1979,1113340,,
SAP.1.GLAST.F,BGD,1980,1142122,,
SAP.1.GLAST.F,BGD,1981,1185280,,
SAP.1.GLAST.F,BGD,1982,1177308,,
SAP.1.GLAST.F,BGD,1983,1256158,,
SAP.1.GLAST.F,BGD,1984,1284237,,
SAP.1.GLAST.F,BGD,1985,1320740,,
SAP.1.GLAST.F,BGD,1986,1347189,,
SAP.1.GLAST.F,BGD,1987,1375244,,
SAP.1.GLAST.F,BGD,1988,1403309,,
SAP.1.GLAST.F,BGD,1989,1430096,,
SAP.1.GLAST.F,BGD,1990,1464853,,
SAP.1.GLAST.F,BGD,1991,1497892,,
SAP.1.GLAST.F,BGD,1992,1538713,,
SAP.1.GLAST.F,BGD,1993,1576239,,
SAP.1.GLAST.F,BGD,1994,1581452,,
SAP.1.GLAST.F,BGD,1995,1603200,,
SAP.1.GLAST.F,BGD,1996,1613767,,
SAP.1.GLAST.F,BGD,1997,1609135,,
SAP.1.GLAST.F,BGD,1998,1608142,,
SAP.1.GLAST.F,BGD,1999,1599726,,
SAP.1.GLAST.F,BGD,2000,1615783,,
SAP.1.GLAST.F,BGD,2001,1604648,,
SAP.1.GLAST.F,BGD,2002,1595327,,
SAP.1.GLAST.F,BGD,2003,1585398,,
SAP.1.GLAST.F,BGD,2004,1577546,,
SAP.1.GLAST.F,BGD,2005,1603991,,
SAP.1.GLAST.F,BGD,2006,1608040,,
SAP.1.GLAST.F,BGD,2007,1632421,,
SAP.1.GLAST.F,BGD,2008,1690047,,
SAP.1.GLAST.F,BGD,2009,1717736,,
SAP.1.GLAST.F,BGD,2010,1739995,,
SAP.1.GLAST.F,BGD,2011,1761121,,
SAP.1.GLAST.F,BGD,2012,1770095,,
SAP.1.GLAST.F,BGD,2013,1764548,,
SAP.1.GLAST.F,BGD,2014,1748538,,
SAP.1.GLAST.F,BGD,2015,1731549,,
SAP.1.GLAST.F,BGD,2016,1698466,,
SAP.1.GLAST.F,BGD,2017,1670502,,
SAP.1.GLAST.F,BGD,2018,1656374,,
SAP.1.GLAST.F,BGD,2019,1629320,,
SAP.1.GLAST.F,BGD,2020,1599379,,
SAP.1.GLAST.F,BGD,2021,1570684,,
SAP.1.GLAST.F,BGD,2022,1553046,,
SAP.1.GLAST.F,BGD,2023,1532080,,
SAP.1.GLAST.F,BGD,2024,1518165,,
SAP.1.GLAST.F,BGD,2025,1508591,,
SAP.1.GLAST.M,BGD,1970,933099,,
SAP.1.GLAST.M,BGD,1971,965992,,
SAP.1.GLAST.M,BGD,1972,993348,,
SAP.1.GLAST.M,BGD,1973,1018843,,
SAP.1.GLAST.M,BGD,1974,1045238,,
SAP.1.GLAST.M,BGD,1975,1069328,,
SAP.1.GLAST.M,BGD,1976,1096082,,
SAP.1.GLAST.M,BGD,1977,1123217,,
SAP.1.GLAST.M,BGD,1978,1143470,,
SAP.1.GLAST.M,BGD,1979,1161825,,
SAP.1.GLAST.M,BGD,1980,1188815,,
SAP.1.GLAST.M,BGD,1981,1231945,,
SAP.1.GLAST.M,BGD,1982,1225715,,
SAP.1.GLAST.M,BGD,1983,1312350,,
SAP.1.GLAST.M,BGD,1984,1342694,,
SAP.1.GLAST.M,BGD,1985,1380837,,
SAP.1.GLAST.M,BGD,1986,1409033,,
SAP.1.GLAST.M,BGD,1987,1438514,,
SAP.1.GLAST.M,BGD,1988,1468351,,
SAP.1.GLAST.M,BGD,1989,1496764,,
SAP.1.GLAST.M,BGD,1990,1533115,,
SAP.1.GLAST.M,BGD,1991,1566882,,
SAP.1.GLAST.M,BGD,1992,1601919,,
SAP.1.GLAST.M,BGD,1993,1635994,,
SAP.1.GLAST.M,BGD,1994,1641644,,
SAP.1.GLAST.M,BGD,1995,1663096,,
SAP.1.GLAST.M,BGD,1996,1674976,,
SAP.1.GLAST.M,BGD,1997,1676193,,
SAP.1.GLAST.M,BGD,1998,1679998,,
SAP.1.GLAST.M,BGD,1999,1671735,,
SAP.1.GLAST.M,BGD,2000,1684336,,
SAP.1.GLAST.M,BGD,2001,1672656,,
SAP.1.GLAST.M,BGD,2002,1660077,,
SAP.1.GLAST.M,BGD,2003,1645488,,
SAP.1.GLAST.M,BGD,2004,1635275,,
SAP.1.GLAST.M,BGD,2005,1657642,,
SAP.1.GLAST.M,BGD,2006,1657145,,
SAP.1.GLAST.M,BGD,2007,1676844,,
SAP.1.GLAST.M,BGD,2008,1739091,,
SAP.1.GLAST.M,BGD,2009,1772549,,
SAP.1.GLAST.M,BGD,2010,1795881,,
SAP.1.GLAST.M,BGD,2011,1818767,,
SAP.1.GLAST.M,BGD,2012,1829589,,
SAP.1.GLAST.M,BGD,2013,1824340,,
SAP.1.GLAST.M,BGD,2014,1806452,,
SAP.1.GLAST.M,BGD,2015,1787392,,
SAP.1.GLAST.M,BGD,2016,1752856,,
SAP.1.GLAST.M,BGD,2017,1724957,,
SAP.1.GLAST.M,BGD,2018,1714009,,
SAP.1.GLAST.M,BGD,2019,1706899,,
SAP.1.GLAST.M,BGD,2020,1707491,,
SAP.1.GLAST.M,BGD,2021,1709969,,
SAP.1.GLAST.M,BGD,2022,1715250,,
SAP.1.GLAST.M,BGD,2023,1680752,,
SAP.1.GLAST.M,BGD,2024,1648092,,
SAP.1.GLAST.M,BGD,2025,1621861,,
SAP.1.M,BGD,1970,5046454,,
SAP.1.M,BGD,1971,5172052,,
SAP.1.M,BGD,1972,5267542,,
SAP.1.M,BGD,1973,5398514,,
SAP.1.M,BGD,1974,5527089,,
SAP.1.M,BGD,1975,5644720,,
SAP.1.M,BGD,1976,5765517,,
SAP.1.M,BGD,1977,5902997,,
SAP.1.M,BGD,1978,6103180,,
SAP.1.M,BGD,1979,6314048,,
SAP.1.M,BGD,1980,6545681,,
SAP.1.M,BGD,1981,6779538,,
SAP.1.M,BGD,1982,6748572,,
SAP.1.M,BGD,1983,6971309,,
SAP.1.M,BGD,1984,7136791,,
SAP.1.M,BGD,1985,7299539,,
SAP.1.M,BGD,1986,7457556,,
SAP.1.M,BGD,1987,7619849,,
SAP.1.M,BGD,1988,7779607,,
SAP.1.M,BGD,1989,7939140,,
SAP.1.M,BGD,1990,8075566,,
SAP.1.M,BGD,1991,8194639,,
SAP.1.M,BGD,1992,8287938,,
SAP.1.M,BGD,1993,8361701,,
SAP.1.M,BGD,1994,8404669,,
SAP.1.M,BGD,1995,8436613,,
SAP.1.M,BGD,1996,8458802,,
SAP.1.M,BGD,1997,8464062,,
SAP.1.M,BGD,1998,8438801,,
SAP.1.M,BGD,1999,8395172,,
SAP.1.M,BGD,2000,8350539,,
SAP.1.M,BGD,2001,8307933,,
SAP.1.M,BGD,2002,8292460,,
SAP.1.M,BGD,2003,8309343,,
SAP.1.M,BGD,2004,8403361,,
SAP.1.M,BGD,2005,8540878,,
SAP.1.M,BGD,2006,8679115,,
SAP.1.M,BGD,2007,8840375,,
SAP.1.M,BGD,2008,8991621,,
SAP.1.M,BGD,2009,9074976,,
SAP.1.M,BGD,2010,9106468,,
SAP.1.M,BGD,2011,9095348,,
SAP.1.M,BGD,2012,9028300,,
SAP.1.M,BGD,2013,8922806,,
SAP.1.M,BGD,2014,8797236,,
SAP.1.M,BGD,2015,8652788,,
SAP.1.M,BGD,2016,8487231,,
SAP.1.M,BGD,2017,8306612,,
SAP.1.M,BGD,2018,8254338,,
SAP.1.M,BGD,2019,8250588,,
SAP.1.M,BGD,2020,8275419,,
SAP.1.M,BGD,2021,8292876,,
SAP.1.M,BGD,2022,8289233,,
SAP.1.M,BGD,2023,8174449,,
SAP.1.M,BGD,2024,8097183,,
SAP.1.M,BGD,2025,8061052,,
SAP.2,BGD,1970,8051457,,
SAP.2,BGD,1971,8350651,,
SAP.2,BGD,1972,8647627,,
SAP.2,BGD,1973,8977497,,
SAP.2,BGD,1974,9301825,,
SAP.2,BGD,1975,9602966,,
SAP.2,BGD,1976,9756537,,
SAP.2,BGD,1977,9908417,,
SAP.2,BGD,1978,10069200,,
SAP.2,BGD,1979,10243113,,
SAP.2,BGD,1980,10429120,,
SAP.2,BGD,1981,10648778,,
SAP.2,BGD,1982,10563668,,
SAP.2,BGD,1983,10916373,,
SAP.2,BGD,1984,11340174,,
SAP.2,BGD,1985,11744738,,
SAP.2,BGD,1986,12152786,,
SAP.2,BGD,1987,12535339,,
SAP.2,BGD,1988,12876491,,
SAP.2,BGD,1989,13118670,,
SAP.2,BGD,1990,13372880,,
SAP.2,BGD,1991,13643311,,
SAP.2,BGD,1992,14021670,,
SAP.2,BGD,1993,14448906,,
SAP.2,BGD,1994,14859299,,
SAP.2,BGD,1995,15230550,,
SAP.2,BGD,1996,15536176,,
SAP.2,BGD,1997,15763736,,
SAP.2,BGD,1998,9684457,,
SAP.2,BGD,1999,9698445,,
SAP.2,BGD,2000,9678414,,
SAP.2,BGD,2001,9635335,,
SAP.2,BGD,2002,9710239,,
SAP.2,BGD,2003,9757127,,
SAP.2,BGD,2004,9726119,,
SAP.2,BGD,2005,9660988,,
SAP.2,BGD,2006,9666567,,
SAP.2,BGD,2007,9700204,,
SAP.2,BGD,2008,9795714,,
SAP.2,BGD,2009,9962809,,
SAP.2,BGD,2010,10187699,,
SAP.2,BGD,2011,10414516,,
SAP.2,BGD,2012,10568185,,
SAP.2,BGD,2013,10679415,,
SAP.2,BGD,2014,10733069,,
SAP.2,BGD,2015,10708378,,
SAP.2,BGD,2016,10628199,,
SAP.2,BGD,2017,10491647,,
SAP.2,BGD,2018,10361063,,
SAP.2,BGD,2019,10277890,,
SAP.2,BGD,2020,10220512,,
SAP.2,BGD,2021,10165561,,
SAP.2,BGD,2022,10114634,,
SAP.2,BGD,2023,9954603,,
SAP.2,BGD,2024,9788216,,
SAP.2,BGD,2025,9628528,,
SAP.2.F,BGD,1970,3940952,,
SAP.2.F,BGD,1971,4085636,,
SAP.2.F,BGD,1972,4233568,,
SAP.2.F,BGD,1973,4392382,,
SAP.2.F,BGD,1974,4549103,,
SAP.2.F,BGD,1975,4694402,,
SAP.2.F,BGD,1976,4766159,,
SAP.2.F,BGD,1977,4835949,,
SAP.2.F,BGD,1978,4910016,,
SAP.2.F,BGD,1979,4991334,,
SAP.2.F,BGD,1980,5081021,,
SAP.2.F,BGD,1981,5190523,,
SAP.2.F,BGD,1982,5149029,,
SAP.2.F,BGD,1983,5329345,,
SAP.2.F,BGD,1984,5544193,,
SAP.2.F,BGD,1985,5749507,,
SAP.2.F,BGD,1986,5954837,,
SAP.2.F,BGD,1987,6144623,,
SAP.2.F,BGD,1988,6310921,,
SAP.2.F,BGD,1989,6430297,,
SAP.2.F,BGD,1990,6555212,,
SAP.2.F,BGD,1991,6687321,,
SAP.2.F,BGD,1992,6867941,,
SAP.2.F,BGD,1993,7081718,,
SAP.2.F,BGD,1994,7290912,,
SAP.2.F,BGD,1995,7478258,,
SAP.2.F,BGD,1996,7635324,,
SAP.2.F,BGD,1997,7754054,,
SAP.2.F,BGD,1998,4755907,,
SAP.2.F,BGD,1999,4757430,,
SAP.2.F,BGD,2000,4742250,,
SAP.2.F,BGD,2001,4723769,,
SAP.2.F,BGD,2002,4757337,,
SAP.2.F,BGD,2003,4781335,,
SAP.2.F,BGD,2004,4769018,,
SAP.2.F,BGD,2005,4741729,,
SAP.2.F,BGD,2006,4750172,,
SAP.2.F,BGD,2007,4772538,,
SAP.2.F,BGD,2008,4826931,,
SAP.2.F,BGD,2009,4912686,,
SAP.2.F,BGD,2010,5022079,,
SAP.2.F,BGD,2011,5129462,,
SAP.2.F,BGD,2012,5201450,,
SAP.2.F,BGD,2013,5254312,,
SAP.2.F,BGD,2014,5278955,,
SAP.2.F,BGD,2015,5266402,,
SAP.2.F,BGD,2016,5228190,,
SAP.2.F,BGD,2017,5162754,,
SAP.2.F,BGD,2018,5125916,,
SAP.2.F,BGD,2019,5079552,,
SAP.2.F,BGD,2020,5016510,,
SAP.2.F,BGD,2021,4933482,,
SAP.2.F,BGD,2022,4844694,,
SAP.2.F,BGD,2023,4742322,,
SAP.2.F,BGD,2024,4658787,,
SAP.2.F,BGD,2025,4595077,,
SAP.2.G1,BGD,1970,1748402,,
SAP.2.G1,BGD,1971,1815704,,
SAP.2.G1,BGD,1972,1876945,,
SAP.2.G1,BGD,1973,1940178,,
SAP.2.G1,BGD,1974,1989785,,
SAP.2.G1,BGD,1975,2039615,,
SAP.2.G1,BGD,1976,2066821,,
SAP.2.G1,BGD,1977,2116995,,
SAP.2.G1,BGD,1978,2168221,,
SAP.2.G1,BGD,1979,2206734,,
SAP.2.G1,BGD,1980,2243755,,
SAP.2.G1,BGD,1981,2299043,,
SAP.2.G1,BGD,1982,2283498,,
SAP.2.G1,BGD,1983,2382292,,
SAP.2.G1,BGD,1984,2542722,,
SAP.2.G1,BGD,1985,2596389,,
SAP.2.G1,BGD,1986,2666049,,
SAP.2.G1,BGD,1987,2716272,,
SAP.2.G1,BGD,1988,2769910,,
SAP.2.G1,BGD,1989,2824700,,
SAP.2.G1,BGD,1990,2878624,,
SAP.2.G1,BGD,1991,2949954,,
SAP.2.G1,BGD,1992,3031817,,
SAP.2.G1,BGD,1993,3116667,,
SAP.2.G1,BGD,1994,3186231,,
SAP.2.G1,BGD,1995,3202279,,
SAP.2.G1,BGD,1996,3243541,,
SAP.2.G1,BGD,1997,3264243,,
SAP.2.G1,BGD,1998,3259425,,
SAP.2.G1,BGD,1999,3261291,,
SAP.2.G1,BGD,2000,3244850,,
SAP.2.G1,BGD,2001,3255684,,
SAP.2.G1,BGD,2002,3271755,,
SAP.2.G1,BGD,2003,3249814,,
SAP.2.G1,BGD,2004,3225261,,
SAP.2.G1,BGD,2005,3207137,,
SAP.2.G1,BGD,2006,3255852,,
SAP.2.G1,BGD,2007,3259355,,
SAP.2.G1,BGD,2008,3303260,,
SAP.2.G1,BGD,2009,3423129,,
SAP.2.G1,BGD,2010,3484279,,
SAP.2.G1,BGD,2011,3529960,,
SAP.2.G1,BGD,2012,3574627,,
SAP.2.G1,BGD,2013,3594518,,
SAP.2.G1,BGD,2014,3583749,,
SAP.2.G1,BGD,2015,3549975,,
SAP.2.G1,BGD,2016,3514101,,
SAP.2.G1,BGD,2017,3446723,,
SAP.2.G1,BGD,2018,3411759,,
SAP.2.G1,BGD,2019,3391595,,
SAP.2.G1,BGD,2020,3363446,,
SAP.2.G1,BGD,2021,3340217,,
SAP.2.G1,BGD,2022,3322378,,
SAP.2.G1,BGD,2023,3265833,,
SAP.2.G1,BGD,2024,3210518,,
SAP.2.G1,BGD,2025,3162723,,
SAP.2.G1.F,BGD,1970,856175,,
SAP.2.G1.F,BGD,1971,888808,,
SAP.2.G1.F,BGD,1972,918815,,
SAP.2.G1.F,BGD,1973,949189,,
SAP.2.G1.F,BGD,1974,972971,,
SAP.2.G1.F,BGD,1975,996903,,
SAP.2.G1.F,BGD,1976,1008375,,
SAP.2.G1.F,BGD,1977,1032597,,
SAP.2.G1.F,BGD,1978,1057480,,
SAP.2.G1.F,BGD,1979,1076401,,
SAP.2.G1.F,BGD,1980,1095539,,
SAP.2.G1.F,BGD,1981,1124071,,
SAP.2.G1.F,BGD,1982,1115774,,
SAP.2.G1.F,BGD,1983,1167115,,
SAP.2.G1.F,BGD,1984,1243556,,
SAP.2.G1.F,BGD,1985,1269374,,
SAP.2.G1.F,BGD,1986,1303490,,
SAP.2.G1.F,BGD,1987,1327847,,
SAP.2.G1.F,BGD,1988,1354044,,
SAP.2.G1.F,BGD,1989,1380624,,
SAP.2.G1.F,BGD,1990,1406807,,
SAP.2.G1.F,BGD,1991,1441680,,
SAP.2.G1.F,BGD,1992,1481881,,
SAP.2.G1.F,BGD,1993,1527450,,
SAP.2.G1.F,BGD,1994,1564021,,
SAP.2.G1.F,BGD,1995,1571668,,
SAP.2.G1.F,BGD,1996,1592513,,
SAP.2.G1.F,BGD,1997,1602274,,
SAP.2.G1.F,BGD,1998,1597003,,
SAP.2.G1.F,BGD,1999,1595589,,
SAP.2.G1.F,BGD,2000,1587305,,
SAP.2.G1.F,BGD,2001,1595035,,
SAP.2.G1.F,BGD,2002,1602150,,
SAP.2.G1.F,BGD,2003,1592828,,
SAP.2.G1.F,BGD,2004,1582897,,
SAP.2.G1.F,BGD,2005,1575027,,
SAP.2.G1.F,BGD,2006,1601430,,
SAP.2.G1.F,BGD,2007,1605448,,
SAP.2.G1.F,BGD,2008,1629723,,
SAP.2.G1.F,BGD,2009,1687321,,
SAP.2.G1.F,BGD,2010,1714963,,
SAP.2.G1.F,BGD,2011,1737205,,
SAP.2.G1.F,BGD,2012,1758573,,
SAP.2.G1.F,BGD,2013,1767545,,
SAP.2.G1.F,BGD,2014,1761988,,
SAP.2.G1.F,BGD,2015,1746043,,
SAP.2.G1.F,BGD,2016,1729165,,
SAP.2.G1.F,BGD,2017,1696236,,
SAP.2.G1.F,BGD,2018,1682287,,
SAP.2.G1.F,BGD,2019,1665256,,
SAP.2.G1.F,BGD,2020,1636479,,
SAP.2.G1.F,BGD,2021,1606370,,
SAP.2.G1.F,BGD,2022,1580128,,
SAP.2.G1.F,BGD,2023,1551950,,
SAP.2.G1.F,BGD,2024,1531105,,
SAP.2.G1.F,BGD,2025,1516609,,
SAP.2.G1.M,BGD,1970,892227,,
SAP.2.G1.M,BGD,1971,926896,,
SAP.2.G1.M,BGD,1972,958130,,
SAP.2.G1.M,BGD,1973,990989,,
SAP.2.G1.M,BGD,1974,1016814,,
SAP.2.G1.M,BGD,1975,1042712,,
SAP.2.G1.M,BGD,1976,1058446,,
SAP.2.G1.M,BGD,1977,1084398,,
SAP.2.G1.M,BGD,1978,1110741,,
SAP.2.G1.M,BGD,1979,1130333,,
SAP.2.G1.M,BGD,1980,1148216,,
SAP.2.G1.M,BGD,1981,1174972,,
SAP.2.G1.M,BGD,1982,1167724,,
SAP.2.G1.M,BGD,1983,1215177,,
SAP.2.G1.M,BGD,1984,1299166,,
SAP.2.G1.M,BGD,1985,1327015,,
SAP.2.G1.M,BGD,1986,1362559,,
SAP.2.G1.M,BGD,1987,1388425,,
SAP.2.G1.M,BGD,1988,1415866,,
SAP.2.G1.M,BGD,1989,1444076,,
SAP.2.G1.M,BGD,1990,1471817,,
SAP.2.G1.M,BGD,1991,1508274,,
SAP.2.G1.M,BGD,1992,1549936,,
SAP.2.G1.M,BGD,1993,1589217,,
SAP.2.G1.M,BGD,1994,1622210,,
SAP.2.G1.M,BGD,1995,1630611,,
SAP.2.G1.M,BGD,1996,1651028,,
SAP.2.G1.M,BGD,1997,1661969,,
SAP.2.G1.M,BGD,1998,1662422,,
SAP.2.G1.M,BGD,1999,1665702,,
SAP.2.G1.M,BGD,2000,1657545,,
SAP.2.G1.M,BGD,2001,1660649,,
SAP.2.G1.M,BGD,2002,1669605,,
SAP.2.G1.M,BGD,2003,1656986,,
SAP.2.G1.M,BGD,2004,1642364,,
SAP.2.G1.M,BGD,2005,1632110,,
SAP.2.G1.M,BGD,2006,1654422,,
SAP.2.G1.M,BGD,2007,1653907,,
SAP.2.G1.M,BGD,2008,1673537,,
SAP.2.G1.M,BGD,2009,1735808,,
SAP.2.G1.M,BGD,2010,1769316,,
SAP.2.G1.M,BGD,2011,1792755,,
SAP.2.G1.M,BGD,2012,1816054,,
SAP.2.G1.M,BGD,2013,1826973,,
SAP.2.G1.M,BGD,2014,1821761,,
SAP.2.G1.M,BGD,2015,1803932,,
SAP.2.G1.M,BGD,2016,1784936,,
SAP.2.G1.M,BGD,2017,1750487,,
SAP.2.G1.M,BGD,2018,1729472,,
SAP.2.G1.M,BGD,2019,1726339,,
SAP.2.G1.M,BGD,2020,1726967,,
SAP.2.G1.M,BGD,2021,1733847,,
SAP.2.G1.M,BGD,2022,1742250,,
SAP.2.G1.M,BGD,2023,1713883,,
SAP.2.G1.M,BGD,2024,1679413,,
SAP.2.G1.M,BGD,2025,1646114,,
SAP.2.M,BGD,1970,4110505,,
SAP.2.M,BGD,1971,4265015,,
SAP.2.M,BGD,1972,4414059,,
SAP.2.M,BGD,1973,4585115,,
SAP.2.M,BGD,1974,4752722,,
SAP.2.M,BGD,1975,4908564,,
SAP.2.M,BGD,1976,4990378,,
SAP.2.M,BGD,1977,5072468,,
SAP.2.M,BGD,1978,5159184,,
SAP.2.M,BGD,1979,5251779,,
SAP.2.M,BGD,1980,5348099,,
SAP.2.M,BGD,1981,5458255,,
SAP.2.M,BGD,1982,5414639,,
SAP.2.M,BGD,1983,5587028,,
SAP.2.M,BGD,1984,5795981,,
SAP.2.M,BGD,1985,5995231,,
SAP.2.M,BGD,1986,6197949,,
SAP.2.M,BGD,1987,6390716,,
SAP.2.M,BGD,1988,6565570,,
SAP.2.M,BGD,1989,6688373,,
SAP.2.M,BGD,1990,6817668,,
SAP.2.M,BGD,1991,6955990,,
SAP.2.M,BGD,1992,7153729,,
SAP.2.M,BGD,1993,7367188,,
SAP.2.M,BGD,1994,7568387,,
SAP.2.M,BGD,1995,7752292,,
SAP.2.M,BGD,1996,7900852,,
SAP.2.M,BGD,1997,8009682,,
SAP.2.M,BGD,1998,4928550,,
SAP.2.M,BGD,1999,4941015,,
SAP.2.M,BGD,2000,4936164,,
SAP.2.M,BGD,2001,4911566,,
SAP.2.M,BGD,2002,4952902,,
SAP.2.M,BGD,2003,4975792,,
SAP.2.M,BGD,2004,4957101,,
SAP.2.M,BGD,2005,4919259,,
SAP.2.M,BGD,2006,4916395,,
SAP.2.M,BGD,2007,4927666,,
SAP.2.M,BGD,2008,4968783,,
SAP.2.M,BGD,2009,5050123,,
SAP.2.M,BGD,2010,5165620,,
SAP.2.M,BGD,2011,5285054,,
SAP.2.M,BGD,2012,5366735,,
SAP.2.M,BGD,2013,5425103,,
SAP.2.M,BGD,2014,5454114,,
SAP.2.M,BGD,2015,5441976,,
SAP.2.M,BGD,2016,5400009,,
SAP.2.M,BGD,2017,5328893,,
SAP.2.M,BGD,2018,5235147,,
SAP.2.M,BGD,2019,5198338,,
SAP.2.M,BGD,2020,5204002,,
SAP.2.M,BGD,2021,5232079,,
SAP.2.M,BGD,2022,5269940,,
SAP.2.M,BGD,2023,5212281,,
SAP.2.M,BGD,2024,5129429,,
SAP.2.M,BGD,2025,5033451,,
SAP.2T3,BGD,1970,10815442,,
SAP.2T3,BGD,1971,11225245,,
SAP.2T3,BGD,1972,11622530,,
SAP.2T3,BGD,1973,12069335,,
SAP.2T3,BGD,1974,12518936,,
SAP.2T3,BGD,1975,12943067,,
SAP.2T3,BGD,1976,13187199,,
SAP.2T3,BGD,1977,13422948,,
SAP.2T3,BGD,1978,13651912,,
SAP.2T3,BGD,1979,13870119,,
SAP.2T3,BGD,1980,14088208,,
SAP.2T3,BGD,1981,14343849,,
SAP.2T3,BGD,1982,14226956,,
SAP.2T3,BGD,1983,14683532,,
SAP.2T3,BGD,1984,15233669,,
SAP.2T3,BGD,1985,15748384,,
SAP.2T3,BGD,1986,16243778,,
SAP.2T3,BGD,1987,16717626,,
SAP.2T3,BGD,1988,17184136,,
SAP.2T3,BGD,1989,17637792,,
SAP.2T3,BGD,1990,18064916,,
SAP.2T3,BGD,1991,18427856,,
SAP.2T3,BGD,1992,18931652,,
SAP.2T3,BGD,1993,19494218,,
SAP.2T3,BGD,1994,20051604,,
SAP.2T3,BGD,1995,20583732,,
SAP.2T3,BGD,1996,21066184,,
SAP.2T3,BGD,1997,21479080,,
SAP.2T3,BGD,1998,21782984,,
SAP.2T3,BGD,1999,21994402,,
SAP.2T3,BGD,2000,22107972,,
SAP.2T3,BGD,2001,22060518,,
SAP.2T3,BGD,2002,22217528,,
SAP.2T3,BGD,2003,22314050,,
SAP.2T3,BGD,2004,22360420,,
SAP.2T3,BGD,2005,22381016,,
SAP.2T3,BGD,2006,22430380,,
SAP.2T3,BGD,2007,22478246,,
SAP.2T3,BGD,2008,22517888,,
SAP.2T3,BGD,2009,22663758,,
SAP.2T3,BGD,2010,22895642,,
SAP.2T3,BGD,2011,23201216,,
SAP.2T3,BGD,2012,23585676,,
SAP.2T3,BGD,2013,23936956,,
SAP.2T3,BGD,2014,24266622,,
SAP.2T3,BGD,2015,24514212,,
SAP.2T3,BGD,2016,24604472,,
SAP.2T3,BGD,2017,24566160,,
SAP.2T3,BGD,2018,24313556,,
SAP.2T3,BGD,2019,24126728,,
SAP.2T3,BGD,2020,24016472,,
SAP.2T3,BGD,2021,23976286,,
SAP.2T3,BGD,2022,23971828,,
SAP.2T3,BGD,2023,23735054,,
SAP.2T3,BGD,2024,23433260,,
SAP.2T3,BGD,2025,23114760,,
SAP.2T3.F,BGD,1970,5292285,,
SAP.2T3.F,BGD,1971,5490450,,
SAP.2T3.F,BGD,1972,5693685,,
SAP.2T3.F,BGD,1973,5906688,,
SAP.2T3.F,BGD,1974,6122640,,
SAP.2T3.F,BGD,1975,6326741,,
SAP.2T3.F,BGD,1976,6446875,,
SAP.2T3.F,BGD,1977,6560892,,
SAP.2T3.F,BGD,1978,6669867,,
SAP.2T3.F,BGD,1979,6772766,,
SAP.2T3.F,BGD,1980,6876618,,
SAP.2T3.F,BGD,1981,7000900,,
SAP.2T3.F,BGD,1982,6945955,,
SAP.2T3.F,BGD,1983,7172190,,
SAP.2T3.F,BGD,1984,7447692,,
SAP.2T3.F,BGD,1985,7708453,,
SAP.2T3.F,BGD,1986,7961412,,
SAP.2T3.F,BGD,1987,8204001,,
SAP.2T3.F,BGD,1988,8440910,,
SAP.2T3.F,BGD,1989,8667753,,
SAP.2T3.F,BGD,1990,8877223,,
SAP.2T3.F,BGD,1991,9055797,,
SAP.2T3.F,BGD,1992,9294647,,
SAP.2T3.F,BGD,1993,9574349,,
SAP.2T3.F,BGD,1994,9855917,,
SAP.2T3.F,BGD,1995,10120360,,
SAP.2T3.F,BGD,1996,10363733,,
SAP.2T3.F,BGD,1997,10574565,,
SAP.2T3.F,BGD,1998,10730017,,
SAP.2T3.F,BGD,1999,10837564,,
SAP.2T3.F,BGD,2000,10892258,,
SAP.2T3.F,BGD,2001,10882549,,
SAP.2T3.F,BGD,2002,10939816,,
SAP.2T3.F,BGD,2003,10971546,,
SAP.2T3.F,BGD,2004,10984658,,
SAP.2T3.F,BGD,2005,10992376,,
SAP.2T3.F,BGD,2006,11021955,,
SAP.2T3.F,BGD,2007,11055604,,
SAP.2T3.F,BGD,2008,11087429,,
SAP.2T3.F,BGD,2009,11170535,,
SAP.2T3.F,BGD,2010,11291459,,
SAP.2T3.F,BGD,2011,11445611,,
SAP.2T3.F,BGD,2012,11634802,,
SAP.2T3.F,BGD,2013,11804920,,
SAP.2T3.F,BGD,2014,11962777,,
SAP.2T3.F,BGD,2015,12078932,,
SAP.2T3.F,BGD,2016,12120305,,
SAP.2T3.F,BGD,2017,12101361,,
SAP.2T3.F,BGD,2018,12103654,,
SAP.2T3.F,BGD,2019,12073863,,
SAP.2T3.F,BGD,2020,12011988,,
SAP.2T3.F,BGD,2021,11919122,,
SAP.2T3.F,BGD,2022,11792684,,
SAP.2T3.F,BGD,2023,11551848,,
SAP.2T3.F,BGD,2024,11311821,,
SAP.2T3.F,BGD,2025,11096186,,
SAP.2T3.M,BGD,1970,5523157,,
SAP.2T3.M,BGD,1971,5734795,,
SAP.2T3.M,BGD,1972,5928845,,
SAP.2T3.M,BGD,1973,6162647,,
SAP.2T3.M,BGD,1974,6396296,,
SAP.2T3.M,BGD,1975,6616326,,
SAP.2T3.M,BGD,1976,6740324,,
SAP.2T3.M,BGD,1977,6862056,,
SAP.2T3.M,BGD,1978,6982045,,
SAP.2T3.M,BGD,1979,7097353,,
SAP.2T3.M,BGD,1980,7211590,,
SAP.2T3.M,BGD,1981,7342949,,
SAP.2T3.M,BGD,1982,7281001,,
SAP.2T3.M,BGD,1983,7511342,,
SAP.2T3.M,BGD,1984,7785977,,
SAP.2T3.M,BGD,1985,8039931,,
SAP.2T3.M,BGD,1986,8282366,,
SAP.2T3.M,BGD,1987,8513625,,
SAP.2T3.M,BGD,1988,8743227,,
SAP.2T3.M,BGD,1989,8970040,,
SAP.2T3.M,BGD,1990,9187693,,
SAP.2T3.M,BGD,1991,9372059,,
SAP.2T3.M,BGD,1992,9637005,,
SAP.2T3.M,BGD,1993,9919869,,
SAP.2T3.M,BGD,1994,10195686,,
SAP.2T3.M,BGD,1995,10463371,,
SAP.2T3.M,BGD,1996,10702451,,
SAP.2T3.M,BGD,1997,10904515,,
SAP.2T3.M,BGD,1998,11052967,,
SAP.2T3.M,BGD,1999,11156838,,
SAP.2T3.M,BGD,2000,11215715,,
SAP.2T3.M,BGD,2001,11177969,,
SAP.2T3.M,BGD,2002,11277713,,
SAP.2T3.M,BGD,2003,11342504,,
SAP.2T3.M,BGD,2004,11375762,,
SAP.2T3.M,BGD,2005,11388640,,
SAP.2T3.M,BGD,2006,11408426,,
SAP.2T3.M,BGD,2007,11422642,,
SAP.2T3.M,BGD,2008,11430460,,
SAP.2T3.M,BGD,2009,11493223,,
SAP.2T3.M,BGD,2010,11604183,,
SAP.2T3.M,BGD,2011,11755604,,
SAP.2T3.M,BGD,2012,11950874,,
SAP.2T3.M,BGD,2013,12132036,,
SAP.2T3.M,BGD,2014,12303845,,
SAP.2T3.M,BGD,2015,12435280,,
SAP.2T3.M,BGD,2016,12484168,,
SAP.2T3.M,BGD,2017,12464800,,
SAP.2T3.M,BGD,2018,12209902,,
SAP.2T3.M,BGD,2019,12052866,,
SAP.2T3.M,BGD,2020,12004484,,
SAP.2T3.M,BGD,2021,12057164,,
SAP.2T3.M,BGD,2022,12179144,,
SAP.2T3.M,BGD,2023,12183206,,
SAP.2T3.M,BGD,2024,12121440,,
SAP.2T3.M,BGD,2025,12018575,,
SAP.3,BGD,1970,2763985,,
SAP.3,BGD,1971,2874594,,
SAP.3,BGD,1972,2974903,,
SAP.3,BGD,1973,3091838,,
SAP.3,BGD,1974,3217111,,
SAP.3,BGD,1975,3340101,,
SAP.3,BGD,1976,3430662,,
SAP.3,BGD,1977,3514531,,
SAP.3,BGD,1978,3582712,,
SAP.3,BGD,1979,3627006,,
SAP.3,BGD,1980,3659088,,
SAP.3,BGD,1981,3695071,,
SAP.3,BGD,1982,3663288,,
SAP.3,BGD,1983,3767159,,
SAP.3,BGD,1984,3893495,,
SAP.3,BGD,1985,4003646,,
SAP.3,BGD,1986,4090992,,
SAP.3,BGD,1987,4182287,,
SAP.3,BGD,1988,4307646,,
SAP.3,BGD,1989,4519123,,
SAP.3,BGD,1990,4692036,,
SAP.3,BGD,1991,4784545,,
SAP.3,BGD,1992,4909982,,
SAP.3,BGD,1993,5045312,,
SAP.3,BGD,1994,5192304,,
SAP.3,BGD,1995,5353181,,
SAP.3,BGD,1996,5530008,,
SAP.3,BGD,1997,5715344,,
SAP.3,BGD,1998,12098527,,
SAP.3,BGD,1999,12295957,,
SAP.3,BGD,2000,12429559,,
SAP.3,BGD,2001,12425183,,
SAP.3,BGD,2002,12507290,,
SAP.3,BGD,2003,12556923,,
SAP.3,BGD,2004,12634301,,
SAP.3,BGD,2005,12720028,,
SAP.3,BGD,2006,12763814,,
SAP.3,BGD,2007,12778042,,
SAP.3,BGD,2008,12722175,,
SAP.3,BGD,2009,12700949,,
SAP.3,BGD,2010,12707943,,
SAP.3,BGD,2011,12786699,,
SAP.3,BGD,2012,13017491,,
SAP.3,BGD,2013,13257541,,
SAP.3,BGD,2014,13533553,,
SAP.3,BGD,2015,13805834,,
SAP.3,BGD,2016,13976274,,
SAP.3,BGD,2017,14074514,,
SAP.3,BGD,2018,13952493,,
SAP.3,BGD,2019,13848839,,
SAP.3,BGD,2020,13795960,,
SAP.3,BGD,2021,13810725,,
SAP.3,BGD,2022,13857194,,
SAP.3,BGD,2023,13780451,,
SAP.3,BGD,2024,13645045,,
SAP.3,BGD,2025,13486233,,
SAP.3.F,BGD,1970,1351333,,
SAP.3.F,BGD,1971,1404814,,
SAP.3.F,BGD,1972,1460117,,
SAP.3.F,BGD,1973,1514306,,
SAP.3.F,BGD,1974,1573537,,
SAP.3.F,BGD,1975,1632339,,
SAP.3.F,BGD,1976,1680716,,
SAP.3.F,BGD,1977,1724943,,
SAP.3.F,BGD,1978,1759851,,
SAP.3.F,BGD,1979,1781432,,
SAP.3.F,BGD,1980,1795597,,
SAP.3.F,BGD,1981,1810377,,
SAP.3.F,BGD,1982,1796926,,
SAP.3.F,BGD,1983,1842845,,
SAP.3.F,BGD,1984,1903499,,
SAP.3.F,BGD,1985,1958946,,
SAP.3.F,BGD,1986,2006575,,
SAP.3.F,BGD,1987,2059378,,
SAP.3.F,BGD,1988,2129989,,
SAP.3.F,BGD,1989,2237456,,
SAP.3.F,BGD,1990,2322011,,
SAP.3.F,BGD,1991,2368476,,
SAP.3.F,BGD,1992,2426706,,
SAP.3.F,BGD,1993,2492631,,
SAP.3.F,BGD,1994,2565005,,
SAP.3.F,BGD,1995,2642102,,
SAP.3.F,BGD,1996,2728409,,
SAP.3.F,BGD,1997,2820511,,
SAP.3.F,BGD,1998,5974110,,
SAP.3.F,BGD,1999,6080134,,
SAP.3.F,BGD,2000,6150008,,
SAP.3.F,BGD,2001,6158780,,
SAP.3.F,BGD,2002,6182479,,
SAP.3.F,BGD,2003,6190211,,
SAP.3.F,BGD,2004,6215640,,
SAP.3.F,BGD,2005,6250647,,
SAP.3.F,BGD,2006,6271783,,
SAP.3.F,BGD,2007,6283066,,
SAP.3.F,BGD,2008,6260498,,
SAP.3.F,BGD,2009,6257849,,
SAP.3.F,BGD,2010,6269380,,
SAP.3.F,BGD,2011,6316149,,
SAP.3.F,BGD,2012,6433352,,
SAP.3.F,BGD,2013,6550608,,
SAP.3.F,BGD,2014,6683822,,
SAP.3.F,BGD,2015,6812530,,
SAP.3.F,BGD,2016,6892115,,
SAP.3.F,BGD,2017,6938607,,
SAP.3.F,BGD,2018,6977738,,
SAP.3.F,BGD,2019,6994311,,
SAP.3.F,BGD,2020,6995478,,
SAP.3.F,BGD,2021,6985640,,
SAP.3.F,BGD,2022,6947990,,
SAP.3.F,BGD,2023,6809526,,
SAP.3.F,BGD,2024,6653034,,
SAP.3.F,BGD,2025,6501109,,
SAP.3.M,BGD,1970,1412652,,
SAP.3.M,BGD,1971,1469780,,
SAP.3.M,BGD,1972,1514786,,
SAP.3.M,BGD,1973,1577532,,
SAP.3.M,BGD,1974,1643574,,
SAP.3.M,BGD,1975,1707762,,
SAP.3.M,BGD,1976,1749946,,
SAP.3.M,BGD,1977,1789588,,
SAP.3.M,BGD,1978,1822861,,
SAP.3.M,BGD,1979,1845574,,
SAP.3.M,BGD,1980,1863491,,
SAP.3.M,BGD,1981,1884694,,
SAP.3.M,BGD,1982,1866362,,
SAP.3.M,BGD,1983,1924314,,
SAP.3.M,BGD,1984,1989996,,
SAP.3.M,BGD,1985,2044700,,
SAP.3.M,BGD,1986,2084417,,
SAP.3.M,BGD,1987,2122909,,
SAP.3.M,BGD,1988,2177657,,
SAP.3.M,BGD,1989,2281667,,
SAP.3.M,BGD,1990,2370025,,
SAP.3.M,BGD,1991,2416069,,
SAP.3.M,BGD,1992,2483276,,
SAP.3.M,BGD,1993,2552681,,
SAP.3.M,BGD,1994,2627299,,
SAP.3.M,BGD,1995,2711079,,
SAP.3.M,BGD,1996,2801599,,
SAP.3.M,BGD,1997,2894833,,
SAP.3.M,BGD,1998,6124417,,
SAP.3.M,BGD,1999,6215823,,
SAP.3.M,BGD,2000,6279551,,
SAP.3.M,BGD,2001,6266403,,
SAP.3.M,BGD,2002,6324811,,
SAP.3.M,BGD,2003,6366712,,
SAP.3.M,BGD,2004,6418661,,
SAP.3.M,BGD,2005,6469381,,
SAP.3.M,BGD,2006,6492031,,
SAP.3.M,BGD,2007,6494976,,
SAP.3.M,BGD,2008,6461677,,
SAP.3.M,BGD,2009,6443100,,
SAP.3.M,BGD,2010,6438563,,
SAP.3.M,BGD,2011,6470550,,
SAP.3.M,BGD,2012,6584139,,
SAP.3.M,BGD,2013,6706933,,
SAP.3.M,BGD,2014,6849731,,
SAP.3.M,BGD,2015,6993304,,
SAP.3.M,BGD,2016,7084159,,
SAP.3.M,BGD,2017,7135907,,
SAP.3.M,BGD,2018,6974755,,
SAP.3.M,BGD,2019,6854528,,
SAP.3.M,BGD,2020,6800482,,
SAP.3.M,BGD,2021,6825085,,
SAP.3.M,BGD,2022,6909204,,
SAP.3.M,BGD,2023,6970925,,
SAP.3.M,BGD,2024,6992011,,
SAP.3.M,BGD,2025,6985124,,
SAP.4,BGD,1998,8674603,,
SAP.4,BGD,1999,8913951,,
SAP.4,BGD,2000,9075147,,
SAP.4,BGD,2001,9154317,,
SAP.4,BGD,2002,9209326,,
SAP.4,BGD,2003,9266689,,
SAP.4,BGD,2004,12321880,,
SAP.4,BGD,2005,12359371,,
SAP.4,BGD,2006,12425414,,
SAP.4,BGD,2007,12501369,,
SAP.4,BGD,2008,12537262,,
SAP.4,BGD,2009,12546365,,
SAP.4,BGD,2010,12490104,,
SAP.4,BGD,2011,12473288,,
SAP.4,BGD,2012,9443436,,
SAP.4,BGD,2013,6190793,,
SAP.4,BGD,2014,6251488,,
SAP.4,BGD,2015,6303638,,
SAP.4,BGD,2016,6468182,,
SAP.4,BGD,2017,6647904,,
SAP.4,BGD,2018,6697904,,
SAP.4,BGD,2019,6689766,,
SAP.4,BGD,2020,6662794,,
SAP.4,BGD,2021,6656853,,
SAP.4,BGD,2022,6705902,,
SAP.4,BGD,2023,6797278,,
SAP.4,BGD,2024,6843253,,
SAP.4,BGD,2025,6851896,,
SAP.4.F,BGD,1998,4292413,,
SAP.4.F,BGD,1999,4418940,,
SAP.4.F,BGD,2000,4506155,,
SAP.4.F,BGD,2001,4560620,,
SAP.4.F,BGD,2002,4580190,,
SAP.4.F,BGD,2003,4597730,,
SAP.4.F,BGD,2004,6110846,,
SAP.4.F,BGD,2005,6114518,,
SAP.4.F,BGD,2006,6136156,,
SAP.4.F,BGD,2007,6167894,,
SAP.4.F,BGD,2008,6186340,,
SAP.4.F,BGD,2009,6195903,,
SAP.4.F,BGD,2010,6173305,,
SAP.4.F,BGD,2011,6172234,,
SAP.4.F,BGD,2012,4672282,,
SAP.4.F,BGD,2013,3071249,,
SAP.4.F,BGD,2014,3104482,,
SAP.4.F,BGD,2015,3134214,,
SAP.4.F,BGD,2016,3215983,,
SAP.4.F,BGD,2017,3300371,,
SAP.4.F,BGD,2018,3381765,,
SAP.4.F,BGD,2019,3435283,,
SAP.4.F,BGD,2020,3469330,,
SAP.4.F,BGD,2021,3495309,,
SAP.4.F,BGD,2022,3525297,,
SAP.4.F,BGD,2023,3521146,,
SAP.4.F,BGD,2024,3492986,,
SAP.4.F,BGD,2025,3443463,,
SAP.4.M,BGD,1998,4382190,,
SAP.4.M,BGD,1999,4495011,,
SAP.4.M,BGD,2000,4568992,,
SAP.4.M,BGD,2001,4593697,,
SAP.4.M,BGD,2002,4629136,,
SAP.4.M,BGD,2003,4668959,,
SAP.4.M,BGD,2004,6211034,,
SAP.4.M,BGD,2005,6244853,,
SAP.4.M,BGD,2006,6289258,,
SAP.4.M,BGD,2007,6333475,,
SAP.4.M,BGD,2008,6350922,,
SAP.4.M,BGD,2009,6350462,,
SAP.4.M,BGD,2010,6316799,,
SAP.4.M,BGD,2011,6301054,,
SAP.4.M,BGD,2012,4771154,,
SAP.4.M,BGD,2013,3119544,,
SAP.4.M,BGD,2014,3147006,,
SAP.4.M,BGD,2015,3169424,,
SAP.4.M,BGD,2016,3252199,,
SAP.4.M,BGD,2017,3347533,,
SAP.4.M,BGD,2018,3316139,,
SAP.4.M,BGD,2019,3254483,,
SAP.4.M,BGD,2020,3193464,,
SAP.4.M,BGD,2021,3161544,,
SAP.4.M,BGD,2022,3180605,,
SAP.4.M,BGD,2023,3276132,,
SAP.4.M,BGD,2024,3350267,,
SAP.4.M,BGD,2025,3408433,,
SAP.5T8,BGD,1970,5882010,,
SAP.5T8,BGD,1971,6107853,,
SAP.5T8,BGD,1972,6336457,,
SAP.5T8,BGD,1973,6578493,,
SAP.5T8,BGD,1974,6862641,,
SAP.5T8,BGD,1975,7127232,,
SAP.5T8,BGD,1976,7372903,,
SAP.5T8,BGD,1977,7599588,,
SAP.5T8,BGD,1978,7813202,,
SAP.5T8,BGD,1979,8012006,,
SAP.5T8,BGD,1980,8191149,,
SAP.5T8,BGD,1981,8345742,,
SAP.5T8,BGD,1982,8296898,,
SAP.5T8,BGD,1983,8489311,,
SAP.5T8,BGD,1984,8666414,,
SAP.5T8,BGD,1985,8853933,,
SAP.5T8,BGD,1986,9056304,,
SAP.5T8,BGD,1987,9270093,,
SAP.5T8,BGD,1988,9485494,,
SAP.5T8,BGD,1989,9714648,,
SAP.5T8,BGD,1990,9961217,,
SAP.5T8,BGD,1991,10291424,,
SAP.5T8,BGD,1992,10645977,,
SAP.5T8,BGD,1993,11065093,,
SAP.5T8,BGD,1994,11488516,,
SAP.5T8,BGD,1995,11903867,,
SAP.5T8,BGD,1996,12247340,,
SAP.5T8,BGD,1997,12616484,,
SAP.5T8,BGD,1998,13004134,,
SAP.5T8,BGD,1999,13415839,,
SAP.5T8,BGD,2000,13837555,,
SAP.5T8,BGD,2001,14233220,,
SAP.5T8,BGD,2002,14459041,,
SAP.5T8,BGD,2003,14643536,,
SAP.5T8,BGD,2004,14781576,,
SAP.5T8,BGD,2005,14859398,,
SAP.5T8,BGD,2006,14901082,,
SAP.5T8,BGD,2007,14947056,,
SAP.5T8,BGD,2008,15013169,,
SAP.5T8,BGD,2009,15077054,,
SAP.5T8,BGD,2010,15122972,,
SAP.5T8,BGD,2011,15138609,,
SAP.5T8,BGD,2012,15178405,,
SAP.5T8,BGD,2013,15216662,,
SAP.5T8,BGD,2014,15233427,,
SAP.5T8,BGD,2015,15306608,,
SAP.5T8,BGD,2016,15514796,,
SAP.5T8,BGD,2017,15795504,,
SAP.5T8,BGD,2018,16094414,,
SAP.5T8,BGD,2019,16268552,,
SAP.5T8,BGD,2020,16294257,,
SAP.5T8,BGD,2021,16233591,,
SAP.5T8,BGD,2022,16222689,,
SAP.5T8,BGD,2023,16433572,,
SAP.5T8,BGD,2024,16635192,,
SAP.5T8,BGD,2025,16798724,,
SAP.5T8.F,BGD,1970,2863087,,
SAP.5T8.F,BGD,1971,2974629,,
SAP.5T8.F,BGD,1972,3127743,,
SAP.5T8.F,BGD,1973,3237375,,
SAP.5T8.F,BGD,1974,3368638,,
SAP.5T8.F,BGD,1975,3489981,,
SAP.5T8.F,BGD,1976,3619537,,
SAP.5T8.F,BGD,1977,3741957,,
SAP.5T8.F,BGD,1978,3859475,,
SAP.5T8.F,BGD,1979,3969973,,
SAP.5T8.F,BGD,1980,4069419,,
SAP.5T8.F,BGD,1981,4153773,,
SAP.5T8.F,BGD,1982,4134855,,
SAP.5T8.F,BGD,1983,4222060,,
SAP.5T8.F,BGD,1984,4300101,,
SAP.5T8.F,BGD,1985,4384658,,
SAP.5T8.F,BGD,1986,4479796,,
SAP.5T8.F,BGD,1987,4585780,,
SAP.5T8.F,BGD,1988,4699335,,
SAP.5T8.F,BGD,1989,4826936,,
SAP.5T8.F,BGD,1990,4967204,,
SAP.5T8.F,BGD,1991,5145511,,
SAP.5T8.F,BGD,1992,5323338,,
SAP.5T8.F,BGD,1993,5537551,,
SAP.5T8.F,BGD,1994,5750796,,
SAP.5T8.F,BGD,1995,5950341,,
SAP.5T8.F,BGD,1996,6117426,,
SAP.5T8.F,BGD,1997,6298777,,
SAP.5T8.F,BGD,1998,6490903,,
SAP.5T8.F,BGD,1999,6696994,,
SAP.5T8.F,BGD,2000,6912090,,
SAP.5T8.F,BGD,2001,7135602,,
SAP.5T8.F,BGD,2002,7251603,,
SAP.5T8.F,BGD,2003,7345840,,
SAP.5T8.F,BGD,2004,7414462,,
SAP.5T8.F,BGD,2005,7445532,,
SAP.5T8.F,BGD,2006,7453518,,
SAP.5T8.F,BGD,2007,7463450,,
SAP.5T8.F,BGD,2008,7485317,,
SAP.5T8.F,BGD,2009,7508139,,
SAP.5T8.F,BGD,2010,7528063,,
SAP.5T8.F,BGD,2011,7538383,,
SAP.5T8.F,BGD,2012,7557434,,
SAP.5T8.F,BGD,2013,7577478,,
SAP.5T8.F,BGD,2014,7591133,,
SAP.5T8.F,BGD,2015,7634810,,
SAP.5T8.F,BGD,2016,7742396,,
SAP.5T8.F,BGD,2017,7882882,,
SAP.5T8.F,BGD,2018,8161589,,
SAP.5T8.F,BGD,2019,8390675,,
SAP.5T8.F,BGD,2020,8542190,,
SAP.5T8.F,BGD,2021,8628734,,
SAP.5T8.F,BGD,2022,8698753,,
SAP.5T8.F,BGD,2023,8711786,,
SAP.5T8.F,BGD,2024,8701812,,
SAP.5T8.F,BGD,2025,8655086,,
SAP.5T8.M,BGD,1970,3018923,,
SAP.5T8.M,BGD,1971,3133224,,
SAP.5T8.M,BGD,1972,3208714,,
SAP.5T8.M,BGD,1973,3341118,,
SAP.5T8.M,BGD,1974,3494003,,
SAP.5T8.M,BGD,1975,3637251,,
SAP.5T8.M,BGD,1976,3753366,,
SAP.5T8.M,BGD,1977,3857631,,
SAP.5T8.M,BGD,1978,3953727,,
SAP.5T8.M,BGD,1979,4042033,,
SAP.5T8.M,BGD,1980,4121730,,
SAP.5T8.M,BGD,1981,4191969,,
SAP.5T8.M,BGD,1982,4162043,,
SAP.5T8.M,BGD,1983,4267251,,
SAP.5T8.M,BGD,1984,4366313,,
SAP.5T8.M,BGD,1985,4469275,,
SAP.5T8.M,BGD,1986,4576508,,
SAP.5T8.M,BGD,1987,4684313,,
SAP.5T8.M,BGD,1988,4786159,,
SAP.5T8.M,BGD,1989,4887712,,
SAP.5T8.M,BGD,1990,4994013,,
SAP.5T8.M,BGD,1991,5145913,,
SAP.5T8.M,BGD,1992,5322639,,
SAP.5T8.M,BGD,1993,5527542,,
SAP.5T8.M,BGD,1994,5737720,,
SAP.5T8.M,BGD,1995,5953526,,
SAP.5T8.M,BGD,1996,6129914,,
SAP.5T8.M,BGD,1997,6317707,,
SAP.5T8.M,BGD,1998,6513231,,
SAP.5T8.M,BGD,1999,6718845,,
SAP.5T8.M,BGD,2000,6925465,,
SAP.5T8.M,BGD,2001,7097618,,
SAP.5T8.M,BGD,2002,7207438,,
SAP.5T8.M,BGD,2003,7297696,,
SAP.5T8.M,BGD,2004,7367114,,
SAP.5T8.M,BGD,2005,7413866,,
SAP.5T8.M,BGD,2006,7447564,,
SAP.5T8.M,BGD,2007,7483606,,
SAP.5T8.M,BGD,2008,7527852,,
SAP.5T8.M,BGD,2009,7568915,,
SAP.5T8.M,BGD,2010,7594909,,
SAP.5T8.M,BGD,2011,7600226,,
SAP.5T8.M,BGD,2012,7620971,,
SAP.5T8.M,BGD,2013,7639184,,
SAP.5T8.M,BGD,2014,7642294,,
SAP.5T8.M,BGD,2015,7671798,,
SAP.5T8.M,BGD,2016,7772400,,
SAP.5T8.M,BGD,2017,7912622,,
SAP.5T8.M,BGD,2018,7932825,,
SAP.5T8.M,BGD,2019,7877877,,
SAP.5T8.M,BGD,2020,7752067,,
SAP.5T8.M,BGD,2021,7604857,,
SAP.5T8.M,BGD,2022,7523936,,
SAP.5T8.M,BGD,2023,7721786,,
SAP.5T8.M,BGD,2024,7933380,,
SAP.5T8.M,BGD,2025,8143638,,
SAP.CE,BGD,1998,16531494,,
SAP.CE,BGD,1999,16455415,,
SAP.CE,BGD,2000,16379868,,
SAP.CE,BGD,2001,16309167,,
SAP.CE,BGD,2002,16296752,,
SAP.CE,BGD,2003,16350584,,
SAP.CE,BGD,2004,16549506,,
SAP.CE,BGD,2005,16827484,,
SAP.CE,BGD,2006,17102056,,
SAP.CE,BGD,2007,17416718,,
SAP.CE,BGD,2008,17705154,,
SAP.CE,BGD,2009,17862332,,
SAP.CE,BGD,2010,17923384,,
SAP.CE,BGD,2011,17902070,,
SAP.CE,BGD,2012,17771604,,
SAP.CE,BGD,2013,17565508,,
SAP.CE,BGD,2014,17319528,,
SAP.CE,BGD,2015,17036336,,
SAP.CE,BGD,2016,16711040,,
SAP.CE,BGD,2017,16356490,,
SAP.CE,BGD,2018,16175116,,
SAP.CE,BGD,2019,16053834,,
SAP.CE,BGD,2020,15993803,,
SAP.CE,BGD,2021,15954287,,
SAP.CE,BGD,2022,15920256,,
SAP.CE,BGD,2023,15761604,,
SAP.CE,BGD,2024,15669471,,
SAP.CE,BGD,2025,15644603,,
SAP.CE.F,BGD,1998,8092693,,
SAP.CE.F,BGD,1999,8060243,,
SAP.CE.F,BGD,2000,8029329,,
SAP.CE.F,BGD,2001,8001234,,
SAP.CE.F,BGD,2002,8004292,,
SAP.CE.F,BGD,2003,8041241,,
SAP.CE.F,BGD,2004,8146145,,
SAP.CE.F,BGD,2005,8286606,,
SAP.CE.F,BGD,2006,8422941,,
SAP.CE.F,BGD,2007,8576343,,
SAP.CE.F,BGD,2008,8713533,,
SAP.CE.F,BGD,2009,8787356,,
SAP.CE.F,BGD,2010,8816915,,
SAP.CE.F,BGD,2011,8806722,,
SAP.CE.F,BGD,2012,8743305,,
SAP.CE.F,BGD,2013,8642701,,
SAP.CE.F,BGD,2014,8522291,,
SAP.CE.F,BGD,2015,8383547,,
SAP.CE.F,BGD,2016,8223809,,
SAP.CE.F,BGD,2017,8049878,,
SAP.CE.F,BGD,2018,7920778,,
SAP.CE.F,BGD,2019,7803246,,
SAP.CE.F,BGD,2020,7718384,,
SAP.CE.F,BGD,2021,7661411,,
SAP.CE.F,BGD,2022,7631023,,
SAP.CE.F,BGD,2023,7587155,,
SAP.CE.F,BGD,2024,7572288,,
SAP.CE.F,BGD,2025,7583551,,
SAP.CE.M,BGD,1998,8438801,,
SAP.CE.M,BGD,1999,8395172,,
SAP.CE.M,BGD,2000,8350539,,
SAP.CE.M,BGD,2001,8307933,,
SAP.CE.M,BGD,2002,8292460,,
SAP.CE.M,BGD,2003,8309343,,
SAP.CE.M,BGD,2004,8403361,,
SAP.CE.M,BGD,2005,8540878,,
SAP.CE.M,BGD,2006,8679115,,
SAP.CE.M,BGD,2007,8840375,,
SAP.CE.M,BGD,2008,8991621,,
SAP.CE.M,BGD,2009,9074976,,
SAP.CE.M,BGD,2010,9106468,,
SAP.CE.M,BGD,2011,9095348,,
SAP.CE.M,BGD,2012,9028300,,
SAP.CE.M,BGD,2013,8922806,,
SAP.CE.M,BGD,2014,8797236,,
SAP.CE.M,BGD,2015,8652788,,
SAP.CE.M,BGD,2016,8487231,,
SAP.CE.M,BGD,2017,8306612,,
SAP.CE.M,BGD,2018,8254338,,
SAP.CE.M,BGD,2019,8250588,,
SAP.CE.M,BGD,2020,8275419,,
SAP.CE.M,BGD,2021,8292876,,
SAP.CE.M,BGD,2022,8289233,,
SAP.CE.M,BGD,2023,8174449,,
SAP.CE.M,BGD,2024,8097183,,
SAP.CE.M,BGD,2025,8061052,,
SLE.02,BGD,1972,.00215999991633,,
SLE.02,BGD,1973,.0035399999469519,,
SLE.02,BGD,1988,.7027199864387512,,
SLE.02,BGD,1998,.6336100101470947,,
SLE.02,BGD,1999,.5522800087928772,,
SLE.02,BGD,2000,.5075899958610535,,
SLE.02,BGD,2001,.4840799868106842,,
SLE.02,BGD,2002,.4104799926280975,,
SLE.02,BGD,2003,.3360300064086914,,
SLE.02,BGD,2004,.3142800033092499,,
SLE.02,BGD,2005,.3034999966621399,,
SLE.02,BGD,2009,.2971299886703491,,NAT_EST
SLE.02,BGD,2010,.3474499881267548,,NAT_EST
SLE.02,BGD,2011,.6819400191307068,,UIS_EST
SLE.02,BGD,2013,.8941799998283386,,
SLE.02,BGD,2015,.9111999869346619,,
SLE.02,BGD,2016,1.016409993171692,,
SLE.02,BGD,2017,1.199540019035339,,UIS_EST
SLE.02,BGD,2018,1.163229942321777,,UIS_EST
SLE.02,BGD,2020,1.269530057907104,,UIS_EST
SLE.02.F,BGD,1973,.0044399998150766,,
SLE.02.F,BGD,1988,.6378300189971924,,
SLE.02.F,BGD,1998,.6537700295448303,,
SLE.02.F,BGD,1999,.5589399933815002,,
SLE.02.F,BGD,2000,.5100899934768677,,
SLE.02.F,BGD,2001,.4716599881649017,,
SLE.02.F,BGD,2002,.4085099995136261,,
SLE.02.F,BGD,2003,.3352699875831604,,
SLE.02.F,BGD,2004,.3139300048351288,,
SLE.02.F,BGD,2005,.3049300014972687,,
SLE.02.F,BGD,2009,.2970699965953827,,NAT_EST
SLE.02.F,BGD,2010,.3432799875736237,,NAT_EST
SLE.02.F,BGD,2011,.6691700220108032,,UIS_EST
SLE.02.F,BGD,2013,.8895800113677979,,
SLE.02.F,BGD,2015,.913640022277832,,
SLE.02.F,BGD,2016,1.029839992523193,,
SLE.02.F,BGD,2017,1.214589953422546,,UIS_EST
SLE.02.F,BGD,2018,1.189659953117371,,UIS_EST
SLE.02.F,BGD,2020,1.316200017929077,,UIS_EST
SLE.02.GPIA,BGD,1973,1.394670009613037,,
SLE.02.GPIA,BGD,1988,.8333200216293335,,
SLE.02.GPIA,BGD,1998,1.060639977455139,,
SLE.02.GPIA,BGD,1999,1.023450016975403,,
SLE.02.GPIA,BGD,2000,1.00967001914978,,
SLE.02.GPIA,BGD,2001,.9506199955940247,,
SLE.02.GPIA,BGD,2002,.9905800223350525,,
SLE.02.GPIA,BGD,2003,.9955999851226807,,
SLE.02.GPIA,BGD,2004,.9977800250053406,,
SLE.02.GPIA,BGD,2005,1.009240031242371,,
SLE.02.GPIA,BGD,2009,.9996100068092346,,NAT_EST
SLE.02.GPIA,BGD,2010,.976580023765564,,NAT_EST
SLE.02.GPIA,BGD,2011,.9637799859046936,,UIS_EST
SLE.02.GPIA,BGD,2013,.9898999929428101,,
SLE.02.GPIA,BGD,2015,1.005249977111816,,
SLE.02.GPIA,BGD,2016,1.025670051574707,,
SLE.02.GPIA,BGD,2017,1.024399995803833,,UIS_EST
SLE.02.GPIA,BGD,2018,1.043400049209595,,UIS_EST
SLE.02.GPIA,BGD,2020,1.068819999694824,,UIS_EST
SLE.02.M,BGD,1973,.0026799999177456,,
SLE.02.M,BGD,1988,.7654100060462952,,
SLE.02.M,BGD,1998,.6141200065612793,,
SLE.02.M,BGD,1999,.5458300113677979,,
SLE.02.M,BGD,2000,.5051599740982056,,
SLE.02.M,BGD,2001,.4961600005626678,,
SLE.02.M,BGD,2002,.4124000072479248,,
SLE.02.M,BGD,2003,.336760014295578,,
SLE.02.M,BGD,2004,.314630001783371,,
SLE.02.M,BGD,2005,.3021099865436554,,
SLE.02.M,BGD,2009,.2971799969673157,,NAT_EST
SLE.02.M,BGD,2010,.3515099883079529,,NAT_EST
SLE.02.M,BGD,2011,.694320023059845,,UIS_EST
SLE.02.M,BGD,2013,.8986499905586243,,
SLE.02.M,BGD,2015,.908840000629425,,
SLE.02.M,BGD,2016,1.003399968147278,,
SLE.02.M,BGD,2017,1.184960007667542,,UIS_EST
SLE.02.M,BGD,2018,1.138039946556091,,UIS_EST
SLE.02.M,BGD,2020,1.225620031356812,,UIS_EST
SLE.1,BGD,1970,2.660720109939575,,
SLE.1,BGD,1971,2.482640027999878,,
SLE.1,BGD,1972,3.106519937515259,,
SLE.1,BGD,1973,3.646820068359375,,
SLE.1,BGD,1974,3.576869964599609,,
SLE.1,BGD,1975,3.774450063705444,,
SLE.1,BGD,1976,3.813220024108887,,
SLE.1,BGD,1977,3.518349885940552,,
SLE.1,BGD,1978,3.373389959335327,,
SLE.1,BGD,1979,3.324660062789917,,
SLE.1,BGD,1980,3.209650039672852,,
SLE.1,BGD,1981,3.072319984436035,,
SLE.1,BGD,1982,3.177330017089844,,
SLE.1,BGD,1983,3.203289985656738,,
SLE.1,BGD,1984,3.162100076675415,,
SLE.1,BGD,1985,3.093100070953369,,
SLE.1,BGD,1986,3.096199989318848,,
SLE.1,BGD,1987,3.059859991073608,,
SLE.1,BGD,1988,3.603889942169189,,
SLE.1,BGD,1989,3.599639892578125,,
SLE.1,BGD,1990,3.747770071029663,,
SLE.1,BGD,2005,4.806550025939941,,
SLE.1,BGD,2006,4.777830123901367,,UIS_EST
SLE.1,BGD,2007,4.683119773864746,,
SLE.1,BGD,2008,4.521810054779053,,NAT_EST
SLE.1,BGD,2009,4.657479763031006,,NAT_EST
SLE.1,BGD,2010,4.761429786682129,,UIS_EST
SLE.1,BGD,2013,5.577139854431152,,UIS_EST
SLE.1,BGD,2016,5.543159961700439,,UIS_EST
SLE.1,BGD,2017,5.238550186157227,,UIS_EST
SLE.1,BGD,2018,5.318520069122314,,UIS_EST
SLE.1,BGD,2020,5.495170116424561,,UIS_EST
SLE.1.F,BGD,1970,1.729130029678345,,
SLE.1.F,BGD,1971,1.611660003662109,,
SLE.1.F,BGD,1972,2.194869995117188,,
SLE.1.F,BGD,1973,2.570590019226074,,
SLE.1.F,BGD,1974,2.415110111236572,,
SLE.1.F,BGD,1975,2.620820045471191,,
SLE.1.F,BGD,1976,2.673480033874512,,
SLE.1.F,BGD,1977,2.649610042572021,,
SLE.1.F,BGD,1978,2.544689893722534,,
SLE.1.F,BGD,1979,2.506309986114502,,
SLE.1.F,BGD,1980,2.420170068740845,,
SLE.1.F,BGD,1981,2.52891993522644,,
SLE.1.F,BGD,1982,2.640609979629517,,
SLE.1.F,BGD,1983,2.416160106658936,,
SLE.1.F,BGD,1984,2.596580028533936,,
SLE.1.F,BGD,1985,2.527859926223755,,
SLE.1.F,BGD,1986,2.52236008644104,,
SLE.1.F,BGD,1987,2.493079900741577,,
SLE.1.F,BGD,1988,3.205909967422485,,
SLE.1.F,BGD,1989,3.213320016860962,,
SLE.1.F,BGD,1990,3.418560028076172,,
SLE.1.F,BGD,2005,4.89463996887207,,
SLE.1.F,BGD,2006,4.887629985809326,,UIS_EST
SLE.1.F,BGD,2007,4.825809955596924,,
SLE.1.F,BGD,2008,4.6457200050354,,NAT_EST
SLE.1.F,BGD,2009,4.745639801025391,,NAT_EST
SLE.1.F,BGD,2010,4.883769989013672,,UIS_EST
SLE.1.F,BGD,2013,5.67218017578125,,UIS_EST
SLE.1.F,BGD,2016,5.672619819641113,,UIS_EST
SLE.1.F,BGD,2017,5.393869876861572,,UIS_EST
SLE.1.F,BGD,2018,5.497109889984131,,UIS_EST
SLE.1.F,BGD,2020,5.821010112762451,,UIS_EST
SLE.1.GPIA,BGD,1970,.4859699904918671,,
SLE.1.GPIA,BGD,1971,.485289990901947,,
SLE.1.GPIA,BGD,1972,.5511500239372253,,
SLE.1.GPIA,BGD,1973,.5492399930953979,,
SLE.1.GPIA,BGD,1974,.5147799849510193,,
SLE.1.GPIA,BGD,1975,.5368999838829041,,
SLE.1.GPIA,BGD,1976,.5446599721908569,,
SLE.1.GPIA,BGD,1977,.6085100173950195,,
SLE.1.GPIA,BGD,1978,.6100999712944031,,
SLE.1.GPIA,BGD,1979,.6095799803733826,,
SLE.1.GPIA,BGD,1980,.6098600029945374,,
SLE.1.GPIA,BGD,1981,.7036100029945374,,
SLE.1.GPIA,BGD,1982,.7152500152587891,,
SLE.1.GPIA,BGD,1983,.610539972782135,,
SLE.1.GPIA,BGD,1984,.7010700106620789,,
SLE.1.GPIA,BGD,1985,.695580005645752,,
SLE.1.GPIA,BGD,1986,.6919400095939636,,
SLE.1.GPIA,BGD,1987,.692080020904541,,
SLE.1.GPIA,BGD,1988,.8044899702072144,,
SLE.1.GPIA,BGD,1989,.8093299865722656,,
SLE.1.GPIA,BGD,1990,.841159999370575,,
SLE.1.GPIA,BGD,2005,1.035449981689453,,
SLE.1.GPIA,BGD,2006,1.044289946556091,,UIS_EST
SLE.1.GPIA,BGD,2007,1.058249950408936,,
SLE.1.GPIA,BGD,2008,1.052559971809387,,NAT_EST
SLE.1.GPIA,BGD,2009,1.036520004272461,,NAT_EST
SLE.1.GPIA,BGD,2010,1.049260020256042,,UIS_EST
SLE.1.GPIA,BGD,2013,1.032969951629639,,UIS_EST
SLE.1.GPIA,BGD,2016,1.044919967651367,,UIS_EST
SLE.1.GPIA,BGD,2017,1.056699991226196,,UIS_EST
SLE.1.GPIA,BGD,2018,1.064090013504028,,UIS_EST
SLE.1.GPIA,BGD,2020,1.10820996761322,,UIS_EST
SLE.1.M,BGD,1970,3.558109998703003,,
SLE.1.M,BGD,1971,3.321010112762451,,
SLE.1.M,BGD,1972,3.982359886169434,,
SLE.1.M,BGD,1973,4.680220127105713,,
SLE.1.M,BGD,1974,4.691530227661133,,
SLE.1.M,BGD,1975,4.88139009475708,,
SLE.1.M,BGD,1976,4.908559799194336,,
SLE.1.M,BGD,1977,4.354229927062988,,
SLE.1.M,BGD,1978,4.170959949493408,,
SLE.1.M,BGD,1979,4.111519813537598,,
SLE.1.M,BGD,1980,3.968400001525879,,
SLE.1.M,BGD,1981,3.594189882278442,,
SLE.1.M,BGD,1982,3.691890001296997,,
SLE.1.M,BGD,1983,3.957390069961548,,
SLE.1.M,BGD,1984,3.703739881515503,,
SLE.1.M,BGD,1985,3.634180068969727,,
SLE.1.M,BGD,1986,3.645359992980957,,
SLE.1.M,BGD,1987,3.602319955825806,,
SLE.1.M,BGD,1988,3.98501992225647,,
SLE.1.M,BGD,1989,3.970329999923706,,
SLE.1.M,BGD,1990,4.064109802246094,,
SLE.1.M,BGD,2005,4.721139907836914,,
SLE.1.M,BGD,2006,4.671170234680176,,UIS_EST
SLE.1.M,BGD,2007,4.544690132141113,,
SLE.1.M,BGD,2008,4.40153980255127,,NAT_EST
SLE.1.M,BGD,2009,4.572309970855713,,NAT_EST
SLE.1.M,BGD,2010,4.643209934234619,,UIS_EST
SLE.1.M,BGD,2013,5.485179901123047,,UIS_EST
SLE.1.M,BGD,2016,5.417779922485352,,UIS_EST
SLE.1.M,BGD,2017,5.088019847869873,,UIS_EST
SLE.1.M,BGD,2018,5.144820213317871,,UIS_EST
SLE.1.M,BGD,2020,5.1911301612854,,UIS_EST
SLE.1T2,BGD,2005,6.740149974822998,,
SLE.1T2,BGD,2006,6.691949844360352,,UIS_EST
SLE.1T2,BGD,2007,6.625219821929932,,
SLE.1T2,BGD,2008,6.298970222473145,,NAT_EST
SLE.1T2,BGD,2009,6.53007984161377,,NAT_EST
SLE.1T2,BGD,2010,6.634910106658936,,UIS_EST
SLE.1T2,BGD,2013,7.694640159606934,,UIS_EST
SLE.1T2,BGD,2016,7.919139862060547,,UIS_EST
SLE.1T2,BGD,2017,7.64769983291626,,UIS_EST
SLE.1T2,BGD,2018,7.782159805297852,,UIS_EST
SLE.1T2,BGD,2020,7.874939918518066,,UIS_EST
SLE.1T2.F,BGD,2005,6.940919876098633,,
SLE.1T2.F,BGD,2006,6.912010192871094,,UIS_EST
SLE.1T2.F,BGD,2007,6.873700141906738,,
SLE.1T2.F,BGD,2008,6.588230133056641,,NAT_EST
SLE.1T2.F,BGD,2009,6.764029979705811,,NAT_EST
SLE.1T2.F,BGD,2010,6.944829940795898,,UIS_EST
SLE.1T2.F,BGD,2013,7.941239833831787,,UIS_EST
SLE.1T2.F,BGD,2016,8.31680965423584,,UIS_EST
SLE.1T2.F,BGD,2017,8.087499618530273,,UIS_EST
SLE.1T2.F,BGD,2018,8.243539810180664,,UIS_EST
SLE.1T2.F,BGD,2020,8.50547981262207,,UIS_EST
SLE.1T2.GPIA,BGD,2005,1.056879997253418,,
SLE.1T2.GPIA,BGD,2006,1.062690019607544,,UIS_EST
SLE.1T2.GPIA,BGD,2007,1.071200013160706,,
SLE.1T2.GPIA,BGD,2008,1.08653998374939,,NAT_EST
SLE.1T2.GPIA,BGD,2009,1.068140029907227,,NAT_EST
SLE.1T2.GPIA,BGD,2010,1.087890028953552,,UIS_EST
SLE.1T2.GPIA,BGD,2013,1.061130046844482,,UIS_EST
SLE.1T2.GPIA,BGD,2016,1.094120025634766,,UIS_EST
SLE.1T2.GPIA,BGD,2017,1.107069969177246,,UIS_EST
SLE.1T2.GPIA,BGD,2018,1.110610008239746,,UIS_EST
SLE.1T2.GPIA,BGD,2020,1.144400000572205,,UIS_EST
SLE.1T2.M,BGD,2005,6.54610013961792,,
SLE.1T2.M,BGD,2006,6.478720188140869,,UIS_EST
SLE.1T2.M,BGD,2007,6.384280204772949,,
SLE.1T2.M,BGD,2008,6.018070220947266,,NAT_EST
SLE.1T2.M,BGD,2009,6.303150177001953,,NAT_EST
SLE.1T2.M,BGD,2010,6.334440231323242,,UIS_EST
SLE.1T2.M,BGD,2013,7.455790042877197,,UIS_EST
SLE.1T2.M,BGD,2016,7.534039974212646,,UIS_EST
SLE.1T2.M,BGD,2017,7.221570014953613,,UIS_EST
SLE.1T2.M,BGD,2018,7.331729888916016,,UIS_EST
SLE.1T2.M,BGD,2020,7.277279853820801,,UIS_EST
SLE.1T3,BGD,1973,4.960750102996826,,
SLE.1T3,BGD,1976,4.9546799659729,,
SLE.1T3,BGD,1977,4.685019969940186,,
SLE.1T3,BGD,1979,4.510630130767822,,
SLE.1T3,BGD,1980,4.530930042266846,,
SLE.1T3,BGD,1981,4.256229877471924,,
SLE.1T3,BGD,1983,4.625710010528564,,
SLE.1T3,BGD,1984,4.591760158538818,,
SLE.1T3,BGD,1985,4.482230186462402,,
SLE.1T3,BGD,1986,4.447810173034668,,
SLE.1T3,BGD,1987,4.442989826202393,,
SLE.1T3,BGD,1988,4.964489936828613,,
SLE.1T3,BGD,1989,4.951600074768066,,
SLE.1T3,BGD,1990,5.140029907226563,,
SLE.1T3,BGD,2005,7.95035982131958,,
SLE.1T3,BGD,2006,7.963190078735352,,UIS_EST
SLE.1T3,BGD,2007,7.922450065612793,,
SLE.1T3,BGD,2008,7.626399993896484,,UIS_EST
SLE.1T3,BGD,2009,8.000399589538574,,NAT_EST
SLE.1T3,BGD,2010,8.179180145263672,,UIS_EST
SLE.1T3,BGD,2013,9.426609992980957,,UIS_EST
SLE.1T3,BGD,2016,10.03077030181885,,UIS_EST
SLE.1T3,BGD,2017,9.608400344848633,,UIS_EST
SLE.1T3,BGD,2018,9.904219627380371,,UIS_EST
SLE.1T3,BGD,2020,10.15695953369141,,UIS_EST
SLE.1T3.F,BGD,1973,3.243930101394653,,
SLE.1T3.F,BGD,1976,3.25233006477356,,
SLE.1T3.F,BGD,1977,3.147510051727295,,
SLE.1T3.F,BGD,1979,2.994060039520264,,
SLE.1T3.F,BGD,1980,3.068170070648193,,
SLE.1T3.F,BGD,1981,2.979209899902344,,
SLE.1T3.F,BGD,1984,3.432559967041016,,
SLE.1T3.F,BGD,1985,3.322770118713379,,
SLE.1T3.F,BGD,1986,3.380340099334717,,
SLE.1T3.F,BGD,1987,3.350100040435791,,
SLE.1T3.F,BGD,1988,4.078159809112549,,
SLE.1T3.F,BGD,1989,4.100369930267334,,
SLE.1T3.F,BGD,1990,4.349380016326904,,
SLE.1T3.F,BGD,2005,8.130029678344727,,
SLE.1T3.F,BGD,2006,8.152250289916992,,UIS_EST
SLE.1T3.F,BGD,2007,8.138330459594727,,
SLE.1T3.F,BGD,2008,7.921460151672363,,UIS_EST
SLE.1T3.F,BGD,2009,8.195050239562988,,NAT_EST
SLE.1T3.F,BGD,2010,8.47389030456543,,UIS_EST
SLE.1T3.F,BGD,2013,9.64326000213623,,UIS_EST
SLE.1T3.F,BGD,2016,10.34980964660645,,UIS_EST
SLE.1T3.F,BGD,2017,10.07950973510742,,UIS_EST
SLE.1T3.F,BGD,2018,10.35054969787598,,UIS_EST
SLE.1T3.F,BGD,2020,10.82975959777832,,UIS_EST
SLE.1T3.GPIA,BGD,1973,.4909000098705292,,
SLE.1T3.GPIA,BGD,1976,.4911099970340729,,
SLE.1T3.GPIA,BGD,1977,.510919988155365,,
SLE.1T3.GPIA,BGD,1979,.5020400285720825,,
SLE.1T3.GPIA,BGD,1980,.5172500014305115,,
SLE.1T3.GPIA,BGD,1981,.5438500046730042,,
SLE.1T3.GPIA,BGD,1984,.6020699739456177,,
SLE.1T3.GPIA,BGD,1985,.5940899848937988,,
SLE.1T3.GPIA,BGD,1986,.6178100109100342,,
SLE.1T3.GPIA,BGD,1987,.6127399802207947,,
SLE.1T3.GPIA,BGD,1988,.7010700106620789,,
SLE.1T3.GPIA,BGD,1989,.7104499936103821,,
SLE.1T3.GPIA,BGD,1990,.7369099855422974,,
SLE.1T3.GPIA,BGD,2005,1.04341995716095,,
SLE.1T3.GPIA,BGD,2006,1.045639991760254,,UIS_EST
SLE.1T3.GPIA,BGD,2007,1.052240014076233,,
SLE.1T3.GPIA,BGD,2008,1.073390007019043,,UIS_EST
SLE.1T3.GPIA,BGD,2009,1.046779990196228,,NAT_EST
SLE.1T3.GPIA,BGD,2010,1.068490028381348,,UIS_EST
SLE.1T3.GPIA,BGD,2013,1.044190049171448,,UIS_EST
SLE.1T3.GPIA,BGD,2016,1.06060004234314,,UIS_EST
SLE.1T3.GPIA,BGD,2017,1.092010021209717,,UIS_EST
SLE.1T3.GPIA,BGD,2018,1.085070013999939,,UIS_EST
SLE.1T3.GPIA,BGD,2020,1.120890021324158,,UIS_EST
SLE.1T3.M,BGD,1973,6.608139991760254,,
SLE.1T3.M,BGD,1976,6.622439861297607,,
SLE.1T3.M,BGD,1977,6.160439968109131,,
SLE.1T3.M,BGD,1979,5.963769912719727,,
SLE.1T3.M,BGD,1980,5.931680202484131,,
SLE.1T3.M,BGD,1981,5.477970123291016,,
SLE.1T3.M,BGD,1984,5.701280117034912,,
SLE.1T3.M,BGD,1985,5.593039989471436,,
SLE.1T3.M,BGD,1986,5.471459865570068,,
SLE.1T3.M,BGD,1987,5.467450141906738,,
SLE.1T3.M,BGD,1988,5.817090034484863,,
SLE.1T3.M,BGD,1989,5.771530151367188,,
SLE.1T3.M,BGD,1990,5.902210235595703,,
SLE.1T3.M,BGD,2005,7.77701997756958,,
SLE.1T3.M,BGD,2006,7.78016996383667,,UIS_EST
SLE.1T3.M,BGD,2007,7.713200092315674,,
SLE.1T3.M,BGD,2008,7.3401198387146,,UIS_EST
SLE.1T3.M,BGD,2009,7.811709880828857,,NAT_EST
SLE.1T3.M,BGD,2010,7.89355993270874,,UIS_EST
SLE.1T3.M,BGD,2013,9.217160224914551,,UIS_EST
SLE.1T3.M,BGD,2016,9.72266960144043,,UIS_EST
SLE.1T3.M,BGD,2017,9.152119636535645,,UIS_EST
SLE.1T3.M,BGD,2018,9.470000267028809,,UIS_EST
SLE.1T3.M,BGD,2020,9.520600318908691,,UIS_EST
SLE.1T8,BGD,1973,5.067739963531494,,
SLE.1T8,BGD,1976,5.062230110168457,,
SLE.1T8,BGD,1977,4.804609775543213,,
SLE.1T8,BGD,1979,4.655900001525879,,
SLE.1T8,BGD,1980,4.677539825439453,,
SLE.1T8,BGD,1981,4.402470111846924,,
SLE.1T8,BGD,1983,4.853370189666748,,
SLE.1T8,BGD,1984,4.8436598777771,,
SLE.1T8,BGD,1985,4.742609977722168,,
SLE.1T8,BGD,1986,4.704840183258057,,
SLE.1T8,BGD,1987,4.666950225830078,,
SLE.1T8,BGD,1988,5.157609939575195,,
SLE.1T8,BGD,1989,5.142499923706055,,
SLE.1T8,BGD,1990,5.358029842376709,,
SLE.1T8,BGD,2005,8.285120010375977,,
SLE.1T8,BGD,2006,8.344929695129395,,UIS_EST
SLE.1T8,BGD,2007,8.33489990234375,,
SLE.1T8,BGD,2008,8.069809913635254,,UIS_EST
SLE.1T8,BGD,2009,8.575130462646484,,NAT_EST
SLE.1T8,BGD,2016,10.9890604019165,,UIS_EST
SLE.1T8,BGD,2017,10.53061962127686,,UIS_EST
SLE.1T8,BGD,2018,10.98602962493896,,UIS_EST
SLE.1T8,BGD,2020,11.34016036987305,,UIS_EST
SLE.1T8.F,BGD,1976,3.279720067977905,,
SLE.1T8.F,BGD,1977,3.180649995803833,,
SLE.1T8.F,BGD,1979,3.034679889678955,,
SLE.1T8.F,BGD,1980,3.109139919281006,,
SLE.1T8.F,BGD,1981,3.020009994506836,,
SLE.1T8.F,BGD,1984,3.523590087890625,,
SLE.1T8.F,BGD,1985,3.422840118408203,,
SLE.1T8.F,BGD,1986,3.479549884796143,,
SLE.1T8.F,BGD,1987,3.431930065155029,,
SLE.1T8.F,BGD,1988,4.139299869537354,,
SLE.1T8.F,BGD,1989,4.161230087280273,,
SLE.1T8.F,BGD,1990,4.418700218200684,,
SLE.1T8.F,BGD,2005,8.348030090332031,,
SLE.1T8.F,BGD,2006,8.411870002746582,,UIS_EST
SLE.1T8.F,BGD,2007,8.419610023498535,,
SLE.1T8.F,BGD,2008,8.229129791259766,,UIS_EST
SLE.1T8.F,BGD,2009,8.601980209350586,,NAT_EST
SLE.1T8.F,BGD,2016,11.08160972595215,,UIS_EST
SLE.1T8.F,BGD,2017,10.79176044464111,,UIS_EST
SLE.1T8.F,BGD,2018,11.17331027984619,,UIS_EST
SLE.1T8.F,BGD,2020,11.74969959259033,,UIS_EST
SLE.1T8.GPIA,BGD,1976,.4817900061607361,,
SLE.1T8.GPIA,BGD,1977,.4997999966144562,,
SLE.1T8.GPIA,BGD,1979,.4885300099849701,,
SLE.1T8.GPIA,BGD,1980,.5028899908065796,,
SLE.1T8.GPIA,BGD,1981,.5271700024604797,,
SLE.1T8.GPIA,BGD,1984,.5765399932861328,,
SLE.1T8.GPIA,BGD,1985,.5694599747657776,,
SLE.1T8.GPIA,BGD,1986,.5914599895477295,,
SLE.1T8.GPIA,BGD,1987,.5886099934577942,,
SLE.1T8.GPIA,BGD,1988,.6741799712181091,,
SLE.1T8.GPIA,BGD,1989,.6831899881362915,,
SLE.1T8.GPIA,BGD,1990,.7049499750137329,,
SLE.1T8.GPIA,BGD,2005,1.014299988746643,,
SLE.1T8.GPIA,BGD,2006,1.015190005302429,,UIS_EST
SLE.1T8.GPIA,BGD,2007,1.019330024719238,,
SLE.1T8.GPIA,BGD,2008,1.037690043449402,,UIS_EST
SLE.1T8.GPIA,BGD,2009,1.005589962005615,,NAT_EST
SLE.1T8.GPIA,BGD,2016,1.016549944877625,,UIS_EST
SLE.1T8.GPIA,BGD,2017,1.047289967536926,,UIS_EST
SLE.1T8.GPIA,BGD,2018,1.031800031661987,,UIS_EST
SLE.1T8.GPIA,BGD,2020,1.064540028572083,,UIS_EST
SLE.1T8.M,BGD,1976,6.807310104370117,,
SLE.1T8.M,BGD,1977,6.363870143890381,,
SLE.1T8.M,BGD,1979,6.211820125579834,,
SLE.1T8.M,BGD,1980,6.182590007781982,,
SLE.1T8.M,BGD,1981,5.72868013381958,,
SLE.1T8.M,BGD,1984,6.111609935760498,,
SLE.1T8.M,BGD,1985,6.010690212249756,,
SLE.1T8.M,BGD,1986,5.882979869842529,,
SLE.1T8.M,BGD,1987,5.830560207366943,,
SLE.1T8.M,BGD,1988,6.139790058135986,,
SLE.1T8.M,BGD,1989,6.090849876403809,,
SLE.1T8.M,BGD,1990,6.268089771270752,,
SLE.1T8.M,BGD,2005,8.228690147399902,,
SLE.1T8.M,BGD,2006,8.284079551696777,,UIS_EST
SLE.1T8.M,BGD,2007,8.256830215454102,,
SLE.1T8.M,BGD,2008,7.919010162353516,,UIS_EST
SLE.1T8.M,BGD,2009,8.553910255432129,,NAT_EST
SLE.1T8.M,BGD,2016,10.89818954467773,,UIS_EST
SLE.1T8.M,BGD,2017,10.28139019012451,,UIS_EST
SLE.1T8.M,BGD,2018,10.81797981262207,,UIS_EST
SLE.1T8.M,BGD,2020,10.991379737854,,UIS_EST
SLE.2T3,BGD,1973,1.313930034637451,,
SLE.2T3,BGD,1976,1.141459941864014,,
SLE.2T3,BGD,1977,1.166669964790344,,
SLE.2T3,BGD,1979,1.185960054397583,,
SLE.2T3,BGD,1980,1.321280002593994,,
SLE.2T3,BGD,1981,1.183910012245178,,
SLE.2T3,BGD,1983,1.422410011291504,,
SLE.2T3,BGD,1984,1.429649949073792,,
SLE.2T3,BGD,1985,1.389129996299744,,
SLE.2T3,BGD,1986,1.351609945297241,,
SLE.2T3,BGD,1987,1.383139967918396,,
SLE.2T3,BGD,1988,1.360610008239746,,
SLE.2T3,BGD,1989,1.351959943771362,,
SLE.2T3,BGD,1990,1.392249941825867,,
SLE.2T3,BGD,1998,2.887589931488037,,
SLE.2T3,BGD,1999,3.115509986877441,,
SLE.2T3,BGD,2000,3.236249923706055,,
SLE.2T3,BGD,2001,3.360080003738403,,
SLE.2T3,BGD,2002,3.442980051040649,,
SLE.2T3,BGD,2003,3.440000057220459,,
SLE.2T3,BGD,2004,3.218660116195679,,
SLE.2T3,BGD,2005,3.143810033798218,,
SLE.2T3,BGD,2006,3.185359954833984,,
SLE.2T3,BGD,2007,3.23934006690979,,
SLE.2T3,BGD,2008,3.104589939117432,,UIS_EST
SLE.2T3,BGD,2009,3.342920064926147,,
SLE.2T3,BGD,2010,3.417749881744385,,
SLE.2T3,BGD,2011,3.437829971313477,,
SLE.2T3,BGD,2012,3.567899942398071,,
SLE.2T3,BGD,2013,3.849469900131226,,UIS_EST
SLE.2T3,BGD,2015,4.148829936981201,,
SLE.2T3,BGD,2016,4.487599849700928,,
SLE.2T3,BGD,2017,4.369850158691406,,
SLE.2T3,BGD,2018,4.585700035095215,,
SLE.2T3,BGD,2019,4.569829940795898,,
SLE.2T3,BGD,2020,4.661799907684326,,
SLE.2T3,BGD,2024,4.513629913330078,,
SLE.2T3.F,BGD,1973,.6733400225639343,,
SLE.2T3.F,BGD,1976,.5788499712944031,,
SLE.2T3.F,BGD,1977,.4979000091552734,,
SLE.2T3.F,BGD,1979,.4877499938011169,,
SLE.2T3.F,BGD,1980,.6480100154876709,,
SLE.2T3.F,BGD,1981,.4502800107002258,,
SLE.2T3.F,BGD,1984,.8359799981117249,,
SLE.2T3.F,BGD,1985,.7949000000953674,,
SLE.2T3.F,BGD,1986,.8579800128936768,,
SLE.2T3.F,BGD,1987,.8570200204849243,,
SLE.2T3.F,BGD,1988,.8722500205039978,,
SLE.2T3.F,BGD,1989,.8870499730110168,,
SLE.2T3.F,BGD,1990,.9308199882507324,,
SLE.2T3.F,BGD,1998,2.77551007270813,,
SLE.2T3.F,BGD,1999,3.080940008163452,,
SLE.2T3.F,BGD,2000,3.266419887542725,,
SLE.2T3.F,BGD,2001,3.47487998008728,,
SLE.2T3.F,BGD,2002,3.594899892807007,,
SLE.2T3.F,BGD,2003,3.593149900436401,,
SLE.2T3.F,BGD,2004,3.248680114746094,,
SLE.2T3.F,BGD,2005,3.235379934310913,,
SLE.2T3.F,BGD,2006,3.264630079269409,,
SLE.2T3.F,BGD,2007,3.312530040740967,,
SLE.2T3.F,BGD,2008,3.275739908218384,,UIS_EST
SLE.2T3.F,BGD,2009,3.449409961700439,,
SLE.2T3.F,BGD,2010,3.590120077133179,,
SLE.2T3.F,BGD,2011,3.654839992523193,,
SLE.2T3.F,BGD,2012,3.771990060806274,,
SLE.2T3.F,BGD,2013,3.97108006477356,,UIS_EST
SLE.2T3.F,BGD,2015,4.363679885864258,,
SLE.2T3.F,BGD,2016,4.677199840545654,,
SLE.2T3.F,BGD,2017,4.68563985824585,,
SLE.2T3.F,BGD,2018,4.853439807891846,,
SLE.2T3.F,BGD,2019,4.822919845581055,,
SLE.2T3.F,BGD,2020,5.008749961853027,,
SLE.2T3.F,BGD,2024,4.963650226593018,,
SLE.2T3.GPIA,BGD,1973,.349260002374649,,
SLE.2T3.GPIA,BGD,1976,.3377400040626526,,
SLE.2T3.GPIA,BGD,1977,.2756600081920624,,
SLE.2T3.GPIA,BGD,1979,.2633300125598907,,
SLE.2T3.GPIA,BGD,1980,.3300600051879883,,
SLE.2T3.GPIA,BGD,1981,.2390300035476685,,
SLE.2T3.GPIA,BGD,1984,.4185000061988831,,
SLE.2T3.GPIA,BGD,1985,.4058000147342682,,
SLE.2T3.GPIA,BGD,1986,.4698399901390076,,
SLE.2T3.GPIA,BGD,1987,.4595000147819519,,
SLE.2T3.GPIA,BGD,1988,.4760999977588654,,
SLE.2T3.GPIA,BGD,1989,.4924800097942352,,
SLE.2T3.GPIA,BGD,1990,.5063999891281128,,
SLE.2T3.GPIA,BGD,1998,.9258800148963928,,
SLE.2T3.GPIA,BGD,1999,.9777299761772156,,
SLE.2T3.GPIA,BGD,2000,1.017439961433411,,
SLE.2T3.GPIA,BGD,2001,1.06413996219635,,
SLE.2T3.GPIA,BGD,2002,1.082299947738647,,
SLE.2T3.GPIA,BGD,2003,1.083209991455078,,
SLE.2T3.GPIA,BGD,2004,1.017850041389465,,
SLE.2T3.GPIA,BGD,2005,1.055480003356934,,
SLE.2T3.GPIA,BGD,2006,1.047670006752014,,
SLE.2T3.GPIA,BGD,2007,1.043480038642883,,
SLE.2T3.GPIA,BGD,2008,1.102929949760437,,UIS_EST
SLE.2T3.GPIA,BGD,2009,1.060879945755005,,
SLE.2T3.GPIA,BGD,2010,1.094640016555786,,
SLE.2T3.GPIA,BGD,2011,1.117009997367859,,
SLE.2T3.GPIA,BGD,2012,1.106580018997192,,
SLE.2T3.GPIA,BGD,2013,1.060209989547729,,UIS_EST
SLE.2T3.GPIA,BGD,2015,1.096690058708191,,
SLE.2T3.GPIA,BGD,2016,1.079599976539612,,
SLE.2T3.GPIA,BGD,2017,1.132650017738342,,
SLE.2T3.GPIA,BGD,2018,1.108839988708496,,
SLE.2T3.GPIA,BGD,2019,1.103270053863525,,
SLE.2T3.GPIA,BGD,2020,1.13561999797821,,
SLE.2T3.GPIA,BGD,2024,1.172719955444336,,
SLE.2T3.M,BGD,1973,1.927919983863831,,
SLE.2T3.M,BGD,1976,1.713879942893982,,
SLE.2T3.M,BGD,1977,1.806210041046143,,
SLE.2T3.M,BGD,1979,1.852239966392517,,
SLE.2T3.M,BGD,1980,1.963279962539673,,
SLE.2T3.M,BGD,1981,1.883780002593994,,
SLE.2T3.M,BGD,1984,1.997529983520508,,
SLE.2T3.M,BGD,1985,1.958860039710999,,
SLE.2T3.M,BGD,1986,1.826099991798401,,
SLE.2T3.M,BGD,1987,1.865129947662354,,
SLE.2T3.M,BGD,1988,1.832069993019104,,
SLE.2T3.M,BGD,1989,1.801210045814514,,
SLE.2T3.M,BGD,1990,1.838099956512451,,
SLE.2T3.M,BGD,1998,2.997720003128052,,
SLE.2T3.M,BGD,1999,3.151119947433472,,
SLE.2T3.M,BGD,2000,3.209460020065308,,
SLE.2T3.M,BGD,2001,3.251990079879761,,
SLE.2T3.M,BGD,2002,3.299020051956177,,
SLE.2T3.M,BGD,2003,3.294159889221191,,
SLE.2T3.M,BGD,2004,3.190690040588379,,
SLE.2T3.M,BGD,2005,3.055880069732666,,
SLE.2T3.M,BGD,2006,3.108989953994751,,
SLE.2T3.M,BGD,2007,3.168509960174561,,
SLE.2T3.M,BGD,2008,2.93858003616333,,UIS_EST
SLE.2T3.M,BGD,2009,3.239399909973145,,
SLE.2T3.M,BGD,2010,3.250349998474121,,
SLE.2T3.M,BGD,2011,3.227200031280518,,
SLE.2T3.M,BGD,2012,3.369970083236694,,
SLE.2T3.M,BGD,2013,3.731990098953247,,UIS_EST
SLE.2T3.M,BGD,2015,3.941750049591064,,
SLE.2T3.M,BGD,2016,4.304890155792236,,
SLE.2T3.M,BGD,2017,4.064089775085449,,
SLE.2T3.M,BGD,2018,4.325180053710938,,
SLE.2T3.M,BGD,2019,4.324840068817139,,
SLE.2T3.M,BGD,2020,4.329470157623291,,
SLE.2T3.M,BGD,2024,4.10630989074707,,
SLE.4,BGD,1998,.0020200000144541,,
SLE.4,BGD,1999,.0019099999917671,,
SLE.4,BGD,2000,.00199000001885,,
SLE.4,BGD,2001,.0066800001077354,,
SLE.4,BGD,2002,.0077800001017749,,
SLE.4,BGD,2003,.0084100002422929,,
SLE.4,BGD,2004,.0227600000798702,,
SLE.4,BGD,2005,.0264699999243021,,
SLE.4,BGD,2006,.0259600002318621,,
SLE.4,BGD,2007,.0268799997866154,,
SLE.4,BGD,2008,.0107500003650784,,
SLE.4,BGD,2009,.045269999653101,,
SLE.4,BGD,2010,.0513899996876717,,NAT_EST
SLE.4,BGD,2011,.050110001116991,,NAT_EST
SLE.4,BGD,2012,.0651599988341331,,
SLE.4,BGD,2013,.0771199986338615,,
SLE.4,BGD,2015,.1030699983239174,,
SLE.4,BGD,2016,.0845400020480156,,
SLE.4,BGD,2017,.0844900012016296,,UIS_EST
SLE.4,BGD,2018,.092569999396801,,
SLE.4,BGD,2019,.0928400009870529,,
SLE.4,BGD,2020,.0930500030517578,,
SLE.4,BGD,2024,.1233000010251999,,
SLE.4.F,BGD,1998,.0017800000496209,,
SLE.4.F,BGD,1999,.0017399999778718,,
SLE.4.F,BGD,2000,.0017300000181422,,
SLE.4.F,BGD,2001,.005379999987781,,
SLE.4.F,BGD,2002,.0066100000403821,,
SLE.4.F,BGD,2003,.0067300000227988,,
SLE.4.F,BGD,2004,.0117199998348951,,
SLE.4.F,BGD,2005,.0121400002390146,,
SLE.4.F,BGD,2006,.0122400000691414,,
SLE.4.F,BGD,2007,.0124899996444583,,
SLE.4.F,BGD,2008,.0033599999733269,,
SLE.4.F,BGD,2009,.0155899999663234,,
SLE.4.F,BGD,2010,.0205199997872114,,NAT_EST
SLE.4.F,BGD,2011,.0157299991697073,,NAT_EST
SLE.4.F,BGD,2012,.022469999268651,,
SLE.4.F,BGD,2013,.0244699995964766,,
SLE.4.F,BGD,2015,.0428000018000603,,
SLE.4.F,BGD,2016,.0289299990981817,,
SLE.4.F,BGD,2017,.0324399992823601,,UIS_EST
SLE.4.F,BGD,2018,.0324999988079071,,
SLE.4.F,BGD,2019,.0326099991798401,,
SLE.4.F,BGD,2020,.032880000770092,,
SLE.4.F,BGD,2024,.0847600027918816,,
SLE.4.GPIA,BGD,1998,.7905300259590149,,
SLE.4.GPIA,BGD,1999,.837660014629364,,
SLE.4.GPIA,BGD,2000,.7692099809646606,,
SLE.4.GPIA,BGD,2001,.674839973449707,,
SLE.4.GPIA,BGD,2002,.7386000156402588,,
SLE.4.GPIA,BGD,2003,.6661099791526794,,
SLE.4.GPIA,BGD,2004,.348800003528595,,
SLE.4.GPIA,BGD,2005,.2998799979686737,,
SLE.4.GPIA,BGD,2006,.3110600113868713,,
SLE.4.GPIA,BGD,2007,.305290013551712,,
SLE.4.GPIA,BGD,2008,.1874299943447113,,
SLE.4.GPIA,BGD,2009,.2099599987268448,,
SLE.4.GPIA,BGD,2010,.2515000104904175,,NAT_EST
SLE.4.GPIA,BGD,2011,.1877699941396713,,NAT_EST
SLE.4.GPIA,BGD,2012,.2099500000476837,,
SLE.4.GPIA,BGD,2013,.1898799985647202,,
SLE.4.GPIA,BGD,2015,.2630900144577026,,
SLE.4.GPIA,BGD,2016,.2078800052404404,,
SLE.4.GPIA,BGD,2017,.2394299954175949,,UIS_EST
SLE.4.GPIA,BGD,2018,.2113499939441681,,
SLE.4.GPIA,BGD,2019,.2088299989700317,,
SLE.4.GPIA,BGD,2020,.2091400027275085,,
SLE.4.GPIA,BGD,2024,.5249099731445313,,
SLE.4.M,BGD,1998,.0022499999031425,,
SLE.4.M,BGD,1999,.0020800000056624,,
SLE.4.M,BGD,2000,.0022499999031425,,
SLE.4.M,BGD,2001,.0079699996858835,,
SLE.4.M,BGD,2002,.0089499996975064,,
SLE.4.M,BGD,2003,.0100999996066093,,
SLE.4.M,BGD,2004,.033610001206398,,
SLE.4.M,BGD,2005,.0404799990355968,,
SLE.4.M,BGD,2006,.0393400005996227,,
SLE.4.M,BGD,2007,.0408999994397163,,
SLE.4.M,BGD,2008,.0179399996995926,,
SLE.4.M,BGD,2009,.0742399990558624,,
SLE.4.M,BGD,2010,.0815699994564056,,NAT_EST
SLE.4.M,BGD,2011,.0837899968028069,,NAT_EST
SLE.4.M,BGD,2012,.1070299968123436,,
SLE.4.M,BGD,2013,.1288499981164932,,
SLE.4.M,BGD,2015,.1626700013875961,,
SLE.4.M,BGD,2016,.1391800045967102,,
SLE.4.M,BGD,2017,.1354999989271164,,UIS_EST
SLE.4.M,BGD,2018,.1537699997425079,,
SLE.4.M,BGD,2019,.1561799943447113,,
SLE.4.M,BGD,2020,.1571999937295914,,
SLE.4.M,BGD,2024,.1614699959754944,,
SLE.5T8,BGD,1970,.0999699980020523,,
SLE.5T8,BGD,1972,.1074000000953674,,
SLE.5T8,BGD,1973,.1069900020956993,,
SLE.5T8,BGD,1974,.1339399963617325,,
SLE.5T8,BGD,1976,.1075600013136864,,
SLE.5T8,BGD,1977,.1195800006389618,,
SLE.5T8,BGD,1978,.0988700017333031,,
SLE.5T8,BGD,1979,.1452700048685074,,
SLE.5T8,BGD,1980,.1466100066900253,,
SLE.5T8,BGD,1981,.1462399959564209,,
SLE.5T8,BGD,1982,.1795399934053421,,
SLE.5T8,BGD,1983,.2276600003242493,,
SLE.5T8,BGD,1984,.2518999874591827,,
SLE.5T8,BGD,1985,.2603799998760223,,
SLE.5T8,BGD,1986,.2570300102233887,,
SLE.5T8,BGD,1987,.2239599972963333,,
SLE.5T8,BGD,1988,.193110004067421,,
SLE.5T8,BGD,1989,.1908999979496002,,
SLE.5T8,BGD,1990,.2179999947547913,,
SLE.5T8,BGD,1999,.2611800134181976,,
SLE.5T8,BGD,2000,.2604199945926666,,
SLE.5T8,BGD,2001,.3086200058460236,,
SLE.5T8,BGD,2002,.296889990568161,,
SLE.5T8,BGD,2003,.3008700013160706,,
SLE.5T8,BGD,2004,.2793200016021729,,
SLE.5T8,BGD,2005,.3082900047302246,,
SLE.5T8,BGD,2006,.3557800054550171,,
SLE.5T8,BGD,2007,.3855699896812439,,
SLE.5T8,BGD,2008,.4326600134372711,,
SLE.5T8,BGD,2009,.529449999332428,,
SLE.5T8,BGD,2011,.6708700060844421,,
SLE.5T8,BGD,2012,.6710600256919861,,
SLE.5T8,BGD,2014,.682420015335083,,
SLE.5T8,BGD,2016,.8737599849700928,,
SLE.5T8,BGD,2017,.8377199769020081,,UIS_EST
SLE.5T8,BGD,2018,.9892399907112122,,
SLE.5T8,BGD,2019,1.147469997406006,,
SLE.5T8,BGD,2020,1.090149998664856,,
SLE.5T8,BGD,2022,1.175029993057251,,
SLE.5T8,BGD,2023,1.210019946098328,,
SLE.5T8,BGD,2024,1.170510053634644,,
SLE.5T8.F,BGD,1970,.0199999995529652,,
SLE.5T8.F,BGD,1972,.0235200002789497,,
SLE.5T8.F,BGD,1974,.0279200002551079,,
SLE.5T8.F,BGD,1976,.0273899994790554,,
SLE.5T8.F,BGD,1977,.0331399999558926,,
SLE.5T8.F,BGD,1978,.0276699997484684,,
SLE.5T8.F,BGD,1979,.0406199991703033,,
SLE.5T8.F,BGD,1980,.0409700013697147,,
SLE.5T8.F,BGD,1981,.0408000014722347,,
SLE.5T8.F,BGD,1982,.0766199976205826,,
SLE.5T8.F,BGD,1983,.0840099975466728,,
SLE.5T8.F,BGD,1984,.0910300016403198,,
SLE.5T8.F,BGD,1985,.1000699996948242,,
SLE.5T8.F,BGD,1986,.0992100015282631,,
SLE.5T8.F,BGD,1987,.0818300023674965,,
SLE.5T8.F,BGD,1988,.0611400008201599,,
SLE.5T8.F,BGD,1989,.0608600005507469,,
SLE.5T8.F,BGD,1990,.0693200007081032,,
SLE.5T8.F,BGD,1999,.1669099926948547,,
SLE.5T8.F,BGD,2000,.1668699979782104,,
SLE.5T8.F,BGD,2001,.208299994468689,,
SLE.5T8.F,BGD,2002,.1896599978208542,,
SLE.5T8.F,BGD,2003,.1923400014638901,,
SLE.5T8.F,BGD,2004,.1758799999952316,,
SLE.5T8.F,BGD,2005,.2058600038290024,,
SLE.5T8.F,BGD,2006,.2473800033330917,,
SLE.5T8.F,BGD,2007,.268779993057251,,
SLE.5T8.F,BGD,2008,.3043099939823151,,
SLE.5T8.F,BGD,2009,.3913399875164032,,
SLE.5T8.F,BGD,2011,.5430799722671509,,
SLE.5T8.F,BGD,2012,.5577600002288818,,
SLE.5T8.F,BGD,2014,.5700799822807312,,
SLE.5T8.F,BGD,2016,.7028599977493286,,
SLE.5T8.F,BGD,2017,.6798099875450134,,UIS_EST
SLE.5T8.F,BGD,2018,.7902600169181824,,
SLE.5T8.F,BGD,2019,.9105100035667419,,
SLE.5T8.F,BGD,2020,.8870599865913391,,
SLE.5T8.F,BGD,2022,.9867900013923645,,
SLE.5T8.F,BGD,2023,1.040259957313538,,
SLE.5T8.F,BGD,2024,1.05377995967865,,
SLE.5T8.GPIA,BGD,1970,.1137700006365776,,
SLE.5T8.GPIA,BGD,1972,.1243100017309189,,
SLE.5T8.GPIA,BGD,1974,.1182100027799606,,
SLE.5T8.GPIA,BGD,1976,.1481499969959259,,
SLE.5T8.GPIA,BGD,1977,.1629099994897842,,
SLE.5T8.GPIA,BGD,1978,.1643200069665909,,
SLE.5T8.GPIA,BGD,1979,.163770005106926,,
SLE.5T8.GPIA,BGD,1980,.1632999926805496,,
SLE.5T8.GPIA,BGD,1981,.1627500057220459,,
SLE.5T8.GPIA,BGD,1982,.2718900144100189,,
SLE.5T8.GPIA,BGD,1983,.2271900027990341,,
SLE.5T8.GPIA,BGD,1984,.2218499928712845,,
SLE.5T8.GPIA,BGD,1985,.2396000027656555,,
SLE.5T8.GPIA,BGD,1986,.2410899996757507,,
SLE.5T8.GPIA,BGD,1987,.2253500074148178,,
SLE.5T8.GPIA,BGD,1988,.1894699931144714,,
SLE.5T8.GPIA,BGD,1989,.1905999928712845,,
SLE.5T8.GPIA,BGD,1990,.1894599944353104,,
SLE.5T8.GPIA,BGD,1999,.4695900082588196,,
SLE.5T8.GPIA,BGD,2000,.4713000059127808,,
SLE.5T8.GPIA,BGD,2001,.508679986000061,,
SLE.5T8.GPIA,BGD,2002,.4685800075531006,,
SLE.5T8.GPIA,BGD,2003,.4691100120544434,,
SLE.5T8.GPIA,BGD,2004,.4588100016117096,,
SLE.5T8.GPIA,BGD,2005,.5006600022315979,,
SLE.5T8.GPIA,BGD,2006,.5325000286102295,,
SLE.5T8.GPIA,BGD,2007,.5346599817276001,,
SLE.5T8.GPIA,BGD,2008,.5424799919128418,,
SLE.5T8.GPIA,BGD,2009,.5858700275421143,,
SLE.5T8.GPIA,BGD,2011,.6799299716949463,,
SLE.5T8.GPIA,BGD,2012,.7119699716567993,,
SLE.5T8.GPIA,BGD,2014,.7173399925231934,,
SLE.5T8.GPIA,BGD,2016,.6782100200653076,,
SLE.5T8.GPIA,BGD,2017,.6840699911117554,,UIS_EST
SLE.5T8.GPIA,BGD,2018,.6617400050163269,,
SLE.5T8.GPIA,BGD,2019,.6504899859428406,,
SLE.5T8.GPIA,BGD,2020,.6753000020980835,,
SLE.5T8.GPIA,BGD,2022,.7085700035095215,,
SLE.5T8.GPIA,BGD,2023,.7422299981117249,,
SLE.5T8.GPIA,BGD,2024,.8130800127983093,,
SLE.5T8.M,BGD,1970,.1758099943399429,,
SLE.5T8.M,BGD,1972,.189180001616478,,
SLE.5T8.M,BGD,1974,.2361499965190887,,
SLE.5T8.M,BGD,1976,.1848700046539307,,
SLE.5T8.M,BGD,1977,.2034299969673157,,
SLE.5T8.M,BGD,1978,.1683699935674667,,
SLE.5T8.M,BGD,1979,.2480500042438507,,
SLE.5T8.M,BGD,1980,.2509100139141083,,
SLE.5T8.M,BGD,1981,.2507100105285645,,
SLE.5T8.M,BGD,1982,.2818000018596649,,
SLE.5T8.M,BGD,1983,.3697899878025055,,
SLE.5T8.M,BGD,1984,.4103299975395203,,
SLE.5T8.M,BGD,1985,.4176500141620636,,
SLE.5T8.M,BGD,1986,.4115200042724609,,
SLE.5T8.M,BGD,1987,.3631100058555603,,
SLE.5T8.M,BGD,1988,.3226900100708008,,
SLE.5T8.M,BGD,1989,.3193199932575226,,
SLE.5T8.M,BGD,1990,.365880012512207,,
SLE.5T8.M,BGD,1999,.355430006980896,,
SLE.5T8.M,BGD,2000,.3540599942207336,,
SLE.5T8.M,BGD,2001,.4094800055027008,,
SLE.5T8.M,BGD,2002,.4047600030899048,,
SLE.5T8.M,BGD,2003,.4100199937820435,,
SLE.5T8.M,BGD,2004,.3833299875259399,,
SLE.5T8.M,BGD,2005,.411190003156662,,
SLE.5T8.M,BGD,2006,.4645699858665466,,
SLE.5T8.M,BGD,2007,.5027199983596802,,
SLE.5T8.M,BGD,2008,.5609599947929382,,
SLE.5T8.M,BGD,2009,.667959988117218,,
SLE.5T8.M,BGD,2011,.7987300157546997,,
SLE.5T8.M,BGD,2012,.7834100127220154,,
SLE.5T8.M,BGD,2014,.794700026512146,,
SLE.5T8.M,BGD,2016,1.036339998245239,,
SLE.5T8.M,BGD,2017,.9937700033187866,,UIS_EST
SLE.5T8.M,BGD,2018,1.194219946861267,,
SLE.5T8.M,BGD,2019,1.399739980697632,,
SLE.5T8.M,BGD,2020,1.31358003616333,,
SLE.5T8.M,BGD,2022,1.392650008201599,,
SLE.5T8.M,BGD,2023,1.401540040969849,,
SLE.5T8.M,BGD,2024,1.296030044555664,,
SR.1.G4.CP,BGD,1976,27.89878082275391,,
SR.1.G4.CP,BGD,1980,29.22077941894531,,
SR.1.G4.CP,BGD,1988,50.998291015625,,
SR.1.G4.CP,BGD,2008,75.38117980957031,,NAT_EST
SR.1.G4.CP,BGD,2009,72.41626739501953,,NAT_EST
SR.1.G4.F.CP,BGD,1980,36.64062881469727,,
SR.1.G4.F.CP,BGD,2008,74.93881225585938,,NAT_EST
SR.1.G4.GPIA,BGD,1980,1.303339958190918,,
SR.1.G4.GPIA,BGD,2008,.9883700013160706,,NAT_EST
SR.1.G4.M.CP,BGD,1980,25.52618026733398,,
SR.1.G4.M.CP,BGD,2008,75.82067108154297,,NAT_EST
SR.1.G5.CP,BGD,1976,21.0300407409668,,
SR.1.G5.CP,BGD,1980,20.50402069091797,,
SR.1.G5.CP,BGD,1988,46.67784881591797,,
SR.1.G5.CP,BGD,2008,66.60086059570313,,NAT_EST
SR.1.G5.CP,BGD,2009,66.20095825195313,,NAT_EST
SR.1.G5.F.CP,BGD,1980,26.07555961608887,,
SR.1.G5.F.CP,BGD,2008,66.07102966308594,,NAT_EST
SR.1.G5.F.CP,BGD,2009,70.63723754882813,,NAT_EST
SR.1.G5.GPIA,BGD,1980,1.318840026855469,,
SR.1.G5.GPIA,BGD,2008,.9841099977493286,,NAT_EST
SR.1.G5.GPIA,BGD,2009,1.122990012168884,,NAT_EST
SR.1.G5.M.CP,BGD,1980,17.76169013977051,,
SR.1.G5.M.CP,BGD,2008,67.137939453125,,NAT_EST
SR.1.G5.M.CP,BGD,2009,61.9493408203125,,NAT_EST
SR.1.GLAST.CP,BGD,1976,21.0300407409668,,
SR.1.GLAST.CP,BGD,1980,20.50402069091797,,
SR.1.GLAST.CP,BGD,1988,46.67784881591797,,
SR.1.GLAST.CP,BGD,2008,66.60086059570313,,NAT_EST
SR.1.GLAST.CP,BGD,2009,66.20095825195313,,NAT_EST
SR.1.GLAST.F.CP,BGD,1980,26.07555961608887,,
SR.1.GLAST.F.CP,BGD,2008,66.07102966308594,,NAT_EST
SR.1.GLAST.F.CP,BGD,2009,70.63723754882813,,NAT_EST
SR.1.GLAST.GPIA,BGD,1980,1.318840026855469,,
SR.1.GLAST.GPIA,BGD,2008,.9841099977493286,,NAT_EST
SR.1.GLAST.GPIA,BGD,2009,1.122990012168884,,NAT_EST
SR.1.GLAST.M.CP,BGD,1980,17.76169013977051,,
SR.1.GLAST.M.CP,BGD,2008,67.137939453125,,NAT_EST
SR.1.GLAST.M.CP,BGD,2009,61.9493408203125,,NAT_EST
THDUR.2T3,BGD,1970,7,,
THDUR.2T3,BGD,1971,7,,
THDUR.2T3,BGD,1972,7,,
THDUR.2T3,BGD,1973,7,,
THDUR.2T3,BGD,1974,7,,
THDUR.2T3,BGD,1975,7,,
THDUR.2T3,BGD,1976,7,,
THDUR.2T3,BGD,1977,7,,
THDUR.2T3,BGD,1978,7,,
THDUR.2T3,BGD,1979,7,,
THDUR.2T3,BGD,1980,7,,
THDUR.2T3,BGD,1981,7,,
THDUR.2T3,BGD,1982,7,,
THDUR.2T3,BGD,1983,7,,
THDUR.2T3,BGD,1984,7,,
THDUR.2T3,BGD,1985,7,,
THDUR.2T3,BGD,1986,7,,
THDUR.2T3,BGD,1987,7,,
THDUR.2T3,BGD,1988,7,,
THDUR.2T3,BGD,1989,7,,
THDUR.2T3,BGD,1990,7,,
THDUR.2T3,BGD,1991,7,,
THDUR.2T3,BGD,1992,7,,
THDUR.2T3,BGD,1993,7,,
THDUR.2T3,BGD,1994,7,,
THDUR.2T3,BGD,1995,7,,
THDUR.2T3,BGD,1996,7,,
THDUR.2T3,BGD,1997,7,,
THDUR.2T3,BGD,1998,7,,
THDUR.2T3,BGD,1999,7,,
THDUR.2T3,BGD,2000,7,,
THDUR.2T3,BGD,2001,7,,
THDUR.2T3,BGD,2002,7,,
THDUR.2T3,BGD,2003,7,,
THDUR.2T3,BGD,2004,7,,
THDUR.2T3,BGD,2005,7,,
THDUR.2T3,BGD,2006,7,,
THDUR.2T3,BGD,2007,7,,
THDUR.2T3,BGD,2008,7,,
THDUR.2T3,BGD,2009,7,,
THDUR.2T3,BGD,2010,7,,
THDUR.2T3,BGD,2011,7,,
THDUR.2T3,BGD,2012,7,,
THDUR.2T3,BGD,2013,7,,
THDUR.2T3,BGD,2014,7,,
THDUR.2T3,BGD,2015,7,,
THDUR.2T3,BGD,2016,7,,
THDUR.2T3,BGD,2017,7,,
THDUR.2T3,BGD,2018,7,,
THDUR.2T3,BGD,2019,7,,
THDUR.2T3,BGD,2020,7,,
THDUR.2T3,BGD,2021,7,,
THDUR.2T3,BGD,2022,7,,
THDUR.2T3,BGD,2023,7,,
THDUR.2T3,BGD,2024,7,,
THDUR.2T3,BGD,2025,7,,
X.PPP.02.FSGOV,BGD,1991,0,NIL,
X.PPP.02.FSGOV,BGD,1992,0,NIL,
X.PPP.02.FSGOV,BGD,1993,0,NIL,
X.PPP.02.FSGOV,BGD,1999,0,NIL,
X.PPP.02.FSGOV,BGD,2000,0,NIL,
X.PPP.02.FSGOV,BGD,2001,0,NIL,
X.PPP.02.FSGOV,BGD,2002,0,NIL,
X.PPP.02.FSGOV,BGD,2003,0,NIL,
X.PPP.02.FSGOV,BGD,2004,0,NIL,
X.PPP.02.FSGOV,BGD,2006,0,NIL,
X.PPP.02.FSGOV,BGD,2007,0,NIL,
X.PPP.02.FSGOV,BGD,2008,0,NIL,
X.PPP.02.FSGOV,BGD,2009,0,NIL,
X.PPP.02.FSGOV,BGD,2010,0,NIL,
X.PPP.02.FSGOV,BGD,2011,0,NIL,
X.PPP.02.FSGOV,BGD,2012,0,NIL,
X.PPP.1.FSGOV,BGD,1991,538.1549072265625,,
X.PPP.1.FSGOV,BGD,1992,660.1312866210938,,
X.PPP.1.FSGOV,BGD,1993,804.8116455078125,,
X.PPP.1.FSGOV,BGD,1997,1316.313720703125,,
X.PPP.1.FSGOV,BGD,1999,1408.837280273438,,
X.PPP.1.FSGOV,BGD,2000,1558.021606445313,,
X.PPP.1.FSGOV,BGD,2002,1660.002075195313,,
X.PPP.1.FSGOV,BGD,2003,1808.603393554688,,
X.PPP.1.FSGOV,BGD,2004,1594.164428710938,,
X.PPP.1.FSGOV,BGD,2006,2181.8857421875,,
X.PPP.1.FSGOV,BGD,2007,2732.8359375,,
X.PPP.1.FSGOV,BGD,2008,2745.527587890625,,
X.PPP.1.FSGOV,BGD,2009,2765.411865234375,,
X.PPP.1.FSGOV,BGD,2011,3619.4296875,,
X.PPP.1.FSGOV,BGD,2012,3796.1533203125,,
X.PPP.2.FSGOV,BGD,2011,1344.821899414063,,
X.PPP.2.FSGOV,BGD,2012,1422.17333984375,,
X.PPP.2.FSGOV,BGD,2016,2269.004638671875,,
X.PPP.2.FSGOV,BGD,2019,2762.726806640625,,
X.PPP.2.FSGOV,BGD,2020,2689.971435546875,,
X.PPP.2T3.FSGOV,BGD,1991,426.6141052246094,,
X.PPP.2T3.FSGOV,BGD,1992,429.4713745117188,,
X.PPP.2T3.FSGOV,BGD,1993,558.3274536132813,,
X.PPP.2T3.FSGOV,BGD,1997,1127.9130859375,,
X.PPP.2T3.FSGOV,BGD,1999,1199.37451171875,,UIS_EST
X.PPP.2T3.FSGOV,BGD,2000,1210.003295898438,,UIS_EST
X.PPP.2T3.FSGOV,BGD,2002,1610.340454101563,,
X.PPP.2T3.FSGOV,BGD,2003,1809.950073242188,,
X.PPP.2T3.FSGOV,BGD,2004,1932.370483398438,,
X.PPP.2T3.FSGOV,BGD,2006,2258.100341796875,,
X.PPP.2T3.FSGOV,BGD,2007,2409.650634765625,,
X.PPP.2T3.FSGOV,BGD,2008,2399.84814453125,,
X.PPP.2T3.FSGOV,BGD,2009,2485.807861328125,,
X.PPP.2T3.FSGOV,BGD,2010,3287.350341796875,,
X.PPP.2T3.FSGOV,BGD,2011,3159.324462890625,,
X.PPP.2T3.FSGOV,BGD,2012,3327.726806640625,,
X.PPP.2T3.FSGOV,BGD,2016,6072.08251953125,,
X.PPP.2T3.FSGOV,BGD,2019,6400.77294921875,,
X.PPP.2T3.FSGOV,BGD,2020,6262.97021484375,,
X.PPP.3.FSGOV,BGD,2011,1814.502563476563,,
X.PPP.3.FSGOV,BGD,2012,1905.553344726563,,
X.PPP.3.FSGOV,BGD,2016,3803.078125,,
X.PPP.3.FSGOV,BGD,2019,3638.0458984375,,
X.PPP.3.FSGOV,BGD,2020,3572.998779296875,,
X.PPP.4.FSGOV,BGD,1999,5.288229942321777,,UIS_EST
X.PPP.4.FSGOV,BGD,2000,5.373809814453125,,UIS_EST
X.PPP.4.FSGOV,BGD,2001,7.020009994506836,,UIS_EST
X.PPP.4.FSGOV,BGD,2002,0,NIL,
X.PPP.4.FSGOV,BGD,2003,0,NIL,
X.PPP.4.FSGOV,BGD,2004,0,NIL,
X.PPP.4.FSGOV,BGD,2006,88.04100036621094,,
X.PPP.4.FSGOV,BGD,2007,88.55615234375,,
X.PPP.4.FSGOV,BGD,2008,112.0426406860352,,
X.PPP.4.FSGOV,BGD,2009,96.75087738037109,,
X.PPP.4.FSGOV,BGD,2010,122.7678909301758,,
X.PPP.4.FSGOV,BGD,2011,109.3897323608398,,
X.PPP.4.FSGOV,BGD,2012,133.1498260498047,,
X.PPP.4.FSGOV,BGD,2016,226.0073852539063,,
X.PPP.4.FSGOV,BGD,2019,258.3050537109375,,
X.PPP.4.FSGOV,BGD,2020,263.1863403320313,,
X.PPP.5T8.FSGOV,BGD,1991,99.29492950439453,,
X.PPP.5T8.FSGOV,BGD,1992,136.3024139404297,,
X.PPP.5T8.FSGOV,BGD,1993,127.3871765136719,,
X.PPP.5T8.FSGOV,BGD,1997,121.5644302368164,,
X.PPP.5T8.FSGOV,BGD,1999,347.2993469238281,,
X.PPP.5T8.FSGOV,BGD,2000,338.9979553222656,,
X.PPP.5T8.FSGOV,BGD,2001,372.6928100585938,,
X.PPP.5T8.FSGOV,BGD,2002,409.9435424804688,,
X.PPP.5T8.FSGOV,BGD,2003,362.7001037597656,,
X.PPP.5T8.FSGOV,BGD,2004,460.1444091796875,,
X.PPP.5T8.FSGOV,BGD,2006,672.2767333984375,,
X.PPP.5T8.FSGOV,BGD,2007,677.576904296875,,
X.PPP.5T8.FSGOV,BGD,2008,804.0454711914063,,
X.PPP.5T8.FSGOV,BGD,2009,834.7551879882813,,
X.PPP.5T8.FSGOV,BGD,2010,877.2479858398438,,
X.PPP.5T8.FSGOV,BGD,2011,790.3794555664063,,
X.PPP.5T8.FSGOV,BGD,2012,1253.970092773438,,
X.PPP.5T8.FSGOV,BGD,2016,3141.12353515625,,
X.PPP.5T8.FSGOV,BGD,2019,3494.234375,,
X.PPP.5T8.FSGOV,BGD,2020,3536.197509765625,,
X.PPP.FSGOV,BGD,1991,1093.350830078125,,
X.PPP.FSGOV,BGD,1992,1338.822265625,,
X.PPP.FSGOV,BGD,1993,1497.706176757813,,
X.PPP.FSGOV,BGD,1997,2565.791259765625,,
X.PPP.FSGOV,BGD,1999,3168.57470703125,,
X.PPP.FSGOV,BGD,2000,3351.275390625,,
X.PPP.FSGOV,BGD,2001,3688.159912109375,,
X.PPP.FSGOV,BGD,2002,3680.2861328125,,
X.PPP.FSGOV,BGD,2003,3981.253662109375,,
X.PPP.FSGOV,BGD,2004,3986.679443359375,,
X.PPP.FSGOV,BGD,2006,5200.3037109375,,
X.PPP.FSGOV,BGD,2007,5908.61962890625,,
X.PPP.FSGOV,BGD,2008,6061.4638671875,,
X.PPP.FSGOV,BGD,2009,6182.7255859375,,
X.PPP.FSGOV,BGD,2011,7678.5234375,,
X.PPP.FSGOV,BGD,2012,8511,,
X.PPP.FSGOV,BGD,2013,8740.916015625,,UIS_EST
X.PPP.FSGOV,BGD,2016,9439.2138671875,,
X.PPP.FSGOV,BGD,2019,10153.3125,,
X.PPP.UK.FSGOV,BGD,1991,29.28684043884277,,
X.PPP.UK.FSGOV,BGD,1997,0,NIL,
X.PPP.UK.FSGOV,BGD,1999,0,NIL,
X.PPP.UK.FSGOV,BGD,2000,0,NIL,
X.PPP.UK.FSGOV,BGD,2006,0,NIL,
X.PPP.UK.FSGOV,BGD,2007,0,NIL,
X.PPP.UK.FSGOV,BGD,2008,0,NIL,
X.PPP.UK.FSGOV,BGD,2009,0,NIL,
X.PPP.UK.FSGOV,BGD,2010,0,NIL,
X.PPP.UK.FSGOV,BGD,2011,0,NIL,
X.PPP.UK.FSGOV,BGD,2012,0,NIL,
X.PPP.UK.FSGOV,BGD,2016,0,NIL,
X.PPP.UK.FSGOV,BGD,2019,0,NIL,
X.PPP.UK.FSGOV,BGD,2020,0,NIL,
X.PPPCONST.02.FSGOV,BGD,1991,0,NIL,
X.PPPCONST.02.FSGOV,BGD,1992,0,NIL,
X.PPPCONST.02.FSGOV,BGD,1993,0,NIL,
X.PPPCONST.02.FSGOV,BGD,1999,0,NIL,
X.PPPCONST.02.FSGOV,BGD,2000,0,NIL,
X.PPPCONST.02.FSGOV,BGD,2001,0,NIL,
X.PPPCONST.02.FSGOV,BGD,2002,0,NIL,
X.PPPCONST.02.FSGOV,BGD,2003,0,NIL,
X.PPPCONST.02.FSGOV,BGD,2004,0,NIL,
X.PPPCONST.02.FSGOV,BGD,2006,0,NIL,
X.PPPCONST.02.FSGOV,BGD,2007,0,NIL,
X.PPPCONST.02.FSGOV,BGD,2008,0,NIL,
X.PPPCONST.02.FSGOV,BGD,2009,0,NIL,
X.PPPCONST.02.FSGOV,BGD,2010,0,NIL,
X.PPPCONST.02.FSGOV,BGD,2011,0,NIL,
X.PPPCONST.02.FSGOV,BGD,2012,0,NIL,
X.PPPCONST.1.FSGOV,BGD,1991,1268.554077148438,,
X.PPPCONST.1.FSGOV,BGD,1992,1505.17578125,,
X.PPPCONST.1.FSGOV,BGD,1993,1794.177368164063,,
X.PPPCONST.1.FSGOV,BGD,1997,2699.55029296875,,
X.PPPCONST.1.FSGOV,BGD,1999,2808.771728515625,,
X.PPPCONST.1.FSGOV,BGD,2000,3062.8408203125,,
X.PPPCONST.1.FSGOV,BGD,2002,3120.779296875,,
X.PPPCONST.1.FSGOV,BGD,2003,3348.115234375,,
X.PPPCONST.1.FSGOV,BGD,2004,2894.00146484375,,
X.PPPCONST.1.FSGOV,BGD,2006,3739.950439453125,,
X.PPPCONST.1.FSGOV,BGD,2007,4544.1953125,,
X.PPPCONST.1.FSGOV,BGD,2008,4444.8740234375,,
X.PPPCONST.1.FSGOV,BGD,2009,4392.423828125,,
X.PPPCONST.1.FSGOV,BGD,2011,5645.06591796875,,
X.PPPCONST.1.FSGOV,BGD,2012,5801.0087890625,,
X.PPPCONST.2.FSGOV,BGD,2011,2097.4599609375,,
X.PPPCONST.2.FSGOV,BGD,2012,2173.26318359375,,
X.PPPCONST.2.FSGOV,BGD,2016,3125.042236328125,,
X.PPPCONST.2.FSGOV,BGD,2019,3446.19970703125,,
X.PPPCONST.2.FSGOV,BGD,2020,3258.80078125,,
X.PPPCONST.2T3.FSGOV,BGD,1991,1005.626892089844,,
X.PPPCONST.2T3.FSGOV,BGD,1992,979.2445068359375,,
X.PPPCONST.2T3.FSGOV,BGD,1993,1244.686889648438,,
X.PPPCONST.2T3.FSGOV,BGD,1997,2313.17041015625,,
X.PPPCONST.2T3.FSGOV,BGD,1999,2391.169677734375,,UIS_EST
X.PPPCONST.2T3.FSGOV,BGD,2000,2378.688232421875,,UIS_EST
X.PPPCONST.2T3.FSGOV,BGD,2002,3027.416015625,,
X.PPPCONST.2T3.FSGOV,BGD,2003,3350.6083984375,,
X.PPPCONST.2T3.FSGOV,BGD,2004,3507.971435546875,,
X.PPPCONST.2T3.FSGOV,BGD,2006,3870.589111328125,,
X.PPPCONST.2T3.FSGOV,BGD,2007,4006.79833984375,,
X.PPPCONST.2T3.FSGOV,BGD,2008,3885.236083984375,,
X.PPPCONST.2T3.FSGOV,BGD,2009,3948.316650390625,,
X.PPPCONST.2T3.FSGOV,BGD,2010,5189.44970703125,,
X.PPPCONST.2T3.FSGOV,BGD,2011,4927.4599609375,,
X.PPPCONST.2T3.FSGOV,BGD,2012,5085.19287109375,,
X.PPPCONST.2T3.FSGOV,BGD,2016,8362.9248046875,,
X.PPPCONST.2T3.FSGOV,BGD,2019,7984.26416015625,,
X.PPPCONST.2T3.FSGOV,BGD,2020,7587.3564453125,,
X.PPPCONST.3.FSGOV,BGD,2011,2830.000244140625,,
X.PPPCONST.3.FSGOV,BGD,2012,2911.9296875,,
X.PPPCONST.3.FSGOV,BGD,2016,5237.88232421875,,
X.PPPCONST.3.FSGOV,BGD,2019,4538.064453125,,
X.PPPCONST.3.FSGOV,BGD,2020,4328.5556640625,,
X.PPPCONST.4.FSGOV,BGD,1999,10.54304027557373,,UIS_EST
X.PPPCONST.4.FSGOV,BGD,2000,10.56412029266357,,UIS_EST
X.PPPCONST.4.FSGOV,BGD,2001,13.49466037750244,,UIS_EST
X.PPPCONST.4.FSGOV,BGD,2002,0,NIL,
X.PPPCONST.4.FSGOV,BGD,2003,0,NIL,
X.PPPCONST.4.FSGOV,BGD,2004,0,NIL,
X.PPPCONST.4.FSGOV,BGD,2006,150.9102783203125,,
X.PPPCONST.4.FSGOV,BGD,2007,147.2523040771484,,
X.PPPCONST.4.FSGOV,BGD,2008,181.3915252685547,,
X.PPPCONST.4.FSGOV,BGD,2009,153.6736145019531,,
X.PPPCONST.4.FSGOV,BGD,2010,193.8028259277344,,
X.PPPCONST.4.FSGOV,BGD,2011,170.6103668212891,,
X.PPPCONST.4.FSGOV,BGD,2012,203.4699859619141,,
X.PPPCONST.4.FSGOV,BGD,2016,311.2742004394531,,
X.PPPCONST.4.FSGOV,BGD,2019,322.2073059082031,,
X.PPPCONST.4.FSGOV,BGD,2020,318.8404846191406,,
X.PPPCONST.5T8.FSGOV,BGD,1991,234.0608367919922,,
X.PPPCONST.5T8.FSGOV,BGD,1992,310.7852783203125,,
X.PPPCONST.5T8.FSGOV,BGD,1993,283.9859619140625,,
X.PPPCONST.5T8.FSGOV,BGD,1997,249.309326171875,,
X.PPPCONST.5T8.FSGOV,BGD,1999,692.4039916992188,,
X.PPPCONST.5T8.FSGOV,BGD,2000,666.4200439453125,,
X.PPPCONST.5T8.FSGOV,BGD,2001,716.4327392578125,,
X.PPPCONST.5T8.FSGOV,BGD,2002,770.6878051757813,,
X.PPPCONST.5T8.FSGOV,BGD,2003,671.4362182617188,,
X.PPPCONST.5T8.FSGOV,BGD,2004,835.3333129882813,,
X.PPPCONST.5T8.FSGOV,BGD,2006,1152.343505859375,,
X.PPPCONST.5T8.FSGOV,BGD,2007,1126.683715820313,,
X.PPPCONST.5T8.FSGOV,BGD,2008,1301.710083007813,,
X.PPPCONST.5T8.FSGOV,BGD,2009,1325.8779296875,,
X.PPPCONST.5T8.FSGOV,BGD,2010,1384.833984375,,
X.PPPCONST.5T8.FSGOV,BGD,2011,1232.72021484375,,
X.PPPCONST.5T8.FSGOV,BGD,2012,1916.22705078125,,
X.PPPCONST.5T8.FSGOV,BGD,2016,4326.189453125,,
X.PPPCONST.5T8.FSGOV,BGD,2019,4358.67529296875,,
X.PPPCONST.5T8.FSGOV,BGD,2020,4283.97216796875,,
X.PPPCONST.FSGOV,BGD,1991,2577.277587890625,,
X.PPPCONST.FSGOV,BGD,1992,3052.669677734375,,
X.PPPCONST.FSGOV,BGD,1993,3338.8564453125,,
X.PPPCONST.FSGOV,BGD,1997,5262.0302734375,,
X.PPPCONST.FSGOV,BGD,1999,6317.1259765625,,
X.PPPCONST.FSGOV,BGD,2000,6588.11328125,,
X.PPPCONST.FSGOV,BGD,2001,7089.80322265625,,
X.PPPCONST.FSGOV,BGD,2002,6918.88330078125,,
X.PPPCONST.FSGOV,BGD,2003,7370.16015625,,
X.PPPCONST.FSGOV,BGD,2004,7237.30615234375,,
X.PPPCONST.FSGOV,BGD,2006,8913.79296875,,
X.PPPCONST.FSGOV,BGD,2007,9824.9296875,,
X.PPPCONST.FSGOV,BGD,2008,9813.2119140625,,
X.PPPCONST.FSGOV,BGD,2009,9820.2919921875,,
X.PPPCONST.FSGOV,BGD,2011,11975.8564453125,,
X.PPPCONST.FSGOV,BGD,2012,13005.8994140625,,
X.PPPCONST.FSGOV,BGD,2013,12520.9306640625,,UIS_EST
X.PPPCONST.FSGOV,BGD,2016,13000.388671875,,
X.PPPCONST.FSGOV,BGD,2019,12665.1474609375,,
X.PPPCONST.UK.FSGOV,BGD,1991,69.0357666015625,,
X.PPPCONST.UK.FSGOV,BGD,1997,0,NIL,
X.PPPCONST.UK.FSGOV,BGD,1999,0,NIL,
X.PPPCONST.UK.FSGOV,BGD,2000,0,NIL,
X.PPPCONST.UK.FSGOV,BGD,2006,0,NIL,
X.PPPCONST.UK.FSGOV,BGD,2007,0,NIL,
X.PPPCONST.UK.FSGOV,BGD,2008,0,NIL,
X.PPPCONST.UK.FSGOV,BGD,2009,0,NIL,
X.PPPCONST.UK.FSGOV,BGD,2010,0,NIL,
X.PPPCONST.UK.FSGOV,BGD,2011,0,NIL,
X.PPPCONST.UK.FSGOV,BGD,2012,0,NIL,
X.PPPCONST.UK.FSGOV,BGD,2016,0,NIL,
X.PPPCONST.UK.FSGOV,BGD,2019,0,NIL,
X.PPPCONST.UK.FSGOV,BGD,2020,0,NIL,
X.US.02.FSGOV,BGD,1979,0,NIL,
X.US.02.FSGOV,BGD,1980,0,NIL,
X.US.02.FSGOV,BGD,1981,0,NIL,
X.US.02.FSGOV,BGD,1982,0,NIL,
X.US.02.FSGOV,BGD,1983,0,NIL,
X.US.02.FSGOV,BGD,1984,0,NIL,
X.US.02.FSGOV,BGD,1985,0,NIL,
X.US.02.FSGOV,BGD,1986,0,NIL,
X.US.02.FSGOV,BGD,1987,0,NIL,
X.US.02.FSGOV,BGD,1990,0,NIL,
X.US.02.FSGOV,BGD,1991,0,NIL,
X.US.02.FSGOV,BGD,1992,0,NIL,
X.US.02.FSGOV,BGD,1993,0,NIL,
X.US.02.FSGOV,BGD,1999,0,NIL,
X.US.02.FSGOV,BGD,2000,0,NIL,
X.US.02.FSGOV,BGD,2001,0,NIL,
X.US.02.FSGOV,BGD,2002,0,NIL,
X.US.02.FSGOV,BGD,2003,0,NIL,
X.US.02.FSGOV,BGD,2004,0,NIL,
X.US.02.FSGOV,BGD,2006,0,NIL,
X.US.02.FSGOV,BGD,2007,0,NIL,
X.US.02.FSGOV,BGD,2008,0,NIL,
X.US.02.FSGOV,BGD,2009,0,NIL,
X.US.02.FSGOV,BGD,2010,0,NIL,
X.US.02.FSGOV,BGD,2011,0,NIL,
X.US.02.FSGOV,BGD,2012,0,NIL,
X.US.1.FSGOV,BGD,1979,57.72254943847656,,
X.US.1.FSGOV,BGD,1980,58.77384948730469,,
X.US.1.FSGOV,BGD,1981,84.63346099853516,,
X.US.1.FSGOV,BGD,1982,88.78292846679688,,
X.US.1.FSGOV,BGD,1983,94.71646881103516,,
X.US.1.FSGOV,BGD,1984,96.8846435546875,,
X.US.1.FSGOV,BGD,1985,116.196403503418,,
X.US.1.FSGOV,BGD,1986,147.1538391113281,,
X.US.1.FSGOV,BGD,1987,131.8333435058594,,
X.US.1.FSGOV,BGD,1990,204.0187072753906,,
X.US.1.FSGOV,BGD,1991,221.7325134277344,,
X.US.1.FSGOV,BGD,1992,249.0756378173828,,
X.US.1.FSGOV,BGD,1993,288.4084777832031,,
X.US.1.FSGOV,BGD,1997,465.1589050292969,,
X.US.1.FSGOV,BGD,1999,474.0088195800781,,
X.US.1.FSGOV,BGD,2000,506.5307922363281,,
X.US.1.FSGOV,BGD,2002,491.2342529296875,,
X.US.1.FSGOV,BGD,2003,514.452392578125,,
X.US.1.FSGOV,BGD,2004,466.7184753417969,,
X.US.1.FSGOV,BGD,2006,621.271240234375,,
X.US.1.FSGOV,BGD,2007,731.283935546875,,
X.US.1.FSGOV,BGD,2008,740.875244140625,,
X.US.1.FSGOV,BGD,2009,794.919189453125,,
X.US.1.FSGOV,BGD,2011,1158.85546875,,
X.US.1.FSGOV,BGD,2012,1247.926025390625,,
X.US.2.FSGOV,BGD,2011,430.580078125,,
X.US.2.FSGOV,BGD,2012,467.5172729492188,,
X.US.2.FSGOV,BGD,2016,817.2362060546875,,
X.US.2.FSGOV,BGD,2019,988.9388427734375,,
X.US.2.FSGOV,BGD,2020,947.4088134765625,,
X.US.2T3.FSGOV,BGD,1979,34.71123886108398,,
X.US.2T3.FSGOV,BGD,1980,35.24296951293945,,
X.US.2T3.FSGOV,BGD,1981,65.76233673095703,,
X.US.2T3.FSGOV,BGD,1982,73.37001037597656,,
X.US.2T3.FSGOV,BGD,1983,69.07763671875,,
X.US.2T3.FSGOV,BGD,1984,88.00871276855469,,
X.US.2T3.FSGOV,BGD,1985,88.12828063964844,,
X.US.2T3.FSGOV,BGD,1986,103.0769195556641,,
X.US.2T3.FSGOV,BGD,1987,151.7328033447266,,
X.US.2T3.FSGOV,BGD,1990,169.4080963134766,,
X.US.2T3.FSGOV,BGD,1991,175.7750549316406,,
X.US.2T3.FSGOV,BGD,1992,162.0448150634766,,
X.US.2T3.FSGOV,BGD,1993,200.0795745849609,,
X.US.2T3.FSGOV,BGD,1997,398.5819091796875,,
X.US.2T3.FSGOV,BGD,1999,403.5342102050781,,UIS_EST
X.US.2T3.FSGOV,BGD,2000,393.3860168457031,,UIS_EST
X.US.2T3.FSGOV,BGD,2002,476.5381774902344,,
X.US.2T3.FSGOV,BGD,2003,514.83544921875,,
X.US.2T3.FSGOV,BGD,2004,565.7340087890625,,
X.US.2T3.FSGOV,BGD,2006,642.9725952148438,,
X.US.2T3.FSGOV,BGD,2007,644.80224609375,,
X.US.2T3.FSGOV,BGD,2008,647.5942993164063,,
X.US.2T3.FSGOV,BGD,2009,714.546875,,
X.US.2T3.FSGOV,BGD,2010,999.7940673828125,,
X.US.2T3.FSGOV,BGD,2011,1011.540771484375,,
X.US.2T3.FSGOV,BGD,2012,1093.938110351563,,
X.US.2T3.FSGOV,BGD,2016,2187.005615234375,,
X.US.2T3.FSGOV,BGD,2019,2291.204833984375,,
X.US.2T3.FSGOV,BGD,2020,2205.820068359375,,
X.US.3.FSGOV,BGD,2011,580.960693359375,,
X.US.3.FSGOV,BGD,2012,626.4208374023438,,
X.US.3.FSGOV,BGD,2016,1369.769287109375,,
X.US.3.FSGOV,BGD,2019,1302.265991210938,,
X.US.3.FSGOV,BGD,2020,1258.411254882813,,
X.US.4.FSGOV,BGD,1999,1.779250025749207,,UIS_EST
X.US.4.FSGOV,BGD,2000,1.747089982032776,,UIS_EST
X.US.4.FSGOV,BGD,2001,2.20632004737854,,UIS_EST
X.US.4.FSGOV,BGD,2002,0,NIL,
X.US.4.FSGOV,BGD,2003,0,NIL,
X.US.4.FSGOV,BGD,2004,0,NIL,
X.US.4.FSGOV,BGD,2006,25.06884002685547,,
X.US.4.FSGOV,BGD,2007,23.69688034057617,,
X.US.4.FSGOV,BGD,2008,30.23448944091797,,
X.US.4.FSGOV,BGD,2009,27.81109046936035,,
X.US.4.FSGOV,BGD,2010,37.33784866333008,,
X.US.4.FSGOV,BGD,2011,35.02399826049805,,
X.US.4.FSGOV,BGD,2012,43.77091979980469,,
X.US.4.FSGOV,BGD,2016,81.40194702148438,,
X.US.4.FSGOV,BGD,2019,92.46224212646484,,
X.US.4.FSGOV,BGD,2020,92.69431304931641,,
X.US.5T8.FSGOV,BGD,1979,33.24708938598633,,
X.US.5T8.FSGOV,BGD,1980,31.97134971618652,,
X.US.5T8.FSGOV,BGD,1981,30.81394958496094,,
X.US.5T8.FSGOV,BGD,1982,26.08267974853516,,
X.US.5T8.FSGOV,BGD,1983,22.09641075134277,,
X.US.5T8.FSGOV,BGD,1984,24.73905944824219,,
X.US.5T8.FSGOV,BGD,1985,25.44108009338379,,
X.US.5T8.FSGOV,BGD,1986,28.80768966674805,,
X.US.5T8.FSGOV,BGD,1987,30.56800079345703,,
X.US.5T8.FSGOV,BGD,1990,36.04362106323242,,
X.US.5T8.FSGOV,BGD,1991,40.91184997558594,,
X.US.5T8.FSGOV,BGD,1992,51.42856979370117,,
X.US.5T8.FSGOV,BGD,1993,45.64987182617188,,
X.US.5T8.FSGOV,BGD,1997,42.95843887329102,,
X.US.5T8.FSGOV,BGD,1999,116.8502197265625,,
X.US.5T8.FSGOV,BGD,2000,110.2121505737305,,
X.US.5T8.FSGOV,BGD,2001,117.1337738037109,,
X.US.5T8.FSGOV,BGD,2002,121.3120803833008,,
X.US.5T8.FSGOV,BGD,2003,103.1690826416016,,
X.US.5T8.FSGOV,BGD,2004,134.7150268554688,,
X.US.5T8.FSGOV,BGD,2006,191.4244232177734,,
X.US.5T8.FSGOV,BGD,2007,181.3138732910156,,
X.US.5T8.FSGOV,BGD,2008,216.9700927734375,,
X.US.5T8.FSGOV,BGD,2009,239.9508361816406,,
X.US.5T8.FSGOV,BGD,2010,266.8006896972656,,
X.US.5T8.FSGOV,BGD,2011,253.0607452392578,,
X.US.5T8.FSGOV,BGD,2012,412.2230834960938,,
X.US.5T8.FSGOV,BGD,2016,1131.3505859375,,
X.US.5T8.FSGOV,BGD,2019,1250.78759765625,,
X.US.5T8.FSGOV,BGD,2020,1245.449829101563,,
X.US.FSGOV,BGD,1979,150.2081451416016,,
X.US.FSGOV,BGD,1980,145.9421844482422,,
X.US.FSGOV,BGD,1981,194.3497467041016,,
X.US.FSGOV,BGD,1982,204.8541564941406,,
X.US.FSGOV,BGD,1983,191.306884765625,,
X.US.FSGOV,BGD,1984,215.3634338378906,,
X.US.FSGOV,BGD,1985,240.5187683105469,,
X.US.FSGOV,BGD,1986,299.3077087402344,,
X.US.FSGOV,BGD,1987,329.5811157226563,,
X.US.FSGOV,BGD,1990,437.2274475097656,,
X.US.FSGOV,BGD,1991,450.4862976074219,,
X.US.FSGOV,BGD,1992,505.154052734375,,
X.US.FSGOV,BGD,1993,536.7108764648438,,
X.US.FSGOV,BGD,1997,906.6992797851563,,
X.US.FSGOV,BGD,1999,1066.079345703125,,
X.US.FSGOV,BGD,2000,1089.538330078125,,
X.US.FSGOV,BGD,2001,1159.153198242188,,
X.US.FSGOV,BGD,2002,1089.08447265625,,
X.US.FSGOV,BGD,2003,1132.456909179688,,
X.US.FSGOV,BGD,2004,1167.16748046875,,
X.US.FSGOV,BGD,2006,1480.737060546875,,
X.US.FSGOV,BGD,2007,1581.096923828125,,
X.US.FSGOV,BGD,2008,1635.674072265625,,
X.US.FSGOV,BGD,2009,1777.227905273438,,
X.US.FSGOV,BGD,2011,2458.48095703125,,
X.US.FSGOV,BGD,2012,2797.858154296875,,
X.US.FSGOV,BGD,2013,2621.1025390625,,UIS_EST
X.US.FSGOV,BGD,2016,3399.758056640625,,
X.US.FSGOV,BGD,2019,3634.45458984375,,
X.US.UK.FSGOV,BGD,1991,12.06686973571777,,
X.US.UK.FSGOV,BGD,1997,0,NIL,
X.US.UK.FSGOV,BGD,1999,0,NIL,
X.US.UK.FSGOV,BGD,2000,0,NIL,
X.US.UK.FSGOV,BGD,2006,0,NIL,
X.US.UK.FSGOV,BGD,2007,0,NIL,
X.US.UK.FSGOV,BGD,2008,0,NIL,
X.US.UK.FSGOV,BGD,2009,0,NIL,
X.US.UK.FSGOV,BGD,2010,0,NIL,
X.US.UK.FSGOV,BGD,2011,0,NIL,
X.US.UK.FSGOV,BGD,2012,0,NIL,
X.US.UK.FSGOV,BGD,2016,0,NIL,
X.US.UK.FSGOV,BGD,2019,0,NIL,
X.US.UK.FSGOV,BGD,2020,0,NIL,
X.USCONST.02.FSGOV,BGD,1979,0,NIL,
X.USCONST.02.FSGOV,BGD,1980,0,NIL,
X.USCONST.02.FSGOV,BGD,1981,0,NIL,
X.USCONST.02.FSGOV,BGD,1982,0,NIL,
X.USCONST.02.FSGOV,BGD,1983,0,NIL,
X.USCONST.02.FSGOV,BGD,1984,0,NIL,
X.USCONST.02.FSGOV,BGD,1985,0,NIL,
X.USCONST.02.FSGOV,BGD,1986,0,NIL,
X.USCONST.02.FSGOV,BGD,1987,0,NIL,
X.USCONST.02.FSGOV,BGD,1990,0,NIL,
X.USCONST.02.FSGOV,BGD,1991,0,NIL,
X.USCONST.02.FSGOV,BGD,1992,0,NIL,
X.USCONST.02.FSGOV,BGD,1993,0,NIL,
X.USCONST.02.FSGOV,BGD,1999,0,NIL,
X.USCONST.02.FSGOV,BGD,2000,0,NIL,
X.USCONST.02.FSGOV,BGD,2001,0,NIL,
X.USCONST.02.FSGOV,BGD,2002,0,NIL,
X.USCONST.02.FSGOV,BGD,2003,0,NIL,
X.USCONST.02.FSGOV,BGD,2004,0,NIL,
X.USCONST.02.FSGOV,BGD,2006,0,NIL,
X.USCONST.02.FSGOV,BGD,2007,0,NIL,
X.USCONST.02.FSGOV,BGD,2008,0,NIL,
X.USCONST.02.FSGOV,BGD,2009,0,NIL,
X.USCONST.02.FSGOV,BGD,2010,0,NIL,
X.USCONST.02.FSGOV,BGD,2011,0,NIL,
X.USCONST.02.FSGOV,BGD,2012,0,NIL,
X.USCONST.1.FSGOV,BGD,1979,220.8650360107422,,
X.USCONST.1.FSGOV,BGD,1980,201.1069030761719,,
X.USCONST.1.FSGOV,BGD,1981,250.5531616210938,,
X.USCONST.1.FSGOV,BGD,1982,252.4594421386719,,
X.USCONST.1.FSGOV,BGD,1983,300.6839599609375,,
X.USCONST.1.FSGOV,BGD,1984,336.1303405761719,,
X.USCONST.1.FSGOV,BGD,1985,393.2022094726563,,
X.USCONST.1.FSGOV,BGD,1986,437.0466003417969,,
X.USCONST.1.FSGOV,BGD,1987,417.3339538574219,,
X.USCONST.1.FSGOV,BGD,1990,534.0096435546875,,
X.USCONST.1.FSGOV,BGD,1991,558.362548828125,,
X.USCONST.1.FSGOV,BGD,1992,662.51416015625,,
X.USCONST.1.FSGOV,BGD,1993,789.7201538085938,,
X.USCONST.1.FSGOV,BGD,1997,1039.5380859375,,
X.USCONST.1.FSGOV,BGD,1999,1081.590454101563,,
X.USCONST.1.FSGOV,BGD,2000,1179.431884765625,,
X.USCONST.1.FSGOV,BGD,2002,1201.737670898438,,
X.USCONST.1.FSGOV,BGD,2003,1289.2802734375,,
X.USCONST.1.FSGOV,BGD,2004,1114.413452148438,,
X.USCONST.1.FSGOV,BGD,2006,1440.161254882813,,
X.USCONST.1.FSGOV,BGD,2007,1749.867431640625,,
X.USCONST.1.FSGOV,BGD,2008,1711.61181640625,,
X.USCONST.1.FSGOV,BGD,2009,1691.421875,,
X.USCONST.1.FSGOV,BGD,2011,2173.781982421875,,
X.USCONST.1.FSGOV,BGD,2012,2233.841064453125,,
X.USCONST.2.FSGOV,BGD,2011,807.682373046875,,
X.USCONST.2.FSGOV,BGD,2012,836.8759155273438,,
X.USCONST.2.FSGOV,BGD,2016,871.4700317382813,,
X.USCONST.2.FSGOV,BGD,2019,1107.800048828125,,
X.USCONST.2.FSGOV,BGD,2020,1047.559692382813,,
X.USCONST.2T3.FSGOV,BGD,1979,132.8163604736328,,
X.USCONST.2T3.FSGOV,BGD,1980,120.5911178588867,,
X.USCONST.2T3.FSGOV,BGD,1981,194.6861267089844,,
X.USCONST.2T3.FSGOV,BGD,1982,208.6319122314453,,
X.USCONST.2T3.FSGOV,BGD,1983,219.291748046875,,
X.USCONST.2T3.FSGOV,BGD,1984,305.3363037109375,,
X.USCONST.2T3.FSGOV,BGD,1985,298.2212524414063,,
X.USCONST.2T3.FSGOV,BGD,1986,306.1382446289063,,
X.USCONST.2T3.FSGOV,BGD,1987,480.3280334472656,,
X.USCONST.2T3.FSGOV,BGD,1990,443.4179382324219,,
X.USCONST.2T3.FSGOV,BGD,1991,442.6334228515625,,
X.USCONST.2T3.FSGOV,BGD,1992,431.0216369628906,,
X.USCONST.2T3.FSGOV,BGD,1993,547.85791015625,,
X.USCONST.2T3.FSGOV,BGD,1997,890.751708984375,,
X.USCONST.2T3.FSGOV,BGD,1999,920.7819213867188,,UIS_EST
X.USCONST.2T3.FSGOV,BGD,2000,915.9799194335938,,UIS_EST
X.USCONST.2T3.FSGOV,BGD,2002,1165.785766601563,,
X.USCONST.2T3.FSGOV,BGD,2003,1290.240356445313,,
X.USCONST.2T3.FSGOV,BGD,2004,1350.839111328125,,
X.USCONST.2T3.FSGOV,BGD,2006,1490.466918945313,,
X.USCONST.2T3.FSGOV,BGD,2007,1542.927978515625,,
X.USCONST.2T3.FSGOV,BGD,2008,1496.109008789063,,
X.USCONST.2T3.FSGOV,BGD,2009,1520.406372070313,,
X.USCONST.2T3.FSGOV,BGD,2010,1998.333862304688,,
X.USCONST.2T3.FSGOV,BGD,2011,1897.44873046875,,
X.USCONST.2T3.FSGOV,BGD,2012,1958.196044921875,,
X.USCONST.2T3.FSGOV,BGD,2016,2332.140625,,
X.USCONST.2T3.FSGOV,BGD,2019,2566.586181640625,,
X.USCONST.2T3.FSGOV,BGD,2020,2438.998046875,,
X.USCONST.3.FSGOV,BGD,2011,1089.766357421875,,
X.USCONST.3.FSGOV,BGD,2012,1121.320190429688,,
X.USCONST.3.FSGOV,BGD,2016,1460.670532226563,,
X.USCONST.3.FSGOV,BGD,2019,1458.786254882813,,
X.USCONST.3.FSGOV,BGD,2020,1391.438354492188,,
X.USCONST.4.FSGOV,BGD,1999,4.059869766235352,,UIS_EST
X.USCONST.4.FSGOV,BGD,2000,4.068009853363037,,UIS_EST
X.USCONST.4.FSGOV,BGD,2001,5.196479797363281,,UIS_EST
X.USCONST.4.FSGOV,BGD,2002,0,NIL,
X.USCONST.4.FSGOV,BGD,2003,0,NIL,
X.USCONST.4.FSGOV,BGD,2004,0,NIL,
X.USCONST.4.FSGOV,BGD,2006,58.11177062988281,,
X.USCONST.4.FSGOV,BGD,2007,56.70355987548828,,
X.USCONST.4.FSGOV,BGD,2008,69.84941864013672,,
X.USCONST.4.FSGOV,BGD,2009,59.17618942260742,,
X.USCONST.4.FSGOV,BGD,2010,74.62886810302734,,
X.USCONST.4.FSGOV,BGD,2011,65.69802856445313,,
X.USCONST.4.FSGOV,BGD,2012,78.35182189941406,,
X.USCONST.4.FSGOV,BGD,2016,86.80399322509766,,
X.USCONST.4.FSGOV,BGD,2019,103.5753402709961,,
X.USCONST.4.FSGOV,BGD,2020,102.4930572509766,,
X.USCONST.5T8.FSGOV,BGD,1979,127.2140502929688,,
X.USCONST.5T8.FSGOV,BGD,1980,109.396598815918,,
X.USCONST.5T8.FSGOV,BGD,1981,91.22318267822266,,
X.USCONST.5T8.FSGOV,BGD,1982,74.16763305664063,,
X.USCONST.5T8.FSGOV,BGD,1983,70.14656829833984,,
X.USCONST.5T8.FSGOV,BGD,1984,85.82936859130859,,
X.USCONST.5T8.FSGOV,BGD,1985,86.09120178222656,,
X.USCONST.5T8.FSGOV,BGD,1986,85.55879211425781,,
X.USCONST.5T8.FSGOV,BGD,1987,96.7666015625,,
X.USCONST.5T8.FSGOV,BGD,1990,94.34250640869141,,
X.USCONST.5T8.FSGOV,BGD,1991,103.0234527587891,,
X.USCONST.5T8.FSGOV,BGD,1992,136.7944183349609,,
X.USCONST.5T8.FSGOV,BGD,1993,124.9984817504883,,
X.USCONST.5T8.FSGOV,BGD,1997,96.00360107421875,,
X.USCONST.5T8.FSGOV,BGD,1999,266.6281433105469,,
X.USCONST.5T8.FSGOV,BGD,2000,256.62353515625,,
X.USCONST.5T8.FSGOV,BGD,2001,275.8814697265625,,
X.USCONST.5T8.FSGOV,BGD,2002,296.7734680175781,,
X.USCONST.5T8.FSGOV,BGD,2003,258.5542602539063,,
X.USCONST.5T8.FSGOV,BGD,2004,321.6676330566406,,
X.USCONST.5T8.FSGOV,BGD,2006,443.7385864257813,,
X.USCONST.5T8.FSGOV,BGD,2007,433.8605651855469,,
X.USCONST.5T8.FSGOV,BGD,2008,501.2565612792969,,
X.USCONST.5T8.FSGOV,BGD,2009,510.5652465820313,,
X.USCONST.5T8.FSGOV,BGD,2010,533.2666625976563,,
X.USCONST.5T8.FSGOV,BGD,2011,474.6914978027344,,
X.USCONST.5T8.FSGOV,BGD,2012,737.8969116210938,,
X.USCONST.5T8.FSGOV,BGD,2016,1206.429809570313,,
X.USCONST.5T8.FSGOV,BGD,2019,1401.12060546875,,
X.USCONST.5T8.FSGOV,BGD,2020,1377.106811523438,,
X.USCONST.FSGOV,BGD,1979,574.7445678710938,,
X.USCONST.FSGOV,BGD,1980,499.3713684082031,,
X.USCONST.FSGOV,BGD,1981,575.3627319335938,,
X.USCONST.FSGOV,BGD,1982,582.5147705078125,,
X.USCONST.FSGOV,BGD,1983,607.31689453125,,
X.USCONST.FSGOV,BGD,1984,747.1791381835938,,
X.USCONST.FSGOV,BGD,1985,813.9022216796875,,
X.USCONST.FSGOV,BGD,1986,888.9432373046875,,
X.USCONST.FSGOV,BGD,1987,1043.327880859375,,
X.USCONST.FSGOV,BGD,1990,1144.4228515625,,
X.USCONST.FSGOV,BGD,1991,1134.406005859375,,
X.USCONST.FSGOV,BGD,1992,1343.655029296875,,
X.USCONST.FSGOV,BGD,1993,1469.621826171875,,
X.USCONST.FSGOV,BGD,1997,2026.29345703125,,
X.USCONST.FSGOV,BGD,1999,2432.5732421875,,
X.USCONST.FSGOV,BGD,2000,2536.93603515625,,
X.USCONST.FSGOV,BGD,2001,2730.116943359375,,
X.USCONST.FSGOV,BGD,2002,2664.296875,,
X.USCONST.FSGOV,BGD,2003,2838.074951171875,,
X.USCONST.FSGOV,BGD,2004,2786.920166015625,,
X.USCONST.FSGOV,BGD,2006,3432.478515625,,
X.USCONST.FSGOV,BGD,2007,3783.359619140625,,
X.USCONST.FSGOV,BGD,2008,3778.826904296875,,
X.USCONST.FSGOV,BGD,2009,3781.569580078125,,
X.USCONST.FSGOV,BGD,2011,4611.6201171875,,
X.USCONST.FSGOV,BGD,2012,5008.28564453125,,
X.USCONST.FSGOV,BGD,2013,4821.50830078125,,UIS_EST
X.USCONST.FSGOV,BGD,2016,3625.37451171875,,
X.USCONST.FSGOV,BGD,2019,4071.2822265625,,
X.USCONST.UK.FSGOV,BGD,1991,30.38656044006348,,
X.USCONST.UK.FSGOV,BGD,1997,0,NIL,
X.USCONST.UK.FSGOV,BGD,1999,0,NIL,
X.USCONST.UK.FSGOV,BGD,2000,0,NIL,
X.USCONST.UK.FSGOV,BGD,2006,0,NIL,
X.USCONST.UK.FSGOV,BGD,2007,0,NIL,
X.USCONST.UK.FSGOV,BGD,2008,0,NIL,
X.USCONST.UK.FSGOV,BGD,2009,0,NIL,
X.USCONST.UK.FSGOV,BGD,2010,0,NIL,
X.USCONST.UK.FSGOV,BGD,2011,0,NIL,
X.USCONST.UK.FSGOV,BGD,2012,0,NIL,
X.USCONST.UK.FSGOV,BGD,2016,0,NIL,
X.USCONST.UK.FSGOV,BGD,2019,0,NIL,
X.USCONST.UK.FSGOV,BGD,2020,0,NIL,
XGDP.02.FSGOV,BGD,1979,0,NIL,
XGDP.02.FSGOV,BGD,1980,0,NIL,
XGDP.02.FSGOV,BGD,1981,0,NIL,
XGDP.02.FSGOV,BGD,1982,0,NIL,
XGDP.02.FSGOV,BGD,1983,0,NIL,
XGDP.02.FSGOV,BGD,1984,0,NIL,
XGDP.02.FSGOV,BGD,1985,0,NIL,
XGDP.02.FSGOV,BGD,1986,0,NIL,
XGDP.02.FSGOV,BGD,1987,0,NIL,
XGDP.02.FSGOV,BGD,1990,0,NIL,
XGDP.02.FSGOV,BGD,1991,0,NIL,
XGDP.02.FSGOV,BGD,1992,0,NIL,
XGDP.02.FSGOV,BGD,1993,0,NIL,
XGDP.02.FSGOV,BGD,1999,0,NIL,
XGDP.02.FSGOV,BGD,2000,0,NIL,
XGDP.02.FSGOV,BGD,2001,0,NIL,
XGDP.02.FSGOV,BGD,2002,0,NIL,
XGDP.02.FSGOV,BGD,2003,0,NIL,
XGDP.02.FSGOV,BGD,2004,0,NIL,
XGDP.02.FSGOV,BGD,2006,0,NIL,
XGDP.02.FSGOV,BGD,2007,0,NIL,
XGDP.02.FSGOV,BGD,2008,0,NIL,
XGDP.02.FSGOV,BGD,2009,0,NIL,
XGDP.02.FSGOV,BGD,2010,0,NIL,
XGDP.02.FSGOV,BGD,2011,0,NIL,
XGDP.02.FSGOV,BGD,2012,0,NIL,
XGDP.1.FSGOV,BGD,1979,.4345999956130981,,
XGDP.1.FSGOV,BGD,1980,.377590000629425,,
XGDP.1.FSGOV,BGD,1981,.4666100144386292,,
XGDP.1.FSGOV,BGD,1982,.4384399950504303,,
XGDP.1.FSGOV,BGD,1983,.5112800002098083,,
XGDP.1.FSGOV,BGD,1984,.5501999855041504,,
XGDP.1.FSGOV,BGD,1985,.6141200065612793,,
XGDP.1.FSGOV,BGD,1986,.6605200171470642,,
XGDP.1.FSGOV,BGD,1987,.605459988117218,,
XGDP.1.FSGOV,BGD,1990,.7088500261306763,,
XGDP.1.FSGOV,BGD,1991,.7017199993133545,,
XGDP.1.FSGOV,BGD,1992,.8045700192451477,,
XGDP.1.FSGOV,BGD,1993,.9095500111579895,,
XGDP.1.FSGOV,BGD,1997,1.001670002937317,,
XGDP.1.FSGOV,BGD,1999,.9483100175857544,,
XGDP.1.FSGOV,BGD,2000,.9879599809646606,,
XGDP.1.FSGOV,BGD,2002,.9098399877548218,,
XGDP.1.FSGOV,BGD,2003,.940090000629425,,
XGDP.1.FSGOV,BGD,2004,.7758100032806396,,
XGDP.1.FSGOV,BGD,2006,.8942199945449829,,
XGDP.1.FSGOV,BGD,2007,1.01856005191803,,
XGDP.1.FSGOV,BGD,2008,.9306100010871887,,
XGDP.1.FSGOV,BGD,2009,.8674700260162354,,
XGDP.1.FSGOV,BGD,2011,1.005290031433105,,
XGDP.1.FSGOV,BGD,2012,.9703400135040283,,
XGDP.2.FSGOV,BGD,2011,.3735199868679047,,
XGDP.2.FSGOV,BGD,2012,.3635199964046478,,
XGDP.2.FSGOV,BGD,2016,.3081299960613251,,
XGDP.2.FSGOV,BGD,2019,.3077299892902374,,
XGDP.2.FSGOV,BGD,2020,.2697399854660034,,
XGDP.2T3.FSGOV,BGD,1979,.261350005865097,,
XGDP.2T3.FSGOV,BGD,1980,.2264200001955032,,
XGDP.2T3.FSGOV,BGD,1981,.3625699877738953,,
XGDP.2T3.FSGOV,BGD,1982,.3623299896717072,,
XGDP.2T3.FSGOV,BGD,1983,.3728800117969513,,
XGDP.2T3.FSGOV,BGD,1984,.4997900128364563,,
XGDP.2T3.FSGOV,BGD,1985,.4657700061798096,,
XGDP.2T3.FSGOV,BGD,1986,.4626800119876862,,
XGDP.2T3.FSGOV,BGD,1987,.6968500018119812,,
XGDP.2T3.FSGOV,BGD,1990,.5885999798774719,,
XGDP.2T3.FSGOV,BGD,1991,.5562800168991089,,
XGDP.2T3.FSGOV,BGD,1992,.5234400033950806,,
XGDP.2T3.FSGOV,BGD,1993,.6309900283813477,,
XGDP.2T3.FSGOV,BGD,1997,.8582999706268311,,
XGDP.2T3.FSGOV,BGD,1999,.8073199987411499,,UIS_EST
XGDP.2T3.FSGOV,BGD,2000,.767270028591156,,UIS_EST
XGDP.2T3.FSGOV,BGD,2002,.8826199769973755,,
XGDP.2T3.FSGOV,BGD,2003,.9407899975776672,,
XGDP.2T3.FSGOV,BGD,2004,.9404000043869019,,
XGDP.2T3.FSGOV,BGD,2006,.9254599809646606,,
XGDP.2T3.FSGOV,BGD,2007,.8981099724769592,,
XGDP.2T3.FSGOV,BGD,2008,.8134400248527527,,
XGDP.2T3.FSGOV,BGD,2009,.7797600030899048,,
XGDP.2T3.FSGOV,BGD,2010,.9756500124931335,,
XGDP.2T3.FSGOV,BGD,2011,.8774999976158142,,
XGDP.2T3.FSGOV,BGD,2012,.850600004196167,,
XGDP.2T3.FSGOV,BGD,2016,.8245900273323059,,
XGDP.2T3.FSGOV,BGD,2019,.7129600048065186,,
XGDP.2T3.FSGOV,BGD,2020,.6280199885368347,,
XGDP.3.FSGOV,BGD,2011,.5039799809455872,,
XGDP.3.FSGOV,BGD,2012,.4870800077915192,,
XGDP.3.FSGOV,BGD,2016,.5164600014686584,,
XGDP.3.FSGOV,BGD,2019,.4052299857139587,,
XGDP.3.FSGOV,BGD,2020,.3582899868488312,,
XGDP.4.FSGOV,BGD,1999,.0035600000992417,,UIS_EST
XGDP.4.FSGOV,BGD,2000,.0034099998883903,,UIS_EST
XGDP.4.FSGOV,BGD,2001,.0041299997828901,,UIS_EST
XGDP.4.FSGOV,BGD,2002,0,NIL,
XGDP.4.FSGOV,BGD,2003,0,NIL,
XGDP.4.FSGOV,BGD,2004,0,NIL,
XGDP.4.FSGOV,BGD,2006,.0360799990594387,,
XGDP.4.FSGOV,BGD,2007,.0330099985003471,,
XGDP.4.FSGOV,BGD,2008,.0379800014197826,,
XGDP.4.FSGOV,BGD,2009,.030349999666214,,
XGDP.4.FSGOV,BGD,2010,.0364399999380112,,
XGDP.4.FSGOV,BGD,2011,.0303799994289875,,
XGDP.4.FSGOV,BGD,2012,.0340300016105175,,
XGDP.4.FSGOV,BGD,2016,.030689999461174,,
XGDP.4.FSGOV,BGD,2019,.0287699997425079,,
XGDP.4.FSGOV,BGD,2020,.0263899993151426,,
XGDP.5T8.FSGOV,BGD,1979,.2503199875354767,,
XGDP.5T8.FSGOV,BGD,1980,.2054000049829483,,
XGDP.5T8.FSGOV,BGD,1981,.1698900014162064,,
XGDP.5T8.FSGOV,BGD,1982,.1288100033998489,,
XGDP.5T8.FSGOV,BGD,1983,.1192800030112267,,
XGDP.5T8.FSGOV,BGD,1984,.1404899954795837,,
XGDP.5T8.FSGOV,BGD,1985,.1344600021839142,,
XGDP.5T8.FSGOV,BGD,1986,.1293099969625473,,
XGDP.5T8.FSGOV,BGD,1987,.1403899937868118,,
XGDP.5T8.FSGOV,BGD,1990,.125229999423027,,
XGDP.5T8.FSGOV,BGD,1991,.1294700056314468,,
XGDP.5T8.FSGOV,BGD,1992,.166130006313324,,
XGDP.5T8.FSGOV,BGD,1993,.1439699977636337,,
XGDP.5T8.FSGOV,BGD,1997,.092509999871254,,
XGDP.5T8.FSGOV,BGD,1999,.2337699979543686,,
XGDP.5T8.FSGOV,BGD,2000,.2149599939584732,,
XGDP.5T8.FSGOV,BGD,2001,.2194799929857254,,
XGDP.5T8.FSGOV,BGD,2002,.2246900051832199,,
XGDP.5T8.FSGOV,BGD,2003,.1885299980640411,,
XGDP.5T8.FSGOV,BGD,2004,.2239300012588501,,
XGDP.5T8.FSGOV,BGD,2006,.2755300104618073,,
XGDP.5T8.FSGOV,BGD,2007,.2525399923324585,,
XGDP.5T8.FSGOV,BGD,2008,.2725400030612946,,
XGDP.5T8.FSGOV,BGD,2009,.2618499994277954,,
XGDP.5T8.FSGOV,BGD,2010,.2603600025177002,,
XGDP.5T8.FSGOV,BGD,2011,.219530001282692,,
XGDP.5T8.FSGOV,BGD,2012,.3205299973487854,,
XGDP.5T8.FSGOV,BGD,2016,.4265600144863129,,
XGDP.5T8.FSGOV,BGD,2019,.3892099857330322,,
XGDP.5T8.FSGOV,BGD,2020,.3545899987220764,,
XSPENDP.02.FDPUB.FNCAP,BGD,2007,0,NIL,
XSPENDP.02.FDPUB.FNCAP,BGD,2008,0,NIL,
XSPENDP.02.FDPUB.FNCAP,BGD,2009,0,NIL,
XSPENDP.02.FDPUB.FNTS,BGD,2008,0,NIL,
XSPENDP.02.FDPUB.FNTS,BGD,2009,0,NIL,
XSPENDP.1.FDPUB.FNCAP,BGD,2007,21.38616943359375,,
XSPENDP.1.FDPUB.FNCAP,BGD,2008,22.55831909179688,,
XSPENDP.1.FDPUB.FNCAP,BGD,2009,21.55013084411621,,
XSPENDP.1.FDPUB.FNCAP,BGD,2011,0,NIL,
XSPENDP.1.FDPUB.FNCAP,BGD,2012,0,NIL,
XSPENDP.1.FDPUB.FNCUR,BGD,2007,78.61383056640625,,
XSPENDP.1.FDPUB.FNCUR,BGD,2008,77.44168090820313,,
XSPENDP.1.FDPUB.FNCUR,BGD,2009,78.44986724853516,,
XSPENDP.1.FDPUB.FNCUR,BGD,2011,100,,
XSPENDP.1.FDPUB.FNCUR,BGD,2012,100,,
XSPENDP.1.FDPUB.FNNONS,BGD,2008,18.0280704498291,,
XSPENDP.1.FDPUB.FNNONS,BGD,2009,25.06291007995605,,
XSPENDP.1.FDPUB.FNNONS,BGD,2011,3.579540014266968,,
XSPENDP.1.FDPUB.FNNONS,BGD,2012,2.955739974975586,,
XSPENDP.1.FDPUB.FNNTS,BGD,2008,5.049210071563721,,
XSPENDP.1.FDPUB.FNNTS,BGD,2009,2.751699924468994,,
XSPENDP.1.FDPUB.FNNTS,BGD,2011,14.50356960296631,,
XSPENDP.1.FDPUB.FNS,BGD,2008,59.41361999511719,,
XSPENDP.1.FDPUB.FNS,BGD,2009,53.38695907592773,,
XSPENDP.1.FDPUB.FNS,BGD,2011,96.42046356201172,,
XSPENDP.1.FDPUB.FNS,BGD,2012,97.04425811767578,,
XSPENDP.1.FDPUB.FNTS,BGD,2008,54.36439895629883,,
XSPENDP.1.FDPUB.FNTS,BGD,2009,50.63526153564453,,
XSPENDP.1.FDPUB.FNTS,BGD,2011,81.91689300537109,,
XSPENDP.2.FDPUB.FNCAP,BGD,2011,1.811869978904724,,
XSPENDP.2.FDPUB.FNCAP,BGD,2012,1.617419958114624,,
XSPENDP.2.FDPUB.FNCAP,BGD,2016,27.66898918151855,,
XSPENDP.2.FDPUB.FNCAP,BGD,2019,39.98490905761719,,
XSPENDP.2.FDPUB.FNCAP,BGD,2020,39.85451889038086,,
XSPENDP.2.FDPUB.FNCUR,BGD,2011,98.18813323974609,,
XSPENDP.2.FDPUB.FNCUR,BGD,2012,98.38258361816406,,
XSPENDP.2.FDPUB.FNCUR,BGD,2016,72.33100891113281,,
XSPENDP.2.FDPUB.FNCUR,BGD,2019,60.01509094238281,,
XSPENDP.2.FDPUB.FNCUR,BGD,2020,60.14548110961914,,
XSPENDP.2.FDPUB.FNNONS,BGD,2011,3.833319902420044,,
XSPENDP.2.FDPUB.FNNONS,BGD,2012,3.46655011177063,,
XSPENDP.2.FDPUB.FNNONS,BGD,2016,33.33406066894531,,
XSPENDP.2.FDPUB.FNNONS,BGD,2019,29.86543083190918,,
XSPENDP.2.FDPUB.FNNONS,BGD,2020,30.27836036682129,,
XSPENDP.2.FDPUB.FNNTS,BGD,2011,14.19283962249756,,
XSPENDP.2.FDPUB.FNNTS,BGD,2016,8.722990036010742,,
XSPENDP.2.FDPUB.FNNTS,BGD,2019,7.028140068054199,,
XSPENDP.2.FDPUB.FNNTS,BGD,2020,7.004209995269775,,
XSPENDP.2.FDPUB.FNS,BGD,2011,94.35479736328125,,
XSPENDP.2.FDPUB.FNS,BGD,2012,94.91603088378906,,
XSPENDP.2.FDPUB.FNS,BGD,2016,38.9969482421875,,
XSPENDP.2.FDPUB.FNS,BGD,2019,30.14966011047363,,
XSPENDP.2.FDPUB.FNS,BGD,2020,29.86712074279785,,
XSPENDP.2.FDPUB.FNTS,BGD,2011,80.16195678710938,,
XSPENDP.2.FDPUB.FNTS,BGD,2016,30.27396011352539,,
XSPENDP.2.FDPUB.FNTS,BGD,2019,23.12151908874512,,
XSPENDP.2.FDPUB.FNTS,BGD,2020,22.8629093170166,,
XSPENDP.2T3.FDPUB.FNBOOKS,BGD,2010,20.1348705291748,,
XSPENDP.2T3.FDPUB.FNBOOKS,BGD,2016,.7160500288009644,,
XSPENDP.2T3.FDPUB.FNBOOKS,BGD,2019,1.141260027885437,,
XSPENDP.2T3.FDPUB.FNBOOKS,BGD,2020,1.139109969139099,,
XSPENDP.2T3.FDPUB.FNCAP,BGD,2007,2.125459909439087,,
XSPENDP.2T3.FDPUB.FNCAP,BGD,2008,9.857769966125488,,
XSPENDP.2T3.FDPUB.FNCAP,BGD,2009,9.864520072937012,,
XSPENDP.2T3.FDPUB.FNCAP,BGD,2010,9.890819549560547,,
XSPENDP.2T3.FDPUB.FNCAP,BGD,2011,1.706200003623962,,
XSPENDP.2T3.FDPUB.FNCAP,BGD,2012,1.840829968452454,,
XSPENDP.2T3.FDPUB.FNCAP,BGD,2016,27.17847061157227,,
XSPENDP.2T3.FDPUB.FNCAP,BGD,2019,43.50075149536133,,
XSPENDP.2T3.FDPUB.FNCAP,BGD,2020,42.83287048339844,,
XSPENDP.2T3.FDPUB.FNCUR,BGD,2007,97.87454223632813,,
XSPENDP.2T3.FDPUB.FNCUR,BGD,2008,90.14222717285156,,
XSPENDP.2T3.FDPUB.FNCUR,BGD,2009,90.13548278808594,,
XSPENDP.2T3.FDPUB.FNCUR,BGD,2010,90.10917663574219,,
XSPENDP.2T3.FDPUB.FNCUR,BGD,2011,98.29380035400391,,
XSPENDP.2T3.FDPUB.FNCUR,BGD,2012,98.15917205810547,,
XSPENDP.2T3.FDPUB.FNCUR,BGD,2016,72.821533203125,,
XSPENDP.2T3.FDPUB.FNCUR,BGD,2019,56.49924850463867,,
XSPENDP.2T3.FDPUB.FNCUR,BGD,2020,57.16712951660156,,
XSPENDP.2T3.FDPUB.FNNONS,BGD,2008,16.00321960449219,,
XSPENDP.2T3.FDPUB.FNNONS,BGD,2009,17.01752090454102,,
XSPENDP.2T3.FDPUB.FNNONS,BGD,2010,20.1348705291748,,
XSPENDP.2T3.FDPUB.FNNONS,BGD,2011,4.352499961853027,,
XSPENDP.2T3.FDPUB.FNNONS,BGD,2012,4.484990119934082,,
XSPENDP.2T3.FDPUB.FNNONS,BGD,2016,32.90933990478516,,
XSPENDP.2T3.FDPUB.FNNONS,BGD,2019,32.91962814331055,,
XSPENDP.2T3.FDPUB.FNNONS,BGD,2020,33.79378890991211,,
XSPENDP.2T3.FDPUB.FNNTS,BGD,2008,16.27426910400391,,
XSPENDP.2T3.FDPUB.FNNTS,BGD,2009,17.15645980834961,,
XSPENDP.2T3.FDPUB.FNNTS,BGD,2010,10.00321006774902,,
XSPENDP.2T3.FDPUB.FNNTS,BGD,2011,14.13064002990723,,
XSPENDP.2T3.FDPUB.FNNTS,BGD,2016,8.398670196533203,,
XSPENDP.2T3.FDPUB.FNNTS,BGD,2019,4.961830139160156,,
XSPENDP.2T3.FDPUB.FNNTS,BGD,2020,4.930220127105713,,
XSPENDP.2T3.FDPUB.FNS,BGD,2008,74.13900756835938,,
XSPENDP.2T3.FDPUB.FNS,BGD,2009,73.11797332763672,,
XSPENDP.2T3.FDPUB.FNS,BGD,2010,69.97431182861328,,
XSPENDP.2T3.FDPUB.FNS,BGD,2011,93.94129180908203,,
XSPENDP.2T3.FDPUB.FNS,BGD,2012,93.67418670654297,,
XSPENDP.2T3.FDPUB.FNS,BGD,2016,39.91218185424805,,
XSPENDP.2T3.FDPUB.FNS,BGD,2019,23.57962036132813,,
XSPENDP.2T3.FDPUB.FNS,BGD,2020,23.37334060668945,,
XSPENDP.2T3.FDPUB.FNTS,BGD,2008,57.86473846435547,,
XSPENDP.2T3.FDPUB.FNTS,BGD,2009,55.96149826049805,,
XSPENDP.2T3.FDPUB.FNTS,BGD,2010,59.97109985351563,,
XSPENDP.2T3.FDPUB.FNTS,BGD,2011,79.81065368652344,,
XSPENDP.2T3.FDPUB.FNTS,BGD,2016,31.51350975036621,,
XSPENDP.2T3.FDPUB.FNTS,BGD,2019,18.6177806854248,,
XSPENDP.2T3.FDPUB.FNTS,BGD,2020,18.44311904907227,,
XSPENDP.3.FDPUB.FNCAP,BGD,2011,1.685160040855408,,
XSPENDP.3.FDPUB.FNCAP,BGD,2012,1.888159990310669,,
XSPENDP.3.FDPUB.FNCAP,BGD,2016,26.89254951477051,,
XSPENDP.3.FDPUB.FNCAP,BGD,2019,45.92238998413086,,
XSPENDP.3.FDPUB.FNCAP,BGD,2020,44.84262084960938,,
XSPENDP.3.FDPUB.FNCUR,BGD,2011,98.31484222412109,,
XSPENDP.3.FDPUB.FNCUR,BGD,2012,98.11181640625,,
XSPENDP.3.FDPUB.FNCUR,BGD,2016,73.10745239257813,,
XSPENDP.3.FDPUB.FNCUR,BGD,2019,54.07761001586914,,
XSPENDP.3.FDPUB.FNCUR,BGD,2020,55.15737915039063,,
XSPENDP.3.FDPUB.FNNONS,BGD,2011,4.45589017868042,,
XSPENDP.3.FDPUB.FNNONS,BGD,2012,4.70074987411499,,
XSPENDP.3.FDPUB.FNNONS,BGD,2016,32.66178131103516,,
XSPENDP.3.FDPUB.FNNONS,BGD,2019,35.02330017089844,,
XSPENDP.3.FDPUB.FNNONS,BGD,2020,36.16595077514648,,
XSPENDP.3.FDPUB.FNNTS,BGD,2011,14.11826038360596,,
XSPENDP.3.FDPUB.FNNTS,BGD,2016,8.209630012512207,,
XSPENDP.3.FDPUB.FNNTS,BGD,2019,3.538599967956543,,
XSPENDP.3.FDPUB.FNNTS,BGD,2020,3.530719995498657,,
XSPENDP.3.FDPUB.FNS,BGD,2011,93.85894775390625,,
XSPENDP.3.FDPUB.FNS,BGD,2012,93.41107940673828,,
XSPENDP.3.FDPUB.FNS,BGD,2016,40.44565963745117,,
XSPENDP.3.FDPUB.FNS,BGD,2019,19.05430030822754,,
XSPENDP.3.FDPUB.FNS,BGD,2020,18.99143028259277,,
XSPENDP.3.FDPUB.FNTS,BGD,2011,79.74069213867188,,
XSPENDP.3.FDPUB.FNTS,BGD,2016,32.23603057861328,,
XSPENDP.3.FDPUB.FNTS,BGD,2019,15.515700340271,,
XSPENDP.3.FDPUB.FNTS,BGD,2020,15.46070957183838,,
XSPENDP.4.FDPUB.FNCAP,BGD,2007,43.84421920776367,,
XSPENDP.4.FDPUB.FNCAP,BGD,2008,44.25286865234375,,
XSPENDP.4.FDPUB.FNCAP,BGD,2009,47.01258087158203,,
XSPENDP.4.FDPUB.FNCAP,BGD,2010,43.99420928955078,,
XSPENDP.4.FDPUB.FNCAP,BGD,2011,7.408899784088135,,
XSPENDP.4.FDPUB.FNCAP,BGD,2012,7.624410152435303,,
XSPENDP.4.FDPUB.FNCAP,BGD,2016,12.40386962890625,,
XSPENDP.4.FDPUB.FNCAP,BGD,2019,27.51641082763672,,
XSPENDP.4.FDPUB.FNCAP,BGD,2020,27.34948921203613,,
XSPENDP.4.FDPUB.FNCUR,BGD,2007,56.15578079223633,,
XSPENDP.4.FDPUB.FNCUR,BGD,2008,55.74713134765625,,
XSPENDP.4.FDPUB.FNCUR,BGD,2009,52.98741912841797,,
XSPENDP.4.FDPUB.FNCUR,BGD,2010,56.00579071044922,,
XSPENDP.4.FDPUB.FNCUR,BGD,2011,92.59110260009766,,
XSPENDP.4.FDPUB.FNCUR,BGD,2012,92.37558746337891,,
XSPENDP.4.FDPUB.FNCUR,BGD,2016,87.59613037109375,,
XSPENDP.4.FDPUB.FNCUR,BGD,2019,72.48358917236328,,
XSPENDP.4.FDPUB.FNCUR,BGD,2020,72.6505126953125,,
XSPENDP.4.FDPUB.FNNONS,BGD,2008,32.80651092529297,,
XSPENDP.4.FDPUB.FNNONS,BGD,2009,17.08595085144043,,
XSPENDP.4.FDPUB.FNNONS,BGD,2010,21.85239028930664,,
XSPENDP.4.FDPUB.FNNONS,BGD,2011,33.4505615234375,,
XSPENDP.4.FDPUB.FNNONS,BGD,2012,33.2782096862793,,
XSPENDP.4.FDPUB.FNNONS,BGD,2016,1.270470023155212,,
XSPENDP.4.FDPUB.FNNONS,BGD,2019,1.79747998714447,,
XSPENDP.4.FDPUB.FNNONS,BGD,2020,1.80511999130249,,
XSPENDP.4.FDPUB.FNNTS,BGD,2008,10.24903964996338,,
XSPENDP.4.FDPUB.FNNTS,BGD,2009,15.40880966186523,,
XSPENDP.4.FDPUB.FNNTS,BGD,2010,14.47177982330322,,
XSPENDP.4.FDPUB.FNNTS,BGD,2011,8.895879745483398,,
XSPENDP.4.FDPUB.FNNTS,BGD,2016,20.75918006896973,,
XSPENDP.4.FDPUB.FNNTS,BGD,2019,16.99824905395508,,
XSPENDP.4.FDPUB.FNNTS,BGD,2020,16.89514923095703,,
XSPENDP.4.FDPUB.FNS,BGD,2008,22.94061088562012,,
XSPENDP.4.FDPUB.FNS,BGD,2009,35.90147018432617,,
XSPENDP.4.FDPUB.FNS,BGD,2010,34.15340042114258,,
XSPENDP.4.FDPUB.FNS,BGD,2011,59.14054107666016,,
XSPENDP.4.FDPUB.FNS,BGD,2012,59.09738159179688,,
XSPENDP.4.FDPUB.FNS,BGD,2016,86.32566833496094,,
XSPENDP.4.FDPUB.FNS,BGD,2019,70.68611907958984,,
XSPENDP.4.FDPUB.FNS,BGD,2020,70.84539031982422,,
XSPENDP.4.FDPUB.FNTS,BGD,2008,12.69157028198242,,
XSPENDP.4.FDPUB.FNTS,BGD,2009,20.49266052246094,,
XSPENDP.4.FDPUB.FNTS,BGD,2010,19.68161964416504,,
XSPENDP.4.FDPUB.FNTS,BGD,2011,50.24465942382813,,
XSPENDP.4.FDPUB.FNTS,BGD,2016,65.56649017333984,,
XSPENDP.4.FDPUB.FNTS,BGD,2019,53.68785858154297,,
XSPENDP.4.FDPUB.FNTS,BGD,2020,53.95022964477539,,
XSPENDP.5T8.FDPUB.FNCAP,BGD,2007,20.42573928833008,,
XSPENDP.5T8.FDPUB.FNCAP,BGD,2008,13.03905010223389,,
XSPENDP.5T8.FDPUB.FNCAP,BGD,2009,11.9878396987915,,
XSPENDP.5T8.FDPUB.FNCAP,BGD,2010,12.87884998321533,,
XSPENDP.5T8.FDPUB.FNCAP,BGD,2011,1.47107994556427,,
XSPENDP.5T8.FDPUB.FNCAP,BGD,2012,1.785449981689453,,
XSPENDP.5T8.FDPUB.FNCAP,BGD,2016,8.132699966430664,,
XSPENDP.5T8.FDPUB.FNCAP,BGD,2019,18.95206069946289,,
XSPENDP.5T8.FDPUB.FNCAP,BGD,2020,18.80931091308594,,
XSPENDP.5T8.FDPUB.FNCUR,BGD,2007,79.57425689697266,,
XSPENDP.5T8.FDPUB.FNCUR,BGD,2008,86.96095275878906,,
XSPENDP.5T8.FDPUB.FNCUR,BGD,2009,88.01216125488281,,
XSPENDP.5T8.FDPUB.FNCUR,BGD,2010,87.12114715576172,,
XSPENDP.5T8.FDPUB.FNCUR,BGD,2011,98.52892303466797,,
XSPENDP.5T8.FDPUB.FNCUR,BGD,2012,98.21454620361328,,
XSPENDP.5T8.FDPUB.FNCUR,BGD,2016,91.86730194091797,,
XSPENDP.5T8.FDPUB.FNCUR,BGD,2019,81.04794311523438,,
XSPENDP.5T8.FDPUB.FNCUR,BGD,2020,81.19068908691406,,
XSPENDP.5T8.FDPUB.FNNONS,BGD,2008,13.46982955932617,,
XSPENDP.5T8.FDPUB.FNNONS,BGD,2009,9.239990234375,,
XSPENDP.5T8.FDPUB.FNNONS,BGD,2010,8.702569961547852,,
XSPENDP.5T8.FDPUB.FNNONS,BGD,2011,8.614959716796875,,
XSPENDP.5T8.FDPUB.FNNONS,BGD,2012,9.539730072021484,,
XSPENDP.5T8.FDPUB.FNNONS,BGD,2016,4.498799800872803,,
XSPENDP.5T8.FDPUB.FNNONS,BGD,2019,5.896699905395508,,
XSPENDP.5T8.FDPUB.FNNONS,BGD,2020,5.866079807281494,,
XSPENDP.5T8.FDPUB.FNNTS,BGD,2008,20.94107055664063,,
XSPENDP.5T8.FDPUB.FNNTS,BGD,2009,26.51873016357422,,
XSPENDP.5T8.FDPUB.FNNTS,BGD,2010,24.19854927062988,,
XSPENDP.5T8.FDPUB.FNNTS,BGD,2011,13.5248498916626,,
XSPENDP.5T8.FDPUB.FNNTS,BGD,2016,15.0511999130249,,
XSPENDP.5T8.FDPUB.FNNTS,BGD,2019,12.94649982452393,,
XSPENDP.5T8.FDPUB.FNNTS,BGD,2020,12.96424007415771,,
XSPENDP.5T8.FDPUB.FNS,BGD,2008,73.49111175537109,,
XSPENDP.5T8.FDPUB.FNS,BGD,2009,78.77217102050781,,
XSPENDP.5T8.FDPUB.FNS,BGD,2010,78.4185791015625,,
XSPENDP.5T8.FDPUB.FNS,BGD,2011,89.91396331787109,,
XSPENDP.5T8.FDPUB.FNS,BGD,2012,88.67481994628906,,
XSPENDP.5T8.FDPUB.FNS,BGD,2016,87.36849975585938,,
XSPENDP.5T8.FDPUB.FNS,BGD,2019,75.15123748779297,,
XSPENDP.5T8.FDPUB.FNS,BGD,2020,75.32460021972656,,
XSPENDP.5T8.FDPUB.FNTS,BGD,2008,52.55004119873047,,
XSPENDP.5T8.FDPUB.FNTS,BGD,2009,52.2534294128418,,
XSPENDP.5T8.FDPUB.FNTS,BGD,2010,54.22003173828125,,
XSPENDP.5T8.FDPUB.FNTS,BGD,2011,76.38910675048828,,
XSPENDP.5T8.FDPUB.FNTS,BGD,2016,72.31729888916016,,
XSPENDP.5T8.FDPUB.FNTS,BGD,2019,62.20473861694336,,
XSPENDP.5T8.FDPUB.FNTS,BGD,2020,62.36035919189453,,
XSPENDP.FDPUB.FNCAP,BGD,2007,20.02317047119141,,
XSPENDP.FDPUB.FNCAP,BGD,2008,20.07855033874512,,
XSPENDP.FDPUB.FNCAP,BGD,2009,19.01856994628906,,
XSPENDP.FDPUB.FNCAP,BGD,2011,.5145999789237976,,
XSPENDP.FDPUB.FNCAP,BGD,2012,.5383700132369995,,
XSPENDP.FDPUB.FNCAP,BGD,2016,14.18268966674805,,
XSPENDP.FDPUB.FNCAP,BGD,2019,28.96017074584961,,
XSPENDP.FDPUB.FNCUR,BGD,2007,79.97682952880859,,
XSPENDP.FDPUB.FNCUR,BGD,2008,79.92144775390625,,
XSPENDP.FDPUB.FNCUR,BGD,2009,80.98143005371094,,
XSPENDP.FDPUB.FNCUR,BGD,2011,99.48539733886719,,
XSPENDP.FDPUB.FNCUR,BGD,2012,99.46163177490234,,
XSPENDP.FDPUB.FNCUR,BGD,2016,85.81730651855469,,
XSPENDP.FDPUB.FNCUR,BGD,2019,71.03983306884766,,
XSPENDP.FDPUB.FNNONS,BGD,2008,17.51981925964355,,
XSPENDP.FDPUB.FNNONS,BGD,2009,21.20082092285156,,
XSPENDP.FDPUB.FNNONS,BGD,2011,4.745049953460693,,
XSPENDP.FDPUB.FNNONS,BGD,2012,4.27892017364502,,
XSPENDP.FDPUB.FNNONS,BGD,2016,12.85741996765137,,
XSPENDP.FDPUB.FNNONS,BGD,2019,16.04952049255371,,
XSPENDP.FDPUB.FNNTS,BGD,2008,10.0387601852417,,
XSPENDP.FDPUB.FNNTS,BGD,2009,10.29255962371826,,
XSPENDP.FDPUB.FNNTS,BGD,2011,14.25084018707275,,
XSPENDP.FDPUB.FNNTS,BGD,2016,13.43760013580322,,
XSPENDP.FDPUB.FNNTS,BGD,2019,10.12800025939941,,
XSPENDP.FDPUB.FNS,BGD,2008,62.40163040161133,,
XSPENDP.FDPUB.FNS,BGD,2009,59.78060150146484,,
XSPENDP.FDPUB.FNS,BGD,2011,94.74034881591797,,
XSPENDP.FDPUB.FNS,BGD,2012,95.18270874023438,,
XSPENDP.FDPUB.FNS,BGD,2016,72.95987701416016,,
XSPENDP.FDPUB.FNS,BGD,2019,54.99031066894531,,
XSPENDP.FDPUB.FNTS,BGD,2008,52.36286926269531,,
XSPENDP.FDPUB.FNTS,BGD,2009,49.4880485534668,,
XSPENDP.FDPUB.FNTS,BGD,2011,80.489501953125,,
XSPENDP.FDPUB.FNTS,BGD,2016,59.52228164672852,,
XSPENDP.FDPUB.FNTS,BGD,2019,44.86230087280273,,
