indicator_id,country_id,year,value,magnitude,qualifier
ADMI.ENDOFLOWERSEC.MAT,BGD,2014,1,,
ADMI.ENDOFLOWERSEC.MAT,BGD,2015,1,,
ADMI.ENDOFLOWERSEC.MAT,BGD,2016,1,,
ADMI.ENDOFLOWERSEC.MAT,BGD,2017,1,,
ADMI.ENDOFLOWERSEC.MAT,BGD,2018,1,,
ADMI.ENDOFLOWERSEC.MAT,BGD,2019,1,,
ADMI.ENDOFLOWERSEC.MAT,BGD,2020,1,,
ADMI.ENDOFLOWERSEC.MAT,BGD,2021,1,,
ADMI.ENDOFLOWERSEC.MAT,BGD,2022,1,,
ADMI.ENDOFLOWERSEC.MAT,BGD,2023,1,,
ADMI.ENDOFLOWERSEC.MAT,BGD,2024,0,,
ADMI.ENDOFLOWERSEC.MAT,BGD,2025,0,,
ADMI.ENDOFLOWERSEC.READ,BGD,2014,1,,
ADMI.ENDOFLOWERSEC.READ,BGD,2015,1,,
ADMI.ENDOFLOWERSEC.READ,BGD,2016,1,,
ADMI.ENDOFLOWERSEC.READ,BGD,2017,1,,
ADMI.ENDOFLOWERSEC.READ,BGD,2018,1,,
ADMI.ENDOFLOWERSEC.READ,BGD,2019,1,,
ADMI.ENDOFLOWERSEC.READ,BGD,2020,1,,
ADMI.ENDOFLOWERSEC.READ,BGD,2021,1,,
ADMI.ENDOFLOWERSEC.READ,BGD,2022,1,,
ADMI.ENDOFLOWERSEC.READ,BGD,2023,1,,
ADMI.ENDOFLOWERSEC.READ,BGD,2024,0,,
ADMI.ENDOFLOWERSEC.READ,BGD,2025,0,,
ADMI.ENDOFPRIM.MAT,BGD,2014,1,,
ADMI.ENDOFPRIM.MAT,BGD,2015,1,,
ADMI.ENDOFPRIM.MAT,BGD,2016,1,,
ADMI.ENDOFPRIM.MAT,BGD,2017,1,,
ADMI.ENDOFPRIM.MAT,BGD,2018,1,,
ADMI.ENDOFPRIM.MAT,BGD,2019,1,,
ADMI.ENDOFPRIM.MAT,BGD,2020,1,,
ADMI.ENDOFPRIM.MAT,BGD,2021,1,,
ADMI.ENDOFPRIM.MAT,BGD,2022,1,,
ADMI.ENDOFPRIM.MAT,BGD,2023,1,,
ADMI.ENDOFPRIM.MAT,BGD,2024,1,,
ADMI.ENDOFPRIM.MAT,BGD,2025,1,,
ADMI.ENDOFPRIM.READ,BGD,2014,1,,
ADMI.ENDOFPRIM.READ,BGD,2015,1,,
ADMI.ENDOFPRIM.READ,BGD,2016,1,,
ADMI.ENDOFPRIM.READ,BGD,2017,1,,
ADMI.ENDOFPRIM.READ,BGD,2018,1,,
ADMI.ENDOFPRIM.READ,BGD,2019,1,,
ADMI.ENDOFPRIM.READ,BGD,2020,1,,
ADMI.ENDOFPRIM.READ,BGD,2021,1,,
ADMI.ENDOFPRIM.READ,BGD,2022,1,,
ADMI.ENDOFPRIM.READ,BGD,2023,1,,
ADMI.ENDOFPRIM.READ,BGD,2024,1,,
ADMI.ENDOFPRIM.READ,BGD,2025,1,,
ADMI.GRADE2OR3PRIM.MAT,BGD,2014,1,,
ADMI.GRADE2OR3PRIM.MAT,BGD,2015,1,,
ADMI.GRADE2OR3PRIM.MAT,BGD,2016,1,,
ADMI.GRADE2OR3PRIM.MAT,BGD,2017,1,,
ADMI.GRADE2OR3PRIM.MAT,BGD,2018,1,,
ADMI.GRADE2OR3PRIM.MAT,BGD,2019,1,,
ADMI.GRADE2OR3PRIM.MAT,BGD,2020,1,,
ADMI.GRADE2OR3PRIM.MAT,BGD,2021,1,,
ADMI.GRADE2OR3PRIM.MAT,BGD,2022,1,,
ADMI.GRADE2OR3PRIM.MAT,BGD,2023,1,,
ADMI.GRADE2OR3PRIM.MAT,BGD,2024,1,,
ADMI.GRADE2OR3PRIM.MAT,BGD,2025,1,,
ADMI.GRADE2OR3PRIM.READ,BGD,2014,1,,
ADMI.GRADE2OR3PRIM.READ,BGD,2015,1,,
ADMI.GRADE2OR3PRIM.READ,BGD,2016,1,,
ADMI.GRADE2OR3PRIM.READ,BGD,2017,1,,
ADMI.GRADE2OR3PRIM.READ,BGD,2018,1,,
ADMI.GRADE2OR3PRIM.READ,BGD,2019,1,,
ADMI.GRADE2OR3PRIM.READ,BGD,2020,1,,
ADMI.GRADE2OR3PRIM.READ,BGD,2021,1,,
ADMI.GRADE2OR3PRIM.READ,BGD,2022,1,,
ADMI.GRADE2OR3PRIM.READ,BGD,2023,1,,
ADMI.GRADE2OR3PRIM.READ,BGD,2024,1,,
ADMI.GRADE2OR3PRIM.READ,BGD,2025,1,,
AIR.1.GLAST,BGD,1976,41.93038940429688,,
AIR.1.GLAST,BGD,1977,30.65671920776367,,
AIR.1.GLAST,BGD,1981,26.6342601776123,,
AIR.1.GLAST,BGD,1989,43.25260162353516,,
AIR.1.GLAST,BGD,2005,64.28166961669922,,
AIR.1.GLAST,BGD,2008,55.09136962890625,,NAT_EST
AIR.1.GLAST,BGD,2009,60.21321868896484,,NAT_EST
AIR.1.GLAST,BGD,2010,60.90816248999968,,
AIR.1.GLAST,BGD,2021,109.869193724542,,
AIR.1.GLAST,BGD,2022,96.61637134457834,,
AIR.1.GLAST,BGD,2023,98.02818821525682,,
AIR.1.GLAST,BGD,2024,94.30216814364721,,
AIR.1.GLAST.F,BGD,1976,27.81867027282715,,
AIR.1.GLAST.F,BGD,1981,20.42513084411621,,
AIR.1.GLAST.F,BGD,2005,66.54015350341797,,
AIR.1.GLAST.F,BGD,2008,57.5501708984375,,NAT_EST
AIR.1.GLAST.F,BGD,2009,62.76668930053711,,NAT_EST
AIR.1.GLAST.F,BGD,2010,64.18485725853023,,
AIR.1.GLAST.F,BGD,2021,114.8569031071813,,
AIR.1.GLAST.F,BGD,2022,106.5177077819974,,
AIR.1.GLAST.F,BGD,2023,107.7911075139679,,
AIR.1.GLAST.F,BGD,2024,102.8275582693581,,
AIR.1.GLAST.GPIA,BGD,1976,.5019299983978271,,
AIR.1.GLAST.GPIA,BGD,1981,.6263800263404846,,
AIR.1.GLAST.GPIA,BGD,2005,1.066779971122742,,
AIR.1.GLAST.GPIA,BGD,2008,1.084239959716797,,NAT_EST
AIR.1.GLAST.GPIA,BGD,2009,1.08010995388031,,NAT_EST
AIR.1.GLAST.GPIA,BGD,2010,1.100483737873298,,
AIR.1.GLAST.GPIA,BGD,2021,1.083313637837003,,
AIR.1.GLAST.GPIA,BGD,2022,1.177119329731581,,
AIR.1.GLAST.GPIA,BGD,2023,1.173133514602716,,
AIR.1.GLAST.GPIA,BGD,2024,1.159283008545206,,
AIR.1.GLAST.M,BGD,1976,55.4232292175293,,
AIR.1.GLAST.M,BGD,1981,32.60818862915039,,
AIR.1.GLAST.M,BGD,2005,62.09627914428711,,
AIR.1.GLAST.M,BGD,2008,52.70190048217773,,NAT_EST
AIR.1.GLAST.M,BGD,2009,57.73870849609375,,NAT_EST
AIR.1.GLAST.M,BGD,2010,57.73532288632903,,
AIR.1.GLAST.M,BGD,2021,105.2877566786298,,
AIR.1.GLAST.M,BGD,2022,87.65136277510567,,
AIR.1.GLAST.M,BGD,2023,89.12885422715546,,
AIR.1.GLAST.M,BGD,2024,86.44887542685724,,
AIR.2.GPV.GLAST,BGD,1998,46.62152862548828,,
AIR.2.GPV.GLAST,BGD,1999,49.20943069458008,,
AIR.2.GPV.GLAST,BGD,2000,51.7681999206543,,
AIR.2.GPV.GLAST,BGD,2001,56.72866058349609,,
AIR.2.GPV.GLAST,BGD,2002,58.0961799621582,,
AIR.2.GPV.GLAST,BGD,2003,57.64001083374023,,
AIR.2.GPV.GLAST,BGD,2004,53.29109954833984,,
AIR.2.GPV.GLAST,BGD,2005,51.89588928222656,,
AIR.2.GPV.GLAST,BGD,2006,52.23691940307617,,
AIR.2.GPV.GLAST,BGD,2007,53.55712890625,,
AIR.2.GPV.GLAST,BGD,2009,55.41395950317383,,
AIR.2.GPV.GLAST,BGD,2010,51.68493948763705,,
AIR.2.GPV.GLAST,BGD,2011,56.11579162086844,,
AIR.2.GPV.GLAST,BGD,2013,63.23681171659127,,
AIR.2.GPV.GLAST,BGD,2016,70.71364664899693,,
AIR.2.GPV.GLAST,BGD,2017,71.64501190185547,,
AIR.2.GPV.GLAST,BGD,2018,78.24447631835938,,
AIR.2.GPV.GLAST,BGD,2021,76.43583446841295,,
AIR.2.GPV.GLAST,BGD,2022,76.5282941598046,,
AIR.2.GPV.GLAST,BGD,2023,71.36244719038764,,
AIR.2.GPV.GLAST,BGD,2024,73.81118945460919,,
AIR.2.GPV.GLAST.F,BGD,1998,47.41143035888672,,
AIR.2.GPV.GLAST.F,BGD,1999,51.53656005859375,,
AIR.2.GPV.GLAST.F,BGD,2000,54.97343063354492,,
AIR.2.GPV.GLAST.F,BGD,2001,63.85015106201172,,
AIR.2.GPV.GLAST.F,BGD,2002,66.40057373046875,,
AIR.2.GPV.GLAST.F,BGD,2003,65.18602752685547,,
AIR.2.GPV.GLAST.F,BGD,2004,56.41994857788086,,
AIR.2.GPV.GLAST.F,BGD,2005,55.03282165527344,,
AIR.2.GPV.GLAST.F,BGD,2006,55.30112075805664,,
AIR.2.GPV.GLAST.F,BGD,2007,56.4871711730957,,
AIR.2.GPV.GLAST.F,BGD,2009,60.90100860595703,,
AIR.2.GPV.GLAST.F,BGD,2010,56.11349514903989,,
AIR.2.GPV.GLAST.F,BGD,2011,61.83687229564107,,
AIR.2.GPV.GLAST.F,BGD,2013,68.27697037843465,,
AIR.2.GPV.GLAST.F,BGD,2016,77.24711469510574,,
AIR.2.GPV.GLAST.F,BGD,2021,91.41816669637024,,
AIR.2.GPV.GLAST.F,BGD,2022,85.8813019898072,,
AIR.2.GPV.GLAST.F,BGD,2023,81.93414475990728,,
AIR.2.GPV.GLAST.F,BGD,2024,84.73791677763826,,
AIR.2.GPV.GLAST.GPIA,BGD,1998,1.032799959182739,,
AIR.2.GPV.GLAST.GPIA,BGD,1999,1.088879942893982,,
AIR.2.GPV.GLAST.GPIA,BGD,2000,1.114570021629333,,
AIR.2.GPV.GLAST.GPIA,BGD,2001,1.219089984893799,,
AIR.2.GPV.GLAST.GPIA,BGD,2002,1.245270013809204,,
AIR.2.GPV.GLAST.GPIA,BGD,2003,1.227059960365295,,
AIR.2.GPV.GLAST.GPIA,BGD,2004,1.108729958534241,,
AIR.2.GPV.GLAST.GPIA,BGD,2005,1.111860036849976,,
AIR.2.GPV.GLAST.GPIA,BGD,2006,1.108880043029785,,
AIR.2.GPV.GLAST.GPIA,BGD,2007,1.101999998092651,,
AIR.2.GPV.GLAST.GPIA,BGD,2009,1.177670001983643,,
AIR.2.GPV.GLAST.GPIA,BGD,2010,1.155723153331041,,
AIR.2.GPV.GLAST.GPIA,BGD,2011,1.182552993709084,,
AIR.2.GPV.GLAST.GPIA,BGD,2013,1.133717910428632,,
AIR.2.GPV.GLAST.GPIA,BGD,2016,1.166428865578205,,
AIR.2.GPV.GLAST.GPIA,BGD,2021,1.321429062147656,,
AIR.2.GPV.GLAST.GPIA,BGD,2022,1.21065096335687,,
AIR.2.GPV.GLAST.GPIA,BGD,2023,1.247316161467697,,
AIR.2.GPV.GLAST.GPIA,BGD,2024,1.245954221244218,,
AIR.2.GPV.GLAST.M,BGD,1998,45.85636901855469,,
AIR.2.GPV.GLAST.M,BGD,1999,46.95579147338867,,
AIR.2.GPV.GLAST.M,BGD,2000,48.67507171630859,,
AIR.2.GPV.GLAST.M,BGD,2001,49.86135101318359,,
AIR.2.GPV.GLAST.M,BGD,2002,50.11476135253906,,
AIR.2.GPV.GLAST.M,BGD,2003,50.38463973999023,,
AIR.2.GPV.GLAST.M,BGD,2004,50.2852783203125,,
AIR.2.GPV.GLAST.M,BGD,2005,48.87673187255859,,
AIR.2.GPV.GLAST.M,BGD,2006,49.27978897094727,,
AIR.2.GPV.GLAST.M,BGD,2007,50.72570037841797,,
AIR.2.GPV.GLAST.M,BGD,2009,50.08044052124023,,
AIR.2.GPV.GLAST.M,BGD,2010,47.3753247400053,,
AIR.2.GPV.GLAST.M,BGD,2011,50.5483661364655,,
AIR.2.GPV.GLAST.M,BGD,2013,59.14711656903277,,
AIR.2.GPV.GLAST.M,BGD,2016,64.39096502720976,,
AIR.2.GPV.GLAST.M,BGD,2021,62.03371111189792,,
AIR.2.GPV.GLAST.M,BGD,2022,67.79032299131202,,
AIR.2.GPV.GLAST.M,BGD,2023,61.67050658474842,,
AIR.2.GPV.GLAST.M,BGD,2024,63.89626844673686,,
CR.1,BGD,2000,59.58,,
CR.1,BGD,2004,64.14999999999999,,
CR.1,BGD,2006,72.71964263916016,,
CR.1,BGD,2007,67.33,,
CR.1,BGD,2011,74.78202819824219,,
CR.1,BGD,2013,72.23,,
CR.1,BGD,2014,80.01213073730469,,
CR.1,BGD,2019,82.60852813720703,,
CR.1,BGD,2022,88.40389251708984,,
CR.1.ABL,BGD,2011,76.00376129150391,,
CR.1.ABL.F,BGD,2011,81.11189270019531,,
CR.1.ABL.GPIA,BGD,2011,1.120730042457581,,
CR.1.ABL.M,BGD,2011,71.31932830810547,,
CR.1.DIS,BGD,2011,34.41411972045898,,
CR.1.DIS,BGD,2019,84.81,,
CR.1.DIS.F,BGD,2011,37.5473518371582,,
CR.1.DIS.F,BGD,2019,93.5,,
CR.1.DIS.GPIA,BGD,2011,1.147279977798462,,
CR.1.DIS.M,BGD,2011,32.01739120483398,,
CR.1.DIS.M,BGD,2019,77.81,,
CR.1.DPIA,BGD,2011,.4527899920940399,,
CR.1.F,BGD,2000,61.94,,
CR.1.F,BGD,2004,69.17999999999999,,
CR.1.F,BGD,2006,78.15918731689453,,
CR.1.F,BGD,2007,72.13000000000001,,
CR.1.F,BGD,2011,79.43929290771484,,
CR.1.F,BGD,2013,78.59,,
CR.1.F,BGD,2014,84.44126129150391,,
CR.1.F,BGD,2019,89.08248138427734,,
CR.1.F,BGD,2022,92.97843933105469,,
CR.1.F.DPIA,BGD,2011,.462909996509552,,
CR.1.F.LPIA,BGD,2006,.9851899743080139,,
CR.1.F.LPIA,BGD,2011,.9492999911308289,,
CR.1.F.LPIA,BGD,2014,.9916300177574158,,
CR.1.F.LPIA,BGD,2019,1.014690041542053,,
CR.1.F.LPIA,BGD,2022,1.012850046157837,,
CR.1.F.WPIA,BGD,2006,.6938599944114685,,
CR.1.F.WPIA,BGD,2011,.5877299904823303,,
CR.1.F.WPIA,BGD,2014,.739579975605011,,
CR.1.F.WPIA,BGD,2019,.8339099884033203,,
CR.1.F.WPIA,BGD,2022,.9114300012588501,,
CR.1.GPIA,BGD,2000,1.081530570983887,,
CR.1.GPIA,BGD,2004,1.16074013710022,,
CR.1.GPIA,BGD,2006,1.142379999160767,,
CR.1.GPIA,BGD,2007,1.140856742858887,,
CR.1.GPIA,BGD,2011,1.123569965362549,,
CR.1.GPIA,BGD,2013,1.15765368938446,,
CR.1.GPIA,BGD,2014,1.111170053482056,,
CR.1.GPIA,BGD,2019,1.143460035324097,,
CR.1.GPIA,BGD,2022,1.104230046272278,,
CR.1.LPIA,BGD,2000,.867444634437561,,
CR.1.LPIA,BGD,2004,.9098681211471558,,
CR.1.LPIA,BGD,2006,.9513300061225891,,
CR.1.LPIA,BGD,2007,.9670091271400452,,
CR.1.LPIA,BGD,2011,.928820013999939,,
CR.1.LPIA,BGD,2013,.9563125967979431,,
CR.1.LPIA,BGD,2014,.9867100119590759,,
CR.1.LPIA,BGD,2019,.99440997838974,,
CR.1.LPIA,BGD,2022,1.026880025863647,,
CR.1.M,BGD,2000,56.88999999999999,,
CR.1.M,BGD,2004,58.06,,
CR.1.M,BGD,2006,67.03111267089844,,
CR.1.M,BGD,2007,61.97000000000001,,
CR.1.M,BGD,2011,69.62300872802734,,
CR.1.M,BGD,2013,66.2,,
CR.1.M,BGD,2014,75.05403137207031,,
CR.1.M,BGD,2019,76.30297088623047,,
CR.1.M,BGD,2022,83.28727722167969,,
CR.1.M.DPIA,BGD,2011,.4489299952983856,,
CR.1.M.LPIA,BGD,2006,.9221000075340271,,
CR.1.M.LPIA,BGD,2011,.9038299918174744,,
CR.1.M.LPIA,BGD,2014,.9814299941062927,,
CR.1.M.LPIA,BGD,2019,.9718800187110901,,
CR.1.M.LPIA,BGD,2022,1.041800022125244,,
CR.1.M.WPIA,BGD,2006,.523580014705658,,
CR.1.M.WPIA,BGD,2011,.4916700124740601,,
CR.1.M.WPIA,BGD,2014,.6564099788665771,,
CR.1.M.WPIA,BGD,2019,.7044399976730347,,
CR.1.M.WPIA,BGD,2022,.8378400206565857,,
CR.1.Q1,BGD,2004,36.41,,
CR.1.Q1,BGD,2006,52.05036926269531,,
CR.1.Q1,BGD,2007,43.75,,
CR.1.Q1,BGD,2011,47.34284973144531,,
CR.1.Q1,BGD,2013,50.72,,
CR.1.Q1,BGD,2014,62.41156005859375,,
CR.1.Q1,BGD,2019,70.44136047363281,,
CR.1.Q1,BGD,2022,81.61006164550781,,
CR.1.Q1.F,BGD,2004,43.05,,
CR.1.Q1.F,BGD,2006,59.7076301574707,,
CR.1.Q1.F,BGD,2007,52.14,,
CR.1.Q1.F,BGD,2011,52.20632934570313,,
CR.1.Q1.F,BGD,2013,58.29,,
CR.1.Q1.F,BGD,2014,67.59535980224609,,
CR.1.Q1.F,BGD,2019,79.27017974853516,,
CR.1.Q1.F,BGD,2022,86.74768829345703,,
CR.1.Q1.F.LPIA,BGD,2006,.9480900168418884,,
CR.1.Q1.F.LPIA,BGD,2011,.8691999912261963,,
CR.1.Q1.F.LPIA,BGD,2014,.7877699732780457,,
CR.1.Q1.F.LPIA,BGD,2019,.9958500266075134,,
CR.1.Q1.F.LPIA,BGD,2022,1.095149993896484,,
CR.1.Q1.GPIA,BGD,2006,1.251240015029907,,
CR.1.Q1.GPIA,BGD,2011,1.185770034790039,,
CR.1.Q1.GPIA,BGD,2014,1.155359983444214,,
CR.1.Q1.GPIA,BGD,2019,1.218070030212402,,
CR.1.Q1.GPIA,BGD,2022,1.115630030632019,,
CR.1.Q1.LPIA,BGD,2006,1.000869989395142,,
CR.1.Q1.LPIA,BGD,2011,.8914899826049805,,
CR.1.Q1.LPIA,BGD,2014,.8360400199890137,,
CR.1.Q1.LPIA,BGD,2019,1.061259984970093,,
CR.1.Q1.LPIA,BGD,2022,1.079820036888123,,
CR.1.Q1.M,BGD,2004,27.66,,
CR.1.Q1.M,BGD,2006,44.70695877075195,,
CR.1.Q1.M,BGD,2007,35.76,,
CR.1.Q1.M,BGD,2011,42.50801849365234,,
CR.1.Q1.M,BGD,2013,44.27,,
CR.1.Q1.M,BGD,2014,57.09346008300781,,
CR.1.Q1.M,BGD,2019,61.98398971557617,,
CR.1.Q1.M,BGD,2022,76.71742248535156,,
CR.1.Q1.M.LPIA,BGD,2006,1.139000058174133,,
CR.1.Q1.M.LPIA,BGD,2011,.9731400012969971,,
CR.1.Q1.M.LPIA,BGD,2014,.878849983215332,,
CR.1.Q1.M.LPIA,BGD,2019,1.179000020027161,,
CR.1.Q1.M.LPIA,BGD,2022,1.056679964065552,,
CR.1.Q2,BGD,2004,56.10000000000001,,
CR.1.Q2,BGD,2006,64.72682189941406,,
CR.1.Q2,BGD,2007,58.95,,
CR.1.Q2,BGD,2011,68.81936645507813,,
CR.1.Q2,BGD,2013,67.06999999999999,,
CR.1.Q2,BGD,2014,77.20143127441406,,
CR.1.Q2,BGD,2019,79.87892913818359,,
CR.1.Q2,BGD,2022,87.18010711669922,,
CR.1.Q2.F,BGD,2004,62.19,,
CR.1.Q2.F,BGD,2006,72.40133666992188,,
CR.1.Q2.F,BGD,2007,63.23999999999999,,
CR.1.Q2.F,BGD,2011,74.79631042480469,,
CR.1.Q2.F,BGD,2013,75.36,,
CR.1.Q2.F,BGD,2014,83.31269073486328,,
CR.1.Q2.F,BGD,2019,88.15682983398438,,
CR.1.Q2.F,BGD,2022,93.74539947509766,,
CR.1.Q2.F.LPIA,BGD,2006,1.045240044593811,,
CR.1.Q2.F.LPIA,BGD,2011,1.072090029716492,,
CR.1.Q2.F.LPIA,BGD,2014,1.153079986572266,,
CR.1.Q2.F.LPIA,BGD,2019,1.199569940567017,,
CR.1.Q2.F.LPIA,BGD,2022,1.057139992713928,,
CR.1.Q2.GPIA,BGD,2006,1.210100054740906,,
CR.1.Q2.GPIA,BGD,2011,1.174569964408875,,
CR.1.Q2.GPIA,BGD,2014,1.15353000164032,,
CR.1.Q2.GPIA,BGD,2019,1.177060008049011,,
CR.1.Q2.GPIA,BGD,2022,1.153759956359863,,
CR.1.Q2.LPIA,BGD,2006,1.099769949913025,,
CR.1.Q2.LPIA,BGD,2011,1.072110056877136,,
CR.1.Q2.LPIA,BGD,2014,1.115350008010864,,
CR.1.Q2.LPIA,BGD,2019,1.117329955101013,,
CR.1.Q2.LPIA,BGD,2022,1.095080018043518,,
CR.1.Q2.M,BGD,2004,48.1,,
CR.1.Q2.M,BGD,2006,57.18946075439453,,
CR.1.Q2.M,BGD,2007,54.47,,
CR.1.Q2.M,BGD,2011,61.73947143554688,,
CR.1.Q2.M,BGD,2013,59.77,,
CR.1.Q2.M,BGD,2014,70.52163696289063,,
CR.1.Q2.M,BGD,2019,72.5477294921875,,
CR.1.Q2.M,BGD,2022,79.33151245117188,,
CR.1.Q2.M.LPIA,BGD,2006,1.167529940605164,,
CR.1.Q2.M.LPIA,BGD,2011,1.045609951019287,,
CR.1.Q2.M.LPIA,BGD,2014,1.091920018196106,,
CR.1.Q2.M.LPIA,BGD,2019,1.027420043945313,,
CR.1.Q2.M.LPIA,BGD,2022,1.168190002441406,,
CR.1.Q3,BGD,2004,66.14,,
CR.1.Q3,BGD,2006,75.46920013427734,,
CR.1.Q3,BGD,2007,72.59999999999999,,
CR.1.Q3,BGD,2011,80.88433074951172,,
CR.1.Q3,BGD,2013,76.86,,
CR.1.Q3,BGD,2014,84.56421661376953,,
CR.1.Q3,BGD,2019,86.55816650390625,,
CR.1.Q3,BGD,2022,88.80594635009766,,
CR.1.Q3.F,BGD,2004,72.89,,
CR.1.Q3.F,BGD,2006,81.18697357177734,,
CR.1.Q3.F,BGD,2007,76.18000000000001,,
CR.1.Q3.F,BGD,2011,85.85701751708984,,
CR.1.Q3.F,BGD,2013,83.85000000000001,,
CR.1.Q3.F,BGD,2014,89.28485107421875,,
CR.1.Q3.F,BGD,2019,92.72348785400391,,
CR.1.Q3.F,BGD,2022,93.86351013183594,,
CR.1.Q3.F.LPIA,BGD,2006,1.102579951286316,,
CR.1.Q3.F.LPIA,BGD,2011,1.065590023994446,,
CR.1.Q3.F.LPIA,BGD,2014,1.112969994544983,,
CR.1.Q3.F.LPIA,BGD,2019,1.039950013160706,,
CR.1.Q3.F.LPIA,BGD,2022,1.068650007247925,,
CR.1.Q3.GPIA,BGD,2006,1.146309971809387,,
CR.1.Q3.GPIA,BGD,2011,1.126029968261719,,
CR.1.Q3.GPIA,BGD,2014,1.121000051498413,,
CR.1.Q3.GPIA,BGD,2019,1.131170034408569,,
CR.1.Q3.GPIA,BGD,2022,1.120720028877258,,
CR.1.Q3.LPIA,BGD,2006,1.116750001907349,,
CR.1.Q3.LPIA,BGD,2011,1.131760001182556,,
CR.1.Q3.LPIA,BGD,2014,1.12680995464325,,
CR.1.Q3.LPIA,BGD,2019,1.067600011825562,,
CR.1.Q3.LPIA,BGD,2022,1.122869968414307,,
CR.1.Q3.M,BGD,2004,58.22000000000001,,
CR.1.Q3.M,BGD,2006,69.30879974365234,,
CR.1.Q3.M,BGD,2007,68.41000000000001,,
CR.1.Q3.M,BGD,2011,75.03645324707031,,
CR.1.Q3.M,BGD,2013,70.76000000000001,,
CR.1.Q3.M,BGD,2014,78.48149871826172,,
CR.1.Q3.M,BGD,2019,80.56070709228516,,
CR.1.Q3.M,BGD,2022,82.53235626220703,,
CR.1.Q3.M.LPIA,BGD,2006,1.143010020256042,,
CR.1.Q3.M.LPIA,BGD,2011,1.244369983673096,,
CR.1.Q3.M.LPIA,BGD,2014,1.139739990234375,,
CR.1.Q3.M.LPIA,BGD,2019,1.087700009346008,,
CR.1.Q3.M.LPIA,BGD,2022,1.192489981651306,,
CR.1.Q4,BGD,2004,80.58,,
CR.1.Q4,BGD,2006,82.58754730224609,,
CR.1.Q4,BGD,2007,77.40000000000001,,
CR.1.Q4,BGD,2011,86.55851745605469,,
CR.1.Q4,BGD,2013,79.75,,
CR.1.Q4,BGD,2014,87.11147308349609,,
CR.1.Q4,BGD,2019,86.68856048583984,,
CR.1.Q4,BGD,2022,91.69228363037109,,
CR.1.Q4.F,BGD,2004,87.37,,
CR.1.Q4.F,BGD,2006,87.12655639648438,,
CR.1.Q4.F,BGD,2007,82.69999999999999,,
CR.1.Q4.F,BGD,2011,91.41544342041016,,
CR.1.Q4.F,BGD,2013,84.86,,
CR.1.Q4.F,BGD,2014,89.91024780273438,,
CR.1.Q4.F,BGD,2019,91.20516967773438,,
CR.1.Q4.F,BGD,2022,95.17768859863281,,
CR.1.Q4.F.LPIA,BGD,2006,1.1251300573349,,
CR.1.Q4.F.LPIA,BGD,2011,1.103929996490479,,
CR.1.Q4.F.LPIA,BGD,2014,1.075989961624146,,
CR.1.Q4.F.LPIA,BGD,2019,1.1180100440979,,
CR.1.Q4.F.LPIA,BGD,2022,1.051800012588501,,
CR.1.Q4.GPIA,BGD,2006,1.106899976730347,,
CR.1.Q4.GPIA,BGD,2011,1.111320018768311,,
CR.1.Q4.GPIA,BGD,2014,1.064129948616028,,
CR.1.Q4.GPIA,BGD,2019,1.102779984474182,,
CR.1.Q4.GPIA,BGD,2022,1.07929003238678,,
CR.1.Q4.LPIA,BGD,2006,1.127550005912781,,
CR.1.Q4.LPIA,BGD,2011,1.131749987602234,,
CR.1.Q4.LPIA,BGD,2014,1.127969980239868,,
CR.1.Q4.LPIA,BGD,2019,1.147429943084717,,
CR.1.Q4.LPIA,BGD,2022,1.103670001029968,,
CR.1.Q4.M,BGD,2004,73.83,,
CR.1.Q4.M,BGD,2006,77.81230163574219,,
CR.1.Q4.M,BGD,2007,71.16,,
CR.1.Q4.M,BGD,2011,81.23951721191406,,
CR.1.Q4.M,BGD,2013,74.42,,
CR.1.Q4.M,BGD,2014,84.14398956298828,,
CR.1.Q4.M,BGD,2019,81.83074188232422,,
CR.1.Q4.M,BGD,2022,87.63082885742188,,
CR.1.Q4.M.LPIA,BGD,2006,1.133340001106262,,
CR.1.Q4.M.LPIA,BGD,2011,1.164340019226074,,
CR.1.Q4.M.LPIA,BGD,2014,1.190700054168701,,
CR.1.Q4.M.LPIA,BGD,2019,1.176429986953735,,
CR.1.Q4.M.LPIA,BGD,2022,1.161399960517883,,
CR.1.Q5,BGD,2004,79.66,,
CR.1.Q5,BGD,2006,85.74413299560547,,
CR.1.Q5,BGD,2007,81.25,,
CR.1.Q5,BGD,2011,87.67804718017578,,
CR.1.Q5,BGD,2013,87.59,,
CR.1.Q5,BGD,2014,89.33106994628906,,
CR.1.Q5,BGD,2019,91.53353881835938,,
CR.1.Q5,BGD,2022,93.42878723144531,,
CR.1.Q5.F,BGD,2004,81.08,,
CR.1.Q5.F,BGD,2006,86.05103302001953,,
CR.1.Q5.F,BGD,2007,81.47,,
CR.1.Q5.F,BGD,2011,88.82769012451172,,
CR.1.Q5.F,BGD,2013,88.57000000000001,,
CR.1.Q5.F,BGD,2014,91.39724731445313,,
CR.1.Q5.F,BGD,2019,95.05812835693359,,
CR.1.Q5.F,BGD,2022,95.17716979980469,,
CR.1.Q5.F.LPIA,BGD,2006,1.090700030326843,,
CR.1.Q5.F.LPIA,BGD,2011,1.064000010490417,,
CR.1.Q5.F.LPIA,BGD,2014,1.090849995613098,,
CR.1.Q5.F.LPIA,BGD,2019,1.038969993591309,,
CR.1.Q5.F.LPIA,BGD,2022,.9744799733161926,,
CR.1.Q5.GPIA,BGD,2006,1.007709980010986,,
CR.1.Q5.GPIA,BGD,2011,1.026690006256104,,
CR.1.Q5.GPIA,BGD,2014,1.048359990119934,,
CR.1.Q5.GPIA,BGD,2019,1.074360013008118,,
CR.1.Q5.GPIA,BGD,2022,1.037950038909912,,
CR.1.Q5.LPIA,BGD,2006,1.079409956932068,,
CR.1.Q5.LPIA,BGD,2011,1.049489974975586,,
CR.1.Q5.LPIA,BGD,2014,1.096169948577881,,
CR.1.Q5.LPIA,BGD,2019,1.040580034255981,,
CR.1.Q5.LPIA,BGD,2022,.9980800151824951,,
CR.1.Q5.M,BGD,2004,77.84,,
CR.1.Q5.M,BGD,2006,85.38771057128906,,
CR.1.Q5.M,BGD,2007,80.95999999999999,,
CR.1.Q5.M,BGD,2011,86.45712280273438,,
CR.1.Q5.M,BGD,2013,86.44,,
CR.1.Q5.M,BGD,2014,86.97769927978516,,
CR.1.Q5.M,BGD,2019,87.98992919921875,,
CR.1.Q5.M,BGD,2022,91.56549072265625,,
CR.1.Q5.M.LPIA,BGD,2006,1.068660020828247,,
CR.1.Q5.M.LPIA,BGD,2011,1.034010052680969,,
CR.1.Q5.M.LPIA,BGD,2014,1.100579977035522,,
CR.1.Q5.M.LPIA,BGD,2019,1.040150046348572,,
CR.1.Q5.M.LPIA,BGD,2022,1.022510051727295,,
CR.1.RUR,BGD,2000,57.98,,
CR.1.RUR,BGD,2004,62.79,,
CR.1.RUR,BGD,2006,71.68007659912109,,
CR.1.RUR,BGD,2007,66.83,,
CR.1.RUR,BGD,2011,73.47073364257813,,
CR.1.RUR,BGD,2013,71.58,,
CR.1.RUR,BGD,2014,79.73282623291016,,
CR.1.RUR,BGD,2019,82.51376342773438,,
CR.1.RUR,BGD,2022,89.05084991455078,,
CR.1.RUR.F,BGD,2000,60.9,,
CR.1.RUR.F,BGD,2004,68.53,,
CR.1.RUR.F,BGD,2006,77.80909729003906,,
CR.1.RUR.F,BGD,2007,72.20999999999999,,
CR.1.RUR.F,BGD,2011,78.46366119384766,,
CR.1.RUR.F,BGD,2013,78.34,,
CR.1.RUR.F,BGD,2014,84.25540924072266,,
CR.1.RUR.F,BGD,2019,89.35079193115234,,
CR.1.RUR.F,BGD,2022,93.29846954345703,,
CR.1.RUR.F.WPIA,BGD,2006,.6424300074577332,,
CR.1.RUR.F.WPIA,BGD,2011,.5542500019073486,,
CR.1.RUR.F.WPIA,BGD,2014,.6767299771308899,,
CR.1.RUR.F.WPIA,BGD,2019,.814490020275116,,
CR.1.RUR.F.WPIA,BGD,2022,.9311800003051758,,
CR.1.RUR.GPIA,BGD,2006,1.157520055770874,,
CR.1.RUR.GPIA,BGD,2011,1.134130001068115,,
CR.1.RUR.GPIA,BGD,2014,1.113549947738647,,
CR.1.RUR.GPIA,BGD,2019,1.151049971580505,,
CR.1.RUR.GPIA,BGD,2022,1.096950054168701,,
CR.1.RUR.M,BGD,2000,54.69,,
CR.1.RUR.M,BGD,2004,56.14,,
CR.1.RUR.M,BGD,2006,65.55240631103516,,
CR.1.RUR.M,BGD,2007,60.70999999999999,,
CR.1.RUR.M,BGD,2011,67.9390869140625,,
CR.1.RUR.M,BGD,2013,65.25999999999999,,
CR.1.RUR.M,BGD,2014,74.68855285644531,,
CR.1.RUR.M,BGD,2019,75.85443115234375,,
CR.1.RUR.M,BGD,2022,84.25277709960938,,
CR.1.RUR.M.WPIA,BGD,2006,.5052700042724609,,
CR.1.RUR.M.WPIA,BGD,2011,.4796299934387207,,
CR.1.RUR.M.WPIA,BGD,2014,.6020699739456177,,
CR.1.RUR.M.WPIA,BGD,2019,.6945000290870667,,
CR.1.RUR.M.WPIA,BGD,2022,.8304600119590759,,
CR.1.RUR.Q1,BGD,2004,35.54,,
CR.1.RUR.Q1,BGD,2006,52.05538177490234,,
CR.1.RUR.Q1,BGD,2007,43.93,,
CR.1.RUR.Q1,BGD,2011,46.85182952880859,,
CR.1.RUR.Q1,BGD,2013,50.81,,
CR.1.RUR.Q1,BGD,2014,61.03511047363281,,
CR.1.RUR.Q1,BGD,2019,70.71296691894531,,
CR.1.RUR.Q1,BGD,2022,82.10491943359375,,
CR.1.RUR.Q1.F,BGD,2004,42.09,,
CR.1.RUR.Q1.F,BGD,2006,59.30319976806641,,
CR.1.RUR.Q1.F,BGD,2007,51.92,,
CR.1.RUR.Q1.F,BGD,2011,51.43762969970703,,
CR.1.RUR.Q1.F,BGD,2013,58.2,,
CR.1.RUR.Q1.F,BGD,2014,65.71700286865234,,
CR.1.RUR.Q1.F,BGD,2019,79.2476806640625,,
CR.1.RUR.Q1.F,BGD,2022,87.32791900634766,,
CR.1.RUR.Q1.GPIA,BGD,2006,1.23583996295929,,
CR.1.RUR.Q1.GPIA,BGD,2011,1.175259947776794,,
CR.1.RUR.Q1.GPIA,BGD,2014,1.145840048789978,,
CR.1.RUR.Q1.GPIA,BGD,2019,1.209710001945496,,
CR.1.RUR.Q1.GPIA,BGD,2022,1.117449998855591,,
CR.1.RUR.Q1.M,BGD,2004,27.14,,
CR.1.RUR.Q1.M,BGD,2006,45.31740188598633,,
CR.1.RUR.Q1.M,BGD,2007,36.2,,
CR.1.RUR.Q1.M,BGD,2011,42.42256164550781,,
CR.1.RUR.Q1.M,BGD,2013,44.59,,
CR.1.RUR.Q1.M,BGD,2014,56.13307952880859,,
CR.1.RUR.Q1.M,BGD,2019,62.62894058227539,,
CR.1.RUR.Q1.M,BGD,2022,77.0709228515625,,
CR.1.RUR.Q2,BGD,2004,56.86,,
CR.1.RUR.Q2,BGD,2006,65.49566650390625,,
CR.1.RUR.Q2,BGD,2007,59.57,,
CR.1.RUR.Q2,BGD,2011,69.15721130371094,,
CR.1.RUR.Q2,BGD,2013,67.77,,
CR.1.RUR.Q2,BGD,2014,77.84272766113281,,
CR.1.RUR.Q2,BGD,2019,80.55284118652344,,
CR.1.RUR.Q2,BGD,2022,88.38860321044922,,
CR.1.RUR.Q2.F,BGD,2004,63.38,,
CR.1.RUR.Q2.F,BGD,2006,72.78978729248047,,
CR.1.RUR.Q2.F,BGD,2007,64.14999999999999,,
CR.1.RUR.Q2.F,BGD,2011,75.11875152587891,,
CR.1.RUR.Q2.F,BGD,2013,75.76000000000001,,
CR.1.RUR.Q2.F,BGD,2014,84.42649841308594,,
CR.1.RUR.Q2.F,BGD,2019,89.41210174560547,,
CR.1.RUR.Q2.F,BGD,2022,94.56752014160156,,
CR.1.RUR.Q2.GPIA,BGD,2006,1.198559999465942,,
CR.1.RUR.Q2.GPIA,BGD,2011,1.175189971923828,,
CR.1.RUR.Q2.GPIA,BGD,2014,1.160429954528809,,
CR.1.RUR.Q2.GPIA,BGD,2019,1.187010049819946,,
CR.1.RUR.Q2.GPIA,BGD,2022,1.141800045967102,,
CR.1.RUR.Q2.M,BGD,2004,48.43,,
CR.1.RUR.Q2.M,BGD,2006,58.33658981323242,,
CR.1.RUR.Q2.M,BGD,2007,54.74,,
CR.1.RUR.Q2.M,BGD,2011,61.95838928222656,,
CR.1.RUR.Q2.M,BGD,2013,60.61,,
CR.1.RUR.Q2.M,BGD,2014,70.88185119628906,,
CR.1.RUR.Q2.M,BGD,2019,72.6915283203125,,
CR.1.RUR.Q2.M,BGD,2022,81.15814971923828,,
CR.1.RUR.Q3,BGD,2004,66.66,,
CR.1.RUR.Q3,BGD,2006,77.11789703369141,,
CR.1.RUR.Q3,BGD,2007,75.12,,
CR.1.RUR.Q3,BGD,2011,82.06163787841797,,
CR.1.RUR.Q3,BGD,2013,77.75,,
CR.1.RUR.Q3,BGD,2014,86.30342102050781,,
CR.1.RUR.Q3,BGD,2019,87.26754760742188,,
CR.1.RUR.Q3,BGD,2022,91.26341247558594,,
CR.1.RUR.Q3.F,BGD,2004,73.31999999999999,,
CR.1.RUR.Q3.F,BGD,2006,82.7977294921875,,
CR.1.RUR.Q3.F,BGD,2007,78.41,,
CR.1.RUR.Q3.F,BGD,2011,86.51766204833984,,
CR.1.RUR.Q3.F,BGD,2013,84.19,,
CR.1.RUR.Q3.F,BGD,2014,90.86060333251953,,
CR.1.RUR.Q3.F,BGD,2019,93.14684295654297,,
CR.1.RUR.Q3.F,BGD,2022,95.27501678466797,,
CR.1.RUR.Q3.GPIA,BGD,2006,1.141289949417114,,
CR.1.RUR.Q3.GPIA,BGD,2011,1.110970020294189,,
CR.1.RUR.Q3.GPIA,BGD,2014,1.115739941596985,,
CR.1.RUR.Q3.GPIA,BGD,2019,1.125419974327087,,
CR.1.RUR.Q3.GPIA,BGD,2022,1.094840049743652,,
CR.1.RUR.Q3.M,BGD,2004,59.02,,
CR.1.RUR.Q3.M,BGD,2006,71.09912872314453,,
CR.1.RUR.Q3.M,BGD,2007,70.98999999999999,,
CR.1.RUR.Q3.M,BGD,2011,76.91673278808594,,
CR.1.RUR.Q3.M,BGD,2013,72.05,,
CR.1.RUR.Q3.M,BGD,2014,80.34410095214844,,
CR.1.RUR.Q3.M,BGD,2019,81.46478271484375,,
CR.1.RUR.Q3.M,BGD,2022,86.23918914794922,,
CR.1.RUR.Q4,BGD,2004,83.11,,
CR.1.RUR.Q4,BGD,2006,85.80197906494141,,
CR.1.RUR.Q4,BGD,2007,80.12,,
CR.1.RUR.Q4,BGD,2011,89.95171356201172,,
CR.1.RUR.Q4,BGD,2013,82.22,,
CR.1.RUR.Q4,BGD,2014,91.22937774658203,,
CR.1.RUR.Q4,BGD,2019,89.92259979248047,,
CR.1.RUR.Q4,BGD,2022,95.31848907470703,,
CR.1.RUR.Q4.F,BGD,2004,91.79000000000001,,
CR.1.RUR.Q4.F,BGD,2006,90.51299285888672,,
CR.1.RUR.Q4.F,BGD,2007,85.11999999999999,,
CR.1.RUR.Q4.F,BGD,2011,94.20455169677734,,
CR.1.RUR.Q4.F,BGD,2013,86.79000000000001,,
CR.1.RUR.Q4.F,BGD,2014,92.48104858398438,,
CR.1.RUR.Q4.F,BGD,2019,93.82186889648438,,
CR.1.RUR.Q4.F,BGD,2022,96.97279357910156,,
CR.1.RUR.Q4.GPIA,BGD,2006,1.105970025062561,,
CR.1.RUR.Q4.GPIA,BGD,2011,1.094799995422363,,
CR.1.RUR.Q4.GPIA,BGD,2014,1.027300000190735,,
CR.1.RUR.Q4.GPIA,BGD,2019,1.087200045585632,,
CR.1.RUR.Q4.GPIA,BGD,2022,1.037600040435791,,
CR.1.RUR.Q4.M,BGD,2004,75.17,,
CR.1.RUR.Q4.M,BGD,2006,80.92144012451172,,
CR.1.RUR.Q4.M,BGD,2007,73.98,,
CR.1.RUR.Q4.M,BGD,2011,85.27438354492188,,
CR.1.RUR.Q4.M,BGD,2013,77.31,,
CR.1.RUR.Q4.M,BGD,2014,89.95646667480469,,
CR.1.RUR.Q4.M,BGD,2019,85.64026641845703,,
CR.1.RUR.Q4.M,BGD,2022,93.32643127441406,,
CR.1.RUR.Q5,BGD,2004,82.03,,
CR.1.RUR.Q5,BGD,2006,90.98105621337891,,
CR.1.RUR.Q5,BGD,2007,86.52,,
CR.1.RUR.Q5,BGD,2011,90.66651153564453,,
CR.1.RUR.Q5,BGD,2013,90.38000000000001,,
CR.1.RUR.Q5,BGD,2014,95.35263824462891,,
CR.1.RUR.Q5,BGD,2019,93.80744934082031,,
CR.1.RUR.Q5,BGD,2022,93.32451629638672,,
CR.1.RUR.Q5.F,BGD,2004,84.31,,
CR.1.RUR.Q5.F,BGD,2006,92.31123352050781,,
CR.1.RUR.Q5.F,BGD,2007,87.20999999999999,,
CR.1.RUR.Q5.F,BGD,2011,92.80605316162109,,
CR.1.RUR.Q5.F,BGD,2013,93.45,,
CR.1.RUR.Q5.F,BGD,2014,97.10938262939453,,
CR.1.RUR.Q5.F,BGD,2019,97.29727935791016,,
CR.1.RUR.Q5.F,BGD,2022,93.78243255615234,,
CR.1.RUR.Q5.GPIA,BGD,2006,1.028409957885742,,
CR.1.RUR.Q5.GPIA,BGD,2011,1.04695999622345,,
CR.1.RUR.Q5.GPIA,BGD,2014,1.039909958839417,,
CR.1.RUR.Q5.GPIA,BGD,2019,1.073169946670532,,
CR.1.RUR.Q5.GPIA,BGD,2022,1.010419964790344,,
CR.1.RUR.Q5.M,BGD,2004,79.23,,
CR.1.RUR.Q5.M,BGD,2006,89.68865966796875,,
CR.1.RUR.Q5.M,BGD,2007,85.63,,
CR.1.RUR.Q5.M,BGD,2011,88.44809722900391,,
CR.1.RUR.Q5.M,BGD,2013,87.01000000000001,,
CR.1.RUR.Q5.M,BGD,2014,93.23338317871094,,
CR.1.RUR.Q5.M,BGD,2019,90.17781066894531,,
CR.1.RUR.Q5.M,BGD,2022,92.80564117431641,,
CR.1.RUR.WPIA,BGD,2006,.572160005569458,,
CR.1.RUR.WPIA,BGD,2011,.5167499780654907,,
CR.1.RUR.WPIA,BGD,2014,.6401000022888184,,
CR.1.RUR.WPIA,BGD,2019,.7538099884986877,,
CR.1.RUR.WPIA,BGD,2022,.8797799944877625,,
CR.1.URB,BGD,2000,66.84,,
CR.1.URB,BGD,2004,69.01000000000001,,
CR.1.URB,BGD,2006,75.34709930419922,,
CR.1.URB,BGD,2007,69.11,,
CR.1.URB,BGD,2011,79.10135650634766,,
CR.1.URB,BGD,2013,74.85000000000001,,
CR.1.URB,BGD,2014,80.80690002441406,,
CR.1.URB,BGD,2019,82.9774169921875,,
CR.1.URB,BGD,2022,86.65760040283203,,
CR.1.URB.F,BGD,2000,66.53,,
CR.1.URB.F,BGD,2004,71.31999999999999,,
CR.1.URB.F,BGD,2006,78.97901916503906,,
CR.1.URB.F,BGD,2007,71.81,,
CR.1.URB.F,BGD,2011,82.65379333496094,,
CR.1.URB.F,BGD,2013,79.52,,
CR.1.URB.F,BGD,2014,84.96665191650391,,
CR.1.URB.F,BGD,2019,88.03793334960938,,
CR.1.URB.F,BGD,2022,92.09954833984375,,
CR.1.URB.F.WPIA,BGD,2006,.745199978351593,,
CR.1.URB.F.WPIA,BGD,2011,.6812499761581421,,
CR.1.URB.F.WPIA,BGD,2014,.9448999762535095,,
CR.1.URB.F.WPIA,BGD,2019,.8510500192642212,,
CR.1.URB.F.WPIA,BGD,2022,.8210700154304504,,
CR.1.URB.GPIA,BGD,2006,1.09987998008728,,
CR.1.URB.GPIA,BGD,2011,1.090569972991943,,
CR.1.URB.GPIA,BGD,2014,1.104329943656921,,
CR.1.URB.GPIA,BGD,2019,1.113459944725037,,
CR.1.URB.GPIA,BGD,2022,1.123440027236938,,
CR.1.URB.M,BGD,2000,67.19000000000001,,
CR.1.URB.M,BGD,2004,65.75,,
CR.1.URB.M,BGD,2006,71.09042358398438,,
CR.1.URB.M,BGD,2007,66.29000000000001,,
CR.1.URB.M,BGD,2011,75.16795349121094,,
CR.1.URB.M,BGD,2013,70.08,,
CR.1.URB.M,BGD,2014,76.101806640625,,
CR.1.URB.M,BGD,2019,78.0489501953125,,
CR.1.URB.M,BGD,2022,80.73069763183594,,
CR.1.URB.M.WPIA,BGD,2006,.4671100080013275,,
CR.1.URB.M.WPIA,BGD,2011,.5102300047874451,,
CR.1.URB.M.WPIA,BGD,2014,.7616699934005737,,
CR.1.URB.M.WPIA,BGD,2019,.5940399765968323,,
CR.1.URB.M.WPIA,BGD,2022,.8014299869537354,,
CR.1.URB.Q1,BGD,2004,44.48,,
CR.1.URB.Q1,BGD,2006,52.00997924804688,,
CR.1.URB.Q1,BGD,2007,41.15,,
CR.1.URB.Q1,BGD,2011,52.55467987060547,,
CR.1.URB.Q1,BGD,2013,49.75,,
CR.1.URB.Q1,BGD,2014,73.00528717041016,,
CR.1.URB.Q1,BGD,2019,66.38075256347656,,
CR.1.URB.Q1,BGD,2022,75.55149841308594,,
CR.1.URB.Q1.F,BGD,2004,51,,
CR.1.URB.Q1.F,BGD,2006,62.55044937133789,,
CR.1.URB.Q1.F,BGD,2007,55.88,,
CR.1.URB.Q1.F,BGD,2011,59.17795944213867,,
CR.1.URB.Q1.F,BGD,2013,59.09999999999999,,
CR.1.URB.Q1.F,BGD,2014,83.42207336425781,,
CR.1.URB.Q1.F,BGD,2019,79.57817840576172,,
CR.1.URB.Q1.F,BGD,2022,79.01846313476563,,
CR.1.URB.Q1.GPIA,BGD,2006,1.37620997428894,,
CR.1.URB.Q1.GPIA,BGD,2011,1.263350009918213,,
CR.1.URB.Q1.GPIA,BGD,2014,1.234369993209839,,
CR.1.URB.Q1.GPIA,BGD,2019,1.353860020637512,,
CR.1.URB.Q1.GPIA,BGD,2022,1.079929947853088,,
CR.1.URB.Q1.M,BGD,2004,33.4,,
CR.1.URB.Q1.M,BGD,2006,39.01818084716797,,
CR.1.URB.Q1.M,BGD,2007,30.17,,
CR.1.URB.Q1.M,BGD,2011,43.59366989135742,,
CR.1.URB.Q1.M,BGD,2013,41.04,,
CR.1.URB.Q1.M,BGD,2014,63.87076950073242,,
CR.1.URB.Q1.M,BGD,2019,51.41839981079102,,
CR.1.URB.Q1.M,BGD,2022,72.7027587890625,,
CR.1.URB.Q2,BGD,2004,48.93,,
CR.1.URB.Q2,BGD,2006,58.96136093139648,,
CR.1.URB.Q2,BGD,2007,51.78,,
CR.1.URB.Q2,BGD,2011,64.17044067382813,,
CR.1.URB.Q2,BGD,2013,59.58,,
CR.1.URB.Q2,BGD,2014,68.86354827880859,,
CR.1.URB.Q2,BGD,2019,71.10130310058594,,
CR.1.URB.Q2,BGD,2022,79.98436737060547,,
CR.1.URB.Q2.F,BGD,2004,51.72,,
CR.1.URB.Q2.F,BGD,2006,69.49655151367188,,
CR.1.URB.Q2.F,BGD,2007,51.95,,
CR.1.URB.Q2.F,BGD,2011,69.70366668701172,,
CR.1.URB.Q2.F,BGD,2013,70.56,,
CR.1.URB.Q2.F,BGD,2014,71.50286102294922,,
CR.1.URB.Q2.F,BGD,2019,71.56788635253906,,
CR.1.URB.Q2.F,BGD,2022,89.16388702392578,,
CR.1.URB.Q2.GPIA,BGD,2006,1.301210045814514,,
CR.1.URB.Q2.GPIA,BGD,2011,1.151659965515137,,
CR.1.URB.Q2.GPIA,BGD,2014,1.099810004234314,,
CR.1.URB.Q2.GPIA,BGD,2019,1.012150049209595,,
CR.1.URB.Q2.GPIA,BGD,2022,1.242879986763,,
CR.1.URB.Q2.M,BGD,2004,44.56,,
CR.1.URB.Q2.M,BGD,2006,48.5635986328125,,
CR.1.URB.Q2.M,BGD,2007,51.62,,
CR.1.URB.Q2.M,BGD,2011,59.13225936889648,,
CR.1.URB.Q2.M,BGD,2013,51.51,,
CR.1.URB.Q2.M,BGD,2014,64.36622619628906,,
CR.1.URB.Q2.M,BGD,2019,70.69837951660156,,
CR.1.URB.Q2.M,BGD,2022,67.50779724121094,,
CR.1.URB.Q3,BGD,2004,63,,
CR.1.URB.Q3,BGD,2006,68.11403656005859,,
CR.1.URB.Q3,BGD,2007,54.54,,
CR.1.URB.Q3,BGD,2011,71.24945831298828,,
CR.1.URB.Q3,BGD,2013,70,,
CR.1.URB.Q3,BGD,2014,75.35968780517578,,
CR.1.URB.Q3,BGD,2019,81.36808776855469,,
CR.1.URB.Q3,BGD,2022,80.04959869384766,,
CR.1.URB.Q3.F,BGD,2004,70.48,,
CR.1.URB.Q3.F,BGD,2006,74.30393218994141,,
CR.1.URB.Q3.F,BGD,2007,54.61,,
CR.1.URB.Q3.F,BGD,2011,80.84274291992188,,
CR.1.URB.Q3.F,BGD,2013,81.08999999999999,,
CR.1.URB.Q3.F,BGD,2014,80.59573364257813,,
CR.1.URB.Q3.F,BGD,2019,89.42597198486328,,
CR.1.URB.Q3.F,BGD,2022,88.734130859375,,
CR.1.URB.Q3.GPIA,BGD,2006,1.179970026016235,,
CR.1.URB.Q3.GPIA,BGD,2011,1.281069993972778,,
CR.1.URB.Q3.GPIA,BGD,2014,1.142429947853088,,
CR.1.URB.Q3.GPIA,BGD,2019,1.168920040130615,,
CR.1.URB.Q3.GPIA,BGD,2022,1.215199947357178,,
CR.1.URB.Q3.M,BGD,2004,52.91,,
CR.1.URB.Q3.M,BGD,2006,60.93127059936523,,
CR.1.URB.Q3.M,BGD,2007,54.49,,
CR.1.URB.Q3.M,BGD,2011,58.12036895751953,,
CR.1.URB.Q3.M,BGD,2013,61.41,,
CR.1.URB.Q3.M,BGD,2014,69.1165771484375,,
CR.1.URB.Q3.M,BGD,2019,74.320068359375,,
CR.1.URB.Q3.M,BGD,2022,69.63892364501953,,
CR.1.URB.Q4,BGD,2004,68.73,,
CR.1.URB.Q4,BGD,2006,74.85791015625,,
CR.1.URB.Q4,BGD,2007,66.75999999999999,,
CR.1.URB.Q4,BGD,2011,78.10064697265625,,
CR.1.URB.Q4,BGD,2013,69.59999999999999,,
CR.1.URB.Q4,BGD,2014,79.55471801757813,,
CR.1.URB.Q4,BGD,2019,76.66533660888672,,
CR.1.URB.Q4,BGD,2022,85.4365234375,,
CR.1.URB.Q4.F,BGD,2004,70.77,,
CR.1.URB.Q4.F,BGD,2006,79.18753814697266,,
CR.1.URB.Q4.F,BGD,2007,72.27,,
CR.1.URB.Q4.F,BGD,2011,84.41371154785156,,
CR.1.URB.Q4.F,BGD,2013,76.31,,
CR.1.URB.Q4.F,BGD,2014,85.45372772216797,,
CR.1.URB.Q4.F,BGD,2019,82.75016784667969,,
CR.1.URB.Q4.F,BGD,2022,91.94963836669922,,
CR.1.URB.Q4.GPIA,BGD,2006,1.114369988441467,,
CR.1.URB.Q4.GPIA,BGD,2011,1.15582001209259,,
CR.1.URB.Q4.GPIA,BGD,2014,1.148059964179993,,
CR.1.URB.Q4.GPIA,BGD,2019,1.147670030593872,,
CR.1.URB.Q4.GPIA,BGD,2022,1.148839950561523,,
CR.1.URB.Q4.M,BGD,2004,65.72,,
CR.1.URB.Q4.M,BGD,2006,70.13115692138672,,
CR.1.URB.Q4.M,BGD,2007,61.26000000000001,,
CR.1.URB.Q4.M,BGD,2011,71.25997161865234,,
CR.1.URB.Q4.M,BGD,2013,63.37,,
CR.1.URB.Q4.M,BGD,2014,72.80156707763672,,
CR.1.URB.Q4.M,BGD,2019,70.53047180175781,,
CR.1.URB.Q4.M,BGD,2022,78.26358032226563,,
CR.1.URB.Q5,BGD,2004,77.98,,
CR.1.URB.Q5,BGD,2006,83.75641632080078,,
CR.1.URB.Q5,BGD,2007,78.01000000000001,,
CR.1.URB.Q5,BGD,2011,86.17897796630859,,
CR.1.URB.Q5,BGD,2013,85.31999999999999,,
CR.1.URB.Q5,BGD,2014,86.18219757080078,,
CR.1.URB.Q5,BGD,2019,90.00119018554688,,
CR.1.URB.Q5,BGD,2022,93.50415802001953,,
CR.1.URB.Q5.F,BGD,2004,78.86,,
CR.1.URB.Q5.F,BGD,2006,83.93829345703125,,
CR.1.URB.Q5.F,BGD,2007,77.86,,
CR.1.URB.Q5.F,BGD,2011,86.86669921875,,
CR.1.URB.Q5.F,BGD,2013,84.78999999999999,,
CR.1.URB.Q5.F,BGD,2014,88.28652191162109,,
CR.1.URB.Q5.F,BGD,2019,93.50601959228516,,
CR.1.URB.Q5.F,BGD,2022,96.23796844482422,,
CR.1.URB.Q5.GPIA,BGD,2006,1.004860043525696,,
CR.1.URB.Q5.GPIA,BGD,2011,1.016430020332336,,
CR.1.URB.Q5.GPIA,BGD,2014,1.050179958343506,,
CR.1.URB.Q5.GPIA,BGD,2019,1.074319958686829,,
CR.1.URB.Q5.GPIA,BGD,2022,1.057369947433472,,
CR.1.URB.Q5.M,BGD,2004,76.79000000000001,,
CR.1.URB.Q5.M,BGD,2006,83.53032684326172,,
CR.1.URB.Q5.M,BGD,2007,78.19,,
CR.1.URB.Q5.M,BGD,2011,85.43978118896484,,
CR.1.URB.Q5.M,BGD,2013,85.96000000000001,,
CR.1.URB.Q5.M,BGD,2014,83.85613250732422,,
CR.1.URB.Q5.M,BGD,2019,86.5570068359375,,
CR.1.URB.Q5.M,BGD,2022,90.716796875,,
CR.1.URB.WPIA,BGD,2006,.6209700107574463,,
CR.1.URB.WPIA,BGD,2011,.6098300218582153,,
CR.1.URB.WPIA,BGD,2014,.8471000194549561,,
CR.1.URB.WPIA,BGD,2019,.7375500202178955,,
CR.1.URB.WPIA,BGD,2022,.8080000281333923,,
CR.1.WPIA,BGD,2004,.4570675492286682,,
CR.1.WPIA,BGD,2006,.6070399880409241,,
CR.1.WPIA,BGD,2007,.5384615659713745,,
CR.1.WPIA,BGD,2011,.5399600267410278,,
CR.1.WPIA,BGD,2013,.5790615081787109,,
CR.1.WPIA,BGD,2014,.6986500024795532,,
CR.1.WPIA,BGD,2019,.769569993019104,,
CR.1.WPIA,BGD,2022,.8734999895095825,,
CR.2,BGD,2000,38.46,,
CR.2,BGD,2004,39.38,,
CR.2,BGD,2006,48.04080963134766,,
CR.2,BGD,2007,41.76000000000001,,
CR.2,BGD,2011,50.63494110107422,,
CR.2,BGD,2013,54.40000000000001,,
CR.2,BGD,2014,54.9339485168457,,
CR.2,BGD,2019,64.75244903564453,,
CR.2,BGD,2022,71.10780334472656,,
CR.2.ABL,BGD,2011,54.04222106933594,,
CR.2.ABL.F,BGD,2011,57.33818054199219,,
CR.2.ABL.GPIA,BGD,2011,1.112169981002808,,
CR.2.ABL.M,BGD,2011,50.90676116943359,,
CR.2.DIS,BGD,2011,21.31612968444824,,
CR.2.DIS,BGD,2019,68.95,,
CR.2.DIS.F,BGD,2011,21.14143943786621,,
CR.2.DIS.F,BGD,2019,76.73999999999999,,
CR.2.DIS.GPIA,BGD,2011,.9854500293731689,,
CR.2.DIS.M,BGD,2011,21.45368957519531,,
CR.2.DIS.M,BGD,2019,62.94,,
CR.2.DPIA,BGD,2011,.394430011510849,,
CR.2.F,BGD,2000,36.2,,
CR.2.F,BGD,2004,41.38,,
CR.2.F,BGD,2006,50.72468185424805,,
CR.2.F,BGD,2007,44.86,,
CR.2.F,BGD,2011,51.59568023681641,,
CR.2.F,BGD,2013,58.72000000000001,,
CR.2.F,BGD,2014,55.49642181396484,,
CR.2.F,BGD,2019,70.52410125732422,,
CR.2.F,BGD,2022,75.58869171142578,,
CR.2.F.DPIA,BGD,2011,.3687100112438202,,
CR.2.F.LPIA,BGD,2006,.795989990234375,,
CR.2.F.LPIA,BGD,2011,.8450599908828735,,
CR.2.F.LPIA,BGD,2014,.9555400013923645,,
CR.2.F.LPIA,BGD,2019,.9902700185775757,,
CR.2.F.LPIA,BGD,2022,.9940400123596191,,
CR.2.F.WPIA,BGD,2006,.246849998831749,,
CR.2.F.WPIA,BGD,2011,.2069800049066544,,
CR.2.F.WPIA,BGD,2014,.3670600056648254,,
CR.2.F.WPIA,BGD,2019,.5773699879646301,,
CR.2.F.WPIA,BGD,2022,.6207200288772583,,
CR.2.GPIA,BGD,2000,.8769379854202271,,
CR.2.GPIA,BGD,2004,1.108023166656494,,
CR.2.GPIA,BGD,2006,1.112650036811829,,
CR.2.GPIA,BGD,2007,1.160499334335327,,
CR.2.GPIA,BGD,2011,1.046939969062805,,
CR.2.GPIA,BGD,2013,1.141178488731384,,
CR.2.GPIA,BGD,2014,1.024420022964478,,
CR.2.GPIA,BGD,2019,1.161200046539307,,
CR.2.GPIA,BGD,2022,1.136890053749084,,
CR.2.LPIA,BGD,2000,.7119423747062683,,
CR.2.LPIA,BGD,2004,.8111569285392761,,
CR.2.LPIA,BGD,2006,.7855200171470642,,
CR.2.LPIA,BGD,2007,.812846302986145,,
CR.2.LPIA,BGD,2011,.8257799744606018,,
CR.2.LPIA,BGD,2013,.8723158240318298,,
CR.2.LPIA,BGD,2014,.9351699948310852,,
CR.2.LPIA,BGD,2019,.9508299827575684,,
CR.2.LPIA,BGD,2022,.9840899705886841,,
CR.2.M,BGD,2000,41.28,,
CR.2.M,BGD,2004,36.91,,
CR.2.M,BGD,2006,45.01037979125977,,
CR.2.M,BGD,2007,37.66,,
CR.2.M,BGD,2011,49.1739387512207,,
CR.2.M,BGD,2013,50.43,,
CR.2.M,BGD,2014,54.14125061035156,,
CR.2.M,BGD,2019,59.15525817871094,,
CR.2.M,BGD,2022,65.24114227294922,,
CR.2.M.DPIA,BGD,2011,.4214299917221069,,
CR.2.M.LPIA,BGD,2006,.7729700207710266,,
CR.2.M.LPIA,BGD,2011,.7972699999809265,,
CR.2.M.LPIA,BGD,2014,.9068099856376648,,
CR.2.M.LPIA,BGD,2019,.9133099913597107,,
CR.2.M.LPIA,BGD,2022,.9734100103378296,,
CR.2.M.WPIA,BGD,2006,.2328599989414215,,
CR.2.M.WPIA,BGD,2011,.2420399934053421,,
CR.2.M.WPIA,BGD,2014,.4407300055027008,,
CR.2.M.WPIA,BGD,2019,.4814899861812592,,
CR.2.M.WPIA,BGD,2022,.5608100295066833,,
CR.2.Q1,BGD,2004,6.54,,
CR.2.Q1,BGD,2006,18.30950927734375,,
CR.2.Q1,BGD,2007,18.03,,
CR.2.Q1,BGD,2011,16.26638984680176,,
CR.2.Q1,BGD,2013,22.56,,
CR.2.Q1,BGD,2014,28.544189453125,,
CR.2.Q1,BGD,2019,43.26987075805664,,
CR.2.Q1,BGD,2022,51.98492813110352,,
CR.2.Q1.F,BGD,2004,6.36,,
CR.2.Q1.F,BGD,2006,18.87363052368164,,
CR.2.Q1.F,BGD,2007,21.2,,
CR.2.Q1.F,BGD,2011,15.57118988037109,,
CR.2.Q1.F,BGD,2013,23.14,,
CR.2.Q1.F,BGD,2014,27.19528007507324,,
CR.2.Q1.F,BGD,2019,49.21659851074219,,
CR.2.Q1.F,BGD,2022,56.23728942871094,,
CR.2.Q1.F.LPIA,BGD,2006,1.326810002326965,,
CR.2.Q1.F.LPIA,BGD,2011,.5128399729728699,,
CR.2.Q1.F.LPIA,BGD,2014,.764989972114563,,
CR.2.Q1.F.LPIA,BGD,2019,.9244700074195862,,
CR.2.Q1.F.LPIA,BGD,2022,1.283509969711304,,
CR.2.Q1.GPIA,BGD,2006,1.066409945487976,,
CR.2.Q1.GPIA,BGD,2011,.9007599949836731,,
CR.2.Q1.GPIA,BGD,2014,.8949000239372253,,
CR.2.Q1.GPIA,BGD,2019,1.219769954681396,,
CR.2.Q1.GPIA,BGD,2022,1.161659955978394,,
CR.2.Q1.LPIA,BGD,2006,1.226609945297241,,
CR.2.Q1.LPIA,BGD,2011,.6455900073051453,,
CR.2.Q1.LPIA,BGD,2014,.733020007610321,,
CR.2.Q1.LPIA,BGD,2019,1.01885998249054,,
CR.2.Q1.LPIA,BGD,2022,1.256719946861267,,
CR.2.Q1.M,BGD,2004,6.79,,
CR.2.Q1.M,BGD,2006,17.62022972106934,,
CR.2.Q1.M,BGD,2007,14.38,,
CR.2.Q1.M,BGD,2011,17.28668022155762,,
CR.2.Q1.M,BGD,2013,22.07,,
CR.2.Q1.M,BGD,2014,30.38905906677246,,
CR.2.Q1.M,BGD,2019,38.40008926391602,,
CR.2.Q1.M,BGD,2022,47.14606094360352,,
CR.2.Q1.M.LPIA,BGD,2006,1.115779995918274,,
CR.2.Q1.M.LPIA,BGD,2011,1.010890007019043,,
CR.2.Q1.M.LPIA,BGD,2014,.6942899823188782,,
CR.2.Q1.M.LPIA,BGD,2019,1.110249996185303,,
CR.2.Q1.M.LPIA,BGD,2022,1.221420049667358,,
CR.2.Q2,BGD,2004,20.96,,
CR.2.Q2,BGD,2006,30.42089080810547,,
CR.2.Q2,BGD,2007,25.9,,
CR.2.Q2,BGD,2011,36.42527008056641,,
CR.2.Q2,BGD,2013,43,,
CR.2.Q2,BGD,2014,44.47307968139648,,
CR.2.Q2,BGD,2019,57.69992828369141,,
CR.2.Q2,BGD,2022,66.21836853027344,,
CR.2.Q2.F,BGD,2004,22.25,,
CR.2.Q2.F,BGD,2006,32.89067077636719,,
CR.2.Q2.F,BGD,2007,27.39,,
CR.2.Q2.F,BGD,2011,34.71049118041992,,
CR.2.Q2.F,BGD,2013,47.08,,
CR.2.Q2.F,BGD,2014,45.74079132080078,,
CR.2.Q2.F,BGD,2019,62.80120086669922,,
CR.2.Q2.F,BGD,2022,70.63887786865234,,
CR.2.Q2.F.LPIA,BGD,2006,1.093960046768188,,
CR.2.Q2.F.LPIA,BGD,2011,1.129009962081909,,
CR.2.Q2.F.LPIA,BGD,2014,1.061969995498657,,
CR.2.Q2.F.LPIA,BGD,2019,1.083889961242676,,
CR.2.Q2.F.LPIA,BGD,2022,1.232560038566589,,
CR.2.Q2.GPIA,BGD,2006,1.156530022621155,,
CR.2.Q2.GPIA,BGD,2011,.8910300135612488,,
CR.2.Q2.GPIA,BGD,2014,1.064730048179626,,
CR.2.Q2.GPIA,BGD,2019,1.149739980697632,,
CR.2.Q2.GPIA,BGD,2022,1.135169982910156,,
CR.2.Q2.LPIA,BGD,2006,1.129580020904541,,
CR.2.Q2.LPIA,BGD,2011,1.157580018043518,,
CR.2.Q2.LPIA,BGD,2014,.9348099827766418,,
CR.2.Q2.LPIA,BGD,2019,1.127490043640137,,
CR.2.Q2.LPIA,BGD,2022,1.281659960746765,,
CR.2.Q2.M,BGD,2004,19.32,,
CR.2.Q2.M,BGD,2006,27.74227905273438,,
CR.2.Q2.M,BGD,2007,23.79,,
CR.2.Q2.M,BGD,2011,38.95528030395508,,
CR.2.Q2.M,BGD,2013,39.63,,
CR.2.Q2.M,BGD,2014,42.78012847900391,,
CR.2.Q2.M,BGD,2019,53.39720153808594,,
CR.2.Q2.M,BGD,2022,61.09088134765625,,
CR.2.Q2.M.LPIA,BGD,2006,1.160400032997131,,
CR.2.Q2.M.LPIA,BGD,2011,1.187600016593933,,
CR.2.Q2.M.LPIA,BGD,2014,.7828199863433838,,
CR.2.Q2.M.LPIA,BGD,2019,1.192330002784729,,
CR.2.Q2.M.LPIA,BGD,2022,1.350430011749268,,
CR.2.Q3,BGD,2004,34.93,,
CR.2.Q3,BGD,2006,42.71364974975586,,
CR.2.Q3,BGD,2007,39.06,,
CR.2.Q3,BGD,2011,49.54381942749023,,
CR.2.Q3,BGD,2013,55.13,,
CR.2.Q3,BGD,2014,58.13558959960938,,
CR.2.Q3,BGD,2019,67.64247894287109,,
CR.2.Q3,BGD,2022,72.65635681152344,,
CR.2.Q3.F,BGD,2004,39.27,,
CR.2.Q3.F,BGD,2006,46.39981842041016,,
CR.2.Q3.F,BGD,2007,43.15,,
CR.2.Q3.F,BGD,2011,50.31375122070313,,
CR.2.Q3.F,BGD,2013,59.73,,
CR.2.Q3.F,BGD,2014,56.60459136962891,,
CR.2.Q3.F,BGD,2019,74.18782043457031,,
CR.2.Q3.F,BGD,2022,77.02921295166016,,
CR.2.Q3.F.LPIA,BGD,2006,1.188439965248108,,
CR.2.Q3.F.LPIA,BGD,2011,1.32260000705719,,
CR.2.Q3.F.LPIA,BGD,2014,1.191630005836487,,
CR.2.Q3.F.LPIA,BGD,2019,1.190799951553345,,
CR.2.Q3.F.LPIA,BGD,2022,1.15487003326416,,
CR.2.Q3.GPIA,BGD,2006,1.162639975547791,,
CR.2.Q3.GPIA,BGD,2011,1.037950038909912,,
CR.2.Q3.GPIA,BGD,2014,.9376199841499329,,
CR.2.Q3.GPIA,BGD,2019,1.173200011253357,,
CR.2.Q3.GPIA,BGD,2022,1.132449984550476,,
CR.2.Q3.LPIA,BGD,2006,1.233189940452576,,
CR.2.Q3.LPIA,BGD,2011,1.321799993515015,,
CR.2.Q3.LPIA,BGD,2014,1.176360011100769,,
CR.2.Q3.LPIA,BGD,2019,1.178550004959106,,
CR.2.Q3.LPIA,BGD,2022,1.172950029373169,,
CR.2.Q3.M,BGD,2004,29.94,,
CR.2.Q3.M,BGD,2006,38.85330963134766,,
CR.2.Q3.M,BGD,2007,33.46,,
CR.2.Q3.M,BGD,2011,48.40417098999023,,
CR.2.Q3.M,BGD,2013,51.31,,
CR.2.Q3.M,BGD,2014,60.37042999267578,,
CR.2.Q3.M,BGD,2019,61.33858108520508,,
CR.2.Q3.M,BGD,2022,66.82646179199219,,
CR.2.Q3.M.LPIA,BGD,2006,1.295079946517944,,
CR.2.Q3.M.LPIA,BGD,2011,1.329079985618591,,
CR.2.Q3.M.LPIA,BGD,2014,1.123329997062683,,
CR.2.Q3.M.LPIA,BGD,2019,1.180340051651001,,
CR.2.Q3.M.LPIA,BGD,2022,1.198089957237244,,
CR.2.Q4,BGD,2004,53.75,,
CR.2.Q4,BGD,2006,59.24279022216797,,
CR.2.Q4,BGD,2007,52.03,,
CR.2.Q4,BGD,2011,65.24709320068359,,
CR.2.Q4,BGD,2013,63.42,,
CR.2.Q4,BGD,2014,64.30357360839844,,
CR.2.Q4,BGD,2019,71.09806823730469,,
CR.2.Q4,BGD,2022,76.75402069091797,,
CR.2.Q4.F,BGD,2004,57.24,,
CR.2.Q4.F,BGD,2006,64.25285339355469,,
CR.2.Q4.F,BGD,2007,55.59,,
CR.2.Q4.F,BGD,2011,68.33876037597656,,
CR.2.Q4.F,BGD,2013,66.7,,
CR.2.Q4.F,BGD,2014,65.64985656738281,,
CR.2.Q4.F,BGD,2019,75.96993255615234,,
CR.2.Q4.F,BGD,2022,80.78447723388672,,
CR.2.Q4.F.LPIA,BGD,2006,1.202280044555664,,
CR.2.Q4.F.LPIA,BGD,2011,1.313500046730042,,
CR.2.Q4.F.LPIA,BGD,2014,1.255650043487549,,
CR.2.Q4.F.LPIA,BGD,2019,1.240640044212341,,
CR.2.Q4.F.LPIA,BGD,2022,1.150130033493042,,
CR.2.Q4.GPIA,BGD,2006,1.167230010032654,,
CR.2.Q4.GPIA,BGD,2011,1.119959950447083,,
CR.2.Q4.GPIA,BGD,2014,1.053850054740906,,
CR.2.Q4.GPIA,BGD,2019,1.13798999786377,,
CR.2.Q4.GPIA,BGD,2022,1.120589971542358,,
CR.2.Q4.LPIA,BGD,2006,1.241009950637817,,
CR.2.Q4.LPIA,BGD,2011,1.305920004844666,,
CR.2.Q4.LPIA,BGD,2014,1.26639997959137,,
CR.2.Q4.LPIA,BGD,2019,1.247009992599487,,
CR.2.Q4.LPIA,BGD,2022,1.152310013771057,,
CR.2.Q4.M,BGD,2004,49.39,,
CR.2.Q4.M,BGD,2006,53.5077018737793,,
CR.2.Q4.M,BGD,2007,47.68,,
CR.2.Q4.M,BGD,2011,60.1409797668457,,
CR.2.Q4.M,BGD,2013,60.33,,
CR.2.Q4.M,BGD,2014,62.11454010009766,,
CR.2.Q4.M,BGD,2019,65.48690032958984,,
CR.2.Q4.M,BGD,2022,71.04264068603516,,
CR.2.Q4.M.LPIA,BGD,2006,1.290599942207336,,
CR.2.Q4.M.LPIA,BGD,2011,1.304239988327026,,
CR.2.Q4.M.LPIA,BGD,2014,1.283630013465881,,
CR.2.Q4.M.LPIA,BGD,2019,1.254279971122742,,
CR.2.Q4.M.LPIA,BGD,2022,1.143309950828552,,
CR.2.Q5,BGD,2004,65.27,,
CR.2.Q5,BGD,2006,76.09623718261719,,
CR.2.Q5,BGD,2007,65.06999999999999,,
CR.2.Q5,BGD,2011,73.71278381347656,,
CR.2.Q5,BGD,2013,80.28,,
CR.2.Q5,BGD,2014,71.82016754150391,,
CR.2.Q5,BGD,2019,82.63207244873047,,
CR.2.Q5,BGD,2022,88.05480194091797,,
CR.2.Q5.F,BGD,2004,67.93000000000001,,
CR.2.Q5.F,BGD,2006,76.45736694335938,,
CR.2.Q5.F,BGD,2007,67.38,,
CR.2.Q5.F,BGD,2011,75.23182678222656,,
CR.2.Q5.F,BGD,2013,83.77,,
CR.2.Q5.F,BGD,2014,74.09011077880859,,
CR.2.Q5.F,BGD,2019,85.24285888671875,,
CR.2.Q5.F,BGD,2022,90.59963989257813,,
CR.2.Q5.F.LPIA,BGD,2006,1.122329950332642,,
CR.2.Q5.F.LPIA,BGD,2011,1.140849947929382,,
CR.2.Q5.F.LPIA,BGD,2014,1.205899953842163,,
CR.2.Q5.F.LPIA,BGD,2019,1.090299963951111,,
CR.2.Q5.F.LPIA,BGD,2022,1.004709959030151,,
CR.2.Q5.GPIA,BGD,2006,1.010329961776733,,
CR.2.Q5.GPIA,BGD,2011,1.050660014152527,,
CR.2.Q5.GPIA,BGD,2014,1.069350004196167,,
CR.2.Q5.GPIA,BGD,2019,1.064419984817505,,
CR.2.Q5.GPIA,BGD,2022,1.072100043296814,,
CR.2.Q5.LPIA,BGD,2006,1.094059944152832,,
CR.2.Q5.LPIA,BGD,2011,1.096390008926392,,
CR.2.Q5.LPIA,BGD,2014,1.188249945640564,,
CR.2.Q5.LPIA,BGD,2019,1.085999965667725,,
CR.2.Q5.LPIA,BGD,2022,.9876400232315063,,
CR.2.Q5.M,BGD,2004,62.22,,
CR.2.Q5.M,BGD,2006,75.66793823242188,,
CR.2.Q5.M,BGD,2007,61.78,,
CR.2.Q5.M,BGD,2011,71.42091369628906,,
CR.2.Q5.M,BGD,2013,76.20999999999999,,
CR.2.Q5.M,BGD,2014,68.95197296142578,,
CR.2.Q5.M,BGD,2019,79.75184631347656,,
CR.2.Q5.M,BGD,2022,84.06735992431641,,
CR.2.Q5.M.LPIA,BGD,2006,1.059669971466064,,
CR.2.Q5.M.LPIA,BGD,2011,1.008679986000061,,
CR.2.Q5.M.LPIA,BGD,2014,1.155310034751892,,
CR.2.Q5.M.LPIA,BGD,2019,1.073400020599365,,
CR.2.Q5.M.LPIA,BGD,2022,.9576799869537354,,
CR.2.RUR,BGD,2000,35.59,,
CR.2.RUR,BGD,2004,37.37,,
CR.2.RUR,BGD,2006,44.3769416809082,,
CR.2.RUR,BGD,2007,39.61,,
CR.2.RUR,BGD,2011,48.00883865356445,,
CR.2.RUR,BGD,2013,52.81,,
CR.2.RUR,BGD,2014,53.85736846923828,,
CR.2.RUR,BGD,2019,64.040771484375,,
CR.2.RUR,BGD,2022,70.78485870361328,,
CR.2.RUR.F,BGD,2000,33.7,,
CR.2.RUR.F,BGD,2004,39.66,,
CR.2.RUR.F,BGD,2006,47.06423950195313,,
CR.2.RUR.F,BGD,2007,42.42,,
CR.2.RUR.F,BGD,2011,49.18859100341797,,
CR.2.RUR.F,BGD,2013,57.08,,
CR.2.RUR.F,BGD,2014,54.75962066650391,,
CR.2.RUR.F,BGD,2019,70.37059783935547,,
CR.2.RUR.F,BGD,2022,75.45906829833984,,
CR.2.RUR.F.WPIA,BGD,2006,.2319499999284744,,
CR.2.RUR.F.WPIA,BGD,2011,.1737499982118607,,
CR.2.RUR.F.WPIA,BGD,2014,.3081499934196472,,
CR.2.RUR.F.WPIA,BGD,2019,.5448099970817566,,
CR.2.RUR.F.WPIA,BGD,2022,.6317200064659119,,
CR.2.RUR.GPIA,BGD,2006,1.121359944343567,,
CR.2.RUR.GPIA,BGD,2011,1.059530019760132,,
CR.2.RUR.GPIA,BGD,2014,1.039630055427551,,
CR.2.RUR.GPIA,BGD,2019,1.175660014152527,,
CR.2.RUR.GPIA,BGD,2022,1.141890048980713,,
CR.2.RUR.M,BGD,2000,37.96,,
CR.2.RUR.M,BGD,2004,34.47,,
CR.2.RUR.M,BGD,2006,41.35260009765625,,
CR.2.RUR.M,BGD,2007,35.84,,
CR.2.RUR.M,BGD,2011,46.2606201171875,,
CR.2.RUR.M,BGD,2013,48.95,,
CR.2.RUR.M,BGD,2014,52.58950042724609,,
CR.2.RUR.M,BGD,2019,58.00963973999023,,
CR.2.RUR.M,BGD,2022,64.75209808349609,,
CR.2.RUR.M.WPIA,BGD,2006,.226160004734993,,
CR.2.RUR.M.WPIA,BGD,2011,.2407100051641464,,
CR.2.RUR.M.WPIA,BGD,2014,.3752999901771545,,
CR.2.RUR.M.WPIA,BGD,2019,.4631800055503845,,
CR.2.RUR.M.WPIA,BGD,2022,.5842599868774414,,
CR.2.RUR.Q1,BGD,2004,6.64,,
CR.2.RUR.Q1,BGD,2006,18.76972961425781,,
CR.2.RUR.Q1,BGD,2007,18.04,,
CR.2.RUR.Q1,BGD,2011,15.61915969848633,,
CR.2.RUR.Q1,BGD,2013,22.9,,
CR.2.RUR.Q1,BGD,2014,27.39590072631836,,
CR.2.RUR.Q1,BGD,2019,43.32741928100586,,
CR.2.RUR.Q1,BGD,2022,52.93611907958984,,
CR.2.RUR.Q1.F,BGD,2004,6.56,,
CR.2.RUR.Q1.F,BGD,2006,19.47331047058105,,
CR.2.RUR.Q1.F,BGD,2007,21.44,,
CR.2.RUR.Q1.F,BGD,2011,14.45695018768311,,
CR.2.RUR.Q1.F,BGD,2013,23.68,,
CR.2.RUR.Q1.F,BGD,2014,26.2536506652832,,
CR.2.RUR.Q1.F,BGD,2019,48.9438591003418,,
CR.2.RUR.Q1.F,BGD,2022,57.38985061645508,,
CR.2.RUR.Q1.GPIA,BGD,2006,1.081840038299561,,
CR.2.RUR.Q1.GPIA,BGD,2011,.8356900215148926,,
CR.2.RUR.Q1.GPIA,BGD,2014,.9068300127983093,,
CR.2.RUR.Q1.GPIA,BGD,2019,1.209130048751831,,
CR.2.RUR.Q1.GPIA,BGD,2022,1.165740013122559,,
CR.2.RUR.Q1.M,BGD,2004,6.75,,
CR.2.RUR.Q1.M,BGD,2006,17.87955093383789,,
CR.2.RUR.Q1.M,BGD,2007,14.11,,
CR.2.RUR.Q1.M,BGD,2011,17.29933929443359,,
CR.2.RUR.Q1.M,BGD,2013,22.21,,
CR.2.RUR.Q1.M,BGD,2014,28.9511604309082,,
CR.2.RUR.Q1.M,BGD,2019,38.70825958251953,,
CR.2.RUR.Q1.M,BGD,2022,47.8779182434082,,
CR.2.RUR.Q2,BGD,2004,21.93,,
CR.2.RUR.Q2,BGD,2006,30.94021034240723,,
CR.2.RUR.Q2,BGD,2007,25.7,,
CR.2.RUR.Q2,BGD,2011,36.83691024780273,,
CR.2.RUR.Q2,BGD,2013,43.16,,
CR.2.RUR.Q2,BGD,2014,44.23722076416016,,
CR.2.RUR.Q2,BGD,2019,58.20650100708008,,
CR.2.RUR.Q2,BGD,2022,68.96875762939453,,
CR.2.RUR.Q2.F,BGD,2004,23.01,,
CR.2.RUR.Q2.F,BGD,2006,33.27363967895508,,
CR.2.RUR.Q2.F,BGD,2007,27.45,,
CR.2.RUR.Q2.F,BGD,2011,35.0684814453125,,
CR.2.RUR.Q2.F,BGD,2013,47.37,,
CR.2.RUR.Q2.F,BGD,2014,45.96870040893555,,
CR.2.RUR.Q2.F,BGD,2019,63.19729995727539,,
CR.2.RUR.Q2.F,BGD,2022,73.07942962646484,,
CR.2.RUR.Q2.GPIA,BGD,2006,1.147480010986328,,
CR.2.RUR.Q2.GPIA,BGD,2011,.8902999758720398,,
CR.2.RUR.Q2.GPIA,BGD,2014,1.087520003318787,,
CR.2.RUR.Q2.GPIA,BGD,2019,1.144739985466003,,
CR.2.RUR.Q2.GPIA,BGD,2022,1.12116003036499,,
CR.2.RUR.Q2.M,BGD,2004,20.53,,
CR.2.RUR.Q2.M,BGD,2006,28.36640930175781,,
CR.2.RUR.Q2.M,BGD,2007,23.29,,
CR.2.RUR.Q2.M,BGD,2011,39.38967132568359,,
CR.2.RUR.Q2.M,BGD,2013,39.69,,
CR.2.RUR.Q2.M,BGD,2014,41.94562149047852,,
CR.2.RUR.Q2.M,BGD,2019,54.05030822753906,,
CR.2.RUR.Q2.M,BGD,2022,64.22480010986328,,
CR.2.RUR.Q3,BGD,2004,36.59,,
CR.2.RUR.Q3,BGD,2006,44.52993011474609,,
CR.2.RUR.Q3,BGD,2007,40.17,,
CR.2.RUR.Q3,BGD,2011,51.265380859375,,
CR.2.RUR.Q3,BGD,2013,56.55,,
CR.2.RUR.Q3,BGD,2014,59.75558090209961,,
CR.2.RUR.Q3,BGD,2019,69.22305297851563,,
CR.2.RUR.Q3,BGD,2022,76.01605224609375,,
CR.2.RUR.Q3.F,BGD,2004,40.77,,
CR.2.RUR.Q3.F,BGD,2006,48.02037811279297,,
CR.2.RUR.Q3.F,BGD,2007,43.47,,
CR.2.RUR.Q3.F,BGD,2011,52.30189895629883,,
CR.2.RUR.Q3.F,BGD,2013,61.26000000000001,,
CR.2.RUR.Q3.F,BGD,2014,58.6817512512207,,
CR.2.RUR.Q3.F,BGD,2019,76.21058654785156,,
CR.2.RUR.Q3.F,BGD,2022,80.17478179931641,,
CR.2.RUR.Q3.GPIA,BGD,2006,1.148020029067993,,
CR.2.RUR.Q3.GPIA,BGD,2011,1.048079967498779,,
CR.2.RUR.Q3.GPIA,BGD,2014,.9590200185775757,,
CR.2.RUR.Q3.GPIA,BGD,2019,1.17779004573822,,
CR.2.RUR.Q3.GPIA,BGD,2022,1.121510028839111,,
CR.2.RUR.Q3.M,BGD,2004,31.74,,
CR.2.RUR.Q3.M,BGD,2006,40.91220855712891,,
CR.2.RUR.Q3.M,BGD,2007,35.37,,
CR.2.RUR.Q3.M,BGD,2011,49.78709030151367,,
CR.2.RUR.Q3.M,BGD,2013,52.73,,
CR.2.RUR.Q3.M,BGD,2014,61.18901062011719,,
CR.2.RUR.Q3.M,BGD,2019,62.66133880615234,,
CR.2.RUR.Q3.M,BGD,2022,70.43300628662109,,
CR.2.RUR.Q4,BGD,2004,56.82000000000001,,
CR.2.RUR.Q4,BGD,2006,63.62606048583984,,
CR.2.RUR.Q4,BGD,2007,55.92,,
CR.2.RUR.Q4,BGD,2011,71.95742797851563,,
CR.2.RUR.Q4,BGD,2013,67.52,,
CR.2.RUR.Q4,BGD,2014,71.57346343994141,,
CR.2.RUR.Q4,BGD,2019,75.46970367431641,,
CR.2.RUR.Q4,BGD,2022,81.46687316894531,,
CR.2.RUR.Q4.F,BGD,2004,60.20999999999999,,
CR.2.RUR.Q4.F,BGD,2006,68.16719055175781,,
CR.2.RUR.Q4.F,BGD,2007,57.70999999999999,,
CR.2.RUR.Q4.F,BGD,2011,75.98589324951172,,
CR.2.RUR.Q4.F,BGD,2013,70.73,,
CR.2.RUR.Q4.F,BGD,2014,72.67852783203125,,
CR.2.RUR.Q4.F,BGD,2019,80.48281097412109,,
CR.2.RUR.Q4.F,BGD,2022,85.40776824951172,,
CR.2.RUR.Q4.GPIA,BGD,2006,1.143329977989197,,
CR.2.RUR.Q4.GPIA,BGD,2011,1.135370016098022,,
CR.2.RUR.Q4.GPIA,BGD,2014,1.040240049362183,,
CR.2.RUR.Q4.GPIA,BGD,2019,1.134330034255981,,
CR.2.RUR.Q4.GPIA,BGD,2022,1.116659998893738,,
CR.2.RUR.Q4.M,BGD,2004,52.45,,
CR.2.RUR.Q4.M,BGD,2006,58.3968505859375,,
CR.2.RUR.Q4.M,BGD,2007,53.66999999999999,,
CR.2.RUR.Q4.M,BGD,2011,65.69976806640625,,
CR.2.RUR.Q4.M,BGD,2013,64.40000000000001,,
CR.2.RUR.Q4.M,BGD,2014,69.75373077392578,,
CR.2.RUR.Q4.M,BGD,2019,69.67169952392578,,
CR.2.RUR.Q4.M,BGD,2022,75.44425201416016,,
CR.2.RUR.Q5,BGD,2004,69,,
CR.2.RUR.Q5,BGD,2006,81.66272735595703,,
CR.2.RUR.Q5,BGD,2007,75.02,,
CR.2.RUR.Q5,BGD,2011,79.00169372558594,,
CR.2.RUR.Q5,BGD,2013,82,,
CR.2.RUR.Q5,BGD,2014,81.92915344238281,,
CR.2.RUR.Q5,BGD,2019,87.07267761230469,,
CR.2.RUR.Q5,BGD,2022,87.41934967041016,,
CR.2.RUR.Q5.F,BGD,2004,73.96000000000001,,
CR.2.RUR.Q5.F,BGD,2006,83.95571899414063,,
CR.2.RUR.Q5.F,BGD,2007,77.41,,
CR.2.RUR.Q5.F,BGD,2011,83.20516967773438,,
CR.2.RUR.Q5.F,BGD,2013,85.38,,
CR.2.RUR.Q5.F,BGD,2014,85.19786071777344,,
CR.2.RUR.Q5.F,BGD,2019,89.83660888671875,,
CR.2.RUR.Q5.F,BGD,2022,90.84707641601563,,
CR.2.RUR.Q5.GPIA,BGD,2006,1.058349967002869,,
CR.2.RUR.Q5.GPIA,BGD,2011,1.136260032653809,,
CR.2.RUR.Q5.GPIA,BGD,2014,1.094560027122498,,
CR.2.RUR.Q5.GPIA,BGD,2019,1.069759964942932,,
CR.2.RUR.Q5.GPIA,BGD,2022,1.097970008850098,,
CR.2.RUR.Q5.M,BGD,2004,63.13,,
CR.2.RUR.Q5.M,BGD,2006,79.05663299560547,,
CR.2.RUR.Q5.M,BGD,2007,71.41999999999999,,
CR.2.RUR.Q5.M,BGD,2011,71.86769866943359,,
CR.2.RUR.Q5.M,BGD,2013,77.73,,
CR.2.RUR.Q5.M,BGD,2014,77.14180755615234,,
CR.2.RUR.Q5.M,BGD,2019,83.56986999511719,,
CR.2.RUR.Q5.M,BGD,2022,81.94641876220703,,
CR.2.RUR.WPIA,BGD,2006,.2298399955034256,,
CR.2.RUR.WPIA,BGD,2011,.1977100074291229,,
CR.2.RUR.WPIA,BGD,2014,.3343900144100189,,
CR.2.RUR.WPIA,BGD,2019,.4975999891757965,,
CR.2.RUR.WPIA,BGD,2022,.6055399775505066,,
CR.2.URB,BGD,2000,49.99,,
CR.2.URB,BGD,2004,46.07,,
CR.2.URB,BGD,2006,56.49372100830078,,
CR.2.URB,BGD,2007,48.73,,
CR.2.URB,BGD,2011,58.13782119750977,,
CR.2.URB,BGD,2013,60.54000000000001,,
CR.2.URB,BGD,2014,57.59106063842773,,
CR.2.URB,BGD,2019,67.35285186767578,,
CR.2.URB,BGD,2022,71.92893218994141,,
CR.2.URB.F,BGD,2000,46.35,,
CR.2.URB.F,BGD,2004,47.43,,
CR.2.URB.F,BGD,2006,59.12664031982422,,
CR.2.URB.F,BGD,2007,52.93,,
CR.2.URB.F,BGD,2011,58.20750045776367,,
CR.2.URB.F,BGD,2013,64.90000000000001,,
CR.2.URB.F,BGD,2014,57.30733108520508,,
CR.2.URB.F,BGD,2019,71.06234741210938,,
CR.2.URB.F,BGD,2022,75.91116333007813,,
CR.2.URB.F.WPIA,BGD,2006,.1779100000858307,,
CR.2.URB.F.WPIA,BGD,2011,.3943400084972382,,
CR.2.URB.F.WPIA,BGD,2014,.5072600245475769,,
CR.2.URB.F.WPIA,BGD,2019,.647819995880127,,
CR.2.URB.F.WPIA,BGD,2022,.4547599852085114,,
CR.2.URB.GPIA,BGD,2006,1.095190048217773,,
CR.2.URB.GPIA,BGD,2011,1.003159999847412,,
CR.2.URB.GPIA,BGD,2014,.9881600141525269,,
CR.2.URB.GPIA,BGD,2019,1.106189966201782,,
CR.2.URB.GPIA,BGD,2022,1.123700022697449,,
CR.2.URB.M,BGD,2000,54.43,,
CR.2.URB.M,BGD,2004,44.55,,
CR.2.URB.M,BGD,2006,53.49813842773438,,
CR.2.URB.M,BGD,2007,43.4,,
CR.2.URB.M,BGD,2011,58.02363967895508,,
CR.2.URB.M,BGD,2013,56.35,,
CR.2.URB.M,BGD,2014,57.99380111694336,,
CR.2.URB.M,BGD,2019,63.51599884033203,,
CR.2.URB.M,BGD,2022,66.52117919921875,,
CR.2.URB.M.WPIA,BGD,2006,.2126699984073639,,
CR.2.URB.M.WPIA,BGD,2011,.2401800006628036,,
CR.2.URB.M.WPIA,BGD,2014,.6399400234222412,,
CR.2.URB.M.WPIA,BGD,2019,.4447599947452545,,
CR.2.URB.M.WPIA,BGD,2022,.4356400072574615,,
CR.2.URB.Q1,BGD,2004,5.72,,
CR.2.URB.Q1,BGD,2006,14.51632976531982,,
CR.2.URB.Q1,BGD,2007,17.97,,
CR.2.URB.Q1,BGD,2011,24.19343948364258,,
CR.2.URB.Q1,BGD,2013,19.14,,
CR.2.URB.Q1,BGD,2014,37.37397003173828,,
CR.2.URB.Q1,BGD,2019,42.51005935668945,,
CR.2.URB.Q1,BGD,2022,39.34650039672852,,
CR.2.URB.Q1.F,BGD,2004,4.84,,
CR.2.URB.Q1.F,BGD,2006,13.10925006866455,,
CR.2.URB.Q1.F,BGD,2007,17.32,,
CR.2.URB.Q1.F,BGD,2011,28.18996047973633,,
CR.2.URB.Q1.F,BGD,2013,16.71,,
CR.2.URB.Q1.F,BGD,2014,34.31887817382813,,
CR.2.URB.Q1.F,BGD,2019,52.94258880615234,,
CR.2.URB.Q1.F,BGD,2022,41.11912155151367,,
CR.2.URB.Q1.GPIA,BGD,2006,.8292000293731689,,
CR.2.URB.Q1.GPIA,BGD,2011,1.393010020256042,,
CR.2.URB.Q1.GPIA,BGD,2014,.8230199813842773,,
CR.2.URB.Q1.GPIA,BGD,2019,1.349470019340515,,
CR.2.URB.Q1.GPIA,BGD,2022,1.093440055847168,,
CR.2.URB.Q1.M,BGD,2004,7.149999999999999,,
CR.2.URB.Q1.M,BGD,2006,15.80951976776123,,
CR.2.URB.Q1.M,BGD,2007,18.71,,
CR.2.URB.Q1.M,BGD,2011,17.11103057861328,,
CR.2.URB.Q1.M,BGD,2013,20.77,,
CR.2.URB.Q1.M,BGD,2014,41.69892883300781,,
CR.2.URB.Q1.M,BGD,2019,34.44086074829102,,
CR.2.URB.Q1.M,BGD,2022,37.27677917480469,,
CR.2.URB.Q2,BGD,2004,11.31,,
CR.2.URB.Q2,BGD,2006,26.93106079101563,,
CR.2.URB.Q2,BGD,2007,28.46,,
CR.2.URB.Q2,BGD,2011,31.03198051452637,,
CR.2.URB.Q2,BGD,2013,41.12,,
CR.2.URB.Q2,BGD,2014,47.32212066650391,,
CR.2.URB.Q2,BGD,2019,50.78583145141602,,
CR.2.URB.Q2,BGD,2022,49.54275894165039,,
CR.2.URB.Q2.F,BGD,2004,13.87,,
CR.2.URB.Q2.F,BGD,2006,30.14710998535156,,
CR.2.URB.Q2.F,BGD,2007,26.73,,
CR.2.URB.Q2.F,BGD,2011,30.54446029663086,,
CR.2.URB.Q2.F,BGD,2013,43.77,,
CR.2.URB.Q2.F,BGD,2014,43.12015914916992,,
CR.2.URB.Q2.F,BGD,2019,57.89546966552734,,
CR.2.URB.Q2.F,BGD,2022,56.08380889892578,,
CR.2.URB.Q2.GPIA,BGD,2006,1.20999002456665,,
CR.2.URB.Q2.GPIA,BGD,2011,.954509973526001,,
CR.2.URB.Q2.GPIA,BGD,2014,.8047400116920471,,
CR.2.URB.Q2.GPIA,BGD,2019,1.245970010757446,,
CR.2.URB.Q2.GPIA,BGD,2022,1.256139993667603,,
CR.2.URB.Q2.M,BGD,2004,8.67,,
CR.2.URB.Q2.M,BGD,2006,23.81657981872559,,
CR.2.URB.Q2.M,BGD,2007,31.96,,
CR.2.URB.Q2.M,BGD,2011,32.00022888183594,,
CR.2.URB.Q2.M,BGD,2013,38.89,,
CR.2.URB.Q2.M,BGD,2014,53.58296966552734,,
CR.2.URB.Q2.M,BGD,2019,43.65496826171875,,
CR.2.URB.Q2.M,BGD,2022,41.71846008300781,,
CR.2.URB.Q3,BGD,2004,24.05,,
CR.2.URB.Q3,BGD,2006,34.14606094360352,,
CR.2.URB.Q3,BGD,2007,30.82,,
CR.2.URB.Q3,BGD,2011,34.76839828491211,,
CR.2.URB.Q3,BGD,2013,43.6,,
CR.2.URB.Q3,BGD,2014,49.21701049804688,,
CR.2.URB.Q3,BGD,2019,56.86296081542969,,
CR.2.URB.Q3,BGD,2022,62.86878967285156,,
CR.2.URB.Q3.F,BGD,2004,29.12,,
CR.2.URB.Q3.F,BGD,2006,38.97137069702148,,
CR.2.URB.Q3.F,BGD,2007,40.16,,
CR.2.URB.Q3.F,BGD,2011,35.42905044555664,,
CR.2.URB.Q3.F,BGD,2013,48.72,,
CR.2.URB.Q3.F,BGD,2014,47.43648147583008,,
CR.2.URB.Q3.F,BGD,2019,61.66983032226563,,
CR.2.URB.Q3.F,BGD,2022,67.75789642333984,,
CR.2.URB.Q3.GPIA,BGD,2006,1.259979963302612,,
CR.2.URB.Q3.GPIA,BGD,2011,1.057180047035217,,
CR.2.URB.Q3.GPIA,BGD,2014,.8842999935150146,,
CR.2.URB.Q3.GPIA,BGD,2019,1.167160034179688,,
CR.2.URB.Q3.GPIA,BGD,2022,1.166429996490479,,
CR.2.URB.Q3.M,BGD,2004,18.56,,
CR.2.URB.Q3.M,BGD,2006,28.83966064453125,,
CR.2.URB.Q3.M,BGD,2007,22.51,,
CR.2.URB.Q3.M,BGD,2011,33.40325164794922,,
CR.2.URB.Q3.M,BGD,2013,38.34,,
CR.2.URB.Q3.M,BGD,2014,53.64276123046875,,
CR.2.URB.Q3.M,BGD,2019,51.36122131347656,,
CR.2.URB.Q3.M,BGD,2022,56.48083114624023,,
CR.2.URB.Q4,BGD,2004,39.26,,
CR.2.URB.Q4,BGD,2006,48.29169082641602,,
CR.2.URB.Q4,BGD,2007,37.66999999999999,,
CR.2.URB.Q4,BGD,2011,49.94419097900391,,
CR.2.URB.Q4,BGD,2013,47.75,,
CR.2.URB.Q4,BGD,2014,52.50619888305664,,
CR.2.URB.Q4,BGD,2019,56.82759094238281,,
CR.2.URB.Q4,BGD,2022,69.05877685546875,,
CR.2.URB.Q4.F,BGD,2004,42.05,,
CR.2.URB.Q4.F,BGD,2006,54.37810897827148,,
CR.2.URB.Q4.F,BGD,2007,47.16,,
CR.2.URB.Q4.F,BGD,2011,52.16455078125,,
CR.2.URB.Q4.F,BGD,2013,50.05,,
CR.2.URB.Q4.F,BGD,2014,54.09862899780273,,
CR.2.URB.Q4.F,BGD,2019,61.11569976806641,,
CR.2.URB.Q4.F,BGD,2022,72.58576202392578,,
CR.2.URB.Q4.GPIA,BGD,2006,1.238170027732849,,
CR.2.URB.Q4.GPIA,BGD,2011,1.123710036277771,,
CR.2.URB.Q4.GPIA,BGD,2014,1.076329946517944,,
CR.2.URB.Q4.GPIA,BGD,2019,1.149880051612854,,
CR.2.URB.Q4.GPIA,BGD,2022,1.109580039978027,,
CR.2.URB.Q4.M,BGD,2004,36.24,,
CR.2.URB.Q4.M,BGD,2006,41.4268684387207,,
CR.2.URB.Q4.M,BGD,2007,27.45,,
CR.2.URB.Q4.M,BGD,2011,45.71112060546875,,
CR.2.URB.Q4.M,BGD,2013,45.84,,
CR.2.URB.Q4.M,BGD,2014,49.96945190429688,,
CR.2.URB.Q4.M,BGD,2019,51.95558929443359,,
CR.2.URB.Q4.M,BGD,2022,64.6319580078125,,
CR.2.URB.Q5,BGD,2004,62.52,,
CR.2.URB.Q5,BGD,2006,73.98182678222656,,
CR.2.URB.Q5,BGD,2007,59.63,,
CR.2.URB.Q5,BGD,2011,71.38639831542969,,
CR.2.URB.Q5,BGD,2013,78.75,,
CR.2.URB.Q5,BGD,2014,66.50617980957031,,
CR.2.URB.Q5,BGD,2019,79.58438873291016,,
CR.2.URB.Q5,BGD,2022,88.51315307617188,,
CR.2.URB.Q5.F,BGD,2004,63.37,,
CR.2.URB.Q5.F,BGD,2006,73.68527221679688,,
CR.2.URB.Q5.F,BGD,2007,61.68,,
CR.2.URB.Q5.F,BGD,2011,71.48599243164063,,
CR.2.URB.Q5.F,BGD,2013,82.23,,
CR.2.URB.Q5.F,BGD,2014,67.65579986572266,,
CR.2.URB.Q5.F,BGD,2019,81.72476959228516,,
CR.2.URB.Q5.F,BGD,2022,90.41889953613281,,
CR.2.URB.Q5.GPIA,BGD,2006,.9911999702453613,,
CR.2.URB.Q5.GPIA,BGD,2011,1.003389954566956,,
CR.2.URB.Q5.GPIA,BGD,2014,1.036880016326904,,
CR.2.URB.Q5.GPIA,BGD,2019,1.052479982376099,,
CR.2.URB.Q5.GPIA,BGD,2022,1.053660035133362,,
CR.2.URB.Q5.M,BGD,2004,61.56,,
CR.2.URB.Q5.M,BGD,2006,74.33930969238281,,
CR.2.URB.Q5.M,BGD,2007,56.81,,
CR.2.URB.Q5.M,BGD,2011,71.24356842041016,,
CR.2.URB.Q5.M,BGD,2013,74.97,,
CR.2.URB.Q5.M,BGD,2014,65.16055297851563,,
CR.2.URB.Q5.M,BGD,2019,77.43618774414063,,
CR.2.URB.Q5.M,BGD,2022,85.56720733642578,,
CR.2.URB.WPIA,BGD,2006,.1962099969387054,,
CR.2.URB.WPIA,BGD,2011,.3389100134372711,,
CR.2.URB.WPIA,BGD,2014,.561959981918335,,
CR.2.URB.WPIA,BGD,2019,.5341500043869019,,
CR.2.URB.WPIA,BGD,2022,.4445300102233887,,
CR.2.WPIA,BGD,2004,.1001991704106331,,
CR.2.WPIA,BGD,2006,.2406100034713745,,
CR.2.WPIA,BGD,2007,.2770862281322479,,
CR.2.WPIA,BGD,2011,.2206699997186661,,
CR.2.WPIA,BGD,2013,.2810164391994476,,
CR.2.WPIA,BGD,2014,.3974399864673615,,
CR.2.WPIA,BGD,2019,.523639976978302,,
CR.2.WPIA,BGD,2022,.5903699994087219,,
CR.3,BGD,2000,10.54,,
CR.3,BGD,2004,7.630000000000001,,
CR.3,BGD,2006,12.69316005706787,,
CR.3,BGD,2007,8.17,,
CR.3,BGD,2011,13.44727993011475,,
CR.3,BGD,2013,17.35,,
CR.3,BGD,2014,18.8961296081543,,
CR.3,BGD,2019,29.36273956298828,,
CR.3,BGD,2022,31.30805969238281,,
CR.3.ABL,BGD,2011,13.31243991851807,,
CR.3.ABL.F,BGD,2011,10.31616020202637,,
CR.3.ABL.GPIA,BGD,2011,.5929200053215027,,
CR.3.ABL.M,BGD,2011,17.39887046813965,,
CR.3.DIS,BGD,2011,4.622719764709473,,
CR.3.DIS.F,BGD,2011,3.885210037231445,,
CR.3.DIS.GPIA,BGD,2011,.7364599704742432,,
CR.3.DIS.M,BGD,2011,5.275499820709229,,
CR.3.DPIA,BGD,2011,.3472500145435333,,
CR.3.F,BGD,2000,8.93,,
CR.3.F,BGD,2004,5.800000000000001,,
CR.3.F,BGD,2006,9.99137020111084,,
CR.3.F,BGD,2007,6.78,,
CR.3.F,BGD,2011,10.68282985687256,,
CR.3.F,BGD,2013,14.97,,
CR.3.F,BGD,2014,17.47369003295898,,
CR.3.F,BGD,2019,27.34086990356445,,
CR.3.F,BGD,2022,29.40481948852539,,
CR.3.F.DPIA,BGD,2011,.3766100108623505,,
CR.3.F.LPIA,BGD,2006,.237639993429184,,
CR.3.F.LPIA,BGD,2011,.4002200067043304,,
CR.3.F.LPIA,BGD,2014,.5030699968338013,,
CR.3.F.LPIA,BGD,2019,.7432900071144104,,
CR.3.F.LPIA,BGD,2022,.678059995174408,,
CR.3.F.WPIA,BGD,2006,.0232800003141165,,
CR.3.F.WPIA,BGD,2011,0,NIL,
CR.3.F.WPIA,BGD,2014,.0959800034761429,,
CR.3.F.WPIA,BGD,2019,.1716800034046173,,
CR.3.F.WPIA,BGD,2022,.1882999986410141,,
CR.3.GPIA,BGD,2000,.7149719595909119,,
CR.3.GPIA,BGD,2004,.5753968358039856,,
CR.3.GPIA,BGD,2006,.6158000230789185,,
CR.3.GPIA,BGD,2007,.6773226857185364,,
CR.3.GPIA,BGD,2011,.5954099893569946,,
CR.3.GPIA,BGD,2013,.747378945350647,,
CR.3.GPIA,BGD,2014,.822380006313324,,
CR.3.GPIA,BGD,2019,.8659700155258179,,
CR.3.GPIA,BGD,2022,.8667600154876709,,
CR.3.LPIA,BGD,2000,.2762251794338226,,
CR.3.LPIA,BGD,2004,.3518886566162109,,
CR.3.LPIA,BGD,2006,.310479998588562,,
CR.3.LPIA,BGD,2007,.3110585510730743,,
CR.3.LPIA,BGD,2011,.4515500068664551,,
CR.3.LPIA,BGD,2013,.6111335158348083,,
CR.3.LPIA,BGD,2014,.60725998878479,,
CR.3.LPIA,BGD,2019,.7782800197601318,,
CR.3.LPIA,BGD,2022,.7200999855995178,,
CR.3.M,BGD,2000,12.49,,
CR.3.M,BGD,2004,10.08,,
CR.3.M,BGD,2006,16.22499084472656,,
CR.3.M,BGD,2007,10.01,,
CR.3.M,BGD,2011,17.94198036193848,,
CR.3.M,BGD,2013,20.03,,
CR.3.M,BGD,2014,21.24764060974121,,
CR.3.M,BGD,2019,31.57262992858887,,
CR.3.M,BGD,2022,33.92481994628906,,
CR.3.M.DPIA,BGD,2011,.3032099902629852,,
CR.3.M.LPIA,BGD,2006,.3853799998760223,,
CR.3.M.LPIA,BGD,2011,.5261800289154053,,
CR.3.M.LPIA,BGD,2014,.7972000241279602,,
CR.3.M.LPIA,BGD,2019,.8052800297737122,,
CR.3.M.LPIA,BGD,2022,.7784799933433533,,
CR.3.M.WPIA,BGD,2006,.0365400016307831,,
CR.3.M.WPIA,BGD,2011,.0193499997258186,,
CR.3.M.WPIA,BGD,2014,.1025400012731552,,
CR.3.M.WPIA,BGD,2019,.2936899960041046,,
CR.3.M.WPIA,BGD,2022,.2164700031280518,,
CR.3.Q1,BGD,2004,0,NIL,
CR.3.Q1,BGD,2006,.9063299894332886,,
CR.3.Q1,BGD,2007,.37,,
CR.3.Q1,BGD,2011,.2403800040483475,,
CR.3.Q1,BGD,2013,2.93,,
CR.3.Q1,BGD,2014,3.727220058441162,,
CR.3.Q1,BGD,2019,12.10239028930664,,
CR.3.Q1,BGD,2022,12.09331035614014,,
CR.3.Q1.F,BGD,2004,0,NIL,
CR.3.Q1.F,BGD,2006,.7043700218200684,,
CR.3.Q1.F,BGD,2007,0,NIL,
CR.3.Q1.F,BGD,2011,0,NIL,
CR.3.Q1.F,BGD,2013,1.43,,
CR.3.Q1.F,BGD,2014,3.396330118179321,,
CR.3.Q1.F,BGD,2019,8.112059593200684,,
CR.3.Q1.F,BGD,2022,10.71988964080811,,
CR.3.Q1.F.LPIA,BGD,2006,.3967700004577637,,
CR.3.Q1.F.LPIA,BGD,2011,1,,
CR.3.Q1.F.LPIA,BGD,2014,.5856900215148926,,
CR.3.Q1.F.LPIA,BGD,2019,1.529019951820374,,
CR.3.Q1.F.LPIA,BGD,2022,.6902400255203247,,
CR.3.Q1.GPIA,BGD,2006,.5258499979972839,,
CR.3.Q1.GPIA,BGD,2011,0,NIL,
CR.3.Q1.GPIA,BGD,2014,.7992500066757202,,
CR.3.Q1.GPIA,BGD,2019,.5096700191497803,,
CR.3.Q1.GPIA,BGD,2022,.7656199932098389,,
CR.3.Q1.LPIA,BGD,2006,.510699987411499,,
CR.3.Q1.LPIA,BGD,2011,.1642599999904633,,
CR.3.Q1.LPIA,BGD,2014,.4623300135135651,,
CR.3.Q1.LPIA,BGD,2019,1.438030004501343,,
CR.3.Q1.LPIA,BGD,2022,1.076120018959045,,
CR.3.Q1.M,BGD,2004,0,NIL,
CR.3.Q1.M,BGD,2006,1.339509963989258,,
CR.3.Q1.M,BGD,2007,.8699999999999999,,
CR.3.Q1.M,BGD,2011,.7085400223731995,,
CR.3.Q1.M,BGD,2013,4.65,,
CR.3.Q1.M,BGD,2014,4.24940013885498,,
CR.3.Q1.M,BGD,2019,15.91627979278564,,
CR.3.Q1.M,BGD,2022,14.0015697479248,,
CR.3.Q1.M.LPIA,BGD,2006,.7104799747467041,,
CR.3.Q1.M.LPIA,BGD,2011,.2136400043964386,,
CR.3.Q1.M.LPIA,BGD,2014,.3481700122356415,,
CR.3.Q1.M.LPIA,BGD,2019,1.35385000705719,,
CR.3.Q1.M.LPIA,BGD,2022,1.570180058479309,,
CR.3.Q2,BGD,2004,.8099999999999999,,
CR.3.Q2,BGD,2006,2.477710008621216,,
CR.3.Q2,BGD,2007,2.42,,
CR.3.Q2,BGD,2011,3.490230083465576,,
CR.3.Q2,BGD,2013,7.23,,
CR.3.Q2,BGD,2014,7.353640079498291,,
CR.3.Q2,BGD,2019,20.35843086242676,,
CR.3.Q2,BGD,2022,20.79426002502441,,
CR.3.Q2.F,BGD,2004,.9299999999999999,,
CR.3.Q2.F,BGD,2006,.7816299796104431,,
CR.3.Q2.F,BGD,2007,2.53,,
CR.3.Q2.F,BGD,2011,1.45930004119873,,
CR.3.Q2.F,BGD,2013,5.42,,
CR.3.Q2.F,BGD,2014,5.553070068359375,,
CR.3.Q2.F,BGD,2019,15.99442005157471,,
CR.3.Q2.F,BGD,2022,16.45916938781738,,
CR.3.Q2.F.LPIA,BGD,2006,1.744869947433472,,
CR.3.Q2.F.LPIA,BGD,2011,.7099400162696838,,
CR.3.Q2.F.LPIA,BGD,2014,.5458099842071533,,
CR.3.Q2.F.LPIA,BGD,2019,.8830000162124634,,
CR.3.Q2.F.LPIA,BGD,2022,1.208240032196045,,
CR.3.Q2.GPIA,BGD,2006,.1648900061845779,,
CR.3.Q2.GPIA,BGD,2011,.212459996342659,,
CR.3.Q2.GPIA,BGD,2014,.5644199848175049,,
CR.3.Q2.GPIA,BGD,2019,.6605799794197083,,
CR.3.Q2.GPIA,BGD,2022,.6322000026702881,,
CR.3.Q2.LPIA,BGD,2006,1.074419975280762,,
CR.3.Q2.LPIA,BGD,2011,.7975699901580811,,
CR.3.Q2.LPIA,BGD,2014,.6779099702835083,,
CR.3.Q2.LPIA,BGD,2019,1.075680017471313,,
CR.3.Q2.LPIA,BGD,2022,1.214679956436157,,
CR.3.Q2.M,BGD,2004,.66,,
CR.3.Q2.M,BGD,2006,4.740220069885254,,
CR.3.Q2.M,BGD,2007,2.26,,
CR.3.Q2.M,BGD,2011,6.868669986724854,,
CR.3.Q2.M,BGD,2013,9.1,,
CR.3.Q2.M,BGD,2014,9.838470458984375,,
CR.3.Q2.M,BGD,2019,24.21261978149414,,
CR.3.Q2.M,BGD,2022,26.03473091125488,,
CR.3.Q2.M.LPIA,BGD,2006,.8944900035858154,,
CR.3.Q2.M.LPIA,BGD,2011,.6889899969100952,,
CR.3.Q2.M.LPIA,BGD,2014,.8771499991416931,,
CR.3.Q2.M.LPIA,BGD,2019,1.187180042266846,,
CR.3.Q2.M.LPIA,BGD,2022,1.199429988861084,,
CR.3.Q3,BGD,2004,4.65,,
CR.3.Q3,BGD,2006,5.770400047302246,,
CR.3.Q3,BGD,2007,5.12,,
CR.3.Q3,BGD,2011,10.8685302734375,,
CR.3.Q3,BGD,2013,12.9,,
CR.3.Q3,BGD,2014,13.56731986999512,,
CR.3.Q3,BGD,2019,27.14591026306152,,
CR.3.Q3,BGD,2022,27.30130004882813,,
CR.3.Q3.F,BGD,2004,1.57,,
CR.3.Q3.F,BGD,2006,2.994600057601929,,
CR.3.Q3.F,BGD,2007,3.22,,
CR.3.Q3.F,BGD,2011,9.024239540100098,,
CR.3.Q3.F,BGD,2013,10.79,,
CR.3.Q3.F,BGD,2014,10.87751960754395,,
CR.3.Q3.F,BGD,2019,25.51999092102051,,
CR.3.Q3.F,BGD,2022,25.62745094299316,,
CR.3.Q3.F.LPIA,BGD,2006,1.350100040435791,,
CR.3.Q3.F.LPIA,BGD,2011,.970550000667572,,
CR.3.Q3.F.LPIA,BGD,2014,1.171079993247986,,
CR.3.Q3.F.LPIA,BGD,2019,1.304980039596558,,
CR.3.Q3.F.LPIA,BGD,2022,1.242529988288879,,
CR.3.Q3.GPIA,BGD,2006,.3341799974441528,,
CR.3.Q3.GPIA,BGD,2011,.6580899953842163,,
CR.3.Q3.GPIA,BGD,2014,.6194199919700623,,
CR.3.Q3.GPIA,BGD,2019,.8868100047111511,,
CR.3.Q3.GPIA,BGD,2022,.8670799732208252,,
CR.3.Q3.LPIA,BGD,2006,1.237280011177063,,
CR.3.Q3.LPIA,BGD,2011,1.202190041542053,,
CR.3.Q3.LPIA,BGD,2014,1.549129962921143,,
CR.3.Q3.LPIA,BGD,2019,1.290320038795471,,
CR.3.Q3.LPIA,BGD,2022,1.236179947853088,,
CR.3.Q3.M,BGD,2004,8.359999999999999,,
CR.3.Q3.M,BGD,2006,8.960949897766113,,
CR.3.Q3.M,BGD,2007,7.55,,
CR.3.Q3.M,BGD,2011,13.71284008026123,,
CR.3.Q3.M,BGD,2013,14.91,,
CR.3.Q3.M,BGD,2014,17.56090927124023,,
CR.3.Q3.M,BGD,2019,28.7773494720459,,
CR.3.Q3.M,BGD,2022,29.55606079101563,,
CR.3.Q3.M.LPIA,BGD,2006,1.171249985694885,,
CR.3.Q3.M.LPIA,BGD,2011,1.434020042419434,,
CR.3.Q3.M.LPIA,BGD,2014,1.848690032958984,,
CR.3.Q3.M.LPIA,BGD,2019,1.278290033340454,,
CR.3.Q3.M.LPIA,BGD,2022,1.239320039749146,,
CR.3.Q4,BGD,2004,6.529999999999999,,
CR.3.Q4,BGD,2006,12.31655979156494,,
CR.3.Q4,BGD,2007,6.950000000000001,,
CR.3.Q4,BGD,2011,16.21519088745117,,
CR.3.Q4,BGD,2013,19.63,,
CR.3.Q4,BGD,2014,23.92424964904785,,
CR.3.Q4,BGD,2019,32.85346984863281,,
CR.3.Q4,BGD,2022,33.68951034545898,,
CR.3.Q4.F,BGD,2004,4.8,,
CR.3.Q4.F,BGD,2006,9.105179786682129,,
CR.3.Q4.F,BGD,2007,5.29,,
CR.3.Q4.F,BGD,2011,12.31091022491455,,
CR.3.Q4.F,BGD,2013,16.82,,
CR.3.Q4.F,BGD,2014,21.49155044555664,,
CR.3.Q4.F,BGD,2019,30.25976943969727,,
CR.3.Q4.F,BGD,2022,32.64477157592773,,
CR.3.Q4.F.LPIA,BGD,2006,1.310420036315918,,
CR.3.Q4.F.LPIA,BGD,2011,1.450109958648682,,
CR.3.Q4.F.LPIA,BGD,2014,1.343760013580322,,
CR.3.Q4.F.LPIA,BGD,2019,1.295169949531555,,
CR.3.Q4.F.LPIA,BGD,2022,1.168140053749084,,
CR.3.Q4.GPIA,BGD,2006,.5659099817276001,,
CR.3.Q4.GPIA,BGD,2011,.5536900162696838,,
CR.3.Q4.GPIA,BGD,2014,.7562299966812134,,
CR.3.Q4.GPIA,BGD,2019,.8388800024986267,,
CR.3.Q4.GPIA,BGD,2022,.9282900094985962,,
CR.3.Q4.LPIA,BGD,2006,1.162639975547791,,
CR.3.Q4.LPIA,BGD,2011,1.440440058708191,,
CR.3.Q4.LPIA,BGD,2014,1.450690031051636,,
CR.3.Q4.LPIA,BGD,2019,1.275400042533875,,
CR.3.Q4.LPIA,BGD,2022,1.252760052680969,,
CR.3.Q4.M,BGD,2004,8.5,,
CR.3.Q4.M,BGD,2006,16.08945083618164,,
CR.3.Q4.M,BGD,2007,9.1,,
CR.3.Q4.M,BGD,2011,22.23435974121094,,
CR.3.Q4.M,BGD,2013,22.78,,
CR.3.Q4.M,BGD,2014,28.41934013366699,,
CR.3.Q4.M,BGD,2019,36.07181930541992,,
CR.3.Q4.M,BGD,2022,35.16659927368164,,
CR.3.Q4.M.LPIA,BGD,2006,1.01321005821228,,
CR.3.Q4.M.LPIA,BGD,2011,1.455989956855774,,
CR.3.Q4.M.LPIA,BGD,2014,1.593580007553101,,
CR.3.Q4.M.LPIA,BGD,2019,1.258990049362183,,
CR.3.Q4.M.LPIA,BGD,2022,1.35643994808197,,
CR.3.Q5,BGD,2004,20.19,,
CR.3.Q5,BGD,2006,33.14649963378906,,
CR.3.Q5,BGD,2007,21.71,,
CR.3.Q5,BGD,2011,30.39221954345703,,
CR.3.Q5,BGD,2013,35.81,,
CR.3.Q5,BGD,2014,37.44765090942383,,
CR.3.Q5,BGD,2019,50.12334060668945,,
CR.3.Q5,BGD,2022,59.96323013305664,,
CR.3.Q5.F,BGD,2004,16.88,,
CR.3.Q5.F,BGD,2006,30.25102996826172,,
CR.3.Q5.F,BGD,2007,19.34,,
CR.3.Q5.F,BGD,2011,26.39336967468262,,
CR.3.Q5.F,BGD,2013,30.59,,
CR.3.Q5.F,BGD,2014,35.38491058349609,,
CR.3.Q5.F,BGD,2019,47.25003051757813,,
CR.3.Q5.F,BGD,2022,56.92963027954102,,
CR.3.Q5.F.LPIA,BGD,2006,.5286700129508972,,
CR.3.Q5.F.LPIA,BGD,2011,.7366799712181091,,
CR.3.Q5.F.LPIA,BGD,2014,.7344200015068054,,
CR.3.Q5.F.LPIA,BGD,2019,1.069370031356812,,
CR.3.Q5.F.LPIA,BGD,2022,.9174100160598755,,
CR.3.Q5.GPIA,BGD,2006,.8252699971199036,,
CR.3.Q5.GPIA,BGD,2011,.7208300232887268,,
CR.3.Q5.GPIA,BGD,2014,.8538600206375122,,
CR.3.Q5.GPIA,BGD,2019,.8718600273132324,,
CR.3.Q5.GPIA,BGD,2022,.8801500201225281,,
CR.3.Q5.LPIA,BGD,2006,.6158599853515625,,
CR.3.Q5.LPIA,BGD,2011,.7757200002670288,,
CR.3.Q5.LPIA,BGD,2014,.8877400159835815,,
CR.3.Q5.LPIA,BGD,2019,1.095579981803894,,
CR.3.Q5.LPIA,BGD,2022,.9330400228500366,,
CR.3.Q5.M,BGD,2004,24.86,,
CR.3.Q5.M,BGD,2006,36.65604019165039,,
CR.3.Q5.M,BGD,2007,24.84,,
CR.3.Q5.M,BGD,2011,36.61542129516602,,
CR.3.Q5.M,BGD,2013,43.03,,
CR.3.Q5.M,BGD,2014,41.44108963012695,,
CR.3.Q5.M,BGD,2019,54.19456100463867,,
CR.3.Q5.M,BGD,2022,64.68195343017578,,
CR.3.Q5.M.LPIA,BGD,2006,.716949999332428,,
CR.3.Q5.M.LPIA,BGD,2011,.8909299969673157,,
CR.3.Q5.M.LPIA,BGD,2014,1.216439962387085,,
CR.3.Q5.M.LPIA,BGD,2019,1.129500031471252,,
CR.3.Q5.M.LPIA,BGD,2022,.97816002368927,,
CR.3.RUR,BGD,2000,6.819999999999999,,
CR.3.RUR,BGD,2004,5.31,,
CR.3.RUR,BGD,2006,7.389120101928711,,
CR.3.RUR,BGD,2007,5.26,,
CR.3.RUR,BGD,2011,10.081130027771,,
CR.3.RUR,BGD,2013,15.15,,
CR.3.RUR,BGD,2014,15.78518009185791,,
CR.3.RUR,BGD,2019,27.52223014831543,,
CR.3.RUR,BGD,2022,27.94922065734863,,
CR.3.RUR.F,BGD,2000,5.82,,
CR.3.RUR.F,BGD,2004,3.37,,
CR.3.RUR.F,BGD,2006,4.940340042114258,,
CR.3.RUR.F,BGD,2007,3.84,,
CR.3.RUR.F,BGD,2011,7.660850048065186,,
CR.3.RUR.F,BGD,2013,12.82,,
CR.3.RUR.F,BGD,2014,13.51113033294678,,
CR.3.RUR.F,BGD,2019,25.16876029968262,,
CR.3.RUR.F,BGD,2022,25.72727966308594,,
CR.3.RUR.F.WPIA,BGD,2006,.0332299992442131,,
CR.3.RUR.F.WPIA,BGD,2011,0,NIL,
CR.3.RUR.F.WPIA,BGD,2014,.1088199988007545,,
CR.3.RUR.F.WPIA,BGD,2019,.1726499944925308,,
CR.3.RUR.F.WPIA,BGD,2022,.1922799944877625,,
CR.3.RUR.GPIA,BGD,2006,.4643200039863586,,
CR.3.RUR.GPIA,BGD,2011,.5399799942970276,,
CR.3.RUR.GPIA,BGD,2014,.6872699856758118,,
CR.3.RUR.GPIA,BGD,2019,.8392300009727478,,
CR.3.RUR.GPIA,BGD,2022,.827489972114563,,
CR.3.RUR.M,BGD,2000,8.039999999999999,,
CR.3.RUR.M,BGD,2004,7.93,,
CR.3.RUR.M,BGD,2006,10.63996028900146,,
CR.3.RUR.M,BGD,2007,7.19,,
CR.3.RUR.M,BGD,2011,14.18719005584717,,
CR.3.RUR.M,BGD,2013,17.66,,
CR.3.RUR.M,BGD,2014,19.65897941589355,,
CR.3.RUR.M,BGD,2019,29.99028968811035,,
CR.3.RUR.M,BGD,2022,31.09078979492188,,
CR.3.RUR.M.WPIA,BGD,2006,.0456000007688999,,
CR.3.RUR.M.WPIA,BGD,2011,.01554000005126,,
CR.3.RUR.M.WPIA,BGD,2014,.0712999999523163,,
CR.3.RUR.M.WPIA,BGD,2019,.2780599892139435,,
CR.3.RUR.M.WPIA,BGD,2022,.2292899936437607,,
CR.3.RUR.Q1,BGD,2004,0,NIL,
CR.3.RUR.Q1,BGD,2006,.8223599791526794,,
CR.3.RUR.Q1,BGD,2007,.39,,
CR.3.RUR.Q1,BGD,2011,.1729400008916855,,
CR.3.RUR.Q1,BGD,2013,2.96,,
CR.3.RUR.Q1,BGD,2014,3.273129940032959,,
CR.3.RUR.Q1,BGD,2019,12.54043960571289,,
CR.3.RUR.Q1,BGD,2022,12.15884017944336,,
CR.3.RUR.Q1.F,BGD,2004,0,NIL,
CR.3.RUR.Q1.F,BGD,2006,.6043499708175659,,
CR.3.RUR.Q1.F,BGD,2007,0,NIL,
CR.3.RUR.Q1.F,BGD,2011,0,NIL,
CR.3.RUR.Q1.F,BGD,2013,1.36,,
CR.3.RUR.Q1.F,BGD,2014,3.124409914016724,,
CR.3.RUR.Q1.F,BGD,2019,8.505279541015625,,
CR.3.RUR.Q1.F,BGD,2022,10.39962959289551,,
CR.3.RUR.Q1.GPIA,BGD,2006,.4698599874973297,,
CR.3.RUR.Q1.GPIA,BGD,2011,0,NIL,
CR.3.RUR.Q1.GPIA,BGD,2014,.8913400173187256,,
CR.3.RUR.Q1.GPIA,BGD,2019,.5206800103187561,,
CR.3.RUR.Q1.GPIA,BGD,2022,.7114800214767456,,
CR.3.RUR.Q1.M,BGD,2004,0,NIL,
CR.3.RUR.Q1.M,BGD,2006,1.286239981651306,,
CR.3.RUR.Q1.M,BGD,2007,.95,,
CR.3.RUR.Q1.M,BGD,2011,.5215200185775757,,
CR.3.RUR.Q1.M,BGD,2013,4.81,,
CR.3.RUR.Q1.M,BGD,2014,3.505280017852783,,
CR.3.RUR.Q1.M,BGD,2019,16.3349494934082,,
CR.3.RUR.Q1.M,BGD,2022,14.61684989929199,,
CR.3.RUR.Q2,BGD,2004,.9199999999999999,,
CR.3.RUR.Q2,BGD,2006,2.500880002975464,,
CR.3.RUR.Q2,BGD,2007,2.21,,
CR.3.RUR.Q2,BGD,2011,3.425060033798218,,
CR.3.RUR.Q2,BGD,2013,7.51,,
CR.3.RUR.Q2,BGD,2014,7.112720012664795,,
CR.3.RUR.Q2,BGD,2019,20.46595001220703,,
CR.3.RUR.Q2,BGD,2022,21.44590950012207,,
CR.3.RUR.Q2.F,BGD,2004,1.06,,
CR.3.RUR.Q2.F,BGD,2006,.8630300164222717,,
CR.3.RUR.Q2.F,BGD,2007,2.4,,
CR.3.RUR.Q2.F,BGD,2011,1.41077995300293,,
CR.3.RUR.Q2.F,BGD,2013,5.73,,
CR.3.RUR.Q2.F,BGD,2014,5.317019939422607,,
CR.3.RUR.Q2.F,BGD,2019,15.83730983734131,,
CR.3.RUR.Q2.F,BGD,2022,16.98398971557617,,
CR.3.RUR.Q2.GPIA,BGD,2006,.1846799999475479,,
CR.3.RUR.Q2.GPIA,BGD,2011,.2109300047159195,,
CR.3.RUR.Q2.GPIA,BGD,2014,.5476999878883362,,
CR.3.RUR.Q2.GPIA,BGD,2019,.6461799740791321,,
CR.3.RUR.Q2.GPIA,BGD,2022,.6350200176239014,,
CR.3.RUR.Q2.M,BGD,2004,.74,,
CR.3.RUR.Q2.M,BGD,2006,4.673200130462646,,
CR.3.RUR.Q2.M,BGD,2007,1.95,,
CR.3.RUR.Q2.M,BGD,2011,6.688499927520752,,
CR.3.RUR.Q2.M,BGD,2013,9.33,,
CR.3.RUR.Q2.M,BGD,2014,9.707880020141602,,
CR.3.RUR.Q2.M,BGD,2019,24.50898933410645,,
CR.3.RUR.Q2.M,BGD,2022,26.74552917480469,,
CR.3.RUR.Q3,BGD,2004,5.1,,
CR.3.RUR.Q3,BGD,2006,6.022049903869629,,
CR.3.RUR.Q3,BGD,2007,4.760000000000001,,
CR.3.RUR.Q3,BGD,2011,11.13127040863037,,
CR.3.RUR.Q3,BGD,2013,13.65,,
CR.3.RUR.Q3,BGD,2014,14.97119998931885,,
CR.3.RUR.Q3,BGD,2019,28.20572090148926,,
CR.3.RUR.Q3,BGD,2022,29.06996917724609,,
CR.3.RUR.Q3.F,BGD,2004,1.83,,
CR.3.RUR.Q3.F,BGD,2006,3.196789979934692,,
CR.3.RUR.Q3.F,BGD,2007,3.04,,
CR.3.RUR.Q3.F,BGD,2011,8.989049911499023,,
CR.3.RUR.Q3.F,BGD,2013,11.31,,
CR.3.RUR.Q3.F,BGD,2014,11.20005035400391,,
CR.3.RUR.Q3.F,BGD,2019,26.55876922607422,,
CR.3.RUR.Q3.F,BGD,2022,27.23818969726563,,
CR.3.RUR.Q3.GPIA,BGD,2006,.3463099896907806,,
CR.3.RUR.Q3.GPIA,BGD,2011,.6276800036430359,,
CR.3.RUR.Q3.GPIA,BGD,2014,.5433899760246277,,
CR.3.RUR.Q3.GPIA,BGD,2019,.8893600106239319,,
CR.3.RUR.Q3.GPIA,BGD,2022,.8606699705123901,,
CR.3.RUR.Q3.M,BGD,2004,9.07,,
CR.3.RUR.Q3.M,BGD,2006,9.231060028076172,,
CR.3.RUR.Q3.M,BGD,2007,6.93,,
CR.3.RUR.Q3.M,BGD,2011,14.32098007202148,,
CR.3.RUR.Q3.M,BGD,2013,15.91,,
CR.3.RUR.Q3.M,BGD,2014,20.61141014099121,,
CR.3.RUR.Q3.M,BGD,2019,29.86274909973145,,
CR.3.RUR.Q3.M,BGD,2022,31.6477108001709,,
CR.3.RUR.Q4,BGD,2004,7.359999999999999,,
CR.3.RUR.Q4,BGD,2006,12.92117977142334,,
CR.3.RUR.Q4,BGD,2007,7.720000000000001,,
CR.3.RUR.Q4,BGD,2011,18.69095039367676,,
CR.3.RUR.Q4,BGD,2013,21.51,,
CR.3.RUR.Q4,BGD,2014,28.45083999633789,,
CR.3.RUR.Q4,BGD,2019,35.36812973022461,,
CR.3.RUR.Q4,BGD,2022,37.81209182739258,,
CR.3.RUR.Q4.F,BGD,2004,5.41,,
CR.3.RUR.Q4.F,BGD,2006,10.04872989654541,,
CR.3.RUR.Q4.F,BGD,2007,5.57,,
CR.3.RUR.Q4.F,BGD,2011,14.1427001953125,,
CR.3.RUR.Q4.F,BGD,2013,18.39,,
CR.3.RUR.Q4.F,BGD,2014,24.14559936523438,,
CR.3.RUR.Q4.F,BGD,2019,32.7052001953125,,
CR.3.RUR.Q4.F,BGD,2022,35.02608871459961,,
CR.3.RUR.Q4.GPIA,BGD,2006,.6223199963569641,,
CR.3.RUR.Q4.GPIA,BGD,2011,.5430399775505066,,
CR.3.RUR.Q4.GPIA,BGD,2014,.6405900120735168,,
CR.3.RUR.Q4.GPIA,BGD,2019,.8446300029754639,,
CR.3.RUR.Q4.GPIA,BGD,2022,.8293099999427795,,
CR.3.RUR.Q4.M,BGD,2004,9.610000000000001,,
CR.3.RUR.Q4.M,BGD,2006,16.14711952209473,,
CR.3.RUR.Q4.M,BGD,2007,10.53,,
CR.3.RUR.Q4.M,BGD,2011,26.04365921020508,,
CR.3.RUR.Q4.M,BGD,2013,24.78,,
CR.3.RUR.Q4.M,BGD,2014,37.69298934936523,,
CR.3.RUR.Q4.M,BGD,2019,38.72114944458008,,
CR.3.RUR.Q4.M,BGD,2022,42.23503875732422,,
CR.3.RUR.Q5,BGD,2004,14.32,,
CR.3.RUR.Q5,BGD,2006,22.57583045959473,,
CR.3.RUR.Q5,BGD,2007,15.19,,
CR.3.RUR.Q5,BGD,2011,25.33280944824219,,
CR.3.RUR.Q5,BGD,2013,33.95,,
CR.3.RUR.Q5,BGD,2014,34.51906967163086,,
CR.3.RUR.Q5,BGD,2019,53.13386917114258,,
CR.3.RUR.Q5,BGD,2022,57.4397087097168,,
CR.3.RUR.Q5.F,BGD,2004,9.879999999999999,,
CR.3.RUR.Q5.F,BGD,2006,18.18461036682129,,
CR.3.RUR.Q5.F,BGD,2007,10.95,,
CR.3.RUR.Q5.F,BGD,2011,21.37365913391113,,
CR.3.RUR.Q5.F,BGD,2013,29.5,,
CR.3.RUR.Q5.F,BGD,2014,28.71257972717285,,
CR.3.RUR.Q5.F,BGD,2019,49.26264190673828,,
CR.3.RUR.Q5.F,BGD,2022,54.08639907836914,,
CR.3.RUR.Q5.GPIA,BGD,2006,.6446200013160706,,
CR.3.RUR.Q5.GPIA,BGD,2011,.6368499994277954,,
CR.3.RUR.Q5.GPIA,BGD,2014,.5840299725532532,,
CR.3.RUR.Q5.GPIA,BGD,2019,.8385699987411499,,
CR.3.RUR.Q5.GPIA,BGD,2022,.8484399914741516,,
CR.3.RUR.Q5.M,BGD,2004,20.7,,
CR.3.RUR.Q5.M,BGD,2006,28.20969009399414,,
CR.3.RUR.Q5.M,BGD,2007,21.74,,
CR.3.RUR.Q5.M,BGD,2011,33.56161880493164,,
CR.3.RUR.Q5.M,BGD,2013,39.94,,
CR.3.RUR.Q5.M,BGD,2014,49.16281127929688,,
CR.3.RUR.Q5.M,BGD,2019,58.7458610534668,,
CR.3.RUR.Q5.M,BGD,2022,63.74837112426758,,
CR.3.RUR.WPIA,BGD,2006,.0364300012588501,,
CR.3.RUR.WPIA,BGD,2011,.0068299998529255,,
CR.3.RUR.WPIA,BGD,2014,.094820000231266,,
CR.3.RUR.WPIA,BGD,2019,.2360199987888336,,
CR.3.RUR.WPIA,BGD,2022,.211679995059967,,
CR.3.URB,BGD,2000,24.69,,
CR.3.URB,BGD,2004,15.09,,
CR.3.URB,BGD,2006,23.79886054992676,,
CR.3.URB,BGD,2007,16.91,,
CR.3.URB,BGD,2011,22.32582092285156,,
CR.3.URB,BGD,2013,24.79,,
CR.3.URB,BGD,2014,25.9940299987793,,
CR.3.URB,BGD,2019,35.36270141601563,,
CR.3.URB,BGD,2022,38.81303024291992,,
CR.3.URB.F,BGD,2000,20.93,,
CR.3.URB.F,BGD,2004,13.72,,
CR.3.URB.F,BGD,2006,20.78878021240234,,
CR.3.URB.F,BGD,2007,15.96,,
CR.3.URB.F,BGD,2011,19.14146041870117,,
CR.3.URB.F,BGD,2013,21.62,,
CR.3.URB.F,BGD,2014,26.85751914978027,,
CR.3.URB.F,BGD,2019,33.86116027832031,,
CR.3.URB.F,BGD,2022,37.94253158569336,,
CR.3.URB.F.WPIA,BGD,2006,.0442800000309944,,
CR.3.URB.F.WPIA,BGD,2011,0,NIL,
CR.3.URB.F.WPIA,BGD,2014,.1364499926567078,,
CR.3.URB.F.WPIA,BGD,2019,.0873799994587898,,
CR.3.URB.F.WPIA,BGD,2022,.2555600106716156,,
CR.3.URB.GPIA,BGD,2006,.7529699802398682,,
CR.3.URB.GPIA,BGD,2011,.7099199891090393,,
CR.3.URB.GPIA,BGD,2014,1.081830024719238,,
CR.3.URB.GPIA,BGD,2019,.9092100262641907,,
CR.3.URB.GPIA,BGD,2022,.9500399827957153,,
CR.3.URB.M,BGD,2000,29.16,,
CR.3.URB.M,BGD,2004,16.87,,
CR.3.URB.M,BGD,2006,27.60915946960449,,
CR.3.URB.M,BGD,2007,18.09,,
CR.3.URB.M,BGD,2011,26.9627799987793,,
CR.3.URB.M,BGD,2013,28.91,,
CR.3.URB.M,BGD,2014,24.6599006652832,,
CR.3.URB.M,BGD,2019,37.24222946166992,,
CR.3.URB.M,BGD,2022,39.93787002563477,,
CR.3.URB.M.WPIA,BGD,2006,.046009998768568,,
CR.3.URB.M.WPIA,BGD,2011,.064800001680851,,
CR.3.URB.M.WPIA,BGD,2014,.261350005865097,,
CR.3.URB.M.WPIA,BGD,2019,.2064000070095062,,
CR.3.URB.M.WPIA,BGD,2022,.0964000001549721,,
CR.3.URB.Q1,BGD,2004,0,NIL,
CR.3.URB.Q1,BGD,2006,1.610270023345947,,
CR.3.URB.Q1,BGD,2007,0,NIL,
CR.3.URB.Q1,BGD,2011,1.052870035171509,,
CR.3.URB.Q1,BGD,2013,2.55,,
CR.3.URB.Q1,BGD,2014,7.079649925231934,,
CR.3.URB.Q1,BGD,2019,7.047299861907959,,
CR.3.URB.Q1,BGD,2022,11.23326969146729,,
CR.3.URB.Q1.F,BGD,2004,0,NIL,
CR.3.URB.Q1.F,BGD,2006,1.523169994354248,,
CR.3.URB.Q1.F,BGD,2011,0,NIL,
CR.3.URB.Q1.F,BGD,2013,2.21,,
CR.3.URB.Q1.F,BGD,2014,5.33459997177124,,
CR.3.URB.Q1.F,BGD,2019,4.005829811096191,,
CR.3.URB.Q1.F,BGD,2022,15.06676006317139,,
CR.3.URB.Q1.GPIA,BGD,2006,.8413500189781189,,
CR.3.URB.Q1.GPIA,BGD,2011,0,NIL,
CR.3.URB.Q1.GPIA,BGD,2014,.5298799872398376,,
CR.3.URB.Q1.GPIA,BGD,2019,.3795300126075745,,
CR.3.URB.Q1.GPIA,BGD,2022,1.583019971847534,,
CR.3.URB.Q1.M,BGD,2006,1.810379981994629,,
CR.3.URB.Q1.M,BGD,2007,0,NIL,
CR.3.URB.Q1.M,BGD,2011,2.441060066223145,,
CR.3.URB.Q1.M,BGD,2013,2.95,,
CR.3.URB.Q1.M,BGD,2014,10.06762027740479,,
CR.3.URB.Q1.M,BGD,2019,10.55478954315186,,
CR.3.URB.Q1.M,BGD,2022,6.282599925994873,,
CR.3.URB.Q2,BGD,2004,0,NIL,
CR.3.URB.Q2,BGD,2006,2.314759969711304,,
CR.3.URB.Q2,BGD,2007,4.36,,
CR.3.URB.Q2,BGD,2011,4.294360160827637,,
CR.3.URB.Q2,BGD,2013,4.07,,
CR.3.URB.Q2,BGD,2014,10.49215030670166,,
CR.3.URB.Q2,BGD,2019,18.91704940795898,,
CR.3.URB.Q2,BGD,2022,16.84193992614746,,
CR.3.URB.Q2.F,BGD,2004,0,NIL,
CR.3.URB.Q2.F,BGD,2006,.2201800048351288,,
CR.3.URB.Q2.F,BGD,2007,3.75,,
CR.3.URB.Q2.F,BGD,2011,1.987200021743774,,
CR.3.URB.Q2.F,BGD,2013,2.08,,
CR.3.URB.Q2.F,BGD,2014,9.741499900817871,,
CR.3.URB.Q2.F,BGD,2019,17.93585014343262,,
CR.3.URB.Q2.F,BGD,2022,13.4472599029541,,
CR.3.URB.Q2.GPIA,BGD,2006,.0421399995684624,,
CR.3.URB.Q2.GPIA,BGD,2011,.2046999931335449,,
CR.3.URB.Q2.GPIA,BGD,2014,.8801900148391724,,
CR.3.URB.Q2.GPIA,BGD,2019,.9003300070762634,,
CR.3.URB.Q2.GPIA,BGD,2022,.6280400156974792,,
CR.3.URB.Q2.M,BGD,2004,0,NIL,
CR.3.URB.Q2.M,BGD,2006,5.224410057067871,,
CR.3.URB.Q2.M,BGD,2007,5.28,,
CR.3.URB.Q2.M,BGD,2011,9.707710266113281,,
CR.3.URB.Q2.M,BGD,2013,6.31,,
CR.3.URB.Q2.M,BGD,2014,11.06754970550537,,
CR.3.URB.Q2.M,BGD,2019,19.92132949829102,,
CR.3.URB.Q2.M,BGD,2022,21.41156005859375,,
CR.3.URB.Q3,BGD,2004,1.98,,
CR.3.URB.Q3,BGD,2006,4.593110084533691,,
CR.3.URB.Q3,BGD,2007,8.33,,
CR.3.URB.Q3,BGD,2011,8.880579948425293,,
CR.3.URB.Q3,BGD,2013,7.53,,
CR.3.URB.Q3,BGD,2014,6.750080108642578,,
CR.3.URB.Q3,BGD,2019,20.01705932617188,,
CR.3.URB.Q3,BGD,2022,22.20412063598633,,
CR.3.URB.Q3.F,BGD,2004,0,NIL,
CR.3.URB.Q3.F,BGD,2006,2.077610015869141,,
CR.3.URB.Q3.F,BGD,2007,4.79,,
CR.3.URB.Q3.F,BGD,2011,9.26183032989502,,
CR.3.URB.Q3.F,BGD,2013,6.77,,
CR.3.URB.Q3.F,BGD,2014,9.283960342407227,,
CR.3.URB.Q3.F,BGD,2019,18.45895004272461,,
CR.3.URB.Q3.F,BGD,2022,20.632080078125,,
CR.3.URB.Q3.GPIA,BGD,2006,.2715800106525421,,
CR.3.URB.Q3.GPIA,BGD,2011,1.124860048294067,,
CR.3.URB.Q3.GPIA,BGD,2014,1.664070010185242,,
CR.3.URB.Q3.GPIA,BGD,2019,.856469988822937,,
CR.3.URB.Q3.GPIA,BGD,2022,.8570399880409241,,
CR.3.URB.Q3.M,BGD,2004,4.3,,
CR.3.URB.Q3.M,BGD,2006,7.650209903717041,,
CR.3.URB.Q3.M,BGD,2007,13.52,,
CR.3.URB.Q3.M,BGD,2011,8.105409622192383,,
CR.3.URB.Q3.M,BGD,2013,8.16,,
CR.3.URB.Q3.M,BGD,2014,3.118720054626465,,
CR.3.URB.Q3.M,BGD,2019,21.5522403717041,,
CR.3.URB.Q3.M,BGD,2022,24.07377052307129,,
CR.3.URB.Q4,BGD,2004,2.31,,
CR.3.URB.Q4,BGD,2006,10.81962013244629,,
CR.3.URB.Q4,BGD,2007,4.22,,
CR.3.URB.Q4,BGD,2011,10.45878982543945,,
CR.3.URB.Q4,BGD,2013,12.8,,
CR.3.URB.Q4,BGD,2014,15.62839984893799,,
CR.3.URB.Q4,BGD,2019,25.6278190612793,,
CR.3.URB.Q4,BGD,2022,28.25458908081055,,
CR.3.URB.Q4.F,BGD,2004,1.56,,
CR.3.URB.Q4.F,BGD,2006,6.92943000793457,,
CR.3.URB.Q4.F,BGD,2007,4.3,,
CR.3.URB.Q4.F,BGD,2011,7.776939868927002,,
CR.3.URB.Q4.F,BGD,2013,11.85,,
CR.3.URB.Q4.F,BGD,2014,15.84541034698486,,
CR.3.URB.Q4.F,BGD,2019,23.05175018310547,,
CR.3.URB.Q4.F,BGD,2022,29.13666915893555,,
CR.3.URB.Q4.GPIA,BGD,2006,.4348900020122528,,
CR.3.URB.Q4.GPIA,BGD,2011,.5489100217819214,,
CR.3.URB.Q4.GPIA,BGD,2014,1.033220052719116,,
CR.3.URB.Q4.GPIA,BGD,2019,.8033999800682068,,
CR.3.URB.Q4.GPIA,BGD,2022,1.067129969596863,,
CR.3.URB.Q4.M,BGD,2004,3.09,,
CR.3.URB.Q4.M,BGD,2006,15.93379020690918,,
CR.3.URB.Q4.M,BGD,2007,4.12,,
CR.3.URB.Q4.M,BGD,2011,14.16790008544922,,
CR.3.URB.Q4.M,BGD,2013,14.16,,
CR.3.URB.Q4.M,BGD,2014,15.31906986236572,,
CR.3.URB.Q4.M,BGD,2019,28.69285011291504,,
CR.3.URB.Q4.M,BGD,2022,27.18061065673828,,
CR.3.URB.Q5,BGD,2004,24.91,,
CR.3.URB.Q5,BGD,2006,36.65769958496094,,
CR.3.URB.Q5,BGD,2007,25.05,,
CR.3.URB.Q5,BGD,2011,32.65723037719727,,
CR.3.URB.Q5,BGD,2013,37.41,,
CR.3.URB.Q5,BGD,2014,38.88418960571289,,
CR.3.URB.Q5,BGD,2019,48.0555305480957,,
CR.3.URB.Q5,BGD,2022,61.56203079223633,,
CR.3.URB.Q5.F,BGD,2004,22.58,,
CR.3.URB.Q5.F,BGD,2006,34.39704895019531,,
CR.3.URB.Q5.F,BGD,2007,24.08,,
CR.3.URB.Q5.F,BGD,2011,29.01339912414551,,
CR.3.URB.Q5.F,BGD,2013,31.51,,
CR.3.URB.Q5.F,BGD,2014,39.09553909301758,,
CR.3.URB.Q5.F,BGD,2019,45.84548950195313,,
CR.3.URB.Q5.F,BGD,2022,58.95523071289063,,
CR.3.URB.Q5.GPIA,BGD,2006,.8741999864578247,,
CR.3.URB.Q5.GPIA,BGD,2011,.7701900005340576,,
CR.3.URB.Q5.GPIA,BGD,2014,1.014670014381409,,
CR.3.URB.Q5.GPIA,BGD,2019,.8964999914169312,,
CR.3.URB.Q5.GPIA,BGD,2022,.9046199917793274,,
CR.3.URB.Q5.M,BGD,2004,28.16,,
CR.3.URB.Q5.M,BGD,2006,39.34672927856445,,
CR.3.URB.Q5.M,BGD,2007,26.24,,
CR.3.URB.Q5.M,BGD,2011,37.67052841186523,,
CR.3.URB.Q5.M,BGD,2013,45.75,,
CR.3.URB.Q5.M,BGD,2014,38.5218391418457,,
CR.3.URB.Q5.M,BGD,2019,51.13832855224609,,
CR.3.URB.Q5.M,BGD,2022,65.17146301269531,,
CR.3.URB.WPIA,BGD,2006,.0439300015568733,,
CR.3.URB.WPIA,BGD,2011,.0322399996221066,,
CR.3.URB.WPIA,BGD,2014,.1820700019598007,,
CR.3.URB.WPIA,BGD,2019,.1466500014066696,,
CR.3.URB.WPIA,BGD,2022,.1824699938297272,,
CR.3.WPIA,BGD,2006,.0273400004953146,,
CR.3.WPIA,BGD,2007,.017042838037014,,
CR.3.WPIA,BGD,2011,.0079100001603365,,
CR.3.WPIA,BGD,2013,.0818207189440727,,
CR.3.WPIA,BGD,2014,.0995299965143204,,
CR.3.WPIA,BGD,2019,.2414499968290329,,
CR.3.WPIA,BGD,2022,.2016800045967102,,
CR.MOD.1,BGD,1981,21.51000022888184,,
CR.MOD.1,BGD,1982,22.79999923706055,,
CR.MOD.1,BGD,1983,24.04999923706055,,
CR.MOD.1,BGD,1984,25.20999908447266,,
CR.MOD.1,BGD,1985,26.36000061035156,,
CR.MOD.1,BGD,1986,27.55999946594238,,
CR.MOD.1,BGD,1987,28.89999961853027,,
CR.MOD.1,BGD,1988,30.35000038146973,,
CR.MOD.1,BGD,1989,31.95000076293945,,
CR.MOD.1,BGD,1990,33.66999816894531,,
CR.MOD.1,BGD,1991,35.59000015258789,,
CR.MOD.1,BGD,1992,37.63999938964844,,
CR.MOD.1,BGD,1993,39.66999816894531,,
CR.MOD.1,BGD,1994,41.65000152587891,,
CR.MOD.1,BGD,1995,43.68999862670898,,
CR.MOD.1,BGD,1996,46,,
CR.MOD.1,BGD,1997,48.54999923706055,,
CR.MOD.1,BGD,1998,51.20000076293945,,
CR.MOD.1,BGD,1999,53.72000122070313,,
CR.MOD.1,BGD,2000,56.09000015258789,,
CR.MOD.1,BGD,2001,58.20999908447266,,
CR.MOD.1,BGD,2002,60.13000106811523,,
CR.MOD.1,BGD,2003,61.83000183105469,,
CR.MOD.1,BGD,2004,63.43999862670898,,
CR.MOD.1,BGD,2005,65.01000213623047,,
CR.MOD.1,BGD,2006,66.48999786376953,,
CR.MOD.1,BGD,2007,67.94999694824219,,
CR.MOD.1,BGD,2008,69.23000335693359,,
CR.MOD.1,BGD,2009,70.54000091552734,,
CR.MOD.1,BGD,2010,71.90000152587891,,
CR.MOD.1,BGD,2011,73.29000091552734,,
CR.MOD.1,BGD,2012,74.62999725341797,,
CR.MOD.1,BGD,2013,75.87000274658203,,
CR.MOD.1,BGD,2014,77.16999816894531,,
CR.MOD.1,BGD,2015,78.65000152587891,,
CR.MOD.1,BGD,2016,80.26000213623047,,
CR.MOD.1,BGD,2017,81.83000183105469,,
CR.MOD.1,BGD,2018,83.33000183105469,,
CR.MOD.1,BGD,2019,84.66999816894531,,
CR.MOD.1,BGD,2020,85.88999938964844,,
CR.MOD.1,BGD,2021,87.01999664306641,,
CR.MOD.1,BGD,2022,88.08000183105469,,
CR.MOD.1,BGD,2023,89.05000305175781,,
CR.MOD.1,BGD,2024,89.93000030517578,,
CR.MOD.1,BGD,2025,90.75,,
CR.MOD.1.F,BGD,1981,12.75737476348877,,
CR.MOD.1.F,BGD,1982,14.0615930557251,,
CR.MOD.1.F,BGD,1983,15.35927486419678,,
CR.MOD.1.F,BGD,1984,16.47444343566895,,
CR.MOD.1.F,BGD,1985,17.61878204345703,,
CR.MOD.1.F,BGD,1986,18.79799270629883,,
CR.MOD.1.F,BGD,1987,20.21593475341797,,
CR.MOD.1.F,BGD,1988,21.83386039733887,,
CR.MOD.1.F,BGD,1989,23.73579216003418,,
CR.MOD.1.F,BGD,1990,25.7920970916748,,
CR.MOD.1.F,BGD,1991,28.14036178588867,,
CR.MOD.1.F,BGD,1992,30.79235076904297,,
CR.MOD.1.F,BGD,1993,33.48033142089844,,
CR.MOD.1.F,BGD,1994,36.15605545043945,,
CR.MOD.1.F,BGD,1995,38.86822128295898,,
CR.MOD.1.F,BGD,1996,41.87065505981445,,
CR.MOD.1.F,BGD,1997,45.32318496704102,,
CR.MOD.1.F,BGD,1998,48.99410629272461,,
CR.MOD.1.F,BGD,1999,52.66513442993164,,
CR.MOD.1.F,BGD,2000,56.16608810424805,,
CR.MOD.1.F,BGD,2001,59.33733367919922,,
CR.MOD.1.F,BGD,2002,62.15554809570313,,
CR.MOD.1.F,BGD,2003,64.58108520507813,,
CR.MOD.1.F,BGD,2004,66.77741241455078,,
CR.MOD.1.F,BGD,2005,68.7532958984375,,
CR.MOD.1.F,BGD,2006,70.49988555908203,,
CR.MOD.1.F,BGD,2007,72.13843536376953,,
CR.MOD.1.F,BGD,2008,73.66217041015625,,
CR.MOD.1.F,BGD,2009,75.20457458496094,,
CR.MOD.1.F,BGD,2010,76.86874389648438,,
CR.MOD.1.F,BGD,2011,78.48141479492188,,
CR.MOD.1.F,BGD,2012,80.07370758056641,,
CR.MOD.1.F,BGD,2013,81.52633666992188,,
CR.MOD.1.F,BGD,2014,83.0374755859375,,
CR.MOD.1.F,BGD,2015,84.73263549804688,,
CR.MOD.1.F,BGD,2016,86.49097442626953,,
CR.MOD.1.F,BGD,2017,88.14333343505859,,
CR.MOD.1.F,BGD,2018,89.59624481201172,,
CR.MOD.1.F,BGD,2019,90.87180328369141,,
CR.MOD.1.F,BGD,2020,92.06687164306641,,
CR.MOD.1.F,BGD,2021,93.22264862060547,,
CR.MOD.1.F,BGD,2022,94.35960388183594,,
CR.MOD.1.F,BGD,2023,95.36515808105469,,
CR.MOD.1.F,BGD,2024,96.24256134033203,,
CR.MOD.1.F,BGD,2025,96.99799346923828,,
CR.MOD.1.GPIA,BGD,1981,.4277069270610809,,
CR.MOD.1.GPIA,BGD,1982,.4521180987358093,,
CR.MOD.1.GPIA,BGD,1983,.4750887751579285,,
CR.MOD.1.GPIA,BGD,1984,.4906840324401855,,
CR.MOD.1.GPIA,BGD,1985,.5067414045333862,,
CR.MOD.1.GPIA,BGD,1986,.5220505595207214,,
CR.MOD.1.GPIA,BGD,1987,.5423321127891541,,
CR.MOD.1.GPIA,BGD,1988,.5661740899085999,,
CR.MOD.1.GPIA,BGD,1989,.5952431559562683,,
CR.MOD.1.GPIA,BGD,1990,.6249281764030457,,
CR.MOD.1.GPIA,BGD,1991,.657940685749054,,
CR.MOD.1.GPIA,BGD,1992,.696150004863739,,
CR.MOD.1.GPIA,BGD,1993,.7337297201156616,,
CR.MOD.1.GPIA,BGD,1994,.7701618075370789,,
CR.MOD.1.GPIA,BGD,1995,.8039224743843079,,
CR.MOD.1.GPIA,BGD,1996,.8374021053314209,,
CR.MOD.1.GPIA,BGD,1997,.8769425749778748,,
CR.MOD.1.GPIA,BGD,1998,.9184539914131165,,
CR.MOD.1.GPIA,BGD,1999,.9620057344436646,,
CR.MOD.1.GPIA,BGD,2000,1.002670645713806,,
CR.MOD.1.GPIA,BGD,2001,1.037413239479065,,
CR.MOD.1.GPIA,BGD,2002,1.064032912254333,,
CR.MOD.1.GPIA,BGD,2003,1.083615779876709,,
CR.MOD.1.GPIA,BGD,2004,1.098087072372437,,
CR.MOD.1.GPIA,BGD,2005,1.106903910636902,,
CR.MOD.1.GPIA,BGD,2006,1.111773252487183,,
CR.MOD.1.GPIA,BGD,2007,1.114224910736084,,
CR.MOD.1.GPIA,BGD,2008,1.118513941764832,,
CR.MOD.1.GPIA,BGD,2009,1.12233304977417,,
CR.MOD.1.GPIA,BGD,2010,1.127620100975037,,
CR.MOD.1.GPIA,BGD,2011,1.130604147911072,,
CR.MOD.1.GPIA,BGD,2012,1.134126424789429,,
CR.MOD.1.GPIA,BGD,2013,1.136765599250793,,
CR.MOD.1.GPIA,BGD,2014,1.139214277267456,,
CR.MOD.1.GPIA,BGD,2015,1.141385793685913,,
CR.MOD.1.GPIA,BGD,2016,1.141864418983459,,
CR.MOD.1.GPIA,BGD,2017,1.141814470291138,,
CR.MOD.1.GPIA,BGD,2018,1.139626383781433,,
CR.MOD.1.GPIA,BGD,2019,1.136565923690796,,
CR.MOD.1.GPIA,BGD,2020,1.133707165718079,,
CR.MOD.1.GPIA,BGD,2021,1.131298661231995,,
CR.MOD.1.GPIA,BGD,2022,1.129716515541077,,
CR.MOD.1.GPIA,BGD,2023,1.127719640731812,,
CR.MOD.1.GPIA,BGD,2024,1.125620126724243,,
CR.MOD.1.GPIA,BGD,2025,1.122992277145386,,
CR.MOD.1.M,BGD,1981,29.8273754119873,,
CR.MOD.1.M,BGD,1982,31.10159301757813,,
CR.MOD.1.M,BGD,1983,32.32927322387695,,
CR.MOD.1.M,BGD,1984,33.57444381713867,,
CR.MOD.1.M,BGD,1985,34.76878356933594,,
CR.MOD.1.M,BGD,1986,36.00799179077148,,
CR.MOD.1.M,BGD,1987,37.27593231201172,,
CR.MOD.1.M,BGD,1988,38.56386184692383,,
CR.MOD.1.M,BGD,1989,39.87579345703125,,
CR.MOD.1.M,BGD,1990,41.27209854125977,,
CR.MOD.1.M,BGD,1991,42.77036285400391,,
CR.MOD.1.M,BGD,1992,44.23234939575195,,
CR.MOD.1.M,BGD,1993,45.63033294677734,,
CR.MOD.1.M,BGD,1994,46.94605255126953,,
CR.MOD.1.M,BGD,1995,48.34822082519531,,
CR.MOD.1.M,BGD,1996,50.00065612792969,,
CR.MOD.1.M,BGD,1997,51.68318557739258,,
CR.MOD.1.M,BGD,1998,53.3441047668457,,
CR.MOD.1.M,BGD,1999,54.74513626098633,,
CR.MOD.1.M,BGD,2000,56.01608657836914,,
CR.MOD.1.M,BGD,2001,57.11733245849609,,
CR.MOD.1.M,BGD,2002,58.1755485534668,,
CR.MOD.1.M,BGD,2003,59.18108749389648,,
CR.MOD.1.M,BGD,2004,60.22741317749023,,
CR.MOD.1.M,BGD,2005,61.40329742431641,,
CR.MOD.1.M,BGD,2006,62.6198844909668,,
CR.MOD.1.M,BGD,2007,63.89842987060547,,
CR.MOD.1.M,BGD,2008,64.93217468261719,,
CR.MOD.1.M,BGD,2009,66.00457000732422,,
CR.MOD.1.M,BGD,2010,67.05874633789063,,
CR.MOD.1.M,BGD,2011,68.23141479492188,,
CR.MOD.1.M,BGD,2012,69.33370971679688,,
CR.MOD.1.M,BGD,2013,70.37633514404297,,
CR.MOD.1.M,BGD,2014,71.47747802734375,,
CR.MOD.1.M,BGD,2015,72.75263977050781,,
CR.MOD.1.M,BGD,2016,74.22097778320313,,
CR.MOD.1.M,BGD,2017,75.64333343505859,,
CR.MOD.1.M,BGD,2018,77.08625030517578,,
CR.MOD.1.M,BGD,2019,78.46180725097656,,
CR.MOD.1.M,BGD,2020,79.75687408447266,,
CR.MOD.1.M,BGD,2021,80.98264312744141,,
CR.MOD.1.M,BGD,2022,82.11960601806641,,
CR.MOD.1.M,BGD,2023,83.18515777587891,,
CR.MOD.1.M,BGD,2024,84.15255737304688,,
CR.MOD.1.M,BGD,2025,85.0679931640625,,
CR.MOD.2,BGD,1981,16.59000015258789,,
CR.MOD.2,BGD,1982,17.38999938964844,,
CR.MOD.2,BGD,1983,18.1200008392334,,
CR.MOD.2,BGD,1984,18.67000007629395,,
CR.MOD.2,BGD,1985,19.22999954223633,,
CR.MOD.2,BGD,1986,19.8700008392334,,
CR.MOD.2,BGD,1987,20.55999946594238,,
CR.MOD.2,BGD,1988,21.34000015258789,,
CR.MOD.2,BGD,1989,22.09000015258789,,
CR.MOD.2,BGD,1990,22.88999938964844,,
CR.MOD.2,BGD,1991,23.77000045776367,,
CR.MOD.2,BGD,1992,24.90999984741211,,
CR.MOD.2,BGD,1993,26.15999984741211,,
CR.MOD.2,BGD,1994,27.54000091552734,,
CR.MOD.2,BGD,1995,28.94000053405762,,
CR.MOD.2,BGD,1996,30.29999923706055,,
CR.MOD.2,BGD,1997,31.54999923706055,,
CR.MOD.2,BGD,1998,32.7599983215332,,
CR.MOD.2,BGD,1999,33.84999847412109,,
CR.MOD.2,BGD,2000,35.34999847412109,,
CR.MOD.2,BGD,2001,37.06999969482422,,
CR.MOD.2,BGD,2002,38.66999816894531,,
CR.MOD.2,BGD,2003,39.93000030517578,,
CR.MOD.2,BGD,2004,40.68000030517578,,
CR.MOD.2,BGD,2005,41.68999862670898,,
CR.MOD.2,BGD,2006,43.02000045776367,,
CR.MOD.2,BGD,2007,44.59999847412109,,
CR.MOD.2,BGD,2008,46.27000045776367,,
CR.MOD.2,BGD,2009,47.81999969482422,,
CR.MOD.2,BGD,2010,49.66999816894531,,
CR.MOD.2,BGD,2011,51.34999847412109,,
CR.MOD.2,BGD,2012,53.16999816894531,,
CR.MOD.2,BGD,2013,54.91999816894531,,
CR.MOD.2,BGD,2014,56.77999877929688,,
CR.MOD.2,BGD,2015,58.79999923706055,,
CR.MOD.2,BGD,2016,60.90999984741211,,
CR.MOD.2,BGD,2017,62.90999984741211,,
CR.MOD.2,BGD,2018,64.84999847412109,,
CR.MOD.2,BGD,2019,66.5,,
CR.MOD.2,BGD,2020,68.33999633789063,,
CR.MOD.2,BGD,2021,69.94999694824219,,
CR.MOD.2,BGD,2022,71.56999969482422,,
CR.MOD.2,BGD,2023,73,,
CR.MOD.2,BGD,2024,74.19999694824219,,
CR.MOD.2,BGD,2025,75.33999633789063,,
CR.MOD.2.F,BGD,1981,8.957272529602051,,
CR.MOD.2.F,BGD,1982,9.756424903869629,,
CR.MOD.2.F,BGD,1983,10.47983455657959,,
CR.MOD.2.F,BGD,1984,11.05131530761719,,
CR.MOD.2.F,BGD,1985,11.7114143371582,,
CR.MOD.2.F,BGD,1986,12.47222518920898,,
CR.MOD.2.F,BGD,1987,13.16881942749023,,
CR.MOD.2.F,BGD,1988,13.9167423248291,,
CR.MOD.2.F,BGD,1989,14.65870475769043,,
CR.MOD.2.F,BGD,1990,15.52155494689941,,
CR.MOD.2.F,BGD,1991,16.54081153869629,,
CR.MOD.2.F,BGD,1992,17.90616226196289,,
CR.MOD.2.F,BGD,1993,19.40717697143555,,
CR.MOD.2.F,BGD,1994,21.15752029418945,,
CR.MOD.2.F,BGD,1995,23.01826858520508,,
CR.MOD.2.F,BGD,1996,24.90814018249512,,
CR.MOD.2.F,BGD,1997,26.74292182922363,,
CR.MOD.2.F,BGD,1998,28.58095932006836,,
CR.MOD.2.F,BGD,1999,30.30786514282227,,
CR.MOD.2.F,BGD,2000,32.58050155639648,,
CR.MOD.2.F,BGD,2001,35.07111740112305,,
CR.MOD.2.F,BGD,2002,37.60813903808594,,
CR.MOD.2.F,BGD,2003,39.70799255371094,,
CR.MOD.2.F,BGD,2004,41.30232620239258,,
CR.MOD.2.F,BGD,2005,43.0181770324707,,
CR.MOD.2.F,BGD,2006,44.70943450927734,,
CR.MOD.2.F,BGD,2007,46.54292297363281,,
CR.MOD.2.F,BGD,2008,48.3028564453125,,
CR.MOD.2.F,BGD,2009,50.06356048583984,,
CR.MOD.2.F,BGD,2010,52.03746032714844,,
CR.MOD.2.F,BGD,2011,53.98822402954102,,
CR.MOD.2.F,BGD,2012,56.18471908569336,,
CR.MOD.2.F,BGD,2013,58.2607307434082,,
CR.MOD.2.F,BGD,2014,60.2775764465332,,
CR.MOD.2.F,BGD,2015,62.46697616577148,,
CR.MOD.2.F,BGD,2016,64.98455810546875,,
CR.MOD.2.F,BGD,2017,67.46424102783203,,
CR.MOD.2.F,BGD,2018,69.93764495849609,,
CR.MOD.2.F,BGD,2019,72.04087829589844,,
CR.MOD.2.F,BGD,2020,74.44465637207031,,
CR.MOD.2.F,BGD,2021,76.54080200195313,,
CR.MOD.2.F,BGD,2022,78.62850189208984,,
CR.MOD.2.F,BGD,2023,80.5003662109375,,
CR.MOD.2.F,BGD,2024,82.07598114013672,,
CR.MOD.2.F,BGD,2025,83.54499816894531,,
CR.MOD.2.GPIA,BGD,1981,.3731066286563873,,
CR.MOD.2.GPIA,BGD,1982,.394096702337265,,
CR.MOD.2.GPIA,BGD,1983,.4116222560405731,,
CR.MOD.2.GPIA,BGD,1984,.4253562688827515,,
CR.MOD.2.GPIA,BGD,1985,.4425846040248871,,
CR.MOD.2.GPIA,BGD,1986,.4615543186664581,,
CR.MOD.2.GPIA,BGD,1987,.4744012653827667,,
CR.MOD.2.GPIA,BGD,1988,.4863146841526031,,
CR.MOD.2.GPIA,BGD,1989,.4986173808574677,,
CR.MOD.2.GPIA,BGD,1990,.5149553418159485,,
CR.MOD.2.GPIA,BGD,1991,.5358074903488159,,
CR.MOD.2.GPIA,BGD,1992,.5635092854499817,,
CR.MOD.2.GPIA,BGD,1993,.5920942425727844,,
CR.MOD.2.GPIA,BGD,1994,.6261933445930481,,
CR.MOD.2.GPIA,BGD,1995,.662810742855072,,
CR.MOD.2.GPIA,BGD,1996,.7002935409545898,,
CR.MOD.2.GPIA,BGD,1997,.7376763224601746,,
CR.MOD.2.GPIA,BGD,1998,.7753721475601196,,
CR.MOD.2.GPIA,BGD,1999,.8117192983627319,,
CR.MOD.2.GPIA,BGD,2000,.8553445339202881,,
CR.MOD.2.GPIA,BGD,2001,.8980823159217834,,
CR.MOD.2.GPIA,BGD,2002,.9468756318092346,,
CR.MOD.2.GPIA,BGD,2003,.9890405535697937,,
CR.MOD.2.GPIA,BGD,2004,1.029780387878418,,
CR.MOD.2.GPIA,BGD,2005,1.060904502868652,,
CR.MOD.2.GPIA,BGD,2006,1.074481010437012,,
CR.MOD.2.GPIA,BGD,2007,1.082289695739746,,
CR.MOD.2.GPIA,BGD,2008,1.083017945289612,,
CR.MOD.2.GPIA,BGD,2009,1.088487386703491,,
CR.MOD.2.GPIA,BGD,2010,1.089935183525085,,
CR.MOD.2.GPIA,BGD,2011,1.096687793731689,,
CR.MOD.2.GPIA,BGD,2012,1.106256723403931,,
CR.MOD.2.GPIA,BGD,2013,1.113627195358276,,
CR.MOD.2.GPIA,BGD,2014,1.114968180656433,,
CR.MOD.2.GPIA,BGD,2015,1.11622142791748,,
CR.MOD.2.GPIA,BGD,2016,1.124029397964478,,
CR.MOD.2.GPIA,BGD,2017,1.134589791297913,,
CR.MOD.2.GPIA,BGD,2018,1.147274017333984,,
CR.MOD.2.GPIA,BGD,2019,1.157549381256104,,
CR.MOD.2.GPIA,BGD,2020,1.168984532356262,,
CR.MOD.2.GPIA,BGD,2021,1.17729115486145,,
CR.MOD.2.GPIA,BGD,2022,1.18301248550415,,
CR.MOD.2.GPIA,BGD,2023,1.187079906463623,,
CR.MOD.2.GPIA,BGD,2024,1.189823985099792,,
CR.MOD.2.GPIA,BGD,2025,1.191633224487305,,
CR.MOD.2.M,BGD,1981,24.00727272033691,,
CR.MOD.2.M,BGD,1982,24.75642395019531,,
CR.MOD.2.M,BGD,1983,25.45983505249023,,
CR.MOD.2.M,BGD,1984,25.98131561279297,,
CR.MOD.2.M,BGD,1985,26.4614143371582,,
CR.MOD.2.M,BGD,1986,27.02222633361816,,
CR.MOD.2.M,BGD,1987,27.75881958007813,,
CR.MOD.2.M,BGD,1988,28.61674308776855,,
CR.MOD.2.M,BGD,1989,29.39870452880859,,
CR.MOD.2.M,BGD,1990,30.14155578613281,,
CR.MOD.2.M,BGD,1991,30.87081146240234,,
CR.MOD.2.M,BGD,1992,31.77616310119629,,
CR.MOD.2.M,BGD,1993,32.77717590332031,,
CR.MOD.2.M,BGD,1994,33.78752136230469,,
CR.MOD.2.M,BGD,1995,34.72826766967773,,
CR.MOD.2.M,BGD,1996,35.56814193725586,,
CR.MOD.2.M,BGD,1997,36.25292205810547,,
CR.MOD.2.M,BGD,1998,36.86095809936523,,
CR.MOD.2.M,BGD,1999,37.33786392211914,,
CR.MOD.2.M,BGD,2000,38.09049987792969,,
CR.MOD.2.M,BGD,2001,39.05111694335938,,
CR.MOD.2.M,BGD,2002,39.7181396484375,,
CR.MOD.2.M,BGD,2003,40.14799118041992,,
CR.MOD.2.M,BGD,2004,40.07232666015625,,
CR.MOD.2.M,BGD,2005,40.39817428588867,,
CR.MOD.2.M,BGD,2006,41.37943267822266,,
CR.MOD.2.M,BGD,2007,42.71292114257813,,
CR.MOD.2.M,BGD,2008,44.29285430908203,,
CR.MOD.2.M,BGD,2009,45.63356399536133,,
CR.MOD.2.M,BGD,2010,47.35746002197266,,
CR.MOD.2.M,BGD,2011,48.76822280883789,,
CR.MOD.2.M,BGD,2012,50.21471786499023,,
CR.MOD.2.M,BGD,2013,51.64072799682617,,
CR.MOD.2.M,BGD,2014,53.34757614135742,,
CR.MOD.2.M,BGD,2015,55.20697402954102,,
CR.MOD.2.M,BGD,2016,56.924560546875,,
CR.MOD.2.M,BGD,2017,58.38423919677734,,
CR.MOD.2.M,BGD,2018,59.63764953613281,,
CR.MOD.2.M,BGD,2019,60.69087982177734,,
CR.MOD.2.M,BGD,2020,61.86465835571289,,
CR.MOD.2.M,BGD,2021,62.97079849243164,,
CR.MOD.2.M,BGD,2022,64.23850250244141,,
CR.MOD.2.M,BGD,2023,65.44036865234375,,
CR.MOD.2.M,BGD,2024,66.49598693847656,,
CR.MOD.2.M,BGD,2025,67.53500366210938,,
CR.MOD.3,BGD,1981,5.369999885559082,,
CR.MOD.3,BGD,1982,5.550000190734863,,
CR.MOD.3,BGD,1983,5.760000228881836,,
CR.MOD.3,BGD,1984,5.989999771118164,,
CR.MOD.3,BGD,1985,6.269999980926514,,
CR.MOD.3,BGD,1986,6.630000114440918,,
CR.MOD.3,BGD,1987,7.050000190734863,,
CR.MOD.3,BGD,1988,7.400000095367432,,
CR.MOD.3,BGD,1989,7.630000114440918,,
CR.MOD.3,BGD,1990,7.789999961853027,,
CR.MOD.3,BGD,1991,7.880000114440918,,
CR.MOD.3,BGD,1992,7.989999771118164,,
CR.MOD.3,BGD,1993,8.119999885559082,,
CR.MOD.3,BGD,1994,8.350000381469727,,
CR.MOD.3,BGD,1995,8.609999656677246,,
CR.MOD.3,BGD,1996,8.909999847412109,,
CR.MOD.3,BGD,1997,9.25,,
CR.MOD.3,BGD,1998,9.619999885559082,,
CR.MOD.3,BGD,1999,9.960000038146973,,
CR.MOD.3,BGD,2000,10.13000011444092,,
CR.MOD.3,BGD,2001,10.11999988555908,,
CR.MOD.3,BGD,2002,10.02999973297119,,
CR.MOD.3,BGD,2003,9.920000076293945,,
CR.MOD.3,BGD,2004,9.939999580383301,,
CR.MOD.3,BGD,2005,10.05000019073486,,
CR.MOD.3,BGD,2006,10.27999973297119,,
CR.MOD.3,BGD,2007,10.63000011444092,,
CR.MOD.3,BGD,2008,11.06999969482422,,
CR.MOD.3,BGD,2009,11.88000011444092,,
CR.MOD.3,BGD,2010,13.09000015258789,,
CR.MOD.3,BGD,2011,14.53999996185303,,
CR.MOD.3,BGD,2012,16.26000022888184,,
CR.MOD.3,BGD,2013,18.09000015258789,,
CR.MOD.3,BGD,2014,20.17000007629395,,
CR.MOD.3,BGD,2015,22.18000030517578,,
CR.MOD.3,BGD,2016,24.11000061035156,,
CR.MOD.3,BGD,2017,25.97999954223633,,
CR.MOD.3,BGD,2018,27.78000068664551,,
CR.MOD.3,BGD,2019,29.45999908447266,,
CR.MOD.3,BGD,2020,31.04000091552734,,
CR.MOD.3,BGD,2021,32.66999816894531,,
CR.MOD.3,BGD,2022,34.33000183105469,,
CR.MOD.3,BGD,2023,36.02000045776367,,
CR.MOD.3,BGD,2024,37.52999877929688,,
CR.MOD.3,BGD,2025,38.88000106811523,,
CR.MOD.3.F,BGD,1981,.7414855360984802,,
CR.MOD.3.F,BGD,1982,.8838406205177307,,
CR.MOD.3.F,BGD,1983,1.137479782104492,,
CR.MOD.3.F,BGD,1984,1.368862867355347,,
CR.MOD.3.F,BGD,1985,1.573947787284851,,
CR.MOD.3.F,BGD,1986,1.740119814872742,,
CR.MOD.3.F,BGD,1987,1.855529546737671,,
CR.MOD.3.F,BGD,1988,2.079650640487671,,
CR.MOD.3.F,BGD,1989,2.332092761993408,,
CR.MOD.3.F,BGD,1990,2.66028356552124,,
CR.MOD.3.F,BGD,1991,2.870857238769531,,
CR.MOD.3.F,BGD,1992,3.050292253494263,,
CR.MOD.3.F,BGD,1993,3.229826927185059,,
CR.MOD.3.F,BGD,1994,3.406793355941772,,
CR.MOD.3.F,BGD,1995,3.591145753860474,,
CR.MOD.3.F,BGD,1996,3.853071212768555,,
CR.MOD.3.F,BGD,1997,4.205744743347168,,
CR.MOD.3.F,BGD,1998,4.749066352844238,,
CR.MOD.3.F,BGD,1999,5.352944850921631,,
CR.MOD.3.F,BGD,2000,5.848031520843506,,
CR.MOD.3.F,BGD,2001,6.119497776031494,,
CR.MOD.3.F,BGD,2002,6.173018455505371,,
CR.MOD.3.F,BGD,2003,6.2060866355896,,
CR.MOD.3.F,BGD,2004,6.336903095245361,,
CR.MOD.3.F,BGD,2005,6.569550037384033,,
CR.MOD.3.F,BGD,2006,6.785403251647949,,
CR.MOD.3.F,BGD,2007,7.038899898529053,,
CR.MOD.3.F,BGD,2008,7.326122760772705,,
CR.MOD.3.F,BGD,2009,8.095061302185059,,
CR.MOD.3.F,BGD,2010,9.257257461547852,,
CR.MOD.3.F,BGD,2011,10.74058246612549,,
CR.MOD.3.F,BGD,2012,12.52959156036377,,
CR.MOD.3.F,BGD,2013,14.49560260772705,,
CR.MOD.3.F,BGD,2014,16.55790901184082,,
CR.MOD.3.F,BGD,2015,18.5458927154541,,
CR.MOD.3.F,BGD,2016,20.54963302612305,,
CR.MOD.3.F,BGD,2017,22.83096504211426,,
CR.MOD.3.F,BGD,2018,25.1309757232666,,
CR.MOD.3.F,BGD,2019,27.36647415161133,,
CR.MOD.3.F,BGD,2020,29.38097953796387,,
CR.MOD.3.F,BGD,2021,31.39067268371582,,
CR.MOD.3.F,BGD,2022,33.39847183227539,,
CR.MOD.3.F,BGD,2023,35.39727401733398,,
CR.MOD.3.F,BGD,2024,37.27507781982422,,
CR.MOD.3.F,BGD,2025,39.02885818481445,,
CR.MOD.3.GPIA,BGD,1981,.0741375386714935,,
CR.MOD.3.GPIA,BGD,1982,.0865336209535599,,
CR.MOD.3.GPIA,BGD,1983,.1097161397337914,,
CR.MOD.3.GPIA,BGD,1984,.1293960213661194,,
CR.MOD.3.GPIA,BGD,1985,.1442143321037292,,
CR.MOD.3.GPIA,BGD,1986,.1519739329814911,,
CR.MOD.3.GPIA,BGD,1987,.1525235325098038,,
CR.MOD.3.GPIA,BGD,1988,.1644037961959839,,
CR.MOD.3.GPIA,BGD,1989,.1810336858034134,,
CR.MOD.3.GPIA,BGD,1990,.2060592770576477,,
CR.MOD.3.GPIA,BGD,1991,.2223599255084991,,
CR.MOD.3.GPIA,BGD,1992,.235175296664238,,
CR.MOD.3.GPIA,BGD,1993,.2473100870847702,,
CR.MOD.3.GPIA,BGD,1994,.2554432153701782,,
CR.MOD.3.GPIA,BGD,1995,.2628729343414307,,
CR.MOD.3.GPIA,BGD,1996,.2753556370735168,,
CR.MOD.3.GPIA,BGD,1997,.2937845587730408,,
CR.MOD.3.GPIA,BGD,1998,.3273171484470367,,
CR.MOD.3.GPIA,BGD,1999,.3670688569545746,,
CR.MOD.3.GPIA,BGD,2000,.4050435721874237,,
CR.MOD.3.GPIA,BGD,2001,.4321832358837128,,
CR.MOD.3.GPIA,BGD,2002,.4430496096611023,,
CR.MOD.3.GPIA,BGD,2003,.4534595310688019,,
CR.MOD.3.GPIA,BGD,2004,.4660548865795135,,
CR.MOD.3.GPIA,BGD,2005,.4837826192378998,,
CR.MOD.3.GPIA,BGD,2006,.4911476969718933,,
CR.MOD.3.GPIA,BGD,2007,.4939960539340973,,
CR.MOD.3.GPIA,BGD,2008,.4941360950469971,,
CR.MOD.3.GPIA,BGD,2009,.5167589783668518,,
CR.MOD.3.GPIA,BGD,2010,.5472079515457153,,
CR.MOD.3.GPIA,BGD,2011,.5859379172325134,,
CR.MOD.3.GPIA,BGD,2012,.6271194815635681,,
CR.MOD.3.GPIA,BGD,2013,.6687520146369934,,
CR.MOD.3.GPIA,BGD,2014,.6963567733764648,,
CR.MOD.3.GPIA,BGD,2015,.7183905243873596,,
CR.MOD.3.GPIA,BGD,2016,.7424098253250122,,
CR.MOD.3.GPIA,BGD,2017,.7821243405342102,,
CR.MOD.3.GPIA,BGD,2018,.8220534920692444,,
CR.MOD.3.GPIA,BGD,2019,.862031877040863,,
CR.MOD.3.GPIA,BGD,2020,.8924698233604431,,
CR.MOD.3.GPIA,BGD,2021,.9186436533927917,,
CR.MOD.3.GPIA,BGD,2022,.9427014589309692,,
CR.MOD.3.GPIA,BGD,2023,.9635247588157654,,
CR.MOD.3.GPIA,BGD,2024,.9857199788093567,,
CR.MOD.3.GPIA,BGD,2025,1.007942914962769,,
CR.MOD.3.M,BGD,1981,10.00148582458496,,
CR.MOD.3.M,BGD,1982,10.21384048461914,,
CR.MOD.3.M,BGD,1983,10.36747932434082,,
CR.MOD.3.M,BGD,1984,10.5788631439209,,
CR.MOD.3.M,BGD,1985,10.91394805908203,,
CR.MOD.3.M,BGD,1986,11.450119972229,,
CR.MOD.3.M,BGD,1987,12.16552925109863,,
CR.MOD.3.M,BGD,1988,12.64965057373047,,
CR.MOD.3.M,BGD,1989,12.88209247589111,,
CR.MOD.3.M,BGD,1990,12.91028308868408,,
CR.MOD.3.M,BGD,1991,12.91085720062256,,
CR.MOD.3.M,BGD,1992,12.97029209136963,,
CR.MOD.3.M,BGD,1993,13.05982685089111,,
CR.MOD.3.M,BGD,1994,13.33679294586182,,
CR.MOD.3.M,BGD,1995,13.66114616394043,,
CR.MOD.3.M,BGD,1996,13.99307155609131,,
CR.MOD.3.M,BGD,1997,14.31574440002441,,
CR.MOD.3.M,BGD,1998,14.50906658172607,,
CR.MOD.3.M,BGD,1999,14.58294486999512,,
CR.MOD.3.M,BGD,2000,14.43803119659424,,
CR.MOD.3.M,BGD,2001,14.15949821472168,,
CR.MOD.3.M,BGD,2002,13.93301868438721,,
CR.MOD.3.M,BGD,2003,13.68608665466309,,
CR.MOD.3.M,BGD,2004,13.59690284729004,,
CR.MOD.3.M,BGD,2005,13.57954978942871,,
CR.MOD.3.M,BGD,2006,13.81540298461914,,
CR.MOD.3.M,BGD,2007,14.24889945983887,,
CR.MOD.3.M,BGD,2008,14.82612323760986,,
CR.MOD.3.M,BGD,2009,15.66506099700928,,
CR.MOD.3.M,BGD,2010,16.91725730895996,,
CR.MOD.3.M,BGD,2011,18.33058166503906,,
CR.MOD.3.M,BGD,2012,19.97959136962891,,
CR.MOD.3.M,BGD,2013,21.67560195922852,,
CR.MOD.3.M,BGD,2014,23.77791023254395,,
CR.MOD.3.M,BGD,2015,25.81589317321777,,
CR.MOD.3.M,BGD,2016,27.67963409423828,,
CR.MOD.3.M,BGD,2017,29.19096565246582,,
CR.MOD.3.M,BGD,2018,30.57097434997559,,
CR.MOD.3.M,BGD,2019,31.74647521972656,,
CR.MOD.3.M,BGD,2020,32.92097854614258,,
CR.MOD.3.M,BGD,2021,34.17067337036133,,
CR.MOD.3.M,BGD,2022,35.42847061157227,,
CR.MOD.3.M,BGD,2023,36.73727416992188,,
CR.MOD.3.M,BGD,2024,37.81507873535156,,
CR.MOD.3.M,BGD,2025,38.71885681152344,,
EA.1T8.AG25T99,BGD,2001,47.24150848388672,,
EA.1T8.AG25T99,BGD,2006,51.5555712549635,,
EA.1T8.AG25T99,BGD,2010,50.623717838667,,
EA.1T8.AG25T99,BGD,2011,48.87966156005859,,
EA.1T8.AG25T99,BGD,2012,49.92010116577148,,
EA.1T8.AG25T99,BGD,2013,47.62055969238281,,
EA.1T8.AG25T99,BGD,2014,48.79116058349609,,
EA.1T8.AG25T99,BGD,2015,54.7452392578125,,
EA.1T8.AG25T99,BGD,2016,56.30395889282227,,
EA.1T8.AG25T99,BGD,2017,57.44107055664063,,
EA.1T8.AG25T99,BGD,2018,58.39574813842773,,
EA.1T8.AG25T99,BGD,2019,61.05525970458984,,
EA.1T8.AG25T99,BGD,2020,62.87005996704102,,
EA.1T8.AG25T99,BGD,2021,60.57469940185547,,
EA.1T8.AG25T99,BGD,2022,54.68038940429688,,
EA.1T8.AG25T99.F,BGD,2001,41.50851821899414,,
EA.1T8.AG25T99.F,BGD,2006,44.2318871162881,,
EA.1T8.AG25T99.F,BGD,2010,44.9353849181411,,
EA.1T8.AG25T99.F,BGD,2011,42.97806167602539,,
EA.1T8.AG25T99.F,BGD,2012,44.30747985839844,,
EA.1T8.AG25T99.F,BGD,2013,42.379638671875,,
EA.1T8.AG25T99.F,BGD,2014,44.28247833251953,,
EA.1T8.AG25T99.F,BGD,2015,50.28583145141602,,
EA.1T8.AG25T99.F,BGD,2016,51.64767837524414,,
EA.1T8.AG25T99.F,BGD,2017,53.11162185668945,,
EA.1T8.AG25T99.F,BGD,2018,54.4736213684082,,
EA.1T8.AG25T99.F,BGD,2019,57.31686019897461,,
EA.1T8.AG25T99.F,BGD,2020,58.943359375,,
EA.1T8.AG25T99.F,BGD,2021,57.07242965698242,,
EA.1T8.AG25T99.F,BGD,2022,52.03118896484375,,
EA.1T8.AG25T99.F.LPIA,BGD,2001,.4703400135040283,,
EA.1T8.AG25T99.F.LPIA,BGD,2006,.658582527270224,,
EA.1T8.AG25T99.F.LPIA,BGD,2010,.6735466410525009,,
EA.1T8.AG25T99.F.LPIA,BGD,2011,.6200699806213379,,
EA.1T8.AG25T99.F.LPIA,BGD,2012,.6230199933052063,,
EA.1T8.AG25T99.F.LPIA,BGD,2013,.6216700077056885,,
EA.1T8.AG25T99.F.LPIA,BGD,2014,.6355100274085999,,
EA.1T8.AG25T99.F.LPIA,BGD,2015,.6374300122261047,,
EA.1T8.AG25T99.F.LPIA,BGD,2016,.6503599882125854,,
EA.1T8.AG25T99.F.LPIA,BGD,2017,.6686099767684937,,
EA.1T8.AG25T99.F.LPIA,BGD,2018,.6753699779510498,,
EA.1T8.AG25T99.F.LPIA,BGD,2019,.6957100033760071,,
EA.1T8.AG25T99.F.LPIA,BGD,2020,.7137699723243713,,
EA.1T8.AG25T99.F.LPIA,BGD,2021,.7193800210952759,,
EA.1T8.AG25T99.F.LPIA,BGD,2022,.7645400166511536,,
EA.1T8.AG25T99.F.WPIA,BGD,2019,.3228499889373779,,
EA.1T8.AG25T99.F.WPIA,BGD,2022,.4004999995231628,,
EA.1T8.AG25T99.GPIA,BGD,2001,.7852100133895874,,
EA.1T8.AG25T99.GPIA,BGD,2006,.753105805160933,,
EA.1T8.AG25T99.GPIA,BGD,2010,.799701595706115,,
EA.1T8.AG25T99.GPIA,BGD,2011,.7829200029373169,,
EA.1T8.AG25T99.GPIA,BGD,2012,.7961199879646301,,
EA.1T8.AG25T99.GPIA,BGD,2013,.8034200072288513,,
EA.1T8.AG25T99.GPIA,BGD,2014,.8296399712562561,,
EA.1T8.AG25T99.GPIA,BGD,2015,.8489000201225281,,
EA.1T8.AG25T99.GPIA,BGD,2016,.8479700088500977,,
EA.1T8.AG25T99.GPIA,BGD,2017,.8594599962234497,,
EA.1T8.AG25T99.GPIA,BGD,2018,.8717399835586548,,
EA.1T8.AG25T99.GPIA,BGD,2019,.8829900026321411,,
EA.1T8.AG25T99.GPIA,BGD,2020,.8809300065040588,,
EA.1T8.AG25T99.GPIA,BGD,2021,.8883600234985352,,
EA.1T8.AG25T99.GPIA,BGD,2022,.9023500084877014,,
EA.1T8.AG25T99.LPIA,BGD,2001,.5762900114059448,,
EA.1T8.AG25T99.LPIA,BGD,2006,.6944121457974169,,
EA.1T8.AG25T99.LPIA,BGD,2010,.695380321456055,,
EA.1T8.AG25T99.LPIA,BGD,2011,.6499599814414978,,
EA.1T8.AG25T99.LPIA,BGD,2012,.6529200077056885,,
EA.1T8.AG25T99.LPIA,BGD,2013,.6448400020599365,,
EA.1T8.AG25T99.LPIA,BGD,2014,.6537799835205078,,
EA.1T8.AG25T99.LPIA,BGD,2015,.657069981098175,,
EA.1T8.AG25T99.LPIA,BGD,2016,.6667799949645996,,
EA.1T8.AG25T99.LPIA,BGD,2017,.6822999715805054,,
EA.1T8.AG25T99.LPIA,BGD,2018,.6857799887657166,,
EA.1T8.AG25T99.LPIA,BGD,2019,.7064800262451172,,
EA.1T8.AG25T99.LPIA,BGD,2020,.7250699996948242,,
EA.1T8.AG25T99.LPIA,BGD,2021,.7271100282669067,,
EA.1T8.AG25T99.LPIA,BGD,2022,.7610099911689758,,
EA.1T8.AG25T99.M,BGD,2001,52.86265182495117,,
EA.1T8.AG25T99.M,BGD,2006,58.7326333340852,,
EA.1T8.AG25T99.M,BGD,2010,56.1901903902847,,
EA.1T8.AG25T99.M,BGD,2011,54.89443969726563,,
EA.1T8.AG25T99.M,BGD,2012,55.65441131591797,,
EA.1T8.AG25T99.M,BGD,2013,52.74909973144531,,
EA.1T8.AG25T99.M,BGD,2014,53.37580108642578,,
EA.1T8.AG25T99.M,BGD,2015,59.23680114746094,,
EA.1T8.AG25T99.M,BGD,2016,60.9075813293457,,
EA.1T8.AG25T99.M,BGD,2017,61.79634857177734,,
EA.1T8.AG25T99.M,BGD,2018,62.48828887939453,,
EA.1T8.AG25T99.M,BGD,2019,64.91220855712891,,
EA.1T8.AG25T99.M,BGD,2020,66.91046905517578,,
EA.1T8.AG25T99.M,BGD,2021,64.24504852294922,,
EA.1T8.AG25T99.M,BGD,2022,57.662109375,,
EA.1T8.AG25T99.M.LPIA,BGD,2001,.6783599853515625,,
EA.1T8.AG25T99.M.LPIA,BGD,2006,.727376123199876,,
EA.1T8.AG25T99.M.LPIA,BGD,2010,.7179819344567629,,
EA.1T8.AG25T99.M.LPIA,BGD,2011,.6779400110244751,,
EA.1T8.AG25T99.M.LPIA,BGD,2012,.681119978427887,,
EA.1T8.AG25T99.M.LPIA,BGD,2013,.6679900288581848,,
EA.1T8.AG25T99.M.LPIA,BGD,2014,.6724600195884705,,
EA.1T8.AG25T99.M.LPIA,BGD,2015,.6758999824523926,,
EA.1T8.AG25T99.M.LPIA,BGD,2016,.6840900182723999,,
EA.1T8.AG25T99.M.LPIA,BGD,2017,.6966800093650818,,
EA.1T8.AG25T99.M.LPIA,BGD,2018,.69718998670578,,
EA.1T8.AG25T99.M.LPIA,BGD,2019,.718209981918335,,
EA.1T8.AG25T99.M.LPIA,BGD,2020,.737529993057251,,
EA.1T8.AG25T99.M.LPIA,BGD,2021,.7359300255775452,,
EA.1T8.AG25T99.M.LPIA,BGD,2022,.7588499784469604,,
EA.1T8.AG25T99.M.WPIA,BGD,2019,.3290199935436249,,
EA.1T8.AG25T99.M.WPIA,BGD,2022,.380950003862381,,
EA.1T8.AG25T99.NATIVE,BGD,2017,55.9442038347381,,
EA.1T8.AG25T99.NATIVE.F,BGD,2013,46.3555170222532,,
EA.1T8.AG25T99.NATIVE.F,BGD,2017,52.5146160662862,,
EA.1T8.AG25T99.NATIVE.GPIA,BGD,2017,.88379372196335,,
EA.1T8.AG25T99.NATIVE.M,BGD,2017,59.4195396066232,,
EA.1T8.AG25T99.NONNATIVE,BGD,2017,43.7593181424635,,
EA.1T8.AG25T99.NONNATIVE.F,BGD,2017,37.3061903602051,,
EA.1T8.AG25T99.NONNATIVE.GPIA,BGD,2017,.720322929737947,,
EA.1T8.AG25T99.NONNATIVE.M,BGD,2017,51.7909243480242,,
EA.1T8.AG25T99.NPIA,BGD,2017,.782195744026149,,
EA.1T8.AG25T99.Q1,BGD,2019,25.0223503112793,,
EA.1T8.AG25T99.Q1,BGD,2022,31.0769100189209,,
EA.1T8.AG25T99.Q1.F,BGD,2019,23.26683044433594,,
EA.1T8.AG25T99.Q1.F,BGD,2022,30.15376091003418,,
EA.1T8.AG25T99.Q1.GPIA,BGD,2019,.8654699921607971,,
EA.1T8.AG25T99.Q1.GPIA,BGD,2022,.9387400150299072,,
EA.1T8.AG25T99.Q1.M,BGD,2019,26.88334083557129,,
EA.1T8.AG25T99.Q1.M,BGD,2022,32.12152099609375,,
EA.1T8.AG25T99.Q5,BGD,2019,76.802978515625,,
EA.1T8.AG25T99.Q5,BGD,2022,79.51048278808594,,
EA.1T8.AG25T99.Q5.F,BGD,2019,72.06694030761719,,
EA.1T8.AG25T99.Q5.F,BGD,2022,75.28951263427734,,
EA.1T8.AG25T99.Q5.GPIA,BGD,2019,.8820099830627441,,
EA.1T8.AG25T99.Q5.GPIA,BGD,2022,.8928999900817871,,
EA.1T8.AG25T99.Q5.M,BGD,2019,81.70732879638672,,
EA.1T8.AG25T99.Q5.M,BGD,2022,84.31990051269531,,
EA.1T8.AG25T99.RUR,BGD,2001,39.67409896850586,,
EA.1T8.AG25T99.RUR,BGD,2006,46.5079366654816,,
EA.1T8.AG25T99.RUR,BGD,2010,45.9307924875365,,
EA.1T8.AG25T99.RUR,BGD,2011,40.45420074462891,,
EA.1T8.AG25T99.RUR,BGD,2012,41.41704177856445,,
EA.1T8.AG25T99.RUR,BGD,2013,42.22806167602539,,
EA.1T8.AG25T99.RUR,BGD,2014,43.42105865478516,,
EA.1T8.AG25T99.RUR,BGD,2015,45.07698059082031,,
EA.1T8.AG25T99.RUR,BGD,2016,45.84334945678711,,
EA.1T8.AG25T99.RUR,BGD,2017,47.42028045654297,,
EA.1T8.AG25T99.RUR,BGD,2018,48.23379135131836,,
EA.1T8.AG25T99.RUR,BGD,2019,51.28512954711914,,
EA.1T8.AG25T99.RUR,BGD,2020,53.61877822875977,,
EA.1T8.AG25T99.RUR,BGD,2021,51.75860977172852,,
EA.1T8.AG25T99.RUR,BGD,2022,50.21900177001953,,
EA.1T8.AG25T99.RUR.F,BGD,2001,32.11169052124023,,
EA.1T8.AG25T99.RUR.F,BGD,2006,39.3231834415011,,
EA.1T8.AG25T99.RUR.F,BGD,2010,40.4957728354039,,
EA.1T8.AG25T99.RUR.F,BGD,2011,34.83148956298828,,
EA.1T8.AG25T99.RUR.F,BGD,2012,35.99982833862305,,
EA.1T8.AG25T99.RUR.F,BGD,2013,37.27045059204102,,
EA.1T8.AG25T99.RUR.F,BGD,2014,39.14632034301758,,
EA.1T8.AG25T99.RUR.F,BGD,2015,40.82859039306641,,
EA.1T8.AG25T99.RUR.F,BGD,2016,41.61016082763672,,
EA.1T8.AG25T99.RUR.F,BGD,2017,43.46295928955078,,
EA.1T8.AG25T99.RUR.F,BGD,2018,44.69903945922852,,
EA.1T8.AG25T99.RUR.F,BGD,2019,47.83184814453125,,
EA.1T8.AG25T99.RUR.F,BGD,2020,49.94546127319336,,
EA.1T8.AG25T99.RUR.F,BGD,2021,48.56124877929688,,
EA.1T8.AG25T99.RUR.F,BGD,2022,47.90776062011719,,
EA.1T8.AG25T99.RUR.GPIA,BGD,2001,.6820600032806396,,
EA.1T8.AG25T99.RUR.GPIA,BGD,2006,.732853131021066,,
EA.1T8.AG25T99.RUR.GPIA,BGD,2010,.788669336033649,,
EA.1T8.AG25T99.RUR.GPIA,BGD,2011,.7526199817657471,,
EA.1T8.AG25T99.RUR.GPIA,BGD,2012,.7652999758720398,,
EA.1T8.AG25T99.RUR.GPIA,BGD,2013,.7902500033378601,,
EA.1T8.AG25T99.RUR.GPIA,BGD,2014,.8185700178146362,,
EA.1T8.AG25T99.RUR.GPIA,BGD,2015,.8263099789619446,,
EA.1T8.AG25T99.RUR.GPIA,BGD,2016,.8296899795532227,,
EA.1T8.AG25T99.RUR.GPIA,BGD,2017,.8441200256347656,,
EA.1T8.AG25T99.RUR.GPIA,BGD,2018,.859749972820282,,
EA.1T8.AG25T99.RUR.GPIA,BGD,2019,.8709700107574463,,
EA.1T8.AG25T99.RUR.GPIA,BGD,2020,.868910014629364,,
EA.1T8.AG25T99.RUR.GPIA,BGD,2021,.8802599906921387,,
EA.1T8.AG25T99.RUR.GPIA,BGD,2022,.9065399765968323,,
EA.1T8.AG25T99.RUR.M,BGD,2001,47.08058929443359,,
EA.1T8.AG25T99.RUR.M,BGD,2006,53.6576590547046,,
EA.1T8.AG25T99.RUR.M,BGD,2010,51.3469599808,,
EA.1T8.AG25T99.RUR.M,BGD,2011,46.28007125854492,,
EA.1T8.AG25T99.RUR.M,BGD,2012,47.04037094116211,,
EA.1T8.AG25T99.RUR.M,BGD,2013,47.16260147094727,,
EA.1T8.AG25T99.RUR.M,BGD,2014,47.82281112670898,,
EA.1T8.AG25T99.RUR.M,BGD,2015,49.41072845458984,,
EA.1T8.AG25T99.RUR.M,BGD,2016,50.1515998840332,,
EA.1T8.AG25T99.RUR.M,BGD,2017,51.4888916015625,,
EA.1T8.AG25T99.RUR.M,BGD,2018,51.99069976806641,,
EA.1T8.AG25T99.RUR.M,BGD,2019,54.91762161254883,,
EA.1T8.AG25T99.RUR.M,BGD,2020,57.48067092895508,,
EA.1T8.AG25T99.RUR.M,BGD,2021,55.16693115234375,,
EA.1T8.AG25T99.RUR.M,BGD,2022,52.84682083129883,,
EA.1T8.AG25T99.URB,BGD,2001,68.84356689453125,,
EA.1T8.AG25T99.URB,BGD,2006,66.974543787789,,
EA.1T8.AG25T99.URB,BGD,2010,66.05132626037241,,
EA.1T8.AG25T99.URB,BGD,2011,62.24118041992188,,
EA.1T8.AG25T99.URB,BGD,2012,63.43344116210938,,
EA.1T8.AG25T99.URB,BGD,2013,65.48561859130859,,
EA.1T8.AG25T99.URB,BGD,2014,66.41583251953125,,
EA.1T8.AG25T99.URB,BGD,2015,68.60265350341797,,
EA.1T8.AG25T99.URB,BGD,2016,68.75293731689453,,
EA.1T8.AG25T99.URB,BGD,2017,69.500732421875,,
EA.1T8.AG25T99.URB,BGD,2018,70.33431243896484,,
EA.1T8.AG25T99.URB,BGD,2019,72.59243774414063,,
EA.1T8.AG25T99.URB,BGD,2020,73.95005798339844,,
EA.1T8.AG25T99.URB,BGD,2021,71.18393707275391,,
EA.1T8.AG25T99.URB,BGD,2022,65.98992919921875,,
EA.1T8.AG25T99.URB.F,BGD,2001,68.27388000488281,,
EA.1T8.AG25T99.URB.F,BGD,2006,59.7088167590671,,
EA.1T8.AG25T99.URB.F,BGD,2010,60.1231902398386,,
EA.1T8.AG25T99.URB.F,BGD,2011,56.173828125,,
EA.1T8.AG25T99.URB.F,BGD,2012,57.78237152099609,,
EA.1T8.AG25T99.URB.F,BGD,2013,59.95233154296875,,
EA.1T8.AG25T99.URB.F,BGD,2014,61.59870910644531,,
EA.1T8.AG25T99.URB.F,BGD,2015,64.05155944824219,,
EA.1T8.AG25T99.URB.F,BGD,2016,63.98069000244141,,
EA.1T8.AG25T99.URB.F,BGD,2017,65.00499725341797,,
EA.1T8.AG25T99.URB.F,BGD,2018,66.18462371826172,,
EA.1T8.AG25T99.URB.F,BGD,2019,68.75286865234375,,
EA.1T8.AG25T99.URB.F,BGD,2020,69.97418975830078,,
EA.1T8.AG25T99.URB.F,BGD,2021,67.50409698486328,,
EA.1T8.AG25T99.URB.F,BGD,2022,62.66218948364258,,
EA.1T8.AG25T99.URB.GPIA,BGD,2001,.9837200045585632,,
EA.1T8.AG25T99.URB.GPIA,BGD,2006,.809404816016737,,
EA.1T8.AG25T99.URB.GPIA,BGD,2010,.840699516587794,,
EA.1T8.AG25T99.URB.GPIA,BGD,2011,.8228800296783447,,
EA.1T8.AG25T99.URB.GPIA,BGD,2012,.8366600275039673,,
EA.1T8.AG25T99.URB.GPIA,BGD,2013,.8491399884223938,,
EA.1T8.AG25T99.URB.GPIA,BGD,2014,.8661699891090393,,
EA.1T8.AG25T99.URB.GPIA,BGD,2015,.8761699795722961,,
EA.1T8.AG25T99.URB.GPIA,BGD,2016,.8727200031280518,,
EA.1T8.AG25T99.URB.GPIA,BGD,2017,.8795599937438965,,
EA.1T8.AG25T99.URB.GPIA,BGD,2018,.8875300288200378,,
EA.1T8.AG25T99.URB.GPIA,BGD,2019,.899150013923645,,
EA.1T8.AG25T99.URB.GPIA,BGD,2020,.8978300094604492,,
EA.1T8.AG25T99.URB.GPIA,BGD,2021,.9005100131034851,,
EA.1T8.AG25T99.URB.GPIA,BGD,2022,.8998000025749207,,
EA.1T8.AG25T99.URB.M,BGD,2001,69.40396881103516,,
EA.1T8.AG25T99.URB.M,BGD,2006,73.7687935351158,,
EA.1T8.AG25T99.URB.M,BGD,2010,71.5156712399037,,
EA.1T8.AG25T99.URB.M,BGD,2011,68.26524353027344,,
EA.1T8.AG25T99.URB.M,BGD,2012,69.06305694580078,,
EA.1T8.AG25T99.URB.M,BGD,2013,70.60328674316406,,
EA.1T8.AG25T99.URB.M,BGD,2014,71.11609649658203,,
EA.1T8.AG25T99.URB.M,BGD,2015,73.10379791259766,,
EA.1T8.AG25T99.URB.M,BGD,2016,73.31143951416016,,
EA.1T8.AG25T99.URB.M,BGD,2017,73.90621948242188,,
EA.1T8.AG25T99.URB.M,BGD,2018,74.57160949707031,,
EA.1T8.AG25T99.URB.M,BGD,2019,76.46421813964844,,
EA.1T8.AG25T99.URB.M,BGD,2020,77.93704986572266,,
EA.1T8.AG25T99.URB.M,BGD,2021,74.96224975585938,,
EA.1T8.AG25T99.URB.M,BGD,2022,69.6405029296875,,
EA.1T8.AG25T99.WPIA,BGD,2019,.3258000016212463,,
EA.1T8.AG25T99.WPIA,BGD,2022,.3908500075340271,,
EA.2T8.AG25T99,BGD,1974,7.695079803466797,,
EA.2T8.AG25T99,BGD,1981,12.86266040802002,,
EA.2T8.AG25T99,BGD,2001,26.71472930908203,,
EA.2T8.AG25T99,BGD,2011,35.29796981811523,,
EA.2T8.AG25T99,BGD,2012,36.04573822021484,,
EA.2T8.AG25T99,BGD,2013,33.70534896850586,,
EA.2T8.AG25T99,BGD,2014,34.91572952270508,,
EA.2T8.AG25T99,BGD,2015,40.84080123901367,,
EA.2T8.AG25T99,BGD,2016,41.50080108642578,,
EA.2T8.AG25T99,BGD,2017,42.61808013916016,,
EA.2T8.AG25T99,BGD,2018,43.64284133911133,,
EA.2T8.AG25T99,BGD,2019,44.68355178833008,,
EA.2T8.AG25T99,BGD,2021,48.64992141723633,,
EA.2T8.AG25T99.F,BGD,1974,1.484990000724792,,
EA.2T8.AG25T99.F,BGD,1981,4.446919918060303,,
EA.2T8.AG25T99.F,BGD,2001,22.03034019470215,,
EA.2T8.AG25T99.F,BGD,2011,29.5816707611084,,
EA.2T8.AG25T99.F,BGD,2012,30.60790061950684,,
EA.2T8.AG25T99.F,BGD,2013,28.74488067626953,,
EA.2T8.AG25T99.F,BGD,2014,30.77005004882813,,
EA.2T8.AG25T99.F,BGD,2015,36.48690032958984,,
EA.2T8.AG25T99.F,BGD,2016,36.92393112182617,,
EA.2T8.AG25T99.F,BGD,2017,38.46088027954102,,
EA.2T8.AG25T99.F,BGD,2018,39.86093139648438,,
EA.2T8.AG25T99.F,BGD,2019,41.12942123413086,,
EA.2T8.AG25T99.F,BGD,2021,45.35852813720703,,
EA.2T8.AG25T99.F.LPIA,BGD,1981,.0649600028991699,,
EA.2T8.AG25T99.F.LPIA,BGD,2001,.2509900033473969,,
EA.2T8.AG25T99.F.LPIA,BGD,2011,.4960800111293793,,
EA.2T8.AG25T99.F.LPIA,BGD,2012,.4975999891757965,,
EA.2T8.AG25T99.F.LPIA,BGD,2013,.5004400014877319,,
EA.2T8.AG25T99.F.LPIA,BGD,2014,.5143899917602539,,
EA.2T8.AG25T99.F.LPIA,BGD,2015,.5215499997138977,,
EA.2T8.AG25T99.F.LPIA,BGD,2016,.5321199893951416,,
EA.2T8.AG25T99.F.LPIA,BGD,2017,.5498800277709961,,
EA.2T8.AG25T99.F.LPIA,BGD,2018,.5588700175285339,,
EA.2T8.AG25T99.F.LPIA,BGD,2019,.5717999935150146,,
EA.2T8.AG25T99.F.LPIA,BGD,2021,.629010021686554,,
EA.2T8.AG25T99.F.LPIA,BGD,2023,.670520406801278,,
EA.2T8.AG25T99.GPIA,BGD,1974,.1097699999809265,,
EA.2T8.AG25T99.GPIA,BGD,1981,.218189999461174,,
EA.2T8.AG25T99.GPIA,BGD,2001,.7036700248718262,,
EA.2T8.AG25T99.GPIA,BGD,2011,.7193300127983093,,
EA.2T8.AG25T99.GPIA,BGD,2012,.7357400059700012,,
EA.2T8.AG25T99.GPIA,BGD,2013,.7454699873924255,,
EA.2T8.AG25T99.GPIA,BGD,2014,.786329984664917,,
EA.2T8.AG25T99.GPIA,BGD,2015,.8067700266838074,,
EA.2T8.AG25T99.GPIA,BGD,2016,.8022400140762329,,
EA.2T8.AG25T99.GPIA,BGD,2017,.8218100070953369,,
EA.2T8.AG25T99.GPIA,BGD,2018,.8376100063323975,,
EA.2T8.AG25T99.GPIA,BGD,2019,.8506500124931335,,
EA.2T8.AG25T99.GPIA,BGD,2021,.8706200122833252,,
EA.2T8.AG25T99.LPIA,BGD,1981,.21908999979496,,
EA.2T8.AG25T99.LPIA,BGD,2001,.3728800117969513,,
EA.2T8.AG25T99.LPIA,BGD,2011,.5375099778175354,,
EA.2T8.AG25T99.LPIA,BGD,2012,.5377900004386902,,
EA.2T8.AG25T99.LPIA,BGD,2013,.5304800271987915,,
EA.2T8.AG25T99.LPIA,BGD,2014,.5403900146484375,,
EA.2T8.AG25T99.LPIA,BGD,2015,.5469300150871277,,
EA.2T8.AG25T99.LPIA,BGD,2016,.5531100034713745,,
EA.2T8.AG25T99.LPIA,BGD,2017,.5669000148773193,,
EA.2T8.AG25T99.LPIA,BGD,2018,.5714200139045715,,
EA.2T8.AG25T99.LPIA,BGD,2019,.583840012550354,,
EA.2T8.AG25T99.LPIA,BGD,2021,.6366299986839294,,
EA.2T8.AG25T99.LPIA,BGD,2023,.672892084851753,,
EA.2T8.AG25T99.M,BGD,1974,13.52781009674072,,
EA.2T8.AG25T99.M,BGD,1981,20.38084030151367,,
EA.2T8.AG25T99.M,BGD,2001,31.3077392578125,,
EA.2T8.AG25T99.M,BGD,2011,41.12390899658203,,
EA.2T8.AG25T99.M,BGD,2012,41.60147857666016,,
EA.2T8.AG25T99.M,BGD,2013,38.55944061279297,,
EA.2T8.AG25T99.M,BGD,2014,39.13124847412109,,
EA.2T8.AG25T99.M,BGD,2015,45.22608947753906,,
EA.2T8.AG25T99.M,BGD,2016,46.02592849731445,,
EA.2T8.AG25T99.M,BGD,2017,46.80007171630859,,
EA.2T8.AG25T99.M,BGD,2018,47.58908081054688,,
EA.2T8.AG25T99.M,BGD,2019,48.35039138793945,,
EA.2T8.AG25T99.M,BGD,2021,52.09928131103516,,
EA.2T8.AG25T99.M.LPIA,BGD,1981,.2857399880886078,,
EA.2T8.AG25T99.M.LPIA,BGD,2001,.4901700019836426,,
EA.2T8.AG25T99.M.LPIA,BGD,2011,.5733799934387207,,
EA.2T8.AG25T99.M.LPIA,BGD,2012,.5731099843978882,,
EA.2T8.AG25T99.M.LPIA,BGD,2013,.5583599805831909,,
EA.2T8.AG25T99.M.LPIA,BGD,2014,.5652599930763245,,
EA.2T8.AG25T99.M.LPIA,BGD,2015,.5701000094413757,,
EA.2T8.AG25T99.M.LPIA,BGD,2016,.5738700032234192,,
EA.2T8.AG25T99.M.LPIA,BGD,2017,.5838299989700317,,
EA.2T8.AG25T99.M.LPIA,BGD,2018,.5845400094985962,,
EA.2T8.AG25T99.M.LPIA,BGD,2019,.5964999794960022,,
EA.2T8.AG25T99.M.LPIA,BGD,2021,.6452400088310242,,
EA.2T8.AG25T99.M.LPIA,BGD,2023,.676075661627612,,
EA.2T8.AG25T99.NATIVE,BGD,2013,35.6491068010385,,
EA.2T8.AG25T99.NATIVE.F,BGD,2013,27.7343295298941,,
EA.2T8.AG25T99.RUR,BGD,1981,9.696999549865723,,
EA.2T8.AG25T99.RUR,BGD,2001,18.59959030151367,,
EA.2T8.AG25T99.RUR,BGD,2011,26.48526000976563,,
EA.2T8.AG25T99.RUR,BGD,2012,27.0626106262207,,
EA.2T8.AG25T99.RUR,BGD,2013,27.96623039245605,,
EA.2T8.AG25T99.RUR,BGD,2014,29.12981033325195,,
EA.2T8.AG25T99.RUR,BGD,2015,30.46836090087891,,
EA.2T8.AG25T99.RUR,BGD,2016,30.31660079956055,,
EA.2T8.AG25T99.RUR,BGD,2017,31.64578056335449,,
EA.2T8.AG25T99.RUR,BGD,2018,32.45140075683594,,
EA.2T8.AG25T99.RUR,BGD,2019,33.67658996582031,,
EA.2T8.AG25T99.RUR,BGD,2021,38.640380859375,,
EA.2T8.AG25T99.RUR,BGD,2023,39.8422708413374,,
EA.2T8.AG25T99.RUR.F,BGD,1981,2.771650075912476,,
EA.2T8.AG25T99.RUR.F,BGD,2001,12.40820026397705,,
EA.2T8.AG25T99.RUR.F,BGD,2011,21.31635093688965,,
EA.2T8.AG25T99.RUR.F,BGD,2012,22.09852981567383,,
EA.2T8.AG25T99.RUR.F,BGD,2013,23.46788024902344,,
EA.2T8.AG25T99.RUR.F,BGD,2014,25.30509948730469,,
EA.2T8.AG25T99.RUR.F,BGD,2015,26.56319999694824,,
EA.2T8.AG25T99.RUR.F,BGD,2016,26.47775077819824,,
EA.2T8.AG25T99.RUR.F,BGD,2017,28.14273071289063,,
EA.2T8.AG25T99.RUR.F,BGD,2018,29.32901954650879,,
EA.2T8.AG25T99.RUR.F,BGD,2019,30.70461082458496,,
EA.2T8.AG25T99.RUR.F,BGD,2021,35.85649871826172,,
EA.2T8.AG25T99.RUR.F,BGD,2023,38.0545393091885,,
EA.2T8.AG25T99.RUR.GPIA,BGD,1981,.1704999953508377,,
EA.2T8.AG25T99.RUR.GPIA,BGD,2001,.5030999779701233,,
EA.2T8.AG25T99.RUR.GPIA,BGD,2011,.6694599986076355,,
EA.2T8.AG25T99.RUR.GPIA,BGD,2012,.6859599947929382,,
EA.2T8.AG25T99.RUR.GPIA,BGD,2013,.7233399748802185,,
EA.2T8.AG25T99.RUR.GPIA,BGD,2014,.7652400135993958,,
EA.2T8.AG25T99.RUR.GPIA,BGD,2015,.7710199952125549,,
EA.2T8.AG25T99.RUR.GPIA,BGD,2016,.7736700177192688,,
EA.2T8.AG25T99.RUR.GPIA,BGD,2017,.7984399795532227,,
EA.2T8.AG25T99.RUR.GPIA,BGD,2018,.8199300169944763,,
EA.2T8.AG25T99.RUR.GPIA,BGD,2019,.8342999815940857,,
EA.2T8.AG25T99.RUR.GPIA,BGD,2021,.86176997423172,,
EA.2T8.AG25T99.RUR.GPIA,BGD,2023,.912960502480071,,
EA.2T8.AG25T99.RUR.M,BGD,1981,16.2556095123291,,
EA.2T8.AG25T99.RUR.M,BGD,2001,24.663330078125,,
EA.2T8.AG25T99.RUR.M,BGD,2011,31.84094047546387,,
EA.2T8.AG25T99.RUR.M,BGD,2012,32.21556854248047,,
EA.2T8.AG25T99.RUR.M,BGD,2013,32.44366073608398,,
EA.2T8.AG25T99.RUR.M,BGD,2014,33.06816101074219,,
EA.2T8.AG25T99.RUR.M,BGD,2015,34.45198059082031,,
EA.2T8.AG25T99.RUR.M,BGD,2016,34.22351837158203,,
EA.2T8.AG25T99.RUR.M,BGD,2017,35.24734115600586,,
EA.2T8.AG25T99.RUR.M,BGD,2018,35.77001953125,,
EA.2T8.AG25T99.RUR.M,BGD,2019,36.80279159545898,,
EA.2T8.AG25T99.RUR.M,BGD,2021,41.60792922973633,,
EA.2T8.AG25T99.RUR.M,BGD,2023,41.6825691865231,,
EA.2T8.AG25T99.URB,BGD,1981,29.56443977355957,,
EA.2T8.AG25T99.URB,BGD,2001,49.88037109375,,
EA.2T8.AG25T99.URB,BGD,2011,49.27362823486328,,
EA.2T8.AG25T99.URB,BGD,2012,50.322021484375,,
EA.2T8.AG25T99.URB,BGD,2013,52.71871185302734,,
EA.2T8.AG25T99.URB,BGD,2014,53.90512084960938,,
EA.2T8.AG25T99.URB,BGD,2015,55.70750045776367,,
EA.2T8.AG25T99.URB,BGD,2016,54.81092834472656,,
EA.2T8.AG25T99.URB,BGD,2017,55.82284164428711,,
EA.2T8.AG25T99.URB,BGD,2018,56.79087066650391,,
EA.2T8.AG25T99.URB,BGD,2019,57.68127059936523,,
EA.2T8.AG25T99.URB,BGD,2021,60.69536972045898,,
EA.2T8.AG25T99.URB,BGD,2023,59.2104911593888,,
EA.2T8.AG25T99.URB.F,BGD,1981,15.33108043670654,,
EA.2T8.AG25T99.URB.F,BGD,2001,49.43746185302734,,
EA.2T8.AG25T99.URB.F,BGD,2011,42.96979141235352,,
EA.2T8.AG25T99.URB.F,BGD,2012,44.40998077392578,,
EA.2T8.AG25T99.URB.F,BGD,2013,46.89474868774414,,
EA.2T8.AG25T99.URB.F,BGD,2014,49.19480133056641,,
EA.2T8.AG25T99.URB.F,BGD,2015,50.93157958984375,,
EA.2T8.AG25T99.URB.F,BGD,2016,49.75904846191406,,
EA.2T8.AG25T99.URB.F,BGD,2017,51.17950820922852,,
EA.2T8.AG25T99.URB.F,BGD,2018,52.47927856445313,,
EA.2T8.AG25T99.URB.F,BGD,2019,53.69853973388672,,
EA.2T8.AG25T99.URB.F,BGD,2021,57.00461959838867,,
EA.2T8.AG25T99.URB.F,BGD,2023,56.7537377284726,,
EA.2T8.AG25T99.URB.GPIA,BGD,1981,.3945499956607819,,
EA.2T8.AG25T99.URB.GPIA,BGD,2001,.9825400114059448,,
EA.2T8.AG25T99.URB.GPIA,BGD,2011,.7737799882888794,,
EA.2T8.AG25T99.URB.GPIA,BGD,2012,.7900500297546387,,
EA.2T8.AG25T99.URB.GPIA,BGD,2013,.8070700168609619,,
EA.2T8.AG25T99.URB.GPIA,BGD,2014,.8409199714660645,,
EA.2T8.AG25T99.URB.GPIA,BGD,2015,.8428099751472473,,
EA.2T8.AG25T99.URB.GPIA,BGD,2016,.8343700170516968,,
EA.2T8.AG25T99.URB.GPIA,BGD,2017,.8477200269699097,,
EA.2T8.AG25T99.URB.GPIA,BGD,2018,.8575999736785889,,
EA.2T8.AG25T99.URB.GPIA,BGD,2019,.8703500032424927,,
EA.2T8.AG25T99.URB.GPIA,BGD,2021,.8840000033378601,,
EA.2T8.AG25T99.URB.GPIA,BGD,2023,.92052437106067,,
EA.2T8.AG25T99.URB.M,BGD,1981,38.85678863525391,,
EA.2T8.AG25T99.URB.M,BGD,2001,50.3160400390625,,
EA.2T8.AG25T99.URB.M,BGD,2011,55.532470703125,,
EA.2T8.AG25T99.URB.M,BGD,2012,56.21160888671875,,
EA.2T8.AG25T99.URB.M,BGD,2013,58.10522079467773,,
EA.2T8.AG25T99.URB.M,BGD,2014,58.50117874145508,,
EA.2T8.AG25T99.URB.M,BGD,2015,60.43101119995117,,
EA.2T8.AG25T99.URB.M,BGD,2016,59.63653182983398,,
EA.2T8.AG25T99.URB.M,BGD,2017,60.37297821044922,,
EA.2T8.AG25T99.URB.M,BGD,2018,61.1934814453125,,
EA.2T8.AG25T99.URB.M,BGD,2019,61.69741058349609,,
EA.2T8.AG25T99.URB.M,BGD,2021,64.48487854003906,,
EA.2T8.AG25T99.URB.M,BGD,2023,61.6537046847313,,
EA.3T8.AG25T99,BGD,1981,5.496049880981445,,
EA.3T8.AG25T99,BGD,2001,17.1284294128418,,
EA.3T8.AG25T99,BGD,2006,19.8530266819359,,
EA.3T8.AG25T99,BGD,2010,19.1188106028469,,
EA.3T8.AG25T99,BGD,2011,24.18281936645508,,
EA.3T8.AG25T99,BGD,2012,24.67884063720703,,
EA.3T8.AG25T99,BGD,2013,22.18535041809082,,
EA.3T8.AG25T99,BGD,2014,23.21816062927246,,
EA.3T8.AG25T99,BGD,2015,28.56217956542969,,
EA.3T8.AG25T99,BGD,2016,28.96916961669922,,
EA.3T8.AG25T99,BGD,2017,29.79417037963867,,
EA.3T8.AG25T99,BGD,2018,30.54476928710938,,
EA.3T8.AG25T99,BGD,2019,31.33009910583496,,
EA.3T8.AG25T99,BGD,2021,33.6561393737793,,
EA.3T8.AG25T99.F,BGD,1981,1.10971999168396,,
EA.3T8.AG25T99.F,BGD,2001,13.36209964752197,,
EA.3T8.AG25T99.F,BGD,2006,13.110286810136,,
EA.3T8.AG25T99.F,BGD,2010,13.9449859705832,,
EA.3T8.AG25T99.F,BGD,2011,18.42023086547852,,
EA.3T8.AG25T99.F,BGD,2012,19.06878089904785,,
EA.3T8.AG25T99.F,BGD,2013,16.98806953430176,,
EA.3T8.AG25T99.F,BGD,2014,18.90774917602539,,
EA.3T8.AG25T99.F,BGD,2015,23.72273063659668,,
EA.3T8.AG25T99.F,BGD,2016,23.88591957092285,,
EA.3T8.AG25T99.F,BGD,2017,24.97620010375977,,
EA.3T8.AG25T99.F,BGD,2018,25.9920597076416,,
EA.3T8.AG25T99.F,BGD,2019,26.83901023864746,,
EA.3T8.AG25T99.F,BGD,2021,29.3662109375,,
EA.3T8.AG25T99.F.LPIA,BGD,1981,.0216499995440245,,
EA.3T8.AG25T99.F.LPIA,BGD,2001,.1423899978399277,,
EA.3T8.AG25T99.F.LPIA,BGD,2006,.285798257197789,,
EA.3T8.AG25T99.F.LPIA,BGD,2010,.417292165363808,,
EA.3T8.AG25T99.F.LPIA,BGD,2011,.3605200052261353,,
EA.3T8.AG25T99.F.LPIA,BGD,2012,.3586100041866302,,
EA.3T8.AG25T99.F.LPIA,BGD,2013,.35971999168396,,
EA.3T8.AG25T99.F.LPIA,BGD,2014,.3797299861907959,,
EA.3T8.AG25T99.F.LPIA,BGD,2015,.3788599967956543,,
EA.3T8.AG25T99.F.LPIA,BGD,2016,.3793700039386749,,
EA.3T8.AG25T99.F.LPIA,BGD,2017,.3979499936103821,,
EA.3T8.AG25T99.F.LPIA,BGD,2018,.4027799963951111,,
EA.3T8.AG25T99.F.LPIA,BGD,2019,.4126099944114685,,
EA.3T8.AG25T99.F.LPIA,BGD,2021,.4719499945640564,,
EA.3T8.AG25T99.F.LPIA,BGD,2023,.52588994601628,,
EA.3T8.AG25T99.GPIA,BGD,1981,.1178700029850006,,
EA.3T8.AG25T99.GPIA,BGD,2001,.6417499780654907,,
EA.3T8.AG25T99.GPIA,BGD,2006,.495461177389206,,
EA.3T8.AG25T99.GPIA,BGD,2010,.57667285476857,,
EA.3T8.AG25T99.GPIA,BGD,2011,.6128600239753723,,
EA.3T8.AG25T99.GPIA,BGD,2012,.62704998254776,,
EA.3T8.AG25T99.GPIA,BGD,2013,.6229299902915955,,
EA.3T8.AG25T99.GPIA,BGD,2014,.6850299835205078,,
EA.3T8.AG25T99.GPIA,BGD,2015,.7094900012016296,,
EA.3T8.AG25T99.GPIA,BGD,2016,.7026299834251404,,
EA.3T8.AG25T99.GPIA,BGD,2017,.7210000157356262,,
EA.3T8.AG25T99.GPIA,BGD,2018,.7364199757575989,,
EA.3T8.AG25T99.GPIA,BGD,2019,.7462800145149231,,
EA.3T8.AG25T99.GPIA,BGD,2021,.7697200179100037,,
EA.3T8.AG25T99.LPIA,BGD,1981,.0962599962949753,,
EA.3T8.AG25T99.LPIA,BGD,2001,.2757099866867065,,
EA.3T8.AG25T99.LPIA,BGD,2006,.387985263505917,,
EA.3T8.AG25T99.LPIA,BGD,2010,.472499319849759,,
EA.3T8.AG25T99.LPIA,BGD,2011,.4304200112819672,,
EA.3T8.AG25T99.LPIA,BGD,2012,.4281499981880188,,
EA.3T8.AG25T99.LPIA,BGD,2013,.421999990940094,,
EA.3T8.AG25T99.LPIA,BGD,2014,.4309200048446655,,
EA.3T8.AG25T99.LPIA,BGD,2015,.4326199889183044,,
EA.3T8.AG25T99.LPIA,BGD,2016,.4326800107955933,,
EA.3T8.AG25T99.LPIA,BGD,2017,.4470399916172028,,
EA.3T8.AG25T99.LPIA,BGD,2018,.4483000040054321,,
EA.3T8.AG25T99.LPIA,BGD,2019,.4587900042533875,,
EA.3T8.AG25T99.LPIA,BGD,2021,.5102300047874451,,
EA.3T8.AG25T99.LPIA,BGD,2023,.555170893506263,,
EA.3T8.AG25T99.M,BGD,1981,9.414569854736328,,
EA.3T8.AG25T99.M,BGD,2001,20.8212890625,,
EA.3T8.AG25T99.M,BGD,2006,26.4607751493662,,
EA.3T8.AG25T99.M,BGD,2010,24.1817971060553,,
EA.3T8.AG25T99.M,BGD,2011,30.05592918395996,,
EA.3T8.AG25T99.M,BGD,2012,30.41053009033203,,
EA.3T8.AG25T99.M,BGD,2013,27.27116966247559,,
EA.3T8.AG25T99.M,BGD,2014,27.60120010375977,,
EA.3T8.AG25T99.M,BGD,2015,33.43651962280273,,
EA.3T8.AG25T99.M,BGD,2016,33.99496078491211,,
EA.3T8.AG25T99.M,BGD,2017,34.640869140625,,
EA.3T8.AG25T99.M,BGD,2018,35.29529190063477,,
EA.3T8.AG25T99.M,BGD,2019,35.9636116027832,,
EA.3T8.AG25T99.M,BGD,2021,38.15195083618164,,
EA.3T8.AG25T99.M.LPIA,BGD,1981,.1255200058221817,,
EA.3T8.AG25T99.M.LPIA,BGD,2001,.4037599861621857,,
EA.3T8.AG25T99.M.LPIA,BGD,2006,.457712313600475,,
EA.3T8.AG25T99.M.LPIA,BGD,2010,.515181510119082,,
EA.3T8.AG25T99.M.LPIA,BGD,2011,.4836199879646301,,
EA.3T8.AG25T99.M.LPIA,BGD,2012,.4821000099182129,,
EA.3T8.AG25T99.M.LPIA,BGD,2013,.4718300104141235,,
EA.3T8.AG25T99.M.LPIA,BGD,2014,.474949985742569,,
EA.3T8.AG25T99.M.LPIA,BGD,2015,.476830005645752,,
EA.3T8.AG25T99.M.LPIA,BGD,2016,.4776099920272827,,
EA.3T8.AG25T99.M.LPIA,BGD,2017,.4888699948787689,,
EA.3T8.AG25T99.M.LPIA,BGD,2018,.4885900020599365,,
EA.3T8.AG25T99.M.LPIA,BGD,2019,.4998199939727783,,
EA.3T8.AG25T99.M.LPIA,BGD,2021,.5454199910163879,,
EA.3T8.AG25T99.M.LPIA,BGD,2023,.582072568005167,,
EA.3T8.AG25T99.NATIVE,BGD,2013,24.1731891646283,,
EA.3T8.AG25T99.NATIVE.F,BGD,2013,17.9530534123084,,
EA.3T8.AG25T99.NATIVE.GPIA,BGD,2013,.587736461005042,,
EA.3T8.AG25T99.NATIVE.M,BGD,2013,30.5460943866036,,
EA.3T8.AG25T99.RUR,BGD,1981,3.505249977111816,,
EA.3T8.AG25T99.RUR,BGD,2001,10.18632030487061,,
EA.3T8.AG25T99.RUR,BGD,2006,14.2926753548484,,
EA.3T8.AG25T99.RUR,BGD,2010,15.1689519093807,,
EA.3T8.AG25T99.RUR,BGD,2011,15.9964599609375,,
EA.3T8.AG25T99.RUR,BGD,2012,16.28055953979492,,
EA.3T8.AG25T99.RUR,BGD,2013,16.83801078796387,,
EA.3T8.AG25T99.RUR,BGD,2014,17.74526023864746,,
EA.3T8.AG25T99.RUR,BGD,2015,18.55905914306641,,
EA.3T8.AG25T99.RUR,BGD,2016,18.12056922912598,,
EA.3T8.AG25T99.RUR,BGD,2017,19.08213996887207,,
EA.3T8.AG25T99.RUR,BGD,2018,19.50675010681152,,
EA.3T8.AG25T99.RUR,BGD,2019,20.33237075805664,,
EA.3T8.AG25T99.RUR,BGD,2021,23.44331932067871,,
EA.3T8.AG25T99.RUR,BGD,2023,23.4078533213394,,
EA.3T8.AG25T99.RUR.F,BGD,1981,.3800300061702728,,
EA.3T8.AG25T99.RUR.F,BGD,2001,5.209239959716797,,
EA.3T8.AG25T99.RUR.F,BGD,2006,8.18506304802405,,
EA.3T8.AG25T99.RUR.F,BGD,2010,10.5976338307957,,
EA.3T8.AG25T99.RUR.F,BGD,2011,10.98351955413818,,
EA.3T8.AG25T99.RUR.F,BGD,2012,11.33611965179443,,
EA.3T8.AG25T99.RUR.F,BGD,2013,12.12627029418945,,
EA.3T8.AG25T99.RUR.F,BGD,2014,13.76445960998535,,
EA.3T8.AG25T99.RUR.F,BGD,2015,14.22523021697998,,
EA.3T8.AG25T99.RUR.F,BGD,2016,13.77476978302002,,
EA.3T8.AG25T99.RUR.F,BGD,2017,14.88788986206055,,
EA.3T8.AG25T99.RUR.F,BGD,2018,15.52163982391357,,
EA.3T8.AG25T99.RUR.F,BGD,2019,16.31130027770996,,
EA.3T8.AG25T99.RUR.F,BGD,2021,19.54199981689453,,
EA.3T8.AG25T99.RUR.F,BGD,2023,20.1937337873178,,
EA.3T8.AG25T99.RUR.GPIA,BGD,1981,.0587799996137619,,
EA.3T8.AG25T99.RUR.GPIA,BGD,2001,.345880001783371,,
EA.3T8.AG25T99.RUR.GPIA,BGD,2006,.401809458147387,,
EA.3T8.AG25T99.RUR.GPIA,BGD,2010,.537285112237146,,
EA.3T8.AG25T99.RUR.GPIA,BGD,2011,.5183200240135193,,
EA.3T8.AG25T99.RUR.GPIA,BGD,2012,.5293999910354614,,
EA.3T8.AG25T99.RUR.GPIA,BGD,2013,.5632799863815308,,
EA.3T8.AG25T99.RUR.GPIA,BGD,2014,.6301199793815613,,
EA.3T8.AG25T99.RUR.GPIA,BGD,2015,.6190299987792969,,
EA.3T8.AG25T99.RUR.GPIA,BGD,2016,.6110299825668335,,
EA.3T8.AG25T99.RUR.GPIA,BGD,2017,.6363899707794189,,
EA.3T8.AG25T99.RUR.GPIA,BGD,2018,.6537500023841858,,
EA.3T8.AG25T99.RUR.GPIA,BGD,2019,.664080023765564,,
EA.3T8.AG25T99.RUR.GPIA,BGD,2021,.7079899907112122,,
EA.3T8.AG25T99.RUR.GPIA,BGD,2023,.755838150073003,,
EA.3T8.AG25T99.RUR.M,BGD,1981,6.464980125427246,,
EA.3T8.AG25T99.RUR.M,BGD,2001,15.0607795715332,,
EA.3T8.AG25T99.RUR.M,BGD,2006,20.3705086628938,,
EA.3T8.AG25T99.RUR.M,BGD,2010,19.7244137040561,,
EA.3T8.AG25T99.RUR.M,BGD,2011,21.19053077697754,,
EA.3T8.AG25T99.RUR.M,BGD,2012,21.41312026977539,,
EA.3T8.AG25T99.RUR.M,BGD,2013,21.52783012390137,,
EA.3T8.AG25T99.RUR.M,BGD,2014,21.84433937072754,,
EA.3T8.AG25T99.RUR.M,BGD,2015,22.97995948791504,,
EA.3T8.AG25T99.RUR.M,BGD,2016,22.54343032836914,,
EA.3T8.AG25T99.RUR.M,BGD,2017,23.39434051513672,,
EA.3T8.AG25T99.RUR.M,BGD,2018,23.74233055114746,,
EA.3T8.AG25T99.RUR.M,BGD,2019,24.56211090087891,,
EA.3T8.AG25T99.RUR.M,BGD,2021,27.60202980041504,,
EA.3T8.AG25T99.RUR.M,BGD,2023,26.7170078479994,,
EA.3T8.AG25T99.URB,BGD,1981,15.99934005737305,,
EA.3T8.AG25T99.URB,BGD,2001,36.94551849365234,,
EA.3T8.AG25T99.URB,BGD,2006,36.8381912902999,,
EA.3T8.AG25T99.URB,BGD,2010,32.103648136899,,
EA.3T8.AG25T99.URB,BGD,2011,37.16516876220703,,
EA.3T8.AG25T99.URB,BGD,2012,38.02566909790039,,
EA.3T8.AG25T99.URB,BGD,2013,39.90077972412109,,
EA.3T8.AG25T99.URB,BGD,2014,41.18024826049805,,
EA.3T8.AG25T99.URB,BGD,2015,42.89952850341797,,
EA.3T8.AG25T99.URB,BGD,2016,41.87990951538086,,
EA.3T8.AG25T99.URB,BGD,2017,42.68569946289063,,
EA.3T8.AG25T99.URB,BGD,2018,43.51253890991211,,
EA.3T8.AG25T99.URB,BGD,2019,44.31692123413086,,
EA.3T8.AG25T99.URB,BGD,2021,45.94620895385742,,
EA.3T8.AG25T99.URB,BGD,2023,42.1633295173377,,
EA.3T8.AG25T99.URB.F,BGD,1981,5.850470066070557,,
EA.3T8.AG25T99.URB.F,BGD,2001,36.58422088623047,,
EA.3T8.AG25T99.URB.F,BGD,2006,28.6393035712583,,
EA.3T8.AG25T99.URB.F,BGD,2010,25.3961965031296,,
EA.3T8.AG25T99.URB.F,BGD,2011,30.46615982055664,,
EA.3T8.AG25T99.URB.F,BGD,2012,31.61104011535645,,
EA.3T8.AG25T99.URB.F,BGD,2013,33.70989990234375,,
EA.3T8.AG25T99.URB.F,BGD,2014,36.24805068969727,,
EA.3T8.AG25T99.URB.F,BGD,2015,37.54703903198242,,
EA.3T8.AG25T99.URB.F,BGD,2016,36.30937957763672,,
EA.3T8.AG25T99.URB.F,BGD,2017,37.41151809692383,,
EA.3T8.AG25T99.URB.F,BGD,2018,38.53673934936523,,
EA.3T8.AG25T99.URB.F,BGD,2019,39.53218841552734,,
EA.3T8.AG25T99.URB.F,BGD,2021,41.40718841552734,,
EA.3T8.AG25T99.URB.F,BGD,2023,38.3991630573836,,
EA.3T8.AG25T99.URB.GPIA,BGD,1981,.2585799992084503,,
EA.3T8.AG25T99.URB.GPIA,BGD,2001,.9807900190353394,,
EA.3T8.AG25T99.URB.GPIA,BGD,2006,.643506851715739,,
EA.3T8.AG25T99.URB.GPIA,BGD,2010,.663322675242444,,
EA.3T8.AG25T99.URB.GPIA,BGD,2011,.6953099966049194,,
EA.3T8.AG25T99.URB.GPIA,BGD,2012,.7117000222206116,,
EA.3T8.AG25T99.URB.GPIA,BGD,2013,.7388200163841248,,
EA.3T8.AG25T99.URB.GPIA,BGD,2014,.7881199717521667,,
EA.3T8.AG25T99.URB.GPIA,BGD,2015,.7790899872779846,,
EA.3T8.AG25T99.URB.GPIA,BGD,2016,.7692499756813049,,
EA.3T8.AG25T99.URB.GPIA,BGD,2017,.7817800045013428,,
EA.3T8.AG25T99.URB.GPIA,BGD,2018,.7930399775505066,,
EA.3T8.AG25T99.URB.GPIA,BGD,2019,.8044499754905701,,
EA.3T8.AG25T99.URB.GPIA,BGD,2021,.8182200193405151,,
EA.3T8.AG25T99.URB.GPIA,BGD,2023,.836586925348156,,
EA.3T8.AG25T99.URB.M,BGD,1981,22.62509918212891,,
EA.3T8.AG25T99.URB.M,BGD,2001,37.30091094970703,,
EA.3T8.AG25T99.URB.M,BGD,2006,44.5050483843323,,
EA.3T8.AG25T99.URB.M,BGD,2010,38.2863385362897,,
EA.3T8.AG25T99.URB.M,BGD,2011,43.81636810302734,,
EA.3T8.AG25T99.URB.M,BGD,2012,44.41593933105469,,
EA.3T8.AG25T99.URB.M,BGD,2013,45.62665176391602,,
EA.3T8.AG25T99.URB.M,BGD,2014,45.99280166625977,,
EA.3T8.AG25T99.URB.M,BGD,2015,48.19329833984375,,
EA.3T8.AG25T99.URB.M,BGD,2016,47.20093154907227,,
EA.3T8.AG25T99.URB.M,BGD,2017,47.85403060913086,,
EA.3T8.AG25T99.URB.M,BGD,2018,48.59339141845703,,
EA.3T8.AG25T99.URB.M,BGD,2019,49.14176940917969,,
EA.3T8.AG25T99.URB.M,BGD,2021,50.60668182373047,,
EA.3T8.AG25T99.URB.M,BGD,2023,45.8997886458759,,
EA.4T8.AG25T99,BGD,1974,.8603299856185913,,
EA.4T8.AG25T99,BGD,1981,1.27348005771637,,
EA.4T8.AG25T99,BGD,2001,4.2086501121521,,
EA.4T8.AG25T99,BGD,2011,10.24575996398926,,
EA.4T8.AG25T99,BGD,2012,10.50720977783203,,
EA.4T8.AG25T99,BGD,2013,9.418560028076172,,
EA.4T8.AG25T99,BGD,2014,10.28950977325439,,
EA.4T8.AG25T99,BGD,2015,13.99098014831543,,
EA.4T8.AG25T99,BGD,2016,14.34731960296631,,
EA.4T8.AG25T99,BGD,2017,14.92366027832031,,
EA.4T8.AG25T99,BGD,2018,15.56779956817627,,
EA.4T8.AG25T99,BGD,2019,16.20527076721191,,
EA.4T8.AG25T99,BGD,2021,17.81833076477051,,
EA.4T8.AG25T99,BGD,2023,8.07693897617594,,
EA.4T8.AG25T99.F,BGD,1974,.0993300005793571,,
EA.4T8.AG25T99.F,BGD,1981,.2630400061607361,,
EA.4T8.AG25T99.F,BGD,2001,3.48744010925293,,
EA.4T8.AG25T99.F,BGD,2011,6.180500030517578,,
EA.4T8.AG25T99.F,BGD,2012,6.453259944915771,,
EA.4T8.AG25T99.F,BGD,2013,5.854129791259766,,
EA.4T8.AG25T99.F,BGD,2014,7.401559829711914,,
EA.4T8.AG25T99.F,BGD,2015,9.899990081787109,,
EA.4T8.AG25T99.F,BGD,2016,10.02624034881592,,
EA.4T8.AG25T99.F,BGD,2017,10.68297004699707,,
EA.4T8.AG25T99.F,BGD,2018,11.42455005645752,,
EA.4T8.AG25T99.F,BGD,2019,11.98344993591309,,
EA.4T8.AG25T99.F,BGD,2021,13.57520961761475,,
EA.4T8.AG25T99.F,BGD,2023,5.37688861572456,,
EA.4T8.AG25T99.F.LPIA,BGD,1981,.0216499995440245,,
EA.4T8.AG25T99.F.LPIA,BGD,2001,.0301300007849932,,
EA.4T8.AG25T99.F.LPIA,BGD,2011,.2027499973773956,,
EA.4T8.AG25T99.F.LPIA,BGD,2012,.1914000064134598,,
EA.4T8.AG25T99.F.LPIA,BGD,2013,.1941100060939789,,
EA.4T8.AG25T99.F.LPIA,BGD,2014,.2311300039291382,,
EA.4T8.AG25T99.F.LPIA,BGD,2015,.2196699976921082,,
EA.4T8.AG25T99.F.LPIA,BGD,2016,.2129800021648407,,
EA.4T8.AG25T99.F.LPIA,BGD,2017,.2227399945259094,,
EA.4T8.AG25T99.F.LPIA,BGD,2018,.231670007109642,,
EA.4T8.AG25T99.F.LPIA,BGD,2019,.2409999966621399,,
EA.4T8.AG25T99.F.LPIA,BGD,2021,.2860099971294403,,
EA.4T8.AG25T99.GPIA,BGD,1974,.063060000538826,,
EA.4T8.AG25T99.GPIA,BGD,1981,.1208800002932549,,
EA.4T8.AG25T99.GPIA,BGD,2001,.7094399929046631,,
EA.4T8.AG25T99.GPIA,BGD,2011,.429529994726181,,
EA.4T8.AG25T99.GPIA,BGD,2012,.4405199885368347,,
EA.4T8.AG25T99.GPIA,BGD,2013,.4535799920558929,,
EA.4T8.AG25T99.GPIA,BGD,2014,.5596200227737427,,
EA.4T8.AG25T99.GPIA,BGD,2015,.5466099977493286,,
EA.4T8.AG25T99.GPIA,BGD,2016,.5384799838066101,,
EA.4T8.AG25T99.GPIA,BGD,2017,.5567100048065186,,
EA.4T8.AG25T99.GPIA,BGD,2018,.5743600130081177,,
EA.4T8.AG25T99.GPIA,BGD,2019,.582830011844635,,
EA.4T8.AG25T99.GPIA,BGD,2021,.6097099781036377,,
EA.4T8.AG25T99.LPIA,BGD,1981,.0962599962949753,,
EA.4T8.AG25T99.LPIA,BGD,2001,.1067200005054474,,
EA.4T8.AG25T99.LPIA,BGD,2011,.2783800065517426,,
EA.4T8.AG25T99.LPIA,BGD,2012,.2705299854278564,,
EA.4T8.AG25T99.LPIA,BGD,2013,.2638199925422668,,
EA.4T8.AG25T99.LPIA,BGD,2014,.2775099873542786,,
EA.4T8.AG25T99.LPIA,BGD,2015,.2819100022315979,,
EA.4T8.AG25T99.LPIA,BGD,2016,.2784700095653534,,
EA.4T8.AG25T99.LPIA,BGD,2017,.2922399938106537,,
EA.4T8.AG25T99.LPIA,BGD,2018,.2967300117015839,,
EA.4T8.AG25T99.LPIA,BGD,2019,.3079800009727478,,
EA.4T8.AG25T99.LPIA,BGD,2021,.3515900075435638,,
EA.4T8.AG25T99.M,BGD,1974,1.575080037117004,,
EA.4T8.AG25T99.M,BGD,1981,2.17615008354187,,
EA.4T8.AG25T99.M,BGD,2001,4.91579008102417,,
EA.4T8.AG25T99.M,BGD,2011,14.3889799118042,,
EA.4T8.AG25T99.M,BGD,2012,14.64906024932861,,
EA.4T8.AG25T99.M,BGD,2013,12.90655040740967,,
EA.4T8.AG25T99.M,BGD,2014,13.22611045837402,,
EA.4T8.AG25T99.M,BGD,2015,18.11145973205566,,
EA.4T8.AG25T99.M,BGD,2016,18.61955070495605,,
EA.4T8.AG25T99.M,BGD,2017,19.18964004516602,,
EA.4T8.AG25T99.M,BGD,2018,19.89105987548828,,
EA.4T8.AG25T99.M,BGD,2019,20.56097030639648,,
EA.4T8.AG25T99.M,BGD,2021,22.26509094238281,,
EA.4T8.AG25T99.M.LPIA,BGD,1981,.1255200058221817,,
EA.4T8.AG25T99.M.LPIA,BGD,2001,.1808499991893768,,
EA.4T8.AG25T99.M.LPIA,BGD,2011,.3203699886798859,,
EA.4T8.AG25T99.M.LPIA,BGD,2012,.3155199885368347,,
EA.4T8.AG25T99.M.LPIA,BGD,2013,.307559996843338,,
EA.4T8.AG25T99.M.LPIA,BGD,2014,.3113499879837036,,
EA.4T8.AG25T99.M.LPIA,BGD,2015,.3225800096988678,,
EA.4T8.AG25T99.M.LPIA,BGD,2016,.3223699927330017,,
EA.4T8.AG25T99.M.LPIA,BGD,2017,.339709997177124,,
EA.4T8.AG25T99.M.LPIA,BGD,2018,.3432599902153015,,
EA.4T8.AG25T99.M.LPIA,BGD,2019,.356249988079071,,
EA.4T8.AG25T99.M.LPIA,BGD,2021,.4012399911880493,,
EA.4T8.AG25T99.NATIVE,BGD,2013,5.90461113909668,,
EA.4T8.AG25T99.NATIVE.F,BGD,2013,3.18613660264605,,
EA.4T8.AG25T99.NATIVE.GPIA,BGD,2013,.366650243123363,,
EA.4T8.AG25T99.NATIVE.M,BGD,2013,8.689852693140161,,
EA.4T8.AG25T99.RUR,BGD,1981,.5102199912071228,,
EA.4T8.AG25T99.RUR,BGD,2001,1.327059984207153,,
EA.4T8.AG25T99.RUR,BGD,2011,5.116580009460449,,
EA.4T8.AG25T99.RUR,BGD,2012,5.147069931030273,,
EA.4T8.AG25T99.RUR,BGD,2013,5.718619823455811,,
EA.4T8.AG25T99.RUR,BGD,2014,6.398890018463135,,
EA.4T8.AG25T99.RUR,BGD,2015,6.835450172424316,,
EA.4T8.AG25T99.RUR,BGD,2016,6.57204008102417,,
EA.4T8.AG25T99.RUR,BGD,2017,7.109439849853516,,
EA.4T8.AG25T99.RUR,BGD,2018,7.449570178985596,,
EA.4T8.AG25T99.RUR,BGD,2019,7.981599807739258,,
EA.4T8.AG25T99.RUR,BGD,2021,9.699680328369141,,
EA.4T8.AG25T99.RUR,BGD,2023,5.19277990402839,,
EA.4T8.AG25T99.RUR.F,BGD,1981,.0374200008809566,,
EA.4T8.AG25T99.RUR.F,BGD,2001,.3724400103092194,,
EA.4T8.AG25T99.RUR.F,BGD,2011,2.471220016479492,,
EA.4T8.AG25T99.RUR.F,BGD,2012,2.471329927444458,,
EA.4T8.AG25T99.RUR.F,BGD,2013,3.025049924850464,,
EA.4T8.AG25T99.RUR.F,BGD,2014,4.203100204467773,,
EA.4T8.AG25T99.RUR.F,BGD,2015,4.046440124511719,,
EA.4T8.AG25T99.RUR.F,BGD,2016,3.771980047225952,,
EA.4T8.AG25T99.RUR.F,BGD,2017,4.168270111083984,,
EA.4T8.AG25T99.RUR.F,BGD,2018,4.55374002456665,,
EA.4T8.AG25T99.RUR.F,BGD,2019,4.935910224914551,,
EA.4T8.AG25T99.RUR.F,BGD,2021,6.398509979248047,,
EA.4T8.AG25T99.RUR.F,BGD,2023,3.03772188168217,,
EA.4T8.AG25T99.RUR.GPIA,BGD,1981,.0390600003302097,,
EA.4T8.AG25T99.RUR.GPIA,BGD,2001,.1646499931812286,,
EA.4T8.AG25T99.RUR.GPIA,BGD,2011,.3145000040531158,,
EA.4T8.AG25T99.RUR.GPIA,BGD,2012,.3118500113487244,,
EA.4T8.AG25T99.RUR.GPIA,BGD,2013,.3601399958133698,,
EA.4T8.AG25T99.RUR.GPIA,BGD,2014,.4853500127792358,,
EA.4T8.AG25T99.RUR.GPIA,BGD,2015,.4180000126361847,,
EA.4T8.AG25T99.RUR.GPIA,BGD,2016,.4003500044345856,,
EA.4T8.AG25T99.RUR.GPIA,BGD,2017,.4113399982452393,,
EA.4T8.AG25T99.RUR.GPIA,BGD,2018,.432559996843338,,
EA.4T8.AG25T99.RUR.GPIA,BGD,2019,.4412800073623657,,
EA.4T8.AG25T99.RUR.GPIA,BGD,2021,.4840500056743622,,
EA.4T8.AG25T99.RUR.GPIA,BGD,2023,.409875810628886,,
EA.4T8.AG25T99.RUR.M,BGD,1981,.9579899907112122,,
EA.4T8.AG25T99.RUR.M,BGD,2001,2.26200008392334,,
EA.4T8.AG25T99.RUR.M,BGD,2011,7.85752010345459,,
EA.4T8.AG25T99.RUR.M,BGD,2012,7.924610137939453,,
EA.4T8.AG25T99.RUR.M,BGD,2013,8.399649620056152,,
EA.4T8.AG25T99.RUR.M,BGD,2014,8.659930229187012,,
EA.4T8.AG25T99.RUR.M,BGD,2015,9.680500030517578,,
EA.4T8.AG25T99.RUR.M,BGD,2016,9.421750068664551,,
EA.4T8.AG25T99.RUR.M,BGD,2017,10.13331031799316,,
EA.4T8.AG25T99.RUR.M,BGD,2018,10.52740955352783,,
EA.4T8.AG25T99.RUR.M,BGD,2019,11.18533039093018,,
EA.4T8.AG25T99.RUR.M,BGD,2021,13.21866035461426,,
EA.4T8.AG25T99.RUR.M,BGD,2023,7.41132265654148,,
EA.4T8.AG25T99.URB,BGD,1981,5.300380229949951,,
EA.4T8.AG25T99.URB,BGD,2001,12.43449974060059,,
EA.4T8.AG25T99.URB,BGD,2011,18.37988090515137,,
EA.4T8.AG25T99.URB,BGD,2012,19.02573013305664,,
EA.4T8.AG25T99.URB,BGD,2013,21.67625045776367,,
EA.4T8.AG25T99.URB,BGD,2014,23.05851936340332,,
EA.4T8.AG25T99.URB,BGD,2015,24.24691963195801,,
EA.4T8.AG25T99.URB,BGD,2016,23.60054969787598,,
EA.4T8.AG25T99.URB,BGD,2017,24.32778930664063,,
EA.4T8.AG25T99.URB,BGD,2018,25.10531997680664,,
EA.4T8.AG25T99.URB,BGD,2019,25.91630935668945,,
EA.4T8.AG25T99.URB,BGD,2021,27.58827972412109,,
EA.4T8.AG25T99.URB.F,BGD,1981,1.728889942169189,,
EA.4T8.AG25T99.URB.F,BGD,2001,12.36001968383789,,
EA.4T8.AG25T99.URB.F,BGD,2011,12.1887903213501,,
EA.4T8.AG25T99.URB.F,BGD,2012,12.91189956665039,,
EA.4T8.AG25T99.URB.F,BGD,2013,15.58454036712646,,
EA.4T8.AG25T99.URB.F,BGD,2014,18.18498039245605,,
EA.4T8.AG25T99.URB.F,BGD,2015,18.4202709197998,,
EA.4T8.AG25T99.URB.F,BGD,2016,17.71079063415527,,
EA.4T8.AG25T99.URB.F,BGD,2017,18.71328926086426,,
EA.4T8.AG25T99.URB.F,BGD,2018,19.65653038024902,,
EA.4T8.AG25T99.URB.F,BGD,2019,20.48063087463379,,
EA.4T8.AG25T99.URB.F,BGD,2021,22.37129974365234,,
EA.4T8.AG25T99.URB.GPIA,BGD,1981,.2265300005674362,,
EA.4T8.AG25T99.URB.GPIA,BGD,2001,.9881899952888489,,
EA.4T8.AG25T99.URB.GPIA,BGD,2011,.4969600141048431,,
EA.4T8.AG25T99.URB.GPIA,BGD,2012,.5140799880027771,,
EA.4T8.AG25T99.URB.GPIA,BGD,2013,.5706499814987183,,
EA.4T8.AG25T99.URB.GPIA,BGD,2014,.6538100242614746,,
EA.4T8.AG25T99.URB.GPIA,BGD,2015,.6138100028038025,,
EA.4T8.AG25T99.URB.GPIA,BGD,2016,.6059799790382385,,
EA.4T8.AG25T99.URB.GPIA,BGD,2017,.6273400187492371,,
EA.4T8.AG25T99.URB.GPIA,BGD,2018,.6409199833869934,,
EA.4T8.AG25T99.URB.GPIA,BGD,2019,.6523000001907349,,
EA.4T8.AG25T99.URB.GPIA,BGD,2021,.6790500283241272,,
EA.4T8.AG25T99.URB.M,BGD,1981,7.632050037384033,,
EA.4T8.AG25T99.URB.M,BGD,2001,12.5077600479126,,
EA.4T8.AG25T99.URB.M,BGD,2011,24.52677917480469,,
EA.4T8.AG25T99.URB.M,BGD,2012,25.1163501739502,,
EA.4T8.AG25T99.URB.M,BGD,2013,27.31039047241211,,
EA.4T8.AG25T99.URB.M,BGD,2014,27.81384086608887,,
EA.4T8.AG25T99.URB.M,BGD,2015,30.00963020324707,,
EA.4T8.AG25T99.URB.M,BGD,2016,29.22649002075195,,
EA.4T8.AG25T99.URB.M,BGD,2017,29.82961082458496,,
EA.4T8.AG25T99.URB.M,BGD,2018,30.66913986206055,,
EA.4T8.AG25T99.URB.M,BGD,2019,31.39757919311523,,
EA.4T8.AG25T99.URB.M,BGD,2021,32.94486999511719,,
EA.5T8.AG25T99,BGD,2006,4.49761371440419,,
EA.5T8.AG25T99,BGD,2010,3.19463920272483,,
EA.5T8.AG25T99,BGD,2011,5.97435998916626,,
EA.5T8.AG25T99,BGD,2012,6.159520149230957,,
EA.5T8.AG25T99,BGD,2013,5.737840175628662,,
EA.5T8.AG25T99,BGD,2014,6.109059810638428,,
EA.5T8.AG25T99,BGD,2015,8.569760322570801,,
EA.5T8.AG25T99,BGD,2016,8.8502197265625,,
EA.5T8.AG25T99,BGD,2017,9.326959609985352,,
EA.5T8.AG25T99,BGD,2018,9.727390289306641,,
EA.5T8.AG25T99,BGD,2019,10.13761043548584,,
EA.5T8.AG25T99,BGD,2021,10.27044010162354,,
EA.5T8.AG25T99,BGD,2022,8.158181456290579,,
EA.5T8.AG25T99,BGD,2023,8.07693897617594,,
EA.5T8.AG25T99.F,BGD,2006,2.2097213309762,,
EA.5T8.AG25T99.F,BGD,2010,1.24675793053943,,
EA.5T8.AG25T99.F,BGD,2011,3.212650060653687,,
EA.5T8.AG25T99.F,BGD,2012,3.373409986495972,,
EA.5T8.AG25T99.F,BGD,2013,3.251009941101074,,
EA.5T8.AG25T99.F,BGD,2014,3.944730043411255,,
EA.5T8.AG25T99.F,BGD,2015,5.527929782867432,,
EA.5T8.AG25T99.F,BGD,2016,5.675519943237305,,
EA.5T8.AG25T99.F,BGD,2017,6.156400203704834,,
EA.5T8.AG25T99.F,BGD,2018,6.611730098724365,,
EA.5T8.AG25T99.F,BGD,2019,6.938479900360107,,
EA.5T8.AG25T99.F,BGD,2021,7.268430233001709,,
EA.5T8.AG25T99.F,BGD,2022,5.32270292729989,,
EA.5T8.AG25T99.F,BGD,2023,5.37688861572456,,
EA.5T8.AG25T99.F.LPIA,BGD,2006,.0917683324909634,,
EA.5T8.AG25T99.F.LPIA,BGD,2010,.154333550246022,,
EA.5T8.AG25T99.F.LPIA,BGD,2011,.1604299992322922,,
EA.5T8.AG25T99.F.LPIA,BGD,2012,.1510400027036667,,
EA.5T8.AG25T99.F.LPIA,BGD,2013,.1539800018072128,,
EA.5T8.AG25T99.F.LPIA,BGD,2014,.1747500002384186,,
EA.5T8.AG25T99.F.LPIA,BGD,2015,.1889099925756454,,
EA.5T8.AG25T99.F.LPIA,BGD,2016,.1817899942398071,,
EA.5T8.AG25T99.F.LPIA,BGD,2017,.1934199929237366,,
EA.5T8.AG25T99.F.LPIA,BGD,2018,.2002300024032593,,
EA.5T8.AG25T99.F.LPIA,BGD,2019,.2047100067138672,,
EA.5T8.AG25T99.F.LPIA,BGD,2021,.2278299927711487,,
EA.5T8.AG25T99.F.LPIA,BGD,2023,.276708203624064,,
EA.5T8.AG25T99.GPIA,BGD,2006,.327866330660572,,
EA.5T8.AG25T99.GPIA,BGD,2010,.244424415962856,,
EA.5T8.AG25T99.GPIA,BGD,2011,.3655300140380859,,
EA.5T8.AG25T99.GPIA,BGD,2012,.3745700120925903,,
EA.5T8.AG25T99.GPIA,BGD,2013,.3978500068187714,,
EA.5T8.AG25T99.GPIA,BGD,2014,.4747099876403809,,
EA.5T8.AG25T99.GPIA,BGD,2015,.4751699864864349,,
EA.5T8.AG25T99.GPIA,BGD,2016,.4733900129795074,,
EA.5T8.AG25T99.GPIA,BGD,2017,.4918600022792816,,
EA.5T8.AG25T99.GPIA,BGD,2018,.509440004825592,,
EA.5T8.AG25T99.GPIA,BGD,2019,.5163300037384033,,
EA.5T8.AG25T99.GPIA,BGD,2021,.5417500138282776,,
EA.5T8.AG25T99.GPIA,BGD,2022,.483386249067584,,
EA.5T8.AG25T99.GPIA,BGD,2023,.496619730605296,,
EA.5T8.AG25T99.LPIA,BGD,2006,.155653395525024,,
EA.5T8.AG25T99.LPIA,BGD,2010,.22713727430603,,
EA.5T8.AG25T99.LPIA,BGD,2011,.2335100024938583,,
EA.5T8.AG25T99.LPIA,BGD,2012,.2240899950265884,,
EA.5T8.AG25T99.LPIA,BGD,2013,.222900003194809,,
EA.5T8.AG25T99.LPIA,BGD,2014,.2273499965667725,,
EA.5T8.AG25T99.LPIA,BGD,2015,.24617999792099,,
EA.5T8.AG25T99.LPIA,BGD,2016,.2436400055885315,,
EA.5T8.AG25T99.LPIA,BGD,2017,.258870005607605,,
EA.5T8.AG25T99.LPIA,BGD,2018,.2612200081348419,,
EA.5T8.AG25T99.LPIA,BGD,2019,.269679993391037,,
EA.5T8.AG25T99.LPIA,BGD,2021,.2915799915790558,,
EA.5T8.AG25T99.LPIA,BGD,2023,.34946948000602,,
EA.5T8.AG25T99.M,BGD,2006,6.73970189779518,,
EA.5T8.AG25T99.M,BGD,2010,5.10079128399717,,
EA.5T8.AG25T99.M,BGD,2011,8.789030075073242,,
EA.5T8.AG25T99.M,BGD,2012,9.006019592285156,,
EA.5T8.AG25T99.M,BGD,2013,8.171339988708496,,
EA.5T8.AG25T99.M,BGD,2014,8.309860229492188,,
EA.5T8.AG25T99.M,BGD,2015,11.63352966308594,,
EA.5T8.AG25T99.M,BGD,2016,11.98902988433838,,
EA.5T8.AG25T99.M,BGD,2017,12.51644039154053,,
EA.5T8.AG25T99.M,BGD,2018,12.97842025756836,,
EA.5T8.AG25T99.M,BGD,2019,13.4381799697876,,
EA.5T8.AG25T99.M,BGD,2021,13.41652011871338,,
EA.5T8.AG25T99.M,BGD,2022,11.0112832906748,,
EA.5T8.AG25T99.M,BGD,2023,10.8269734051263,,
EA.5T8.AG25T99.M.LPIA,BGD,2006,.184703391665482,,
EA.5T8.AG25T99.M.LPIA,BGD,2010,.255544052600193,,
EA.5T8.AG25T99.M.LPIA,BGD,2011,.2683799862861633,,
EA.5T8.AG25T99.M.LPIA,BGD,2012,.2596000134944916,,
EA.5T8.AG25T99.M.LPIA,BGD,2013,.261599987745285,,
EA.5T8.AG25T99.M.LPIA,BGD,2014,.2609300017356873,,
EA.5T8.AG25T99.M.LPIA,BGD,2015,.2788999974727631,,
EA.5T8.AG25T99.M.LPIA,BGD,2016,.2806800007820129,,
EA.5T8.AG25T99.M.LPIA,BGD,2017,.298770010471344,,
EA.5T8.AG25T99.M.LPIA,BGD,2018,.3001900017261505,,
EA.5T8.AG25T99.M.LPIA,BGD,2019,.3115400075912476,,
EA.5T8.AG25T99.M.LPIA,BGD,2021,.3348099887371063,,
EA.5T8.AG25T99.M.LPIA,BGD,2023,.396012895257135,,
EA.5T8.AG25T99.NATIVE,BGD,2017,5.78445159221281,,
EA.5T8.AG25T99.NATIVE.F,BGD,2017,3.34534229906468,,
EA.5T8.AG25T99.NATIVE.GPIA,BGD,2017,.40519659915826,,
EA.5T8.AG25T99.NATIVE.M,BGD,2017,8.256096684952871,,
EA.5T8.AG25T99.RUR,BGD,2006,1.92383288688824,,
EA.5T8.AG25T99.RUR,BGD,2010,1.7811026372041,,
EA.5T8.AG25T99.RUR,BGD,2011,2.632550001144409,,
EA.5T8.AG25T99.RUR,BGD,2012,2.635309934616089,,
EA.5T8.AG25T99.RUR,BGD,2013,3.173010110855103,,
EA.5T8.AG25T99.RUR,BGD,2014,3.405889987945557,,
EA.5T8.AG25T99.RUR,BGD,2015,3.79463005065918,,
EA.5T8.AG25T99.RUR,BGD,2016,3.660939931869507,,
EA.5T8.AG25T99.RUR,BGD,2017,4.056509971618652,,
EA.5T8.AG25T99.RUR,BGD,2018,4.228509902954102,,
EA.5T8.AG25T99.RUR,BGD,2019,4.522190093994141,,
EA.5T8.AG25T99.RUR,BGD,2021,4.884510040283203,,
EA.5T8.AG25T99.RUR,BGD,2023,5.19277990402839,,
EA.5T8.AG25T99.RUR.F,BGD,2006,.653160263946439,,
EA.5T8.AG25T99.RUR.F,BGD,2010,.556731011150571,,
EA.5T8.AG25T99.RUR.F,BGD,2011,1.071740031242371,,
EA.5T8.AG25T99.RUR.F,BGD,2012,1.073050022125244,,
EA.5T8.AG25T99.RUR.F,BGD,2013,1.452900052070618,,
EA.5T8.AG25T99.RUR.F,BGD,2014,1.896239995956421,,
EA.5T8.AG25T99.RUR.F,BGD,2015,2.011240005493164,,
EA.5T8.AG25T99.RUR.F,BGD,2016,1.879580020904541,,
EA.5T8.AG25T99.RUR.F,BGD,2017,2.146749973297119,,
EA.5T8.AG25T99.RUR.F,BGD,2018,2.346950054168701,,
EA.5T8.AG25T99.RUR.F,BGD,2019,2.512779951095581,,
EA.5T8.AG25T99.RUR.F,BGD,2021,2.881050109863281,,
EA.5T8.AG25T99.RUR.F,BGD,2023,3.03772188168217,,
EA.5T8.AG25T99.RUR.GPIA,BGD,2006,.204860960845579,,
EA.5T8.AG25T99.RUR.GPIA,BGD,2010,.185501112022322,,
EA.5T8.AG25T99.RUR.GPIA,BGD,2011,.2521899938583374,,
EA.5T8.AG25T99.RUR.GPIA,BGD,2012,.2520700097084045,,
EA.5T8.AG25T99.RUR.GPIA,BGD,2013,.2974100112915039,,
EA.5T8.AG25T99.RUR.GPIA,BGD,2014,.3822700083255768,,
EA.5T8.AG25T99.RUR.GPIA,BGD,2015,.3582600057125092,,
EA.5T8.AG25T99.RUR.GPIA,BGD,2016,.3433699905872345,,
EA.5T8.AG25T99.RUR.GPIA,BGD,2017,.3566100001335144,,
EA.5T8.AG25T99.RUR.GPIA,BGD,2018,.3768199980258942,,
EA.5T8.AG25T99.RUR.GPIA,BGD,2019,.3786700069904327,,
EA.5T8.AG25T99.RUR.GPIA,BGD,2021,.410400003194809,,
EA.5T8.AG25T99.RUR.GPIA,BGD,2023,.409875810628886,,
EA.5T8.AG25T99.RUR.M,BGD,2006,3.18831006771846,,
EA.5T8.AG25T99.RUR.M,BGD,2010,3.00122735158362,,
EA.5T8.AG25T99.RUR.M,BGD,2011,4.249760150909424,,
EA.5T8.AG25T99.RUR.M,BGD,2012,4.257009983062744,,
EA.5T8.AG25T99.RUR.M,BGD,2013,4.885119915008545,,
EA.5T8.AG25T99.RUR.M,BGD,2014,4.960400104522705,,
EA.5T8.AG25T99.RUR.M,BGD,2015,5.613840103149414,,
EA.5T8.AG25T99.RUR.M,BGD,2016,5.473889827728271,,
EA.5T8.AG25T99.RUR.M,BGD,2017,6.019969940185547,,
EA.5T8.AG25T99.RUR.M,BGD,2018,6.228330135345459,,
EA.5T8.AG25T99.RUR.M,BGD,2019,6.635869979858398,,
EA.5T8.AG25T99.RUR.M,BGD,2021,7.02016019821167,,
EA.5T8.AG25T99.RUR.M,BGD,2023,7.41132265654148,,
EA.5T8.AG25T99.URB,BGD,2006,12.3597232196515,,
EA.5T8.AG25T99.URB,BGD,2010,7.84152509818515,,
EA.5T8.AG25T99.URB,BGD,2011,11.27398014068604,,
EA.5T8.AG25T99.URB,BGD,2012,11.76029014587402,,
EA.5T8.AG25T99.URB,BGD,2013,14.23495960235596,,
EA.5T8.AG25T99.URB,BGD,2014,14.98087978363037,,
EA.5T8.AG25T99.URB,BGD,2015,15.41390991210938,,
EA.5T8.AG25T99.URB,BGD,2016,15.02589988708496,,
EA.5T8.AG25T99.URB,BGD,2017,15.66977024078369,,
EA.5T8.AG25T99.URB,BGD,2018,16.18762016296387,,
EA.5T8.AG25T99.URB,BGD,2019,16.76865005493164,,
EA.5T8.AG25T99.URB,BGD,2021,16.75184059143066,,
EA.5T8.AG25T99.URB,BGD,2023,14.8590369148657,,
EA.5T8.AG25T99.URB.F,BGD,2006,7.11749081864113,,
EA.5T8.AG25T99.URB.F,BGD,2010,3.60732329595923,,
EA.5T8.AG25T99.URB.F,BGD,2011,6.680490016937256,,
EA.5T8.AG25T99.URB.F,BGD,2012,7.104559898376465,,
EA.5T8.AG25T99.URB.F,BGD,2013,9.435469627380371,,
EA.5T8.AG25T99.URB.F,BGD,2014,10.85111999511719,,
EA.5T8.AG25T99.URB.F,BGD,2015,10.64671993255615,,
EA.5T8.AG25T99.URB.F,BGD,2016,10.33955001831055,,
EA.5T8.AG25T99.URB.F,BGD,2017,11.0988597869873,,
EA.5T8.AG25T99.URB.F,BGD,2018,11.72138023376465,,
EA.5T8.AG25T99.URB.F,BGD,2019,12.27451992034912,,
EA.5T8.AG25T99.URB.F,BGD,2021,12.64579963684082,,
EA.5T8.AG25T99.URB.F,BGD,2023,10.9780694677531,,
EA.5T8.AG25T99.URB.GPIA,BGD,2006,.412326488462172,,
EA.5T8.AG25T99.URB.GPIA,BGD,2010,.307151010603078,,
EA.5T8.AG25T99.URB.GPIA,BGD,2011,.421889990568161,,
EA.5T8.AG25T99.URB.GPIA,BGD,2012,.4332500100135803,,
EA.5T8.AG25T99.URB.GPIA,BGD,2013,.5052700042724609,,
EA.5T8.AG25T99.URB.GPIA,BGD,2014,.5708000063896179,,
EA.5T8.AG25T99.URB.GPIA,BGD,2015,.5289300084114075,,
EA.5T8.AG25T99.URB.GPIA,BGD,2016,.5301700234413147,,
EA.5T8.AG25T99.URB.GPIA,BGD,2017,.5508400201797485,,
EA.5T8.AG25T99.URB.GPIA,BGD,2018,.5649399757385254,,
EA.5T8.AG25T99.URB.GPIA,BGD,2019,.576259970664978,,
EA.5T8.AG25T99.URB.GPIA,BGD,2021,.6031100153923035,,
EA.5T8.AG25T99.URB.GPIA,BGD,2023,.586596654299172,,
EA.5T8.AG25T99.URB.M,BGD,2006,17.2617840905316,,
EA.5T8.AG25T99.URB.M,BGD,2010,11.7444617514896,,
EA.5T8.AG25T99.URB.M,BGD,2011,15.83467960357666,,
EA.5T8.AG25T99.URB.M,BGD,2012,16.39834976196289,,
EA.5T8.AG25T99.URB.M,BGD,2013,18.67394065856934,,
EA.5T8.AG25T99.URB.M,BGD,2014,19.01045989990234,,
EA.5T8.AG25T99.URB.M,BGD,2015,20.12879943847656,,
EA.5T8.AG25T99.URB.M,BGD,2016,19.5023307800293,,
EA.5T8.AG25T99.URB.M,BGD,2017,20.1489200592041,,
EA.5T8.AG25T99.URB.M,BGD,2018,20.74814033508301,,
EA.5T8.AG25T99.URB.M,BGD,2019,21.30047035217285,,
EA.5T8.AG25T99.URB.M,BGD,2021,20.96776962280273,,
EA.5T8.AG25T99.URB.M,BGD,2023,18.7148518275629,,
EA.6T8.AG25T99,BGD,2011,5.693860054016113,,
EA.6T8.AG25T99,BGD,2012,5.870419979095459,,
EA.6T8.AG25T99,BGD,2013,5.502319812774658,,
EA.6T8.AG25T99,BGD,2014,5.852139949798584,,
EA.6T8.AG25T99,BGD,2015,8.237139701843262,,
EA.6T8.AG25T99,BGD,2016,8.509599685668945,,
EA.6T8.AG25T99,BGD,2017,8.976880073547363,,
EA.6T8.AG25T99,BGD,2018,9.361740112304688,,
EA.6T8.AG25T99,BGD,2019,9.760549545288086,,
EA.6T8.AG25T99,BGD,2021,9.787690162658691,,
EA.6T8.AG25T99,BGD,2022,7.5711943437389,,
EA.6T8.AG25T99,BGD,2023,7.50281362321943,,
EA.6T8.AG25T99.F,BGD,2011,3.05580997467041,,
EA.6T8.AG25T99.F,BGD,2012,3.209140062332153,,
EA.6T8.AG25T99.F,BGD,2013,3.115230083465576,,
EA.6T8.AG25T99.F,BGD,2014,3.76830005645752,,
EA.6T8.AG25T99.F,BGD,2015,5.304870128631592,,
EA.6T8.AG25T99.F,BGD,2016,5.450230121612549,,
EA.6T8.AG25T99.F,BGD,2017,5.916200160980225,,
EA.6T8.AG25T99.F,BGD,2018,6.352620124816895,,
EA.6T8.AG25T99.F,BGD,2019,6.671770095825195,,
EA.6T8.AG25T99.F,BGD,2021,6.922830104827881,,
EA.6T8.AG25T99.F,BGD,2022,5.07569651312588,,
EA.6T8.AG25T99.F,BGD,2023,5.10495599801881,,
EA.6T8.AG25T99.F.LPIA,BGD,2011,.1590500026941299,,
EA.6T8.AG25T99.F.LPIA,BGD,2012,.1494500041007996,,
EA.6T8.AG25T99.F.LPIA,BGD,2013,.1520799994468689,,
EA.6T8.AG25T99.F.LPIA,BGD,2014,.1723500043153763,,
EA.6T8.AG25T99.F.LPIA,BGD,2015,.1868000030517578,,
EA.6T8.AG25T99.F.LPIA,BGD,2016,.1798299998044968,,
EA.6T8.AG25T99.F.LPIA,BGD,2017,.191550001502037,,
EA.6T8.AG25T99.F.LPIA,BGD,2018,.1981299966573715,,
EA.6T8.AG25T99.F.LPIA,BGD,2019,.2027300000190735,,
EA.6T8.AG25T99.F.LPIA,BGD,2021,.2261400073766708,,
EA.6T8.AG25T99.F.LPIA,BGD,2023,.279143656111768,,
EA.6T8.AG25T99.GPIA,BGD,2011,.364549994468689,,
EA.6T8.AG25T99.GPIA,BGD,2012,.3736200034618378,,
EA.6T8.AG25T99.GPIA,BGD,2013,.3974399864673615,,
EA.6T8.AG25T99.GPIA,BGD,2014,.4727500081062317,,
EA.6T8.AG25T99.GPIA,BGD,2015,.474049985408783,,
EA.6T8.AG25T99.GPIA,BGD,2016,.4725199937820435,,
EA.6T8.AG25T99.GPIA,BGD,2017,.4907299876213074,,
EA.6T8.AG25T99.GPIA,BGD,2018,.5081400275230408,,
EA.6T8.AG25T99.GPIA,BGD,2019,.5152999758720398,,
EA.6T8.AG25T99.GPIA,BGD,2021,.5412700176239014,,
EA.6T8.AG25T99.GPIA,BGD,2022,.50343132484662,,
EA.6T8.AG25T99.GPIA,BGD,2023,.513314103200684,,
EA.6T8.AG25T99.LPIA,BGD,2011,.2316299974918365,,
EA.6T8.AG25T99.LPIA,BGD,2012,.2221000045537949,,
EA.6T8.AG25T99.LPIA,BGD,2013,.2203799933195114,,
EA.6T8.AG25T99.LPIA,BGD,2014,.2245399951934814,,
EA.6T8.AG25T99.LPIA,BGD,2015,.2435699999332428,,
EA.6T8.AG25T99.LPIA,BGD,2016,.2409899979829788,,
EA.6T8.AG25T99.LPIA,BGD,2017,.2564400136470795,,
EA.6T8.AG25T99.LPIA,BGD,2018,.2585499882698059,,
EA.6T8.AG25T99.LPIA,BGD,2019,.2670800089836121,,
EA.6T8.AG25T99.LPIA,BGD,2021,.2896299958229065,,
EA.6T8.AG25T99.LPIA,BGD,2023,.349157493406605,,
EA.6T8.AG25T99.M,BGD,2011,8.382499694824219,,
EA.6T8.AG25T99.M,BGD,2012,8.589389801025391,,
EA.6T8.AG25T99.M,BGD,2013,7.838220119476318,,
EA.6T8.AG25T99.M,BGD,2014,7.97107982635498,,
EA.6T8.AG25T99.M,BGD,2015,11.19056034088135,,
EA.6T8.AG25T99.M,BGD,2016,11.53439044952393,,
EA.6T8.AG25T99.M,BGD,2017,12.05580997467041,,
EA.6T8.AG25T99.M,BGD,2018,12.50160980224609,,
EA.6T8.AG25T99.M,BGD,2019,12.94727993011475,,
EA.6T8.AG25T99.M,BGD,2021,12.79002952575684,,
EA.6T8.AG25T99.M,BGD,2022,10.0822024030234,,
EA.6T8.AG25T99.M,BGD,2023,9.945092032710001,,
EA.6T8.AG25T99.M.LPIA,BGD,2011,.2661699950695038,,
EA.6T8.AG25T99.M.LPIA,BGD,2012,.2573199868202209,,
EA.6T8.AG25T99.M.LPIA,BGD,2013,.2586599886417389,,
EA.6T8.AG25T99.M.LPIA,BGD,2014,.2577300071716309,,
EA.6T8.AG25T99.M.LPIA,BGD,2015,.2759099900722504,,
EA.6T8.AG25T99.M.LPIA,BGD,2016,.2775300145149231,,
EA.6T8.AG25T99.M.LPIA,BGD,2017,.2958900034427643,,
EA.6T8.AG25T99.M.LPIA,BGD,2018,.2970499992370605,,
EA.6T8.AG25T99.M.LPIA,BGD,2019,.3084399998188019,,
EA.6T8.AG25T99.M.LPIA,BGD,2021,.3326300084590912,,
EA.6T8.AG25T99.M.LPIA,BGD,2023,.395156829537394,,
EA.6T8.AG25T99.NATIVE,BGD,2013,5.50399761354751,,
EA.6T8.AG25T99.NATIVE,BGD,2017,5.13853227817105,,
EA.6T8.AG25T99.NATIVE.F,BGD,2013,3.00763127879586,,
EA.6T8.AG25T99.NATIVE.F,BGD,2017,2.99872382458693,,
EA.6T8.AG25T99.NATIVE.GPIA,BGD,2013,.373077672956479,,
EA.6T8.AG25T99.NATIVE.GPIA,BGD,2017,.410397070241483,,
EA.6T8.AG25T99.NATIVE.M,BGD,2013,8.06167588363485,,
EA.6T8.AG25T99.NATIVE.M,BGD,2017,7.3068840935498,,
EA.6T8.AG25T99.NONNATIVE,BGD,2017,7.335698294575,,
EA.6T8.AG25T99.NONNATIVE.M,BGD,2017,9.88722326838745,,
EA.6T8.AG25T99.NPIA,BGD,2017,1.29951695505645,,
EA.6T8.AG25T99.RUR,BGD,2011,2.494199991226196,,
EA.6T8.AG25T99.RUR,BGD,2012,2.495179891586304,,
EA.6T8.AG25T99.RUR,BGD,2013,3.022850036621094,,
EA.6T8.AG25T99.RUR,BGD,2014,3.2394700050354,,
EA.6T8.AG25T99.RUR,BGD,2015,3.618669986724854,,
EA.6T8.AG25T99.RUR,BGD,2016,3.490240097045898,,
EA.6T8.AG25T99.RUR,BGD,2017,3.876149892807007,,
EA.6T8.AG25T99.RUR,BGD,2018,4.037660121917725,,
EA.6T8.AG25T99.RUR,BGD,2019,4.322020053863525,,
EA.6T8.AG25T99.RUR,BGD,2021,4.631869792938232,,
EA.6T8.AG25T99.RUR,BGD,2023,4.82130173953877,,
EA.6T8.AG25T99.RUR.F,BGD,2011,1.012459993362427,,
EA.6T8.AG25T99.RUR.F,BGD,2012,1.012189984321594,,
EA.6T8.AG25T99.RUR.F,BGD,2013,1.380929946899414,,
EA.6T8.AG25T99.RUR.F,BGD,2014,1.795699954032898,,
EA.6T8.AG25T99.RUR.F,BGD,2015,1.913159966468811,,
EA.6T8.AG25T99.RUR.F,BGD,2016,1.789029955863953,,
EA.6T8.AG25T99.RUR.F,BGD,2017,2.046839952468872,,
EA.6T8.AG25T99.RUR.F,BGD,2018,2.235850095748901,,
EA.6T8.AG25T99.RUR.F,BGD,2019,2.397340059280396,,
EA.6T8.AG25T99.RUR.F,BGD,2021,2.728179931640625,,
EA.6T8.AG25T99.RUR.F,BGD,2023,2.89930575774187,,
EA.6T8.AG25T99.RUR.GPIA,BGD,2011,.2512600123882294,,
EA.6T8.AG25T99.RUR.GPIA,BGD,2012,.2508800029754639,,
EA.6T8.AG25T99.RUR.GPIA,BGD,2013,.2965199947357178,,
EA.6T8.AG25T99.RUR.GPIA,BGD,2014,.3799499869346619,,
EA.6T8.AG25T99.RUR.GPIA,BGD,2015,.3570399880409241,,
EA.6T8.AG25T99.RUR.GPIA,BGD,2016,.3426199853420258,,
EA.6T8.AG25T99.RUR.GPIA,BGD,2017,.3555499911308289,,
EA.6T8.AG25T99.RUR.GPIA,BGD,2018,.3756000101566315,,
EA.6T8.AG25T99.RUR.GPIA,BGD,2019,.3777399957180023,,
EA.6T8.AG25T99.RUR.GPIA,BGD,2021,.4095700085163116,,
EA.6T8.AG25T99.RUR.GPIA,BGD,2023,.426371052516033,,
EA.6T8.AG25T99.RUR.M,BGD,2011,4.02947998046875,,
EA.6T8.AG25T99.RUR.M,BGD,2012,4.034589767456055,,
EA.6T8.AG25T99.RUR.M,BGD,2013,4.657129764556885,,
EA.6T8.AG25T99.RUR.M,BGD,2014,4.72613000869751,,
EA.6T8.AG25T99.RUR.M,BGD,2015,5.358449935913086,,
EA.6T8.AG25T99.RUR.M,BGD,2016,5.221610069274902,,
EA.6T8.AG25T99.RUR.M,BGD,2017,5.756889820098877,,
EA.6T8.AG25T99.RUR.M,BGD,2018,5.952720165252686,,
EA.6T8.AG25T99.RUR.M,BGD,2019,6.346580028533936,,
EA.6T8.AG25T99.RUR.M,BGD,2021,6.661159992218018,,
EA.6T8.AG25T99.RUR.M,BGD,2023,6.79995919195956,,
EA.6T8.AG25T99.URB,BGD,2011,10.76805019378662,,
EA.6T8.AG25T99.URB,BGD,2012,11.23445987701416,,
EA.6T8.AG25T99.URB,BGD,2013,13.71667957305908,,
EA.6T8.AG25T99.URB,BGD,2014,14.42693042755127,,
EA.6T8.AG25T99.URB,BGD,2015,14.85673999786377,,
EA.6T8.AG25T99.URB,BGD,2016,14.48307037353516,,
EA.6T8.AG25T99.URB,BGD,2017,15.11542987823486,,
EA.6T8.AG25T99.URB,BGD,2018,15.6166296005249,,
EA.6T8.AG25T99.URB,BGD,2019,16.18269920349121,,
EA.6T8.AG25T99.URB,BGD,2021,15.99217987060547,,
EA.6T8.AG25T99.URB,BGD,2023,13.8083868471475,,
EA.6T8.AG25T99.URB.F,BGD,2011,6.365630149841309,,
EA.6T8.AG25T99.URB.F,BGD,2012,6.772570133209229,,
EA.6T8.AG25T99.URB.F,BGD,2013,9.080249786376953,,
EA.6T8.AG25T99.URB.F,BGD,2014,10.41878986358643,,
EA.6T8.AG25T99.URB.F,BGD,2015,10.24174976348877,,
EA.6T8.AG25T99.URB.F,BGD,2016,9.948710441589355,,
EA.6T8.AG25T99.URB.F,BGD,2017,10.68575000762939,,
EA.6T8.AG25T99.URB.F,BGD,2018,11.28495025634766,,
EA.6T8.AG25T99.URB.F,BGD,2019,11.82540988922119,,
EA.6T8.AG25T99.URB.F,BGD,2021,12.06398010253906,,
EA.6T8.AG25T99.URB.F,BGD,2023,10.3864289739796,,
EA.6T8.AG25T99.URB.GPIA,BGD,2011,.4204800128936768,,
EA.6T8.AG25T99.URB.GPIA,BGD,2012,.4319399893283844,,
EA.6T8.AG25T99.URB.GPIA,BGD,2013,.5043200254440308,,
EA.6T8.AG25T99.URB.GPIA,BGD,2014,.5681599974632263,,
EA.6T8.AG25T99.URB.GPIA,BGD,2015,.5273500084877014,,
EA.6T8.AG25T99.URB.GPIA,BGD,2016,.5287799835205078,,
EA.6T8.AG25T99.URB.GPIA,BGD,2017,.5492200255393982,,
EA.6T8.AG25T99.URB.GPIA,BGD,2018,.5631300210952759,,
EA.6T8.AG25T99.URB.GPIA,BGD,2019,.5746999979019165,,
EA.6T8.AG25T99.URB.GPIA,BGD,2021,.602429986000061,,
EA.6T8.AG25T99.URB.GPIA,BGD,2023,.603572496203521,,
EA.6T8.AG25T99.URB.M,BGD,2011,15.13903999328613,,
EA.6T8.AG25T99.URB.M,BGD,2012,15.67940998077393,,
EA.6T8.AG25T99.URB.M,BGD,2013,18.00485992431641,,
EA.6T8.AG25T99.URB.M,BGD,2014,18.33785057067871,,
EA.6T8.AG25T99.URB.M,BGD,2015,19.42108917236328,,
EA.6T8.AG25T99.URB.M,BGD,2016,18.8143196105957,,
EA.6T8.AG25T99.URB.M,BGD,2017,19.45619964599609,,
EA.6T8.AG25T99.URB.M,BGD,2018,20.03976058959961,,
EA.6T8.AG25T99.URB.M,BGD,2019,20.57653999328613,,
EA.6T8.AG25T99.URB.M,BGD,2021,20.02548980712891,,
EA.6T8.AG25T99.URB.M,BGD,2023,17.2082542516605,,
EA.7T8.AG25T99,BGD,2011,1.681699991226196,,
EA.7T8.AG25T99,BGD,2012,1.725659966468811,,
EA.7T8.AG25T99,BGD,2013,1.966709971427917,,
EA.7T8.AG25T99,BGD,2014,2.058219909667969,,
EA.7T8.AG25T99,BGD,2015,3.325939893722534,,
EA.7T8.AG25T99,BGD,2016,3.481189966201782,,
EA.7T8.AG25T99,BGD,2017,3.792439937591553,,
EA.7T8.AG25T99,BGD,2018,4.017970085144043,,
EA.7T8.AG25T99,BGD,2019,4.261950016021729,,
EA.7T8.AG25T99,BGD,2021,3.373990058898926,,
EA.7T8.AG25T99,BGD,2022,3.68879850585004,,
EA.7T8.AG25T99,BGD,2023,3.61166141799667,,
EA.7T8.AG25T99.F,BGD,2011,.8473700284957886,,
EA.7T8.AG25T99.F,BGD,2012,.8893799781799316,,
EA.7T8.AG25T99.F,BGD,2013,1.111529946327209,,
EA.7T8.AG25T99.F,BGD,2014,1.228360056877136,,
EA.7T8.AG25T99.F,BGD,2015,2.094460010528564,,
EA.7T8.AG25T99.F,BGD,2016,2.204890012741089,,
EA.7T8.AG25T99.F,BGD,2017,2.441220045089722,,
EA.7T8.AG25T99.F,BGD,2018,2.656440019607544,,
EA.7T8.AG25T99.F,BGD,2019,2.867350101470947,,
EA.7T8.AG25T99.F,BGD,2021,2.33132004737854,,
EA.7T8.AG25T99.F,BGD,2022,2.38308474279666,,
EA.7T8.AG25T99.F,BGD,2023,2.39888783582549,,
EA.7T8.AG25T99.F.LPIA,BGD,2011,.1023299992084503,,
EA.7T8.AG25T99.F.LPIA,BGD,2012,.0869000032544136,,
EA.7T8.AG25T99.F.LPIA,BGD,2013,.1047099977731705,,
EA.7T8.AG25T99.F.LPIA,BGD,2014,.1030799970030785,,
EA.7T8.AG25T99.F.LPIA,BGD,2015,.1230499967932701,,
EA.7T8.AG25T99.F.LPIA,BGD,2016,.1207399964332581,,
EA.7T8.AG25T99.F.LPIA,BGD,2017,.1390199959278107,,
EA.7T8.AG25T99.F.LPIA,BGD,2018,.1390399932861328,,
EA.7T8.AG25T99.F.LPIA,BGD,2019,.1500799953937531,,
EA.7T8.AG25T99.F.LPIA,BGD,2021,.1608799993991852,,
EA.7T8.AG25T99.F.LPIA,BGD,2023,.203844822924818,,
EA.7T8.AG25T99.GPIA,BGD,2011,.3346599936485291,,
EA.7T8.AG25T99.GPIA,BGD,2012,.3447099924087524,,
EA.7T8.AG25T99.GPIA,BGD,2013,.3964700102806091,,
EA.7T8.AG25T99.GPIA,BGD,2014,.4232699871063232,,
EA.7T8.AG25T99.GPIA,BGD,2015,.4586800038814545,,
EA.7T8.AG25T99.GPIA,BGD,2016,.4648700058460236,,
EA.7T8.AG25T99.GPIA,BGD,2017,.4738700091838837,,
EA.7T8.AG25T99.GPIA,BGD,2018,.4884400069713593,,
EA.7T8.AG25T99.GPIA,BGD,2019,.5029799938201904,,
EA.7T8.AG25T99.GPIA,BGD,2021,.5219299793243408,,
EA.7T8.AG25T99.GPIA,BGD,2022,.476366603498946,,
EA.7T8.AG25T99.GPIA,BGD,2023,.49496665806126,,
EA.7T8.AG25T99.LPIA,BGD,2011,.1627299934625626,,
EA.7T8.AG25T99.LPIA,BGD,2012,.1512300074100494,,
EA.7T8.AG25T99.LPIA,BGD,2013,.1606000065803528,,
EA.7T8.AG25T99.LPIA,BGD,2014,.153779998421669,,
EA.7T8.AG25T99.LPIA,BGD,2015,.1718800067901611,,
EA.7T8.AG25T99.LPIA,BGD,2016,.1685899943113327,,
EA.7T8.AG25T99.LPIA,BGD,2017,.192560002207756,,
EA.7T8.AG25T99.LPIA,BGD,2018,.1901299953460693,,
EA.7T8.AG25T99.LPIA,BGD,2019,.2034399956464767,,
EA.7T8.AG25T99.LPIA,BGD,2021,.2161799967288971,,
EA.7T8.AG25T99.LPIA,BGD,2023,.280971867582543,,
EA.7T8.AG25T99.M,BGD,2011,2.532040119171143,,
EA.7T8.AG25T99.M,BGD,2012,2.580080032348633,,
EA.7T8.AG25T99.M,BGD,2013,2.803560018539429,,
EA.7T8.AG25T99.M,BGD,2014,2.902050018310547,,
EA.7T8.AG25T99.M,BGD,2015,4.566299915313721,,
EA.7T8.AG25T99.M,BGD,2016,4.743060111999512,,
EA.7T8.AG25T99.M,BGD,2017,5.15172004699707,,
EA.7T8.AG25T99.M,BGD,2018,5.438650131225586,,
EA.7T8.AG25T99.M,BGD,2019,5.700759887695313,,
EA.7T8.AG25T99.M,BGD,2021,4.466700077056885,,
EA.7T8.AG25T99.M,BGD,2022,5.00262765125165,,
EA.7T8.AG25T99.M,BGD,2023,4.84656450440868,,
EA.7T8.AG25T99.M.LPIA,BGD,2011,.1887499988079071,,
EA.7T8.AG25T99.M.LPIA,BGD,2012,.1796099990606308,,
EA.7T8.AG25T99.M.LPIA,BGD,2013,.191200003027916,,
EA.7T8.AG25T99.M.LPIA,BGD,2014,.1828799992799759,,
EA.7T8.AG25T99.M.LPIA,BGD,2015,.1984699964523315,,
EA.7T8.AG25T99.M.LPIA,BGD,2016,.1962299942970276,,
EA.7T8.AG25T99.M.LPIA,BGD,2017,.2236600071191788,,
EA.7T8.AG25T99.M.LPIA,BGD,2018,.2211000025272369,,
EA.7T8.AG25T99.M.LPIA,BGD,2019,.2365500032901764,,
EA.7T8.AG25T99.M.LPIA,BGD,2021,.2519899904727936,,
EA.7T8.AG25T99.M.LPIA,BGD,2023,.330794017748779,,
EA.7T8.AG25T99.NATIVE,BGD,2013,2.05215397749964,,
EA.7T8.AG25T99.NATIVE,BGD,2017,2.22964694364862,,
EA.7T8.AG25T99.NATIVE.F,BGD,2013,1.09881155753136,,
EA.7T8.AG25T99.NATIVE.F,BGD,2017,1.28751116035526,,
EA.7T8.AG25T99.NATIVE.GPIA,BGD,2013,.362774469207811,,
EA.7T8.AG25T99.NATIVE.GPIA,BGD,2017,.404324627978529,,
EA.7T8.AG25T99.NATIVE.M,BGD,2013,3.02891093723004,,
EA.7T8.AG25T99.NATIVE.M,BGD,2017,3.18435007729391,,
EA.7T8.AG25T99.NONNATIVE,BGD,2017,4.8564946484671,,
EA.7T8.AG25T99.NONNATIVE.F,BGD,2017,5.25560648845699,,
EA.7T8.AG25T99.NONNATIVE.GPIA,BGD,2017,1.17110486987059,,
EA.7T8.AG25T99.NONNATIVE.M,BGD,2017,4.3563466241585,,
EA.7T8.AG25T99.NPIA,BGD,2017,1.54089377111691,,
EA.7T8.AG25T99.RUR,BGD,2011,.5624799728393555,,
EA.7T8.AG25T99.RUR,BGD,2012,.5447800159454346,,
EA.7T8.AG25T99.RUR,BGD,2013,.8891599774360657,,
EA.7T8.AG25T99.RUR,BGD,2014,.9007200002670288,,
EA.7T8.AG25T99.RUR,BGD,2015,1.116080045700073,,
EA.7T8.AG25T99.RUR,BGD,2016,1.070549964904785,,
EA.7T8.AG25T99.RUR,BGD,2017,1.306399941444397,,
EA.7T8.AG25T99.RUR,BGD,2018,1.358100056648254,,
EA.7T8.AG25T99.RUR,BGD,2019,1.524659991264343,,
EA.7T8.AG25T99.RUR,BGD,2021,1.275359988212585,,
EA.7T8.AG25T99.RUR,BGD,2023,2.04793640653506,,
EA.7T8.AG25T99.RUR.F,BGD,2011,.1948699951171875,,
EA.7T8.AG25T99.RUR.F,BGD,2012,.177609995007515,,
EA.7T8.AG25T99.RUR.F,BGD,2013,.3798699975013733,,
EA.7T8.AG25T99.RUR.F,BGD,2014,.4107500016689301,,
EA.7T8.AG25T99.RUR.F,BGD,2015,.5367199778556824,,
EA.7T8.AG25T99.RUR.F,BGD,2016,.5166900157928467,,
EA.7T8.AG25T99.RUR.F,BGD,2017,.6468799710273743,,
EA.7T8.AG25T99.RUR.F,BGD,2018,.6959400177001953,,
EA.7T8.AG25T99.RUR.F,BGD,2019,.8037400245666504,,
EA.7T8.AG25T99.RUR.F,BGD,2021,.6972699761390686,,
EA.7T8.AG25T99.RUR.F,BGD,2023,1.11545690888794,,
EA.7T8.AG25T99.RUR.GPIA,BGD,2011,.2065699994564056,,
EA.7T8.AG25T99.RUR.GPIA,BGD,2012,.1918299943208694,,
EA.7T8.AG25T99.RUR.GPIA,BGD,2013,.2721000015735626,,
EA.7T8.AG25T99.RUR.GPIA,BGD,2014,.2922999858856201,,
EA.7T8.AG25T99.RUR.GPIA,BGD,2015,.3143999874591827,,
EA.7T8.AG25T99.RUR.GPIA,BGD,2016,.3161700069904327,,
EA.7T8.AG25T99.RUR.GPIA,BGD,2017,.3259699940681458,,
EA.7T8.AG25T99.RUR.GPIA,BGD,2018,.3375200033187866,,
EA.7T8.AG25T99.RUR.GPIA,BGD,2019,.3520599901676178,,
EA.7T8.AG25T99.RUR.GPIA,BGD,2021,.3686099946498871,,
EA.7T8.AG25T99.RUR.GPIA,BGD,2023,.370849696360071,,
EA.7T8.AG25T99.RUR.M,BGD,2011,.94336998462677,,
EA.7T8.AG25T99.RUR.M,BGD,2012,.9259099960327148,,
EA.7T8.AG25T99.RUR.M,BGD,2013,1.396090030670166,,
EA.7T8.AG25T99.RUR.M,BGD,2014,1.405240058898926,,
EA.7T8.AG25T99.RUR.M,BGD,2015,1.707090020179749,,
EA.7T8.AG25T99.RUR.M,BGD,2016,1.634230017662048,,
EA.7T8.AG25T99.RUR.M,BGD,2017,1.984480023384094,,
EA.7T8.AG25T99.RUR.M,BGD,2018,2.061889886856079,,
EA.7T8.AG25T99.RUR.M,BGD,2019,2.282979965209961,,
EA.7T8.AG25T99.RUR.M,BGD,2021,1.891600012779236,,
EA.7T8.AG25T99.RUR.M,BGD,2023,3.00784096585832,,
EA.7T8.AG25T99.URB,BGD,2011,3.456629991531372,,
EA.7T8.AG25T99.URB,BGD,2012,3.602360010147095,,
EA.7T8.AG25T99.URB,BGD,2013,5.536570072174072,,
EA.7T8.AG25T99.URB,BGD,2014,5.857140064239502,,
EA.7T8.AG25T99.URB,BGD,2015,6.49330997467041,,
EA.7T8.AG25T99.URB,BGD,2016,6.35004997253418,,
EA.7T8.AG25T99.URB,BGD,2017,6.784299850463867,,
EA.7T8.AG25T99.URB,BGD,2018,7.142849922180176,,
EA.7T8.AG25T99.URB,BGD,2019,7.494309902191162,,
EA.7T8.AG25T99.URB,BGD,2021,5.89946985244751,,
EA.7T8.AG25T99.URB,BGD,2023,7.28875963332317,,
EA.7T8.AG25T99.URB.F,BGD,2011,1.904289960861206,,
EA.7T8.AG25T99.URB.F,BGD,2012,2.043849945068359,,
EA.7T8.AG25T99.URB.F,BGD,2013,3.628020048141479,,
EA.7T8.AG25T99.URB.F,BGD,2014,3.984879970550537,,
EA.7T8.AG25T99.URB.F,BGD,2015,4.361879825592041,,
EA.7T8.AG25T99.URB.F,BGD,2016,4.279170036315918,,
EA.7T8.AG25T99.URB.F,BGD,2017,4.653019905090332,,
EA.7T8.AG25T99.URB.F,BGD,2018,5.005330085754395,,
EA.7T8.AG25T99.URB.F,BGD,2019,5.355430126190186,,
EA.7T8.AG25T99.URB.F,BGD,2021,4.334099769592285,,
EA.7T8.AG25T99.URB.F,BGD,2023,5.4720884881111,,
EA.7T8.AG25T99.URB.GPIA,BGD,2011,.3810200095176697,,
EA.7T8.AG25T99.URB.GPIA,BGD,2012,.396479994058609,,
EA.7T8.AG25T99.URB.GPIA,BGD,2013,.4968700110912323,,
EA.7T8.AG25T99.URB.GPIA,BGD,2014,.5185999870300293,,
EA.7T8.AG25T99.URB.GPIA,BGD,2015,.5071200132369995,,
EA.7T8.AG25T99.URB.GPIA,BGD,2016,.5138199925422668,,
EA.7T8.AG25T99.URB.GPIA,BGD,2017,.5244100093841553,,
EA.7T8.AG25T99.URB.GPIA,BGD,2018,.5367400050163269,,
EA.7T8.AG25T99.URB.GPIA,BGD,2019,.5548999905586243,,
EA.7T8.AG25T99.URB.GPIA,BGD,2021,.5773599743843079,,
EA.7T8.AG25T99.URB.GPIA,BGD,2023,.60180513431586,,
EA.7T8.AG25T99.URB.M,BGD,2011,4.997879981994629,,
EA.7T8.AG25T99.URB.M,BGD,2012,5.154960155487061,,
EA.7T8.AG25T99.URB.M,BGD,2013,7.301770210266113,,
EA.7T8.AG25T99.URB.M,BGD,2014,7.683969974517822,,
EA.7T8.AG25T99.URB.M,BGD,2015,8.601349830627441,,
EA.7T8.AG25T99.URB.M,BGD,2016,8.328169822692871,,
EA.7T8.AG25T99.URB.M,BGD,2017,8.872799873352051,,
EA.7T8.AG25T99.URB.M,BGD,2018,9.325499534606934,,
EA.7T8.AG25T99.URB.M,BGD,2019,9.651120185852051,,
EA.7T8.AG25T99.URB.M,BGD,2021,7.506730079650879,,
EA.7T8.AG25T99.URB.M,BGD,2023,9.092791297521639,,
EA.8.AG25T99,BGD,2011,.0795499980449677,,
EA.8.AG25T99,BGD,2012,.0814500004053116,,
EA.8.AG25T99,BGD,2013,.0916299968957901,,
EA.8.AG25T99,BGD,2014,.0967900007963181,,
EA.8.AG25T99,BGD,2015,.1583700031042099,,
EA.8.AG25T99,BGD,2016,.1659599989652634,,
EA.8.AG25T99,BGD,2017,.179409995675087,,
EA.8.AG25T99,BGD,2018,.1930499970912933,,
EA.8.AG25T99,BGD,2019,.2052499949932098,,
EA.8.AG25T99,BGD,2020,.245279997587204,,
EA.8.AG25T99,BGD,2021,.0239700004458427,,
EA.8.AG25T99,BGD,2022,.0570131561266709,,
EA.8.AG25T99,BGD,2023,.0444302568923854,,
EA.8.AG25T99.F,BGD,2011,.0403899997472763,,
EA.8.AG25T99.F,BGD,2012,.0422899983823299,,
EA.8.AG25T99.F,BGD,2013,.0522600002586842,,
EA.8.AG25T99.F,BGD,2014,.0582600012421608,,
EA.8.AG25T99.F,BGD,2015,.1007499992847443,,
EA.8.AG25T99.F,BGD,2016,.1061900034546852,,
EA.8.AG25T99.F,BGD,2017,.1166900023818016,,
EA.8.AG25T99.F,BGD,2018,.1287399977445602,,
EA.8.AG25T99.F,BGD,2019,.1392199993133545,,
EA.8.AG25T99.F,BGD,2020,.1736900061368942,,
EA.8.AG25T99.F,BGD,2021,.0129899997264147,,
EA.8.AG25T99.F,BGD,2022,.0306824724210726,,
EA.8.AG25T99.F,BGD,2023,.0193741507471431,,
EA.8.AG25T99.F.LPIA,BGD,2011,.1020400002598763,,
EA.8.AG25T99.F.LPIA,BGD,2012,.0871500000357628,,
EA.8.AG25T99.F.LPIA,BGD,2013,.1074799969792366,,
EA.8.AG25T99.F.LPIA,BGD,2014,.1049600020051003,,
EA.8.AG25T99.F.LPIA,BGD,2015,.122189998626709,,
EA.8.AG25T99.F.LPIA,BGD,2016,.1198600009083748,,
EA.8.AG25T99.F.LPIA,BGD,2017,.1325899958610535,,
EA.8.AG25T99.F.LPIA,BGD,2018,.1391800045967102,,
EA.8.AG25T99.F.LPIA,BGD,2019,.1510500013828278,,
EA.8.AG25T99.F.LPIA,BGD,2020,.2438700050115585,,
EA.8.AG25T99.F.LPIA,BGD,2021,.1426700055599213,,
EA.8.AG25T99.GPIA,BGD,2011,.3381200134754181,,
EA.8.AG25T99.GPIA,BGD,2012,.3481700122356415,,
EA.8.AG25T99.GPIA,BGD,2013,.4014599919319153,,
EA.8.AG25T99.GPIA,BGD,2014,.4285300076007843,,
EA.8.AG25T99.GPIA,BGD,2015,.4655700027942657,,
EA.8.AG25T99.GPIA,BGD,2016,.4719099998474121,,
EA.8.AG25T99.GPIA,BGD,2017,.481249988079071,,
EA.8.AG25T99.GPIA,BGD,2018,.4949299991130829,,
EA.8.AG25T99.GPIA,BGD,2019,.5093700289726257,,
EA.8.AG25T99.GPIA,BGD,2020,.5447099804878235,,
EA.8.AG25T99.GPIA,BGD,2021,.3659999966621399,,
EA.8.AG25T99.GPIA,BGD,2022,.367421790493794,,
EA.8.AG25T99.GPIA,BGD,2023,.276984401595718,,
EA.8.AG25T99.LPIA,BGD,2011,.1629000008106232,,
EA.8.AG25T99.LPIA,BGD,2012,.1520200073719025,,
EA.8.AG25T99.LPIA,BGD,2013,.1645900011062622,,
EA.8.AG25T99.LPIA,BGD,2014,.1571999937295914,,
EA.8.AG25T99.LPIA,BGD,2015,.1719599962234497,,
EA.8.AG25T99.LPIA,BGD,2016,.1688199937343597,,
EA.8.AG25T99.LPIA,BGD,2017,.1839800029993057,,
EA.8.AG25T99.LPIA,BGD,2018,.1912200003862381,,
EA.8.AG25T99.LPIA,BGD,2019,.2055100053548813,,
EA.8.AG25T99.LPIA,BGD,2020,.3063699901103973,,
EA.8.AG25T99.LPIA,BGD,2021,.1856299936771393,,
EA.8.AG25T99.LPIA,BGD,2023,.164250732480681,,
EA.8.AG25T99.M,BGD,2011,.1194500029087067,,
EA.8.AG25T99.M,BGD,2012,.121459998190403,,
EA.8.AG25T99.M,BGD,2013,.130170002579689,,
EA.8.AG25T99.M,BGD,2014,.1359499990940094,,
EA.8.AG25T99.M,BGD,2015,.216389998793602,,
EA.8.AG25T99.M,BGD,2016,.2250200062990189,,
EA.8.AG25T99.M,BGD,2017,.2424599975347519,,
EA.8.AG25T99.M,BGD,2018,.2601099908351898,,
EA.8.AG25T99.M,BGD,2019,.2733100056648254,,
EA.8.AG25T99.M,BGD,2020,.3188700079917908,,
EA.8.AG25T99.M,BGD,2021,.0354899987578392,,
EA.8.AG25T99.M,BGD,2022,.0835074925192572,,
EA.8.AG25T99.M,BGD,2023,.0699467213154527,,
EA.8.AG25T99.M.LPIA,BGD,2011,.1893599927425385,,
EA.8.AG25T99.M.LPIA,BGD,2012,.1808999925851822,,
EA.8.AG25T99.M.LPIA,BGD,2013,.1962800025939941,,
EA.8.AG25T99.M.LPIA,BGD,2014,.1875800043344498,,
EA.8.AG25T99.M.LPIA,BGD,2015,.1994400024414063,,
EA.8.AG25T99.M.LPIA,BGD,2016,.1974399983882904,,
EA.8.AG25T99.M.LPIA,BGD,2017,.2141699939966202,,
EA.8.AG25T99.M.LPIA,BGD,2018,.2231599986553192,,
EA.8.AG25T99.M.LPIA,BGD,2019,.2396800071001053,,
EA.8.AG25T99.M.LPIA,BGD,2020,.3490900099277496,,
EA.8.AG25T99.M.LPIA,BGD,2021,.2059700042009354,,
EA.8.AG25T99.NATIVE,BGD,2013,.0377485024787525,,
EA.8.AG25T99.NATIVE,BGD,2017,.0509324739297335,,
EA.8.AG25T99.NATIVE.F,BGD,2013,.0048164329809934,,
EA.8.AG25T99.NATIVE.F,BGD,2017,.0298100424689152,,
EA.8.AG25T99.NATIVE.GPIA,BGD,2013,.0673726879587386,,
EA.8.AG25T99.NATIVE.GPIA,BGD,2017,.41210143845789,,
EA.8.AG25T99.NATIVE.M,BGD,2013,.0714893991455884,,
EA.8.AG25T99.NATIVE.M,BGD,2017,.0723366620132806,,
EA.8.AG25T99.RUR,BGD,2011,.0266299992799759,,
EA.8.AG25T99.RUR,BGD,2012,.0258300006389618,,
EA.8.AG25T99.RUR,BGD,2013,.0421199984848499,,
EA.8.AG25T99.RUR,BGD,2014,.0429700016975403,,
EA.8.AG25T99.RUR,BGD,2015,.0531600005924702,,
EA.8.AG25T99.RUR,BGD,2016,.0510899983346462,,
EA.8.AG25T99.RUR,BGD,2017,.0595499984920025,,
EA.8.AG25T99.RUR,BGD,2018,.0655599981546402,,
EA.8.AG25T99.RUR,BGD,2019,.0740199983119965,,
EA.8.AG25T99.RUR,BGD,2020,.1208100020885468,,
EA.8.AG25T99.RUR,BGD,2021,.0080199996009469,,
EA.8.AG25T99.RUR,BGD,2023,.0176436428741117,,
EA.8.AG25T99.RUR.F,BGD,2011,.0092700002714992,,
EA.8.AG25T99.RUR.F,BGD,2012,.0084699997678399,,
EA.8.AG25T99.RUR.F,BGD,2013,.0182199999690056,,
EA.8.AG25T99.RUR.F,BGD,2014,.0197400003671646,,
EA.8.AG25T99.RUR.F,BGD,2015,.0256600007414818,,
EA.8.AG25T99.RUR.F,BGD,2016,.024720000103116,,
EA.8.AG25T99.RUR.F,BGD,2017,.0296899992972612,,
EA.8.AG25T99.RUR.F,BGD,2018,.0337600000202656,,
EA.8.AG25T99.RUR.F,BGD,2019,.0392399989068508,,
EA.8.AG25T99.RUR.F,BGD,2020,.0725800022482872,,
EA.8.AG25T99.RUR.F,BGD,2021,.0035099999513477,,
EA.8.AG25T99.RUR.GPIA,BGD,2011,.2076800018548965,,
EA.8.AG25T99.RUR.GPIA,BGD,2012,.1931400001049042,,
EA.8.AG25T99.RUR.GPIA,BGD,2013,.276419997215271,,
EA.8.AG25T99.RUR.GPIA,BGD,2014,.2951200008392334,,
EA.8.AG25T99.RUR.GPIA,BGD,2015,.3160400092601776,,
EA.8.AG25T99.RUR.GPIA,BGD,2016,.317330002784729,,
EA.8.AG25T99.RUR.GPIA,BGD,2017,.3290799856185913,,
EA.8.AG25T99.RUR.GPIA,BGD,2018,.3398300111293793,,
EA.8.AG25T99.RUR.GPIA,BGD,2019,.3548200130462646,,
EA.8.AG25T99.RUR.GPIA,BGD,2020,.4233100116252899,,
EA.8.AG25T99.RUR.GPIA,BGD,2021,.2739099860191345,,
EA.8.AG25T99.RUR.M,BGD,2011,.0446199998259544,,
EA.8.AG25T99.RUR.M,BGD,2012,.0438399985432625,,
EA.8.AG25T99.RUR.M,BGD,2013,.065920002758503,,
EA.8.AG25T99.RUR.M,BGD,2014,.066880002617836,,
EA.8.AG25T99.RUR.M,BGD,2015,.0811899974942207,,
EA.8.AG25T99.RUR.M,BGD,2016,.0779099985957146,,
EA.8.AG25T99.RUR.M,BGD,2017,.0902300029993057,,
EA.8.AG25T99.RUR.M,BGD,2018,.0993499979376793,,
EA.8.AG25T99.RUR.M,BGD,2019,.1105799973011017,,
EA.8.AG25T99.RUR.M,BGD,2020,.1714700013399124,,
EA.8.AG25T99.RUR.M,BGD,2021,.0128199998289347,,
EA.8.AG25T99.URB,BGD,2011,.1634899973869324,,
EA.8.AG25T99.URB,BGD,2012,.1698800027370453,,
EA.8.AG25T99.URB,BGD,2013,.2559300065040588,,
EA.8.AG25T99.URB,BGD,2014,.2733500003814697,,
EA.8.AG25T99.URB,BGD,2015,.3091199994087219,,
EA.8.AG25T99.URB,BGD,2016,.3026300072669983,,
EA.8.AG25T99.URB,BGD,2017,.3236500024795532,,
EA.8.AG25T99.URB,BGD,2018,.3428600132465363,,
EA.8.AG25T99.URB,BGD,2019,.3601700067520142,,
EA.8.AG25T99.URB,BGD,2020,.394320011138916,,
EA.8.AG25T99.URB,BGD,2021,.043189998716116,,
EA.8.AG25T99.URB,BGD,2023,.107418960071833,,
EA.8.AG25T99.URB.F,BGD,2011,.0908100008964539,,
EA.8.AG25T99.URB.F,BGD,2012,.0971599966287613,,
EA.8.AG25T99.URB.F,BGD,2013,.1695300042629242,,
EA.8.AG25T99.URB.F,BGD,2014,.1880699992179871,,
EA.8.AG25T99.URB.F,BGD,2015,.2099999934434891,,
EA.8.AG25T99.URB.F,BGD,2016,.2062699943780899,,
EA.8.AG25T99.URB.F,BGD,2017,.2239399999380112,,
EA.8.AG25T99.URB.F,BGD,2018,.2425799965858459,,
EA.8.AG25T99.URB.F,BGD,2019,.2597399950027466,,
EA.8.AG25T99.URB.F,BGD,2020,.2976300120353699,,
EA.8.AG25T99.URB.F,BGD,2021,.0246200002729893,,
EA.8.AG25T99.URB.F,BGD,2023,.0435952896669861,,
EA.8.AG25T99.URB.GPIA,BGD,2011,.3853799998760223,,
EA.8.AG25T99.URB.GPIA,BGD,2012,.4009200036525726,,
EA.8.AG25T99.URB.GPIA,BGD,2013,.5048199892044067,,
EA.8.AG25T99.URB.GPIA,BGD,2014,.5274199843406677,,
EA.8.AG25T99.URB.GPIA,BGD,2015,.5158399939537048,,
EA.8.AG25T99.URB.GPIA,BGD,2016,.5227500200271606,,
EA.8.AG25T99.URB.GPIA,BGD,2017,.5315499901771545,,
EA.8.AG25T99.URB.GPIA,BGD,2018,.5449000000953674,,
EA.8.AG25T99.URB.GPIA,BGD,2019,.5630099773406982,,
EA.8.AG25T99.URB.GPIA,BGD,2020,.6059499979019165,,
EA.8.AG25T99.URB.GPIA,BGD,2021,.3954200148582458,,
EA.8.AG25T99.URB.GPIA,BGD,2023,.255242095380038,,
EA.8.AG25T99.URB.M,BGD,2011,.2356500029563904,,
EA.8.AG25T99.URB.M,BGD,2012,.2423299998044968,,
EA.8.AG25T99.URB.M,BGD,2013,.3358300030231476,,
EA.8.AG25T99.URB.M,BGD,2014,.35657998919487,,
EA.8.AG25T99.URB.M,BGD,2015,.4071100056171417,,
EA.8.AG25T99.URB.M,BGD,2016,.3946000039577484,,
EA.8.AG25T99.URB.M,BGD,2017,.4212900102138519,,
EA.8.AG25T99.URB.M,BGD,2018,.4451799988746643,,
EA.8.AG25T99.URB.M,BGD,2019,.4613400101661682,,
EA.8.AG25T99.URB.M,BGD,2020,.4911800026893616,,
EA.8.AG25T99.URB.M,BGD,2021,.0622599981725216,,
EA.8.AG25T99.URB.M,BGD,2023,.170799764051755,,
EA.S1T8.AG25T99,BGD,1974,17.68047904968262,,
EA.S1T8.AG25T99,BGD,1981,29.55456924438477,,
EA.S1T8.AG25T99,BGD,2011,59.54050827026367,,
EA.S1T8.AG25T99,BGD,2012,60.49467086791992,,
EA.S1T8.AG25T99,BGD,2013,60.53028869628906,,
EA.S1T8.AG25T99,BGD,2014,61.18745040893555,,
EA.S1T8.AG25T99,BGD,2015,66.77240753173828,,
EA.S1T8.AG25T99,BGD,2016,68.27617645263672,,
EA.S1T8.AG25T99,BGD,2017,69.75095367431641,,
EA.S1T8.AG25T99,BGD,2018,70.10373687744141,,
EA.S1T8.AG25T99,BGD,2019,71.21611022949219,,
EA.S1T8.AG25T99,BGD,2020,72.89015960693359,,
EA.S1T8.AG25T99,BGD,2021,71.55254364013672,,
EA.S1T8.AG25T99,BGD,2022,68.44097137451172,,
EA.S1T8.AG25T99,BGD,2023,72.0482612399753,,
EA.S1T8.AG25T99.F,BGD,1974,6.928770065307617,,
EA.S1T8.AG25T99.F,BGD,1981,16.00346946716309,,
EA.S1T8.AG25T99.F,BGD,2011,53.58002853393555,,
EA.S1T8.AG25T99.F,BGD,2012,54.81621170043945,,
EA.S1T8.AG25T99.F,BGD,2013,55.49396133422852,,
EA.S1T8.AG25T99.F,BGD,2014,56.72893142700195,,
EA.S1T8.AG25T99.F,BGD,2015,62.43658065795898,,
EA.S1T8.AG25T99.F,BGD,2016,63.77381134033203,,
EA.S1T8.AG25T99.F,BGD,2017,65.65499114990234,,
EA.S1T8.AG25T99.F,BGD,2018,66.31259155273438,,
EA.S1T8.AG25T99.F,BGD,2019,67.55732727050781,,
EA.S1T8.AG25T99.F,BGD,2020,69.07791900634766,,
EA.S1T8.AG25T99.F,BGD,2021,67.79798126220703,,
EA.S1T8.AG25T99.F,BGD,2022,65.9110107421875,,
EA.S1T8.AG25T99.F,BGD,2023,69.2908949933728,,
EA.S1T8.AG25T99.F.LPIA,BGD,1981,.1807900071144104,,
EA.S1T8.AG25T99.F.LPIA,BGD,2011,.703540027141571,,
EA.S1T8.AG25T99.F.LPIA,BGD,2012,.7064399719238281,,
EA.S1T8.AG25T99.F.LPIA,BGD,2013,.7347800135612488,,
EA.S1T8.AG25T99.F.LPIA,BGD,2014,.7378699779510498,,
EA.S1T8.AG25T99.F.LPIA,BGD,2015,.7385200262069702,,
EA.S1T8.AG25T99.F.LPIA,BGD,2016,.746399998664856,,
EA.S1T8.AG25T99.F.LPIA,BGD,2017,.7620900273323059,,
EA.S1T8.AG25T99.F.LPIA,BGD,2018,.767549991607666,,
EA.S1T8.AG25T99.F.LPIA,BGD,2019,.7770500183105469,,
EA.S1T8.AG25T99.F.LPIA,BGD,2020,.7921500205993652,,
EA.S1T8.AG25T99.F.LPIA,BGD,2021,.7980499863624573,,
EA.S1T8.AG25T99.F.LPIA,BGD,2022,.8420299887657166,,
EA.S1T8.AG25T99.F.LPIA,BGD,2023,.840795489541145,,
EA.S1T8.AG25T99.F.WPIA,BGD,2019,.5165299773216248,,
EA.S1T8.AG25T99.F.WPIA,BGD,2022,.5744500160217285,,
EA.S1T8.AG25T99.GPIA,BGD,1974,.2494300007820129,,
EA.S1T8.AG25T99.GPIA,BGD,1981,.3841400146484375,,
EA.S1T8.AG25T99.GPIA,BGD,2011,.8165799975395203,,
EA.S1T8.AG25T99.GPIA,BGD,2012,.8268399834632874,,
EA.S1T8.AG25T99.GPIA,BGD,2013,.8477699756622314,,
EA.S1T8.AG25T99.GPIA,BGD,2014,.8631799817085266,,
EA.S1T8.AG25T99.GPIA,BGD,2015,.8776599764823914,,
EA.S1T8.AG25T99.GPIA,BGD,2016,.8768900036811829,,
EA.S1T8.AG25T99.GPIA,BGD,2017,.8887699842453003,,
EA.S1T8.AG25T99.GPIA,BGD,2018,.8953899741172791,,
EA.S1T8.AG25T99.GPIA,BGD,2019,.9008700251579285,,
EA.S1T8.AG25T99.GPIA,BGD,2020,.8992999792098999,,
EA.S1T8.AG25T99.GPIA,BGD,2021,.898140013217926,,
EA.S1T8.AG25T99.GPIA,BGD,2022,.9245700240135193,,
EA.S1T8.AG25T99.GPIA,BGD,2023,.92557399460289,,
EA.S1T8.AG25T99.LPIA,BGD,1981,.328000009059906,,
EA.S1T8.AG25T99.LPIA,BGD,2011,.7315199971199036,,
EA.S1T8.AG25T99.LPIA,BGD,2012,.7343000173568726,,
EA.S1T8.AG25T99.LPIA,BGD,2013,.7539200186729431,,
EA.S1T8.AG25T99.LPIA,BGD,2014,.7551599740982056,,
EA.S1T8.AG25T99.LPIA,BGD,2015,.7581599950790405,,
EA.S1T8.AG25T99.LPIA,BGD,2016,.7640399932861328,,
EA.S1T8.AG25T99.LPIA,BGD,2017,.7775099873542786,,
EA.S1T8.AG25T99.LPIA,BGD,2018,.780709981918335,,
EA.S1T8.AG25T99.LPIA,BGD,2019,.7910000085830688,,
EA.S1T8.AG25T99.LPIA,BGD,2020,.80690997838974,,
EA.S1T8.AG25T99.LPIA,BGD,2021,.8113499879837036,,
EA.S1T8.AG25T99.LPIA,BGD,2022,.8394899964332581,,
EA.S1T8.AG25T99.LPIA,BGD,2023,.846815518012625,,
EA.S1T8.AG25T99.M,BGD,1974,27.77887916564941,,
EA.S1T8.AG25T99.M,BGD,1981,41.6604118347168,,
EA.S1T8.AG25T99.M,BGD,2011,65.61531829833984,,
EA.S1T8.AG25T99.M,BGD,2012,66.29622650146484,,
EA.S1T8.AG25T99.M,BGD,2013,65.4586181640625,,
EA.S1T8.AG25T99.M,BGD,2014,65.72109985351563,,
EA.S1T8.AG25T99.M,BGD,2015,71.13951110839844,,
EA.S1T8.AG25T99.M,BGD,2016,72.72765350341797,,
EA.S1T8.AG25T99.M,BGD,2017,73.871337890625,,
EA.S1T8.AG25T99.M,BGD,2018,74.05960845947266,,
EA.S1T8.AG25T99.M,BGD,2019,74.99092102050781,,
EA.S1T8.AG25T99.M,BGD,2020,76.81281280517578,,
EA.S1T8.AG25T99.M,BGD,2021,75.48728942871094,,
EA.S1T8.AG25T99.M,BGD,2022,71.28848266601563,,
EA.S1T8.AG25T99.M,BGD,2023,74.8626208141267,,
EA.S1T8.AG25T99.M.LPIA,BGD,1981,.4183500111103058,,
EA.S1T8.AG25T99.M.LPIA,BGD,2011,.7585999965667725,,
EA.S1T8.AG25T99.M.LPIA,BGD,2012,.7613800168037415,,
EA.S1T8.AG25T99.M.LPIA,BGD,2013,.7739599943161011,,
EA.S1T8.AG25T99.M.LPIA,BGD,2014,.7732599973678589,,
EA.S1T8.AG25T99.M.LPIA,BGD,2015,.777400016784668,,
EA.S1T8.AG25T99.M.LPIA,BGD,2016,.7826399803161621,,
EA.S1T8.AG25T99.M.LPIA,BGD,2017,.7936400175094604,,
EA.S1T8.AG25T99.M.LPIA,BGD,2018,.7948799729347229,,
EA.S1T8.AG25T99.M.LPIA,BGD,2019,.805869996547699,,
EA.S1T8.AG25T99.M.LPIA,BGD,2020,.8227499723434448,,
EA.S1T8.AG25T99.M.LPIA,BGD,2021,.8256499767303467,,
EA.S1T8.AG25T99.M.LPIA,BGD,2022,.8380500078201294,,
EA.S1T8.AG25T99.M.LPIA,BGD,2023,.853520621063466,,
EA.S1T8.AG25T99.M.WPIA,BGD,2019,.5392900109291077,,
EA.S1T8.AG25T99.M.WPIA,BGD,2022,.5603399872779846,,
EA.S1T8.AG25T99.Q1,BGD,2019,45.73395156860352,,
EA.S1T8.AG25T99.Q1,BGD,2022,49.07580184936523,,
EA.S1T8.AG25T99.Q1.F,BGD,2019,42.81563186645508,,
EA.S1T8.AG25T99.Q1.F,BGD,2022,47.61721038818359,,
EA.S1T8.AG25T99.Q1.GPIA,BGD,2019,.8768699765205383,,
EA.S1T8.AG25T99.Q1.GPIA,BGD,2022,.9387099742889404,,
EA.S1T8.AG25T99.Q1.M,BGD,2019,48.82759857177734,,
EA.S1T8.AG25T99.Q1.M,BGD,2022,50.72628021240234,,
EA.S1T8.AG25T99.Q5,BGD,2019,86.64866638183594,,
EA.S1T8.AG25T99.Q5,BGD,2022,86.46153259277344,,
EA.S1T8.AG25T99.Q5.F,BGD,2019,82.89096069335938,,
EA.S1T8.AG25T99.Q5.F,BGD,2022,82.8922119140625,,
EA.S1T8.AG25T99.Q5.GPIA,BGD,2019,.9155200123786926,,
EA.S1T8.AG25T99.Q5.GPIA,BGD,2022,.9156500101089478,,
EA.S1T8.AG25T99.Q5.M,BGD,2019,90.53993225097656,,
EA.S1T8.AG25T99.Q5.M,BGD,2022,90.52845001220703,,
EA.S1T8.AG25T99.RUR,BGD,1981,26.06023979187012,,
EA.S1T8.AG25T99.RUR,BGD,2011,52.14028167724609,,
EA.S1T8.AG25T99.RUR,BGD,2012,53.07723999023438,,
EA.S1T8.AG25T99.RUR,BGD,2013,56.27159118652344,,
EA.S1T8.AG25T99.RUR,BGD,2014,56.88050842285156,,
EA.S1T8.AG25T99.RUR,BGD,2015,59.03353881835938,,
EA.S1T8.AG25T99.RUR,BGD,2016,59.83808898925781,,
EA.S1T8.AG25T99.RUR,BGD,2017,61.73363876342773,,
EA.S1T8.AG25T99.RUR,BGD,2018,62.08528137207031,,
EA.S1T8.AG25T99.RUR,BGD,2019,63.52032852172852,,
EA.S1T8.AG25T99.RUR,BGD,2020,65.73268127441406,,
EA.S1T8.AG25T99.RUR,BGD,2021,64.72265625,,
EA.S1T8.AG25T99.RUR,BGD,2022,64.92903900146484,,
EA.S1T8.AG25T99.RUR,BGD,2023,68.35865238141371,,
EA.S1T8.AG25T99.RUR.F,BGD,1981,13.73462009429932,,
EA.S1T8.AG25T99.RUR.F,BGD,2011,46.15591812133789,,
EA.S1T8.AG25T99.RUR.F,BGD,2012,47.31707000732422,,
EA.S1T8.AG25T99.RUR.F,BGD,2013,51.3212890625,,
EA.S1T8.AG25T99.RUR.F,BGD,2014,52.46517944335938,,
EA.S1T8.AG25T99.RUR.F,BGD,2015,54.56845092773438,,
EA.S1T8.AG25T99.RUR.F,BGD,2016,55.33740997314453,,
EA.S1T8.AG25T99.RUR.F,BGD,2017,57.600830078125,,
EA.S1T8.AG25T99.RUR.F,BGD,2018,58.28279113769531,,
EA.S1T8.AG25T99.RUR.F,BGD,2019,59.78108978271484,,
EA.S1T8.AG25T99.RUR.F,BGD,2020,61.79399108886719,,
EA.S1T8.AG25T99.RUR.F,BGD,2021,60.87651824951172,,
EA.S1T8.AG25T99.RUR.F,BGD,2022,62.62746810913086,,
EA.S1T8.AG25T99.RUR.F,BGD,2023,65.62998569408229,,
EA.S1T8.AG25T99.RUR.GPIA,BGD,1981,.3639900088310242,,
EA.S1T8.AG25T99.RUR.GPIA,BGD,2011,.7911400198936462,,
EA.S1T8.AG25T99.RUR.GPIA,BGD,2012,.8012199997901917,,
EA.S1T8.AG25T99.RUR.GPIA,BGD,2013,.8385999798774719,,
EA.S1T8.AG25T99.RUR.GPIA,BGD,2014,.8541100025177002,,
EA.S1T8.AG25T99.RUR.GPIA,BGD,2015,.8581500053405762,,
EA.S1T8.AG25T99.RUR.GPIA,BGD,2016,.85903000831604,,
EA.S1T8.AG25T99.RUR.GPIA,BGD,2017,.8729699850082397,,
EA.S1T8.AG25T99.RUR.GPIA,BGD,2018,.881380021572113,,
EA.S1T8.AG25T99.RUR.GPIA,BGD,2019,.8862500190734863,,
EA.S1T8.AG25T99.RUR.GPIA,BGD,2020,.8843700289726257,,
EA.S1T8.AG25T99.RUR.GPIA,BGD,2021,.8845400214195251,,
EA.S1T8.AG25T99.RUR.GPIA,BGD,2022,.9271799921989441,,
EA.S1T8.AG25T99.RUR.GPIA,BGD,2023,.922135407452638,,
EA.S1T8.AG25T99.RUR.M,BGD,1981,37.73315048217773,,
EA.S1T8.AG25T99.RUR.M,BGD,2011,58.34086990356445,,
EA.S1T8.AG25T99.RUR.M,BGD,2012,59.05656814575195,,
EA.S1T8.AG25T99.RUR.M,BGD,2013,61.19884872436523,,
EA.S1T8.AG25T99.RUR.M,BGD,2014,61.42702865600586,,
EA.S1T8.AG25T99.RUR.M,BGD,2015,63.58834838867188,,
EA.S1T8.AG25T99.RUR.M,BGD,2016,64.41857147216797,,
EA.S1T8.AG25T99.RUR.M,BGD,2017,65.98267364501953,,
EA.S1T8.AG25T99.RUR.M,BGD,2018,66.12677001953125,,
EA.S1T8.AG25T99.RUR.M,BGD,2019,67.45361328125,,
EA.S1T8.AG25T99.RUR.M,BGD,2020,69.87355804443359,,
EA.S1T8.AG25T99.RUR.M,BGD,2021,68.82256317138672,,
EA.S1T8.AG25T99.RUR.M,BGD,2022,67.54586791992188,,
EA.S1T8.AG25T99.RUR.M,BGD,2023,71.1717445872537,,
EA.S1T8.AG25T99.URB,BGD,1981,47.99039077758789,,
EA.S1T8.AG25T99.URB,BGD,2011,71.27619934082031,,
EA.S1T8.AG25T99.URB,BGD,2012,72.28269195556641,,
EA.S1T8.AG25T99.URB,BGD,2013,74.63915252685547,,
EA.S1T8.AG25T99.URB,BGD,2014,75.32285308837891,,
EA.S1T8.AG25T99.URB,BGD,2015,77.86446380615234,,
EA.S1T8.AG25T99.URB,BGD,2016,78.31820678710938,,
EA.S1T8.AG25T99.URB,BGD,2017,79.39949035644531,,
EA.S1T8.AG25T99.URB,BGD,2018,79.5240478515625,,
EA.S1T8.AG25T99.URB,BGD,2019,80.30377197265625,,
EA.S1T8.AG25T99.URB,BGD,2020,81.46248626708984,,
EA.S1T8.AG25T99.URB,BGD,2021,79.77159118652344,,
EA.S1T8.AG25T99.URB,BGD,2022,77.3436279296875,,
EA.S1T8.AG25T99.URB,BGD,2023,80.7243737595212,,
EA.S1T8.AG25T99.URB.F,BGD,1981,30.74415969848633,,
EA.S1T8.AG25T99.URB.F,BGD,2011,65.60556030273438,,
EA.S1T8.AG25T99.URB.F,BGD,2012,66.97972106933594,,
EA.S1T8.AG25T99.URB.F,BGD,2013,69.84555816650391,,
EA.S1T8.AG25T99.URB.F,BGD,2014,71.10386657714844,,
EA.S1T8.AG25T99.URB.F,BGD,2015,73.88923645019531,,
EA.S1T8.AG25T99.URB.F,BGD,2016,74.1395263671875,,
EA.S1T8.AG25T99.URB.F,BGD,2017,75.58290863037109,,
EA.S1T8.AG25T99.URB.F,BGD,2018,75.93315887451172,,
EA.S1T8.AG25T99.URB.F,BGD,2019,76.93308258056641,,
EA.S1T8.AG25T99.URB.F,BGD,2020,78.00753021240234,,
EA.S1T8.AG25T99.URB.F,BGD,2021,76.28122711181641,,
EA.S1T8.AG25T99.URB.F,BGD,2022,74.37660980224609,,
EA.S1T8.AG25T99.URB.F,BGD,2023,78.057014470783,,
EA.S1T8.AG25T99.URB.GPIA,BGD,1981,.5188900232315063,,
EA.S1T8.AG25T99.URB.GPIA,BGD,2011,.8530600070953369,,
EA.S1T8.AG25T99.URB.GPIA,BGD,2012,.8635200262069702,,
EA.S1T8.AG25T99.URB.GPIA,BGD,2013,.8833100199699402,,
EA.S1T8.AG25T99.URB.GPIA,BGD,2014,.8950700163841248,,
EA.S1T8.AG25T99.URB.GPIA,BGD,2015,.9033300280570984,,
EA.S1T8.AG25T99.URB.GPIA,BGD,2016,.9007400274276733,,
EA.S1T8.AG25T99.URB.GPIA,BGD,2017,.9091100096702576,,
EA.S1T8.AG25T99.URB.GPIA,BGD,2018,.9127600193023682,,
EA.S1T8.AG25T99.URB.GPIA,BGD,2019,.9191200137138367,,
EA.S1T8.AG25T99.URB.GPIA,BGD,2020,.9185199737548828,,
EA.S1T8.AG25T99.URB.GPIA,BGD,2021,.9151300191879272,,
EA.S1T8.AG25T99.URB.GPIA,BGD,2022,.9228000044822693,,
EA.S1T8.AG25T99.URB.GPIA,BGD,2023,.936091588815632,,
EA.S1T8.AG25T99.URB.M,BGD,1981,59.24971008300781,,
EA.S1T8.AG25T99.URB.M,BGD,2011,76.90635681152344,,
EA.S1T8.AG25T99.URB.M,BGD,2012,77.56552124023438,,
EA.S1T8.AG25T99.URB.M,BGD,2013,79.07269287109375,,
EA.S1T8.AG25T99.URB.M,BGD,2014,79.43949127197266,,
EA.S1T8.AG25T99.URB.M,BGD,2015,81.79605102539063,,
EA.S1T8.AG25T99.URB.M,BGD,2016,82.30972290039063,,
EA.S1T8.AG25T99.URB.M,BGD,2017,83.13945770263672,,
EA.S1T8.AG25T99.URB.M,BGD,2018,83.19075775146484,,
EA.S1T8.AG25T99.URB.M,BGD,2019,83.70272827148438,,
EA.S1T8.AG25T99.URB.M,BGD,2020,84.92710876464844,,
EA.S1T8.AG25T99.URB.M,BGD,2021,83.3553466796875,,
EA.S1T8.AG25T99.URB.M,BGD,2022,80.59848022460938,,
EA.S1T8.AG25T99.URB.M,BGD,2023,83.3860867925784,,
EA.S1T8.AG25T99.WPIA,BGD,2019,.5278099775314331,,
EA.S1T8.AG25T99.WPIA,BGD,2022,.5676000118255615,,
EV1524P.2T5.V,BGD,1976,.1318800002336502,,
EV1524P.2T5.V,BGD,1977,.1680999994277954,,
EV1524P.2T5.V,BGD,1981,.1613399982452393,,
EV1524P.2T5.V,BGD,1983,.1655099987983704,,
EV1524P.2T5.V,BGD,1987,.1775300055742264,,
EV1524P.2T5.V,BGD,1998,.2491900026798248,,
EV1524P.2T5.V,BGD,1999,.2514699995517731,,
EV1524P.2T5.V,BGD,2000,.2938199937343597,,
EV1524P.2T5.V,BGD,2001,.2823100090026855,,
EV1524P.2T5.V,BGD,2002,.2827500104904175,,
EV1524P.2T5.V,BGD,2003,.2819100022315979,,
EV1524P.2T5.V,BGD,2004,.364410012960434,,
EV1524P.2T5.V,BGD,2005,.4113200008869171,,
EV1524P.2T5.V,BGD,2006,.4620999991893768,,
EV1524P.2T5.V,BGD,2007,.5625,,
EV1524P.2T5.V,BGD,2008,.7619600296020508,,
EV1524P.2T5.V,BGD,2009,.8116599917411804,,
EV1524P.2T5.V,BGD,2010,.8214300274848938,,
EV1524P.2T5.V,BGD,2011,.8011800050735474,,
EV1524P.2T5.V,BGD,2012,.937250018119812,,
EV1524P.2T5.V,BGD,2013,.9308900237083435,,UIS_EST
EV1524P.2T5.V,BGD,2015,1.849779963493347,,
EV1524P.2T5.V,BGD,2016,1.859130024909973,,
EV1524P.2T5.V,BGD,2017,1.274539947509766,,
EV1524P.2T5.V,BGD,2018,2.33597993850708,,
EV1524P.2T5.V,BGD,2019,2.859068189161601,,
EV1524P.2T5.V,BGD,2020,3.107555695647946,,
EV1524P.2T5.V,BGD,2021,3.241327912742421,,
EV1524P.2T5.V,BGD,2022,4.733549126830719,,
EV1524P.2T5.V,BGD,2023,4.201404011849706,,
EV1524P.2T5.V,BGD,2024,3.666808066156716,,
EV1524P.2T5.V.F,BGD,1977,.0274199992418289,,
EV1524P.2T5.V.F,BGD,1981,.0225300006568432,,
EV1524P.2T5.V.F,BGD,1998,.1014299988746643,,
EV1524P.2T5.V.F,BGD,1999,.1035000011324883,,
EV1524P.2T5.V.F,BGD,2000,.1294299960136414,,
EV1524P.2T5.V.F,BGD,2001,.1182200014591217,,
EV1524P.2T5.V.F,BGD,2002,.1228500008583069,,
EV1524P.2T5.V.F,BGD,2003,.1263400018215179,,
EV1524P.2T5.V.F,BGD,2004,.1729799956083298,,
EV1524P.2T5.V.F,BGD,2005,.2138800024986267,,
EV1524P.2T5.V.F,BGD,2006,.2520799934864044,,
EV1524P.2T5.V.F,BGD,2007,.3235499858856201,,
EV1524P.2T5.V.F,BGD,2008,.4384900033473969,,
EV1524P.2T5.V.F,BGD,2009,.4643299877643585,,
EV1524P.2T5.V.F,BGD,2010,.3891200125217438,,
EV1524P.2T5.V.F,BGD,2011,.5045199990272522,,
EV1524P.2T5.V.F,BGD,2012,.5982999801635742,,
EV1524P.2T5.V.F,BGD,2013,.5939499735832214,,UIS_EST
EV1524P.2T5.V.F,BGD,2015,1.00643002986908,,
EV1524P.2T5.V.F,BGD,2016,1.017770051956177,,
EV1524P.2T5.V.F,BGD,2017,.6664000153541565,,
EV1524P.2T5.V.F,BGD,2018,1.276800036430359,,
EV1524P.2T5.V.F,BGD,2019,1.369276603095105,,
EV1524P.2T5.V.F,BGD,2020,1.609246092227504,,
EV1524P.2T5.V.F,BGD,2021,1.652660790016423,,
EV1524P.2T5.V.F,BGD,2022,2.708228393317416,,
EV1524P.2T5.V.F,BGD,2023,2.490270463374699,,
EV1524P.2T5.V.F,BGD,2024,2.206909109445461,,
EV1524P.2T5.V.GPIA,BGD,1977,.090049996972084,,
EV1524P.2T5.V.GPIA,BGD,1981,.0755300000309944,,
EV1524P.2T5.V.GPIA,BGD,1998,.2561100125312805,,
EV1524P.2T5.V.GPIA,BGD,1999,.2596000134944916,,
EV1524P.2T5.V.GPIA,BGD,2000,.2828600108623505,,
EV1524P.2T5.V.GPIA,BGD,2001,.2646600008010864,,
EV1524P.2T5.V.GPIA,BGD,2002,.2773999869823456,,
EV1524P.2T5.V.GPIA,BGD,2003,.2887699902057648,,
EV1524P.2T5.V.GPIA,BGD,2004,.3113299906253815,,
EV1524P.2T5.V.GPIA,BGD,2005,.351610004901886,,
EV1524P.2T5.V.GPIA,BGD,2006,.3754499852657318,,
EV1524P.2T5.V.GPIA,BGD,2007,.4042499959468842,,
EV1524P.2T5.V.GPIA,BGD,2008,.4046300053596497,,
EV1524P.2T5.V.GPIA,BGD,2009,.4013600051403046,,
EV1524P.2T5.V.GPIA,BGD,2010,.3110600113868713,,
EV1524P.2T5.V.GPIA,BGD,2011,.4603700041770935,,
EV1524P.2T5.V.GPIA,BGD,2012,.4697000086307526,,
EV1524P.2T5.V.GPIA,BGD,2013,.4694100022315979,,UIS_EST
EV1524P.2T5.V.GPIA,BGD,2015,.3745900094509125,,
EV1524P.2T5.V.GPIA,BGD,2016,.3777399957180023,,
EV1524P.2T5.V.GPIA,BGD,2017,.3547900021076202,,
EV1524P.2T5.V.GPIA,BGD,2018,.3733800053596497,,
EV1524P.2T5.V.GPIA,BGD,2019,.3090819710789275,,
EV1524P.2T5.V.GPIA,BGD,2020,.3400877657678446,,
EV1524P.2T5.V.GPIA,BGD,2021,.3304255979843473,,
EV1524P.2T5.V.GPIA,BGD,2022,.3864673603556145,,
EV1524P.2T5.V.GPIA,BGD,2023,.409336721612978,,
EV1524P.2T5.V.GPIA,BGD,2024,.421548246517674,,
EV1524P.2T5.V.M,BGD,1977,.3045099973678589,,
EV1524P.2T5.V.M,BGD,1981,.298229992389679,,
EV1524P.2T5.V.M,BGD,1998,.3960199952125549,,
EV1524P.2T5.V.M,BGD,1999,.3986800014972687,,
EV1524P.2T5.V.M,BGD,2000,.4575600028038025,,
EV1524P.2T5.V.M,BGD,2001,.4467099905014038,,
EV1524P.2T5.V.M,BGD,2002,.4428600072860718,,
EV1524P.2T5.V.M,BGD,2003,.4375100135803223,,
EV1524P.2T5.V.M,BGD,2004,.555620014667511,,
EV1524P.2T5.V.M,BGD,2005,.6082900166511536,,
EV1524P.2T5.V.M,BGD,2006,.6714100241661072,,
EV1524P.2T5.V.M,BGD,2007,.8003699779510498,,
EV1524P.2T5.V.M,BGD,2008,1.083680033683777,,
EV1524P.2T5.V.M,BGD,2009,1.156890034675598,,
EV1524P.2T5.V.M,BGD,2010,1.250959992408752,,
EV1524P.2T5.V.M,BGD,2011,1.095900058746338,,
EV1524P.2T5.V.M,BGD,2012,1.273779988288879,,
EV1524P.2T5.V.M,BGD,2013,1.265310049057007,,UIS_EST
EV1524P.2T5.V.M,BGD,2015,2.686779975891113,,
EV1524P.2T5.V.M,BGD,2016,2.694370031356812,,
EV1524P.2T5.V.M,BGD,2017,1.878299951553345,,
EV1524P.2T5.V.M,BGD,2018,3.419569969177246,,
EV1524P.2T5.V.M,BGD,2019,4.430140646234734,,
EV1524P.2T5.V.M,BGD,2020,4.731855286220526,,
EV1524P.2T5.V.M,BGD,2021,5.001612466158603,,
EV1524P.2T5.V.M,BGD,2022,7.007651023427679,,
EV1524P.2T5.V.M,BGD,2023,6.083672272455473,,
EV1524P.2T5.V.M,BGD,2024,5.235246801940932,,
FHLANGILP.PRIMARY,BGD,2019,98.99015045166016,,UIS_EST
GCS.CURRICULA,BGD,2020,66.14599609375,,
GCS.NATLEDUPOL,BGD,2020,81.25,,
GCS.STUDENTASSESSMENT,BGD,2020,83.33300018310547,,
GCS.TEACHEDU,BGD,2020,82.5,,
GER.5T8,BGD,1970,1.999369978904724,,
GER.5T8,BGD,1972,2.14808988571167,,
GER.5T8,BGD,1973,2.139849901199341,,
GER.5T8,BGD,1974,2.678750038146973,,
GER.5T8,BGD,1976,2.151170015335083,,
GER.5T8,BGD,1977,2.39165997505188,,
GER.5T8,BGD,1978,1.977370023727417,,
GER.5T8,BGD,1979,2.905390024185181,,
GER.5T8,BGD,1980,2.932199954986572,,
GER.5T8,BGD,1981,2.924740076065063,,
GER.5T8,BGD,1982,3.590859889984131,,
GER.5T8,BGD,1983,4.553279876708984,,
GER.5T8,BGD,1984,5.038010120391846,,
GER.5T8,BGD,1985,5.207550048828125,,
GER.5T8,BGD,1986,5.140639781951904,,
GER.5T8,BGD,1987,4.479259967803955,,
GER.5T8,BGD,1988,3.86227011680603,,
GER.5T8,BGD,1989,3.817950010299683,,
GER.5T8,BGD,1990,4.360000133514404,,
GER.5T8,BGD,1999,5.28646993637085,,
GER.5T8,BGD,2000,5.251659870147705,,
GER.5T8,BGD,2001,6.172440052032471,,
GER.5T8,BGD,2002,5.915599822998047,,
GER.5T8,BGD,2003,5.991280078887939,,
GER.5T8,BGD,2004,5.556670188903809,,
GER.5T8,BGD,2005,6.13484001159668,,
GER.5T8,BGD,2006,7.070400238037109,,
GER.5T8,BGD,2007,7.663050174713135,,
GER.5T8,BGD,2008,8.622659683227539,,
GER.5T8,BGD,2009,10.49392986297607,,
GER.5T8,BGD,2011,13.26632453483672,,
GER.5T8,BGD,2012,13.42115986495287,,
GER.5T8,BGD,2013,13.49005780637041,,
GER.5T8,BGD,2014,13.57773927035591,,
GER.5T8,BGD,2015,15.57399261809017,,
GER.5T8,BGD,2016,17.39852074110417,,
GER.5T8,BGD,2017,18.51756043998343,,
GER.5T8,BGD,2018,19.57104924537793,,
GER.5T8,BGD,2019,22.70946424734051,,
GER.5T8,BGD,2020,22.69230195645006,,
GER.5T8,BGD,2021,23.9006822335243,,
GER.5T8,BGD,2022,23.50050598886535,,
GER.5T8,BGD,2023,24.20034427086211,,
GER.5T8,BGD,2024,23.72956080098144,,
GER.5T8.F,BGD,1970,.4000200033187866,,
GER.5T8.F,BGD,1972,.4703400135040283,,
GER.5T8.F,BGD,1974,.5583299994468689,,
GER.5T8.F,BGD,1976,.5477799773216248,,
GER.5T8.F,BGD,1977,.6628299951553345,,
GER.5T8.F,BGD,1978,.5533400177955627,,
GER.5T8.F,BGD,1979,.8124499917030334,,
GER.5T8.F,BGD,1980,.8194800019264221,,
GER.5T8.F,BGD,1981,.8160799741744995,,
GER.5T8.F,BGD,1982,1.532359957695007,,
GER.5T8.F,BGD,1983,1.680269956588745,,
GER.5T8.F,BGD,1984,1.820629954338074,,
GER.5T8.F,BGD,1985,2.001410007476807,,
GER.5T8.F,BGD,1986,1.984220027923584,,
GER.5T8.F,BGD,1987,1.636559963226318,,
GER.5T8.F,BGD,1988,1.222830057144165,,
GER.5T8.F,BGD,1989,1.217210054397583,,
GER.5T8.F,BGD,1990,1.386409997940063,,
GER.5T8.F,BGD,1999,3.417350053787231,,
GER.5T8.F,BGD,2000,3.396899938583374,,
GER.5T8.F,BGD,2001,4.165939807891846,,
GER.5T8.F,BGD,2002,3.775700092315674,,
GER.5T8.F,BGD,2003,3.82463002204895,,
GER.5T8.F,BGD,2004,3.495399951934814,,
GER.5T8.F,BGD,2005,4.095540046691895,,
GER.5T8.F,BGD,2006,4.922510147094727,,
GER.5T8.F,BGD,2007,5.355380058288574,,
GER.5T8.F,BGD,2008,6.075650215148926,,
GER.5T8.F,BGD,2009,7.791699886322021,,
GER.5T8.F,BGD,2011,10.77724493435794,,
GER.5T8.F,BGD,2012,11.15529424405162,,
GER.5T8.F,BGD,2013,11.25856122577987,,
GER.5T8.F,BGD,2014,11.37084543242754,,
GER.5T8.F,BGD,2015,12.78056035448164,,
GER.5T8.F,BGD,2016,14.05723757865136,,
GER.5T8.F,BGD,2017,15.00245722313235,,
GER.5T8.F,BGD,2018,15.64170204918429,,
GER.5T8.F,BGD,2019,18.00533330155202,,
GER.5T8.F,BGD,2020,18.9795942258367,,
GER.5T8.F,BGD,2021,19.98234039895076,,
GER.5T8.F,BGD,2022,19.73582880212831,,
GER.5T8.F,BGD,2023,20.80521720804436,,
GER.5T8.F,BGD,2024,20.7920488284509,,
GER.5T8.GPIA,BGD,1970,.1137700006365776,,
GER.5T8.GPIA,BGD,1972,.1243100017309189,,
GER.5T8.GPIA,BGD,1974,.1182100027799606,,
GER.5T8.GPIA,BGD,1976,.1481499969959259,,
GER.5T8.GPIA,BGD,1977,.1629099994897842,,
GER.5T8.GPIA,BGD,1978,.1643200069665909,,
GER.5T8.GPIA,BGD,1979,.163770005106926,,
GER.5T8.GPIA,BGD,1980,.1632999926805496,,
GER.5T8.GPIA,BGD,1981,.1627500057220459,,
GER.5T8.GPIA,BGD,1982,.2718900144100189,,
GER.5T8.GPIA,BGD,1983,.2271900027990341,,
GER.5T8.GPIA,BGD,1984,.2218499928712845,,
GER.5T8.GPIA,BGD,1985,.2396000027656555,,
GER.5T8.GPIA,BGD,1986,.2410899996757507,,
GER.5T8.GPIA,BGD,1987,.2253500074148178,,
GER.5T8.GPIA,BGD,1988,.1894699931144714,,
GER.5T8.GPIA,BGD,1989,.1905999928712845,,
GER.5T8.GPIA,BGD,1990,.1894599944353104,,
GER.5T8.GPIA,BGD,1999,.477979987859726,,
GER.5T8.GPIA,BGD,2000,.4782499969005585,,
GER.5T8.GPIA,BGD,2001,.508679986000061,,
GER.5T8.GPIA,BGD,2002,.4679499864578247,,
GER.5T8.GPIA,BGD,2003,.4679999947547913,,
GER.5T8.GPIA,BGD,2004,.4580399990081787,,
GER.5T8.GPIA,BGD,2005,.5005000233650208,,
GER.5T8.GPIA,BGD,2006,.5338900089263916,,
GER.5T8.GPIA,BGD,2007,.5374500155448914,,
GER.5T8.GPIA,BGD,2008,.5446400046348572,,
GER.5T8.GPIA,BGD,2009,.5914300084114075,,
GER.5T8.GPIA,BGD,2011,.6849152748372198,,
GER.5T8.GPIA,BGD,2012,.7119733442293236,,
GER.5T8.GPIA,BGD,2013,.7169446427810603,,
GER.5T8.GPIA,BGD,2014,.7210492700517386,,
GER.5T8.GPIA,BGD,2015,.696338147101824,,
GER.5T8.GPIA,BGD,2016,.6782120758713643,,
GER.5T8.GPIA,BGD,2017,.6813274576931851,,
GER.5T8.GPIA,BGD,2018,.6623991883115753,,
GER.5T8.GPIA,BGD,2019,.6495476601232694,,
GER.5T8.GPIA,BGD,2020,.7086320995569418,,
GER.5T8.GPIA,BGD,2021,.7049297832337075,,
GER.5T8.GPIA,BGD,2022,.7085706526071953,,
GER.5T8.GPIA,BGD,2023,.742228184497562,,
GER.5T8.GPIA,BGD,2024,.771458737598201,,
GER.5T8.M,BGD,1970,3.516149997711182,,
GER.5T8.M,BGD,1972,3.783509969711304,,
GER.5T8.M,BGD,1974,4.723090171813965,,
GER.5T8.M,BGD,1976,3.697400093078613,,
GER.5T8.M,BGD,1977,4.068640232086182,,
GER.5T8.M,BGD,1978,3.367460012435913,,
GER.5T8.M,BGD,1979,4.961019992828369,,
GER.5T8.M,BGD,1980,5.018109798431396,,
GER.5T8.M,BGD,1981,5.014180183410645,,
GER.5T8.M,BGD,1982,5.635910034179688,,
GER.5T8.M,BGD,1983,7.395860195159912,,
GER.5T8.M,BGD,1984,8.206600189208984,,
GER.5T8.M,BGD,1985,8.35299015045166,,
GER.5T8.M,BGD,1986,8.23036003112793,,
GER.5T8.M,BGD,1987,7.26216983795166,,
GER.5T8.M,BGD,1988,6.45382022857666,,
GER.5T8.M,BGD,1989,6.386340141296387,,
GER.5T8.M,BGD,1990,7.317619800567627,,
GER.5T8.M,BGD,1999,7.149499893188477,,
GER.5T8.M,BGD,2000,7.102829933166504,,
GER.5T8.M,BGD,2001,8.189680099487305,,
GER.5T8.M,BGD,2002,8.068610191345215,,
GER.5T8.M,BGD,2003,8.172220230102539,,
GER.5T8.M,BGD,2004,7.631199836730957,,
GER.5T8.M,BGD,2005,8.182840347290039,,
GER.5T8.M,BGD,2006,9.220009803771973,,
GER.5T8.M,BGD,2007,9.964509963989258,,
GER.5T8.M,BGD,2008,11.15528011322021,,
GER.5T8.M,BGD,2009,13.1744499206543,,
GER.5T8.M,BGD,2011,15.73515050736649,,
GER.5T8.M,BGD,2012,15.66813467732655,,
GER.5T8.M,BGD,2013,15.70352932983418,,
GER.5T8.M,BGD,2014,15.76985915485586,,
GER.5T8.M,BGD,2015,18.35395692118067,,
GER.5T8.M,BGD,2016,20.72690546034687,,
GER.5T8.M,BGD,2017,22.01945195916095,,
GER.5T8.M,BGD,2018,23.61370956545745,,
GER.5T8.M,BGD,2019,27.71980319063118,,
GER.5T8.M,BGD,2020,26.78342434346865,,
GER.5T8.M,BGD,2021,28.34656851535801,,
GER.5T8.M,BGD,2022,27.85301469868962,,
GER.5T8.M,BGD,2023,28.03075609709982,,
GER.5T8.M,BGD,2024,26.95160196536659,,
ICTSKILLARSP,BGD,2021,14.2,,
ICTSKILLARSP,BGD,2023,13.7,,
ICTSKILLARSP.AG15T24,BGD,2021,34.6,,
ICTSKILLARSP.AG15T24,BGD,2023,23.1,,
ICTSKILLARSP.AG15T24.F,BGD,2021,31.9,,
ICTSKILLARSP.AG15T24.F,BGD,2023,21.2,,
ICTSKILLARSP.AG15T24.GPIA,BGD,2021,.8461538553237915,,
ICTSKILLARSP.AG15T24.GPIA,BGD,2023,.841269850730896,,
ICTSKILLARSP.AG15T24.M,BGD,2021,37.7,,
ICTSKILLARSP.AG15T24.M,BGD,2023,25.2,,
ICTSKILLARSP.AG25T74,BGD,2021,9.300000000000001,,
ICTSKILLARSP.AG25T74,BGD,2023,14.1,,
ICTSKILLARSP.AG25T74.F,BGD,2021,7,,
ICTSKILLARSP.AG25T74.F,BGD,2023,10.9,,
ICTSKILLARSP.AG25T74.GPIA,BGD,2021,.5982906222343445,,
ICTSKILLARSP.AG25T74.GPIA,BGD,2023,.6300578117370605,,
ICTSKILLARSP.AG25T74.M,BGD,2021,11.7,,
ICTSKILLARSP.AG25T74.M,BGD,2023,17.3,,
ICTSKILLARSP.AG75OROVER,BGD,2021,5.1,,
ICTSKILLARSP.AG75OROVER,BGD,2023,1.2,,
ICTSKILLARSP.AG75OROVER.F,BGD,2021,2.6,,
ICTSKILLARSP.AG75OROVER.F,BGD,2023,1,,
ICTSKILLARSP.AG75OROVER.GPIA,BGD,2021,.3661971688270569,,
ICTSKILLARSP.AG75OROVER.GPIA,BGD,2023,.7692307829856873,,
ICTSKILLARSP.AG75OROVER.M,BGD,2021,7.1,,
ICTSKILLARSP.AG75OROVER.M,BGD,2023,1.3,,
ICTSKILLARSP.AGUNDER15Y,BGD,2021,8.5,,
ICTSKILLARSP.AGUNDER15Y,BGD,2023,3.7,,
ICTSKILLARSP.AGUNDER15Y.F,BGD,2021,8.300000000000001,,
ICTSKILLARSP.AGUNDER15Y.F,BGD,2023,3.7,,
ICTSKILLARSP.AGUNDER15Y.GPIA,BGD,2021,.954023003578186,,
ICTSKILLARSP.AGUNDER15Y.GPIA,BGD,2023,.9736841917037964,,
ICTSKILLARSP.AGUNDER15Y.M,BGD,2021,8.699999999999999,,
ICTSKILLARSP.AGUNDER15Y.M,BGD,2023,3.8,,
ICTSKILLARSP.F,BGD,2021,12.6,,
ICTSKILLARSP.F,BGD,2023,11.6,,
ICTSKILLARSP.F.LPIA,BGD,2021,.3723849356174469,,
ICTSKILLARSP.F.LPIA,BGD,2023,.4919786155223846,,
ICTSKILLARSP.GPIA,BGD,2021,.7924528121948242,,
ICTSKILLARSP.GPIA,BGD,2023,.7341772317886353,,
ICTSKILLARSP.LPIA,BGD,2021,.4703389704227448,,
ICTSKILLARSP.LPIA,BGD,2023,.6382978558540344,,
ICTSKILLARSP.M,BGD,2021,15.9,,
ICTSKILLARSP.M,BGD,2023,15.8,,
ICTSKILLARSP.M.LPIA,BGD,2021,.5818965435028076,,
ICTSKILLARSP.M.LPIA,BGD,2023,.7872340679168701,,
ICTSKILLARSP.RUR,BGD,2021,11.1,,
ICTSKILLARSP.RUR,BGD,2023,12,,
ICTSKILLARSP.RUR.F,BGD,2021,8.9,,
ICTSKILLARSP.RUR.F,BGD,2023,9.199999999999999,,
ICTSKILLARSP.RUR.GPIA,BGD,2021,.6592592597007751,,
ICTSKILLARSP.RUR.GPIA,BGD,2023,.6216216087341309,,
ICTSKILLARSP.RUR.M,BGD,2021,13.5,,
ICTSKILLARSP.RUR.M,BGD,2023,14.8,,
ICTSKILLARSP.URB,BGD,2021,23.6,,
ICTSKILLARSP.URB,BGD,2023,18.8,,
ICTSKILLARSP.URB.F,BGD,2021,23.9,,
ICTSKILLARSP.URB.F,BGD,2023,18.7,,
ICTSKILLARSP.URB.GPIA,BGD,2021,1.029288649559021,,
ICTSKILLARSP.URB.GPIA,BGD,2023,.9946808218955994,,
ICTSKILLARSP.URB.M,BGD,2021,23.2,,
ICTSKILLARSP.URB.M,BGD,2023,18.8,,
ICTSKILLCOPA,BGD,2021,33.8,,
ICTSKILLCOPA,BGD,2023,35.7,,
ICTSKILLCOPA.AG15T24,BGD,2021,55.6,,
ICTSKILLCOPA.AG15T24,BGD,2023,53.1,,
ICTSKILLCOPA.AG15T24.F,BGD,2021,50,,
ICTSKILLCOPA.AG15T24.F,BGD,2023,48.3,,
ICTSKILLCOPA.AG15T24.GPIA,BGD,2021,.8038585186004639,,
ICTSKILLCOPA.AG15T24.GPIA,BGD,2023,.8284733891487122,,
ICTSKILLCOPA.AG15T24.M,BGD,2021,62.2,,
ICTSKILLCOPA.AG15T24.M,BGD,2023,58.3,,
ICTSKILLCOPA.AG25T74,BGD,2021,32.4,,
ICTSKILLCOPA.AG25T74,BGD,2023,38,,
ICTSKILLCOPA.AG25T74.F,BGD,2021,25.9,,
ICTSKILLCOPA.AG25T74.F,BGD,2023,30.2,,
ICTSKILLCOPA.AG25T74.GPIA,BGD,2021,.6624041199684143,,
ICTSKILLCOPA.AG25T74.GPIA,BGD,2023,.6608315110206604,,
ICTSKILLCOPA.AG25T74.M,BGD,2021,39.1,,
ICTSKILLCOPA.AG25T74.M,BGD,2023,45.7,,
ICTSKILLCOPA.AG75OROVER,BGD,2021,5.8,,
ICTSKILLCOPA.AG75OROVER,BGD,2023,3.2,,
ICTSKILLCOPA.AG75OROVER.F,BGD,2021,3.1,,
ICTSKILLCOPA.AG75OROVER.F,BGD,2023,2.3,,
ICTSKILLCOPA.AG75OROVER.GPIA,BGD,2021,.3974359035491943,,
ICTSKILLCOPA.AG75OROVER.GPIA,BGD,2023,.5897436141967773,,
ICTSKILLCOPA.AG75OROVER.M,BGD,2021,7.8,,
ICTSKILLCOPA.AG75OROVER.M,BGD,2023,3.9,,
ICTSKILLCOPA.AGUNDER15Y,BGD,2021,18.1,,
ICTSKILLCOPA.AGUNDER15Y,BGD,2023,13.1,,
ICTSKILLCOPA.AGUNDER15Y.F,BGD,2021,18,,
ICTSKILLCOPA.AGUNDER15Y.F,BGD,2023,12,,
ICTSKILLCOPA.AGUNDER15Y.GPIA,BGD,2021,.9944751262664795,,
ICTSKILLCOPA.AGUNDER15Y.GPIA,BGD,2023,.8571428656578064,,
ICTSKILLCOPA.AGUNDER15Y.M,BGD,2021,18.1,,
ICTSKILLCOPA.AGUNDER15Y.M,BGD,2023,14,,
ICTSKILLCOPA.F,BGD,2021,29.2,,
ICTSKILLCOPA.F,BGD,2023,30.3,,
ICTSKILLCOPA.F.LPIA,BGD,2021,.3827838897705078,,
ICTSKILLCOPA.F.LPIA,BGD,2023,.4148148000240326,,
ICTSKILLCOPA.GPIA,BGD,2021,.7604166865348816,,
ICTSKILLCOPA.GPIA,BGD,2023,.7372262477874756,,
ICTSKILLCOPA.LPIA,BGD,2021,.4705882370471954,,
ICTSKILLCOPA.LPIA,BGD,2023,.5346715450286865,,
ICTSKILLCOPA.M,BGD,2021,38.4,,
ICTSKILLCOPA.M,BGD,2023,41.1,,
ICTSKILLCOPA.M.LPIA,BGD,2021,.5572916865348816,,
ICTSKILLCOPA.M.LPIA,BGD,2023,.6481149196624756,,
ICTSKILLCOPA.RUR,BGD,2021,26.4,,
ICTSKILLCOPA.RUR,BGD,2023,29.3,,
ICTSKILLCOPA.RUR.F,BGD,2021,20.9,,
ICTSKILLCOPA.RUR.F,BGD,2023,22.4,,
ICTSKILLCOPA.RUR.GPIA,BGD,2021,.6510903239250183,,
ICTSKILLCOPA.RUR.GPIA,BGD,2023,.6204985976219177,,
ICTSKILLCOPA.RUR.M,BGD,2021,32.1,,
ICTSKILLCOPA.RUR.M,BGD,2023,36.1,,
ICTSKILLCOPA.URB,BGD,2021,56.1,,
ICTSKILLCOPA.URB,BGD,2023,54.8,,
ICTSKILLCOPA.URB.F,BGD,2021,54.6,,
ICTSKILLCOPA.URB.F,BGD,2023,54,,
ICTSKILLCOPA.URB.GPIA,BGD,2021,.9479166865348816,,
ICTSKILLCOPA.URB.GPIA,BGD,2023,.9694793820381165,,
ICTSKILLCOPA.URB.M,BGD,2021,57.6,,
ICTSKILLCOPA.URB.M,BGD,2023,55.7,,
ICTSKILLDLDONLD,BGD,2013,.9,,
ICTSKILLDLDONLD,BGD,2021,22.9,,
ICTSKILLDLDONLD,BGD,2023,11.1,,
ICTSKILLDLDONLD.AG15T24,BGD,2013,1.6,,
ICTSKILLDLDONLD.AG15T24,BGD,2021,40.9,,
ICTSKILLDLDONLD.AG15T24,BGD,2023,18.7,,
ICTSKILLDLDONLD.AG15T24.F,BGD,2013,1.2,,
ICTSKILLDLDONLD.AG15T24.F,BGD,2021,35.8,,
ICTSKILLDLDONLD.AG15T24.F,BGD,2023,15.7,,
ICTSKILLDLDONLD.AG15T24.GPIA,BGD,2013,.5454545617103577,,
ICTSKILLDLDONLD.AG15T24.GPIA,BGD,2021,.7633262276649475,,
ICTSKILLDLDONLD.AG15T24.GPIA,BGD,2023,.7168949842453003,,
ICTSKILLDLDONLD.AG15T24.M,BGD,2013,2.2,,
ICTSKILLDLDONLD.AG15T24.M,BGD,2021,46.9,,
ICTSKILLDLDONLD.AG15T24.M,BGD,2023,21.9,,
ICTSKILLDLDONLD.AG25T74,BGD,2013,1.2,,
ICTSKILLDLDONLD.AG25T74,BGD,2021,21.6,,
ICTSKILLDLDONLD.AG25T74,BGD,2023,11.4,,
ICTSKILLDLDONLD.AG25T74.F,BGD,2013,.6,,
ICTSKILLDLDONLD.AG25T74.F,BGD,2021,14.9,,
ICTSKILLDLDONLD.AG25T74.F,BGD,2023,8.699999999999999,,
ICTSKILLDLDONLD.AG25T74.GPIA,BGD,2013,.3529411852359772,,
ICTSKILLDLDONLD.AG25T74.GPIA,BGD,2021,.5246478915214539,,
ICTSKILLDLDONLD.AG25T74.GPIA,BGD,2023,.6214285492897034,,
ICTSKILLDLDONLD.AG25T74.M,BGD,2013,1.7,,
ICTSKILLDLDONLD.AG25T74.M,BGD,2021,28.4,,
ICTSKILLDLDONLD.AG25T74.M,BGD,2023,14,,
ICTSKILLDLDONLD.AG75OROVER,BGD,2013,0,,
ICTSKILLDLDONLD.AG75OROVER,BGD,2021,3.3,,
ICTSKILLDLDONLD.AG75OROVER,BGD,2023,.3,,
ICTSKILLDLDONLD.AG75OROVER.F,BGD,2021,1.1,,
ICTSKILLDLDONLD.AG75OROVER.GPIA,BGD,2021,.2156862765550613,,
ICTSKILLDLDONLD.AG75OROVER.M,BGD,2013,0,,
ICTSKILLDLDONLD.AG75OROVER.M,BGD,2021,5.1,,
ICTSKILLDLDONLD.AG75OROVER.M,BGD,2023,.6,,
ICTSKILLDLDONLD.AGUNDER15Y,BGD,2013,.1,,
ICTSKILLDLDONLD.AGUNDER15Y,BGD,2021,9.9,,
ICTSKILLDLDONLD.AGUNDER15Y,BGD,2023,3.2,,
ICTSKILLDLDONLD.AGUNDER15Y.F,BGD,2013,.1,,
ICTSKILLDLDONLD.AGUNDER15Y.F,BGD,2021,10.1,,
ICTSKILLDLDONLD.AGUNDER15Y.F,BGD,2023,2.9,,
ICTSKILLDLDONLD.AGUNDER15Y.GPIA,BGD,2013,1,,
ICTSKILLDLDONLD.AGUNDER15Y.GPIA,BGD,2021,1.0297030210495,,
ICTSKILLDLDONLD.AGUNDER15Y.GPIA,BGD,2023,.8055555820465088,,
ICTSKILLDLDONLD.AGUNDER15Y.M,BGD,2013,.1,,
ICTSKILLDLDONLD.AGUNDER15Y.M,BGD,2021,9.800000000000001,,
ICTSKILLDLDONLD.AGUNDER15Y.M,BGD,2023,3.6,,
ICTSKILLDLDONLD.F,BGD,2013,.6,,
ICTSKILLDLDONLD.F,BGD,2021,18.2,,
ICTSKILLDLDONLD.F,BGD,2023,9,,
ICTSKILLDLDONLD.F.LPIA,BGD,2013,.0588235296308994,,
ICTSKILLDLDONLD.F.LPIA,BGD,2021,.2989690601825714,,
ICTSKILLDLDONLD.F.LPIA,BGD,2023,.3583815097808838,,
ICTSKILLDLDONLD.GPIA,BGD,2013,.4615384638309479,,
ICTSKILLDLDONLD.GPIA,BGD,2021,.6594203114509583,,
ICTSKILLDLDONLD.GPIA,BGD,2023,.6818181872367859,,
ICTSKILLDLDONLD.LPIA,BGD,2013,.115384615957737,,
ICTSKILLDLDONLD.LPIA,BGD,2021,.4176904261112213,,
ICTSKILLDLDONLD.LPIA,BGD,2023,.5056818127632141,,
ICTSKILLDLDONLD.M,BGD,2013,1.3,,
ICTSKILLDLDONLD.M,BGD,2021,27.6,,
ICTSKILLDLDONLD.M,BGD,2023,13.2,,
ICTSKILLDLDONLD.M.LPIA,BGD,2013,.1111111119389534,,
ICTSKILLDLDONLD.M.LPIA,BGD,2021,.5269320607185364,,
ICTSKILLDLDONLD.M.LPIA,BGD,2023,.6573033928871155,,
ICTSKILLDLDONLD.RUR,BGD,2013,.3,,
ICTSKILLDLDONLD.RUR,BGD,2021,17,,
ICTSKILLDLDONLD.RUR,BGD,2023,8.9,,
ICTSKILLDLDONLD.RUR.F,BGD,2013,.1,,
ICTSKILLDLDONLD.RUR.F,BGD,2021,11.6,,
ICTSKILLDLDONLD.RUR.F,BGD,2023,6.2,,
ICTSKILLDLDONLD.RUR.GPIA,BGD,2013,.25,,
ICTSKILLDLDONLD.RUR.GPIA,BGD,2021,.5155555605888367,,
ICTSKILLDLDONLD.RUR.GPIA,BGD,2023,.5299145579338074,,
ICTSKILLDLDONLD.RUR.M,BGD,2013,.4,,
ICTSKILLDLDONLD.RUR.M,BGD,2021,22.5,,
ICTSKILLDLDONLD.RUR.M,BGD,2023,11.7,,
ICTSKILLDLDONLD.URB,BGD,2013,2.6,,
ICTSKILLDLDONLD.URB,BGD,2021,40.7,,
ICTSKILLDLDONLD.URB,BGD,2023,17.6,,
ICTSKILLDLDONLD.URB.F,BGD,2013,1.7,,
ICTSKILLDLDONLD.URB.F,BGD,2021,38.8,,
ICTSKILLDLDONLD.URB.F,BGD,2023,17.3,,
ICTSKILLDLDONLD.URB.GPIA,BGD,2013,.4722222089767456,,
ICTSKILLDLDONLD.URB.GPIA,BGD,2021,.9086651206016541,,
ICTSKILLDLDONLD.URB.GPIA,BGD,2023,.9719101190567017,,
ICTSKILLDLDONLD.URB.M,BGD,2013,3.6,,
ICTSKILLDLDONLD.URB.M,BGD,2021,42.7,,
ICTSKILLDLDONLD.URB.M,BGD,2023,17.8,,
ICTSKILLEMAIL,BGD,2021,32.7,,
ICTSKILLEMAIL,BGD,2023,35.5,,
ICTSKILLEMAIL.AG15T24,BGD,2021,51.9,,
ICTSKILLEMAIL.AG15T24,BGD,2023,57.3,,
ICTSKILLEMAIL.AG15T24.F,BGD,2021,47.2,,
ICTSKILLEMAIL.AG15T24.F,BGD,2023,51,,
ICTSKILLEMAIL.AG15T24.GPIA,BGD,2021,.8237347006797791,,
ICTSKILLEMAIL.AG15T24.GPIA,BGD,2023,.7943925261497498,,
ICTSKILLEMAIL.AG15T24.M,BGD,2021,57.3,,
ICTSKILLEMAIL.AG15T24.M,BGD,2023,64.2,,
ICTSKILLEMAIL.AG25T74,BGD,2021,33.7,,
ICTSKILLEMAIL.AG25T74,BGD,2023,36.4,,
ICTSKILLEMAIL.AG25T74.F,BGD,2021,26.7,,
ICTSKILLEMAIL.AG25T74.F,BGD,2023,28.3,,
ICTSKILLEMAIL.AG25T74.GPIA,BGD,2021,.654411792755127,,
ICTSKILLEMAIL.AG25T74.GPIA,BGD,2023,.6373873949050903,,
ICTSKILLEMAIL.AG25T74.M,BGD,2021,40.8,,
ICTSKILLEMAIL.AG25T74.M,BGD,2023,44.4,,
ICTSKILLEMAIL.AG75OROVER,BGD,2021,2.6,,
ICTSKILLEMAIL.AG75OROVER,BGD,2023,3,,
ICTSKILLEMAIL.AG75OROVER.F,BGD,2021,1.1,,
ICTSKILLEMAIL.AG75OROVER.F,BGD,2023,2,,
ICTSKILLEMAIL.AG75OROVER.GPIA,BGD,2021,.2972972989082336,,
ICTSKILLEMAIL.AG75OROVER.GPIA,BGD,2023,.5263158082962036,,
ICTSKILLEMAIL.AG75OROVER.M,BGD,2021,3.7,,
ICTSKILLEMAIL.AG75OROVER.M,BGD,2023,3.8,,
ICTSKILLEMAIL.AGUNDER15Y,BGD,2021,13.2,,
ICTSKILLEMAIL.AGUNDER15Y,BGD,2023,12.4,,
ICTSKILLEMAIL.AGUNDER15Y.F,BGD,2021,12.5,,
ICTSKILLEMAIL.AGUNDER15Y.F,BGD,2023,11,,
ICTSKILLEMAIL.AGUNDER15Y.GPIA,BGD,2021,.9124087691307068,,
ICTSKILLEMAIL.AGUNDER15Y.GPIA,BGD,2023,.8029196858406067,,
ICTSKILLEMAIL.AGUNDER15Y.M,BGD,2021,13.7,,
ICTSKILLEMAIL.AGUNDER15Y.M,BGD,2023,13.7,,
ICTSKILLEMAIL.F,BGD,2021,28,,
ICTSKILLEMAIL.F,BGD,2023,29.6,,
ICTSKILLEMAIL.F.LPIA,BGD,2021,.3466424643993378,,
ICTSKILLEMAIL.F.LPIA,BGD,2023,.3889908194541931,,
ICTSKILLEMAIL.GPIA,BGD,2021,.7466666698455811,,
ICTSKILLEMAIL.GPIA,BGD,2023,.7149758338928223,,
ICTSKILLEMAIL.LPIA,BGD,2021,.4175257682800293,,
ICTSKILLEMAIL.LPIA,BGD,2023,.5017668008804321,,
ICTSKILLEMAIL.M,BGD,2021,37.5,,
ICTSKILLEMAIL.M,BGD,2023,41.4,,
ICTSKILLEMAIL.M.LPIA,BGD,2021,.4836601316928864,,
ICTSKILLEMAIL.M.LPIA,BGD,2023,.6075085401535034,,
ICTSKILLEMAIL.RUR,BGD,2021,24.3,,
ICTSKILLEMAIL.RUR,BGD,2023,28.4,,
ICTSKILLEMAIL.RUR.F,BGD,2021,19.1,,
ICTSKILLEMAIL.RUR.F,BGD,2023,21.2,,
ICTSKILLEMAIL.RUR.GPIA,BGD,2021,.6452702879905701,,
ICTSKILLEMAIL.RUR.GPIA,BGD,2023,.5955055952072144,,
ICTSKILLEMAIL.RUR.M,BGD,2021,29.6,,
ICTSKILLEMAIL.RUR.M,BGD,2023,35.6,,
ICTSKILLEMAIL.URB,BGD,2021,58.2,,
ICTSKILLEMAIL.URB,BGD,2023,56.6,,
ICTSKILLEMAIL.URB.F,BGD,2021,55.1,,
ICTSKILLEMAIL.URB.F,BGD,2023,54.5,,
ICTSKILLEMAIL.URB.GPIA,BGD,2021,.9003267884254456,,
ICTSKILLEMAIL.URB.GPIA,BGD,2023,.9300341010093689,,
ICTSKILLEMAIL.URB.M,BGD,2021,61.2,,
ICTSKILLEMAIL.URB.M,BGD,2023,58.6,,
ICTSKILLEPRS,BGD,2021,1,,
ICTSKILLEPRS,BGD,2023,1.1,,
ICTSKILLEPRS.AG15T24,BGD,2021,1.6,,
ICTSKILLEPRS.AG15T24,BGD,2023,2.3,,
ICTSKILLEPRS.AG15T24.F,BGD,2021,1.2,,
ICTSKILLEPRS.AG15T24.F,BGD,2023,1.9,,
ICTSKILLEPRS.AG15T24.GPIA,BGD,2021,.5714285969734192,,
ICTSKILLEPRS.AG15T24.GPIA,BGD,2023,.6785714030265808,,
ICTSKILLEPRS.AG15T24.M,BGD,2021,2.1,,
ICTSKILLEPRS.AG15T24.M,BGD,2023,2.8,,
ICTSKILLEPRS.AG25T74,BGD,2021,.5,,
ICTSKILLEPRS.AG25T74,BGD,2023,1.1,,
ICTSKILLEPRS.AG25T74.F,BGD,2021,.2,,
ICTSKILLEPRS.AG25T74.F,BGD,2023,.6,,
ICTSKILLEPRS.AG25T74.GPIA,BGD,2021,.2857142984867096,,
ICTSKILLEPRS.AG25T74.GPIA,BGD,2023,.375,,
ICTSKILLEPRS.AG25T74.M,BGD,2021,.7,,
ICTSKILLEPRS.AG25T74.M,BGD,2023,1.6,,
ICTSKILLEPRS.AG75OROVER,BGD,2021,.1,,
ICTSKILLEPRS.AG75OROVER,BGD,2023,.2,,
ICTSKILLEPRS.AG75OROVER.F,BGD,2021,.2,,
ICTSKILLEPRS.AG75OROVER.M,BGD,2023,.3,,
ICTSKILLEPRS.AGUNDER15Y,BGD,2021,2.2,,
ICTSKILLEPRS.AGUNDER15Y,BGD,2023,.1,,
ICTSKILLEPRS.AGUNDER15Y.F,BGD,2021,1.8,,
ICTSKILLEPRS.AGUNDER15Y.F,BGD,2023,0,,
ICTSKILLEPRS.AGUNDER15Y.GPIA,BGD,2021,.75,,
ICTSKILLEPRS.AGUNDER15Y.GPIA,BGD,2023,0,NIL,
ICTSKILLEPRS.AGUNDER15Y.M,BGD,2021,2.4,,
ICTSKILLEPRS.AGUNDER15Y.M,BGD,2023,.1,,
ICTSKILLEPRS.F,BGD,2021,.8,,
ICTSKILLEPRS.F,BGD,2023,.7,,
ICTSKILLEPRS.F.LPIA,BGD,2021,.4615384638309479,,
ICTSKILLEPRS.F.LPIA,BGD,2023,.699999988079071,,
ICTSKILLEPRS.GPIA,BGD,2021,.6153846383094788,,
ICTSKILLEPRS.GPIA,BGD,2023,.4666666686534882,,
ICTSKILLEPRS.LPIA,BGD,2021,.3499999940395355,,
ICTSKILLEPRS.LPIA,BGD,2023,.7142857313156128,,
ICTSKILLEPRS.M,BGD,2021,1.3,,
ICTSKILLEPRS.M,BGD,2023,1.5,,
ICTSKILLEPRS.M.LPIA,BGD,2021,.3461538553237915,,
ICTSKILLEPRS.M.LPIA,BGD,2023,.7777777910232544,,
ICTSKILLEPRS.RUR,BGD,2021,.7,,
ICTSKILLEPRS.RUR,BGD,2023,1,,
ICTSKILLEPRS.RUR.F,BGD,2021,.6,,
ICTSKILLEPRS.RUR.F,BGD,2023,.7,,
ICTSKILLEPRS.RUR.GPIA,BGD,2021,.6666666865348816,,
ICTSKILLEPRS.RUR.GPIA,BGD,2023,.5,,
ICTSKILLEPRS.RUR.M,BGD,2021,.9,,
ICTSKILLEPRS.RUR.M,BGD,2023,1.4,,
ICTSKILLEPRS.URB,BGD,2021,2,,
ICTSKILLEPRS.URB,BGD,2023,1.4,,
ICTSKILLEPRS.URB.F,BGD,2021,1.3,,
ICTSKILLEPRS.URB.F,BGD,2023,1,,
ICTSKILLEPRS.URB.GPIA,BGD,2021,.5,,
ICTSKILLEPRS.URB.GPIA,BGD,2023,.5555555820465088,,
ICTSKILLEPRS.URB.M,BGD,2021,2.6,,
ICTSKILLEPRS.URB.M,BGD,2023,1.8,,
ICTSKILLFGSPUR,BGD,2013,.7,,
ICTSKILLFGSPUR,BGD,2023,3.7,,
ICTSKILLFGSPUR.AG15T24,BGD,2013,1.3,,
ICTSKILLFGSPUR.AG15T24,BGD,2023,3.6,,
ICTSKILLFGSPUR.AG15T24.F,BGD,2013,1,,
ICTSKILLFGSPUR.AG15T24.F,BGD,2023,4.1,,
ICTSKILLFGSPUR.AG15T24.GPIA,BGD,2013,.625,,
ICTSKILLFGSPUR.AG15T24.GPIA,BGD,2023,1.243902444839478,,
ICTSKILLFGSPUR.AG15T24.M,BGD,2013,1.6,,
ICTSKILLFGSPUR.AG15T24.M,BGD,2023,3.1,,
ICTSKILLFGSPUR.AG25T74,BGD,2013,.8,,
ICTSKILLFGSPUR.AG25T74,BGD,2023,4.4,,
ICTSKILLFGSPUR.AG25T74.F,BGD,2013,1.3,,
ICTSKILLFGSPUR.AG25T74.F,BGD,2023,4.8,,
ICTSKILLFGSPUR.AG25T74.GPIA,BGD,2013,1.769230723381042,,
ICTSKILLFGSPUR.AG25T74.GPIA,BGD,2023,1.1875,,
ICTSKILLFGSPUR.AG25T74.M,BGD,2013,.3,,
ICTSKILLFGSPUR.AG25T74.M,BGD,2023,3.9,,
ICTSKILLFGSPUR.AGUNDER15Y,BGD,2013,.2,,
ICTSKILLFGSPUR.AGUNDER15Y,BGD,2023,1.8,,
ICTSKILLFGSPUR.AGUNDER15Y.F,BGD,2013,0,,
ICTSKILLFGSPUR.AGUNDER15Y.F,BGD,2023,1.8,,
ICTSKILLFGSPUR.AGUNDER15Y.GPIA,BGD,2013,0,NIL,
ICTSKILLFGSPUR.AGUNDER15Y.GPIA,BGD,2023,.9473684430122375,,
ICTSKILLFGSPUR.AGUNDER15Y.M,BGD,2013,.3,,
ICTSKILLFGSPUR.AGUNDER15Y.M,BGD,2023,1.9,,
ICTSKILLFGSPUR.F,BGD,2013,.9,,
ICTSKILLFGSPUR.F,BGD,2023,4,,
ICTSKILLFGSPUR.F.LPIA,BGD,2013,0,NIL,
ICTSKILLFGSPUR.F.LPIA,BGD,2023,.21875,,
ICTSKILLFGSPUR.GPIA,BGD,2013,1.444444417953491,,
ICTSKILLFGSPUR.GPIA,BGD,2023,1.174999952316284,,
ICTSKILLFGSPUR.LPIA,BGD,2013,.1000000014901161,,
ICTSKILLFGSPUR.LPIA,BGD,2023,.3026315867900848,,
ICTSKILLFGSPUR.M,BGD,2013,.5,,
ICTSKILLFGSPUR.M,BGD,2023,3.3,,
ICTSKILLFGSPUR.M.LPIA,BGD,2013,.2727272808551788,,
ICTSKILLFGSPUR.M.LPIA,BGD,2023,.4464285671710968,,
ICTSKILLFGSPUR.RUR,BGD,2013,.2,,
ICTSKILLFGSPUR.RUR,BGD,2023,2.3,,
ICTSKILLFGSPUR.RUR.F,BGD,2013,0,,
ICTSKILLFGSPUR.RUR.F,BGD,2023,2.1,,
ICTSKILLFGSPUR.RUR.GPIA,BGD,2013,0,NIL,
ICTSKILLFGSPUR.RUR.GPIA,BGD,2023,.8399999737739563,,
ICTSKILLFGSPUR.RUR.M,BGD,2013,.3,,
ICTSKILLFGSPUR.RUR.M,BGD,2023,2.5,,
ICTSKILLFGSPUR.URB,BGD,2013,2,,
ICTSKILLFGSPUR.URB,BGD,2023,7.6,,
ICTSKILLFGSPUR.URB.F,BGD,2013,2.9,,
ICTSKILLFGSPUR.URB.F,BGD,2023,9.6,,
ICTSKILLFGSPUR.URB.GPIA,BGD,2013,1.620689630508423,,
ICTSKILLFGSPUR.URB.GPIA,BGD,2023,1.416666626930237,,
ICTSKILLFGSPUR.URB.M,BGD,2013,1.1,,
ICTSKILLFGSPUR.URB.M,BGD,2023,5.6,,
ICTSKILLFONLCRS,BGD,2021,1,,
ICTSKILLFONLCRS,BGD,2023,1,,
ICTSKILLFONLCRS.AG15T24,BGD,2021,1.9,,
ICTSKILLFONLCRS.AG15T24,BGD,2023,2.5,,
ICTSKILLFONLCRS.AG15T24.F,BGD,2021,1.4,,
ICTSKILLFONLCRS.AG15T24.F,BGD,2023,2,,
ICTSKILLFONLCRS.AG15T24.GPIA,BGD,2021,.5833333134651184,,
ICTSKILLFONLCRS.AG15T24.GPIA,BGD,2023,.6451612710952759,,
ICTSKILLFONLCRS.AG15T24.M,BGD,2021,2.4,,
ICTSKILLFONLCRS.AG15T24.M,BGD,2023,3.1,,
ICTSKILLFONLCRS.AG25T74,BGD,2021,.5,,
ICTSKILLFONLCRS.AG25T74,BGD,2023,.8,,
ICTSKILLFONLCRS.AG25T74.F,BGD,2021,.3,,
ICTSKILLFONLCRS.AG25T74.F,BGD,2023,.3,,
ICTSKILLFONLCRS.AG25T74.GPIA,BGD,2021,.375,,
ICTSKILLFONLCRS.AG25T74.GPIA,BGD,2023,.25,,
ICTSKILLFONLCRS.AG25T74.M,BGD,2021,.8,,
ICTSKILLFONLCRS.AG25T74.M,BGD,2023,1.2,,
ICTSKILLFONLCRS.AG75OROVER,BGD,2021,0,,
ICTSKILLFONLCRS.AG75OROVER.F,BGD,2021,0,,
ICTSKILLFONLCRS.AG75OROVER.M,BGD,2021,0,,
ICTSKILLFONLCRS.AGUNDER15Y,BGD,2021,1.5,,
ICTSKILLFONLCRS.AGUNDER15Y,BGD,2023,.2,,
ICTSKILLFONLCRS.AGUNDER15Y.F,BGD,2021,1.5,,
ICTSKILLFONLCRS.AGUNDER15Y.F,BGD,2023,.2,,
ICTSKILLFONLCRS.AGUNDER15Y.GPIA,BGD,2021,.9375,,
ICTSKILLFONLCRS.AGUNDER15Y.GPIA,BGD,2023,.6666666865348816,,
ICTSKILLFONLCRS.AGUNDER15Y.M,BGD,2021,1.6,,
ICTSKILLFONLCRS.AGUNDER15Y.M,BGD,2023,.3,,
ICTSKILLFONLCRS.F,BGD,2021,.8,,
ICTSKILLFONLCRS.F,BGD,2023,.7,,
ICTSKILLFONLCRS.F.LPIA,BGD,2021,.4615384638309479,,
ICTSKILLFONLCRS.F.LPIA,BGD,2023,.4166666567325592,,
ICTSKILLFONLCRS.GPIA,BGD,2021,.6153846383094788,,
ICTSKILLFONLCRS.GPIA,BGD,2023,.5,,
ICTSKILLFONLCRS.LPIA,BGD,2021,.5,,
ICTSKILLFONLCRS.LPIA,BGD,2023,.4705882370471954,,
ICTSKILLFONLCRS.M,BGD,2021,1.3,,
ICTSKILLFONLCRS.M,BGD,2023,1.4,,
ICTSKILLFONLCRS.M.LPIA,BGD,2021,.5,,
ICTSKILLFONLCRS.M.LPIA,BGD,2023,.523809552192688,,
ICTSKILLFONLCRS.RUR,BGD,2021,.8,,
ICTSKILLFONLCRS.RUR,BGD,2023,.8,,
ICTSKILLFONLCRS.RUR.F,BGD,2021,.6,,
ICTSKILLFONLCRS.RUR.F,BGD,2023,.5,,
ICTSKILLFONLCRS.RUR.GPIA,BGD,2021,.6000000238418579,,
ICTSKILLFONLCRS.RUR.GPIA,BGD,2023,.4545454680919647,,
ICTSKILLFONLCRS.RUR.M,BGD,2021,1,,
ICTSKILLFONLCRS.RUR.M,BGD,2023,1.1,,
ICTSKILLFONLCRS.URB,BGD,2021,1.6,,
ICTSKILLFONLCRS.URB,BGD,2023,1.7,,
ICTSKILLFONLCRS.URB.F,BGD,2021,1.3,,
ICTSKILLFONLCRS.URB.F,BGD,2023,1.2,,
ICTSKILLFONLCRS.URB.GPIA,BGD,2021,.6499999761581421,,
ICTSKILLFONLCRS.URB.GPIA,BGD,2023,.5714285969734192,,
ICTSKILLFONLCRS.URB.M,BGD,2021,2,,
ICTSKILLFONLCRS.URB.M,BGD,2023,2.1,,
ICTSKILLGSINF,BGD,2013,.9,,
ICTSKILLGSINF,BGD,2021,3,,
ICTSKILLGSINF,BGD,2023,22.8,,
ICTSKILLGSINF.AG15T24,BGD,2013,1.6,,
ICTSKILLGSINF.AG15T24,BGD,2021,4.4,,
ICTSKILLGSINF.AG15T24,BGD,2023,33.9,,
ICTSKILLGSINF.AG15T24.F,BGD,2013,1.5,,
ICTSKILLGSINF.AG15T24.F,BGD,2021,3.4,,
ICTSKILLGSINF.AG15T24.F,BGD,2023,30.2,,
ICTSKILLGSINF.AG15T24.GPIA,BGD,2013,.9375,,
ICTSKILLGSINF.AG15T24.GPIA,BGD,2021,.6071428656578064,,
ICTSKILLGSINF.AG15T24.GPIA,BGD,2023,.7968337535858154,,
ICTSKILLGSINF.AG15T24.M,BGD,2013,1.6,,
ICTSKILLGSINF.AG15T24.M,BGD,2021,5.6,,
ICTSKILLGSINF.AG15T24.M,BGD,2023,37.9,,
ICTSKILLGSINF.AG25T74,BGD,2013,1.2,,
ICTSKILLGSINF.AG25T74,BGD,2021,3.6,,
ICTSKILLGSINF.AG25T74,BGD,2023,25,,
ICTSKILLGSINF.AG25T74.F,BGD,2013,1.2,,
ICTSKILLGSINF.AG25T74.F,BGD,2021,2.2,,
ICTSKILLGSINF.AG25T74.F,BGD,2023,21.5,,
ICTSKILLGSINF.AG25T74.GPIA,BGD,2013,1,,
ICTSKILLGSINF.AG25T74.GPIA,BGD,2021,.4399999976158142,,
ICTSKILLGSINF.AG25T74.GPIA,BGD,2023,.7570422291755676,,
ICTSKILLGSINF.AG25T74.M,BGD,2013,1.2,,
ICTSKILLGSINF.AG25T74.M,BGD,2021,5,,
ICTSKILLGSINF.AG25T74.M,BGD,2023,28.4,,
ICTSKILLGSINF.AG75OROVER,BGD,2013,.4,,
ICTSKILLGSINF.AG75OROVER,BGD,2021,0,,
ICTSKILLGSINF.AG75OROVER,BGD,2023,1,,
ICTSKILLGSINF.AG75OROVER.F,BGD,2013,.1,,
ICTSKILLGSINF.AG75OROVER.F,BGD,2023,.5,,
ICTSKILLGSINF.AG75OROVER.GPIA,BGD,2013,.125,,
ICTSKILLGSINF.AG75OROVER.GPIA,BGD,2023,.3571428656578064,,
ICTSKILLGSINF.AG75OROVER.M,BGD,2013,.8,,
ICTSKILLGSINF.AG75OROVER.M,BGD,2021,0,,
ICTSKILLGSINF.AG75OROVER.M,BGD,2023,1.4,,
ICTSKILLGSINF.AGUNDER15Y,BGD,2013,0,,
ICTSKILLGSINF.AGUNDER15Y,BGD,2021,.4,,
ICTSKILLGSINF.AGUNDER15Y,BGD,2023,6.1,,
ICTSKILLGSINF.AGUNDER15Y.F,BGD,2013,0,,
ICTSKILLGSINF.AGUNDER15Y.F,BGD,2021,.3,,
ICTSKILLGSINF.AGUNDER15Y.F,BGD,2023,5.5,,
ICTSKILLGSINF.AGUNDER15Y.GPIA,BGD,2021,.75,,
ICTSKILLGSINF.AGUNDER15Y.GPIA,BGD,2023,.8333333134651184,,
ICTSKILLGSINF.AGUNDER15Y.M,BGD,2021,.4,,
ICTSKILLGSINF.AGUNDER15Y.M,BGD,2023,6.6,,
ICTSKILLGSINF.F,BGD,2013,.9,,
ICTSKILLGSINF.F,BGD,2021,2.1,,
ICTSKILLGSINF.F,BGD,2023,20.1,,
ICTSKILLGSINF.F.LPIA,BGD,2013,.0344827584922314,,
ICTSKILLGSINF.F.LPIA,BGD,2021,.2888889014720917,,
ICTSKILLGSINF.F.LPIA,BGD,2023,.4367816150188446,,
ICTSKILLGSINF.GPIA,BGD,2013,.8999999761581421,,
ICTSKILLGSINF.GPIA,BGD,2021,.5249999761581421,,
ICTSKILLGSINF.GPIA,BGD,2023,.7913385629653931,,
ICTSKILLGSINF.LPIA,BGD,2013,.0333333350718021,,
ICTSKILLGSINF.LPIA,BGD,2021,.3499999940395355,,
ICTSKILLGSINF.LPIA,BGD,2023,.5211267471313477,,
ICTSKILLGSINF.M,BGD,2013,1,,
ICTSKILLGSINF.M,BGD,2021,4,,
ICTSKILLGSINF.M,BGD,2023,25.4,,
ICTSKILLGSINF.M.LPIA,BGD,2013,.0666666701436043,,
ICTSKILLGSINF.M.LPIA,BGD,2021,.3866666555404663,,
ICTSKILLGSINF.M.LPIA,BGD,2023,.6022099256515503,,
ICTSKILLGSINF.RUR,BGD,2013,.1,,
ICTSKILLGSINF.RUR,BGD,2021,2.1,,
ICTSKILLGSINF.RUR,BGD,2023,18.5,,
ICTSKILLGSINF.RUR.F,BGD,2013,.1,,
ICTSKILLGSINF.RUR.F,BGD,2021,1.3,,
ICTSKILLGSINF.RUR.F,BGD,2023,15.2,,
ICTSKILLGSINF.RUR.GPIA,BGD,2013,.5,,
ICTSKILLGSINF.RUR.GPIA,BGD,2021,.4482758641242981,,
ICTSKILLGSINF.RUR.GPIA,BGD,2023,.6972476840019226,,
ICTSKILLGSINF.RUR.M,BGD,2013,.2,,
ICTSKILLGSINF.RUR.M,BGD,2021,2.9,,
ICTSKILLGSINF.RUR.M,BGD,2023,21.8,,
ICTSKILLGSINF.URB,BGD,2013,3,,
ICTSKILLGSINF.URB,BGD,2021,6,,
ICTSKILLGSINF.URB,BGD,2023,35.5,,
ICTSKILLGSINF.URB.F,BGD,2013,2.9,,
ICTSKILLGSINF.URB.F,BGD,2021,4.5,,
ICTSKILLGSINF.URB.F,BGD,2023,34.8,,
ICTSKILLGSINF.URB.GPIA,BGD,2013,.9666666388511658,,
ICTSKILLGSINF.URB.GPIA,BGD,2021,.6000000238418579,,
ICTSKILLGSINF.URB.GPIA,BGD,2023,.9613259434700012,,
ICTSKILLGSINF.URB.M,BGD,2013,3,,
ICTSKILLGSINF.URB.M,BGD,2021,7.5,,
ICTSKILLGSINF.URB.M,BGD,2023,36.2,,
ICTSKILLHLTHINF,BGD,2013,.3,,
ICTSKILLHLTHINF,BGD,2021,5.3,,
ICTSKILLHLTHINF,BGD,2023,8,,
ICTSKILLHLTHINF.AG15T24,BGD,2013,.1,,
ICTSKILLHLTHINF.AG15T24,BGD,2021,8.9,,
ICTSKILLHLTHINF.AG15T24,BGD,2023,13.6,,
ICTSKILLHLTHINF.AG15T24.F,BGD,2013,0,,
ICTSKILLHLTHINF.AG15T24.F,BGD,2021,7,,
ICTSKILLHLTHINF.AG15T24.F,BGD,2023,11.3,,
ICTSKILLHLTHINF.AG15T24.GPIA,BGD,2013,0,NIL,
ICTSKILLHLTHINF.AG15T24.GPIA,BGD,2021,.6363636255264282,,
ICTSKILLHLTHINF.AG15T24.GPIA,BGD,2023,.7018633484840393,,
ICTSKILLHLTHINF.AG15T24.M,BGD,2013,.1,,
ICTSKILLHLTHINF.AG15T24.M,BGD,2021,11,,
ICTSKILLHLTHINF.AG15T24.M,BGD,2023,16.1,,
ICTSKILLHLTHINF.AG25T74,BGD,2013,.5,,
ICTSKILLHLTHINF.AG25T74,BGD,2021,5.7,,
ICTSKILLHLTHINF.AG25T74,BGD,2023,8.300000000000001,,
ICTSKILLHLTHINF.AG25T74.F,BGD,2013,.2,,
ICTSKILLHLTHINF.AG25T74.F,BGD,2021,3.9,,
ICTSKILLHLTHINF.AG25T74.F,BGD,2023,5.5,,
ICTSKILLHLTHINF.AG25T74.GPIA,BGD,2013,.25,,
ICTSKILLHLTHINF.AG25T74.GPIA,BGD,2021,.5131579041481018,,
ICTSKILLHLTHINF.AG25T74.GPIA,BGD,2023,.4954954981803894,,
ICTSKILLHLTHINF.AG25T74.M,BGD,2013,.8,,
ICTSKILLHLTHINF.AG25T74.M,BGD,2021,7.6,,
ICTSKILLHLTHINF.AG25T74.M,BGD,2023,11.1,,
ICTSKILLHLTHINF.AG75OROVER,BGD,2013,.1,,
ICTSKILLHLTHINF.AG75OROVER,BGD,2021,1.1,,
ICTSKILLHLTHINF.AG75OROVER,BGD,2023,.8,,
ICTSKILLHLTHINF.AG75OROVER.F,BGD,2013,.2,,
ICTSKILLHLTHINF.AG75OROVER.F,BGD,2021,.4,,
ICTSKILLHLTHINF.AG75OROVER.F,BGD,2023,.4,,
ICTSKILLHLTHINF.AG75OROVER.GPIA,BGD,2013,1.5,,
ICTSKILLHLTHINF.AG75OROVER.GPIA,BGD,2021,.25,,
ICTSKILLHLTHINF.AG75OROVER.GPIA,BGD,2023,.3636363744735718,,
ICTSKILLHLTHINF.AG75OROVER.M,BGD,2013,.1,,
ICTSKILLHLTHINF.AG75OROVER.M,BGD,2021,1.6,,
ICTSKILLHLTHINF.AG75OROVER.M,BGD,2023,1.1,,
ICTSKILLHLTHINF.AGUNDER15Y,BGD,2021,.8,,
ICTSKILLHLTHINF.AGUNDER15Y,BGD,2023,1.7,,
ICTSKILLHLTHINF.AGUNDER15Y.F,BGD,2021,.7,,
ICTSKILLHLTHINF.AGUNDER15Y.F,BGD,2023,1.4,,
ICTSKILLHLTHINF.AGUNDER15Y.GPIA,BGD,2021,.7777777910232544,,
ICTSKILLHLTHINF.AGUNDER15Y.GPIA,BGD,2023,.7368420958518982,,
ICTSKILLHLTHINF.AGUNDER15Y.M,BGD,2021,.9,,
ICTSKILLHLTHINF.AGUNDER15Y.M,BGD,2023,1.9,,
ICTSKILLHLTHINF.F,BGD,2013,.1,,
ICTSKILLHLTHINF.F,BGD,2021,3.9,,
ICTSKILLHLTHINF.F,BGD,2023,5.9,,
ICTSKILLHLTHINF.F.LPIA,BGD,2021,.6296296119689941,,
ICTSKILLHLTHINF.F.LPIA,BGD,2023,.3660714328289032,,
ICTSKILLHLTHINF.GPIA,BGD,2013,.2000000029802322,,
ICTSKILLHLTHINF.GPIA,BGD,2021,.5820895433425903,,
ICTSKILLHLTHINF.GPIA,BGD,2023,.5899999737739563,,
ICTSKILLHLTHINF.LPIA,BGD,2013,0,NIL,
ICTSKILLHLTHINF.LPIA,BGD,2021,.7058823704719543,,
ICTSKILLHLTHINF.LPIA,BGD,2023,.4846153855323792,,
ICTSKILLHLTHINF.M,BGD,2013,.5,,
ICTSKILLHLTHINF.M,BGD,2021,6.7,,
ICTSKILLHLTHINF.M,BGD,2023,10,,
ICTSKILLHLTHINF.M.LPIA,BGD,2013,0,NIL,
ICTSKILLHLTHINF.M.LPIA,BGD,2021,.7349397540092468,,
ICTSKILLHLTHINF.M.LPIA,BGD,2023,.5782312750816345,,
ICTSKILLHLTHINF.RUR,BGD,2013,0,,
ICTSKILLHLTHINF.RUR,BGD,2021,4.8,,
ICTSKILLHLTHINF.RUR,BGD,2023,6.3,,
ICTSKILLHLTHINF.RUR.F,BGD,2021,3.4,,
ICTSKILLHLTHINF.RUR.F,BGD,2023,4.1,,
ICTSKILLHLTHINF.RUR.GPIA,BGD,2021,.5573770403862,,
ICTSKILLHLTHINF.RUR.GPIA,BGD,2023,.4823529422283173,,
ICTSKILLHLTHINF.RUR.M,BGD,2013,0,,
ICTSKILLHLTHINF.RUR.M,BGD,2021,6.1,,
ICTSKILLHLTHINF.RUR.M,BGD,2023,8.5,,
ICTSKILLHLTHINF.URB,BGD,2013,.9,,
ICTSKILLHLTHINF.URB,BGD,2021,6.8,,
ICTSKILLHLTHINF.URB,BGD,2023,13,,
ICTSKILLHLTHINF.URB.F,BGD,2013,.3,,
ICTSKILLHLTHINF.URB.F,BGD,2021,5.4,,
ICTSKILLHLTHINF.URB.F,BGD,2023,11.2,,
ICTSKILLHLTHINF.URB.GPIA,BGD,2013,.1875,,
ICTSKILLHLTHINF.URB.GPIA,BGD,2021,.650602400302887,,
ICTSKILLHLTHINF.URB.GPIA,BGD,2023,.761904776096344,,
ICTSKILLHLTHINF.URB.M,BGD,2013,1.6,,
ICTSKILLHLTHINF.URB.M,BGD,2021,8.300000000000001,,
ICTSKILLHLTHINF.URB.M,BGD,2023,14.7,,
ICTSKILLINST,BGD,2021,4.2,,
ICTSKILLINST,BGD,2023,3.2,,
ICTSKILLINST.AG15T24,BGD,2021,8,,
ICTSKILLINST.AG15T24,BGD,2023,4.8,,
ICTSKILLINST.AG15T24.F,BGD,2021,7,,
ICTSKILLINST.AG15T24.F,BGD,2023,3.7,,
ICTSKILLINST.AG15T24.GPIA,BGD,2021,.7692307829856873,,
ICTSKILLINST.AG15T24.GPIA,BGD,2023,.6065573692321777,,
ICTSKILLINST.AG15T24.M,BGD,2021,9.1,,
ICTSKILLINST.AG15T24.M,BGD,2023,6.1,,
ICTSKILLINST.AG25T74,BGD,2021,4.5,,
ICTSKILLINST.AG25T74,BGD,2023,3.8,,
ICTSKILLINST.AG25T74.F,BGD,2021,3.2,,
ICTSKILLINST.AG25T74.F,BGD,2023,2,,
ICTSKILLINST.AG25T74.GPIA,BGD,2021,.5517241358757019,,
ICTSKILLINST.AG25T74.GPIA,BGD,2023,.3636363744735718,,
ICTSKILLINST.AG25T74.M,BGD,2021,5.8,,
ICTSKILLINST.AG25T74.M,BGD,2023,5.5,,
ICTSKILLINST.AG75OROVER,BGD,2021,.1,,
ICTSKILLINST.AG75OROVER,BGD,2023,.4,,
ICTSKILLINST.AG75OROVER.F,BGD,2023,.3,,
ICTSKILLINST.AG75OROVER.GPIA,BGD,2023,.6000000238418579,,
ICTSKILLINST.AG75OROVER.M,BGD,2021,.2,,
ICTSKILLINST.AG75OROVER.M,BGD,2023,.5,,
ICTSKILLINST.AGUNDER15Y,BGD,2021,.2,,
ICTSKILLINST.AGUNDER15Y,BGD,2023,.2,,
ICTSKILLINST.AGUNDER15Y.F,BGD,2021,.1,,
ICTSKILLINST.AGUNDER15Y.F,BGD,2023,.1,,
ICTSKILLINST.AGUNDER15Y.GPIA,BGD,2021,.3333333432674408,,
ICTSKILLINST.AGUNDER15Y.GPIA,BGD,2023,.3333333432674408,,
ICTSKILLINST.AGUNDER15Y.M,BGD,2021,.3,,
ICTSKILLINST.AGUNDER15Y.M,BGD,2023,.3,,
ICTSKILLINST.F,BGD,2021,3.4,,
ICTSKILLINST.F,BGD,2023,2,,
ICTSKILLINST.F.LPIA,BGD,2021,.3538461625576019,,
ICTSKILLINST.F.LPIA,BGD,2023,.5161290168762207,,
ICTSKILLINST.GPIA,BGD,2021,.6666666865348816,,
ICTSKILLINST.GPIA,BGD,2023,.4444444477558136,,
ICTSKILLINST.LPIA,BGD,2021,.5806451439857483,,
ICTSKILLINST.LPIA,BGD,2023,.6590909361839294,,
ICTSKILLINST.M,BGD,2021,5.1,,
ICTSKILLINST.M,BGD,2023,4.5,,
ICTSKILLINST.M.LPIA,BGD,2021,.8305084705352783,,
ICTSKILLINST.M.LPIA,BGD,2023,.7321428656578064,,
ICTSKILLINST.RUR,BGD,2021,3.6,,
ICTSKILLINST.RUR,BGD,2023,2.9,,
ICTSKILLINST.RUR.F,BGD,2021,2.3,,
ICTSKILLINST.RUR.F,BGD,2023,1.6,,
ICTSKILLINST.RUR.GPIA,BGD,2021,.4693877696990967,,
ICTSKILLINST.RUR.GPIA,BGD,2023,.3902438879013062,,
ICTSKILLINST.RUR.M,BGD,2021,4.9,,
ICTSKILLINST.RUR.M,BGD,2023,4.1,,
ICTSKILLINST.URB,BGD,2021,6.2,,
ICTSKILLINST.URB,BGD,2023,4.4,,
ICTSKILLINST.URB.F,BGD,2021,6.5,,
ICTSKILLINST.URB.F,BGD,2023,3.1,,
ICTSKILLINST.URB.GPIA,BGD,2021,1.092307686805725,,
ICTSKILLINST.URB.GPIA,BGD,2023,.5535714030265808,,
ICTSKILLINST.URB.M,BGD,2021,5.9,,
ICTSKILLINST.URB.M,BGD,2023,5.6,,
ICTSKILLINTBNK,BGD,2013,1.3,,
ICTSKILLINTBNK,BGD,2023,1.6,,
ICTSKILLINTBNK.AG15T24,BGD,2013,2.1,,
ICTSKILLINTBNK.AG15T24,BGD,2023,2.1,,
ICTSKILLINTBNK.AG15T24.F,BGD,2013,1.8,,
ICTSKILLINTBNK.AG15T24.F,BGD,2023,1.4,,
ICTSKILLINTBNK.AG15T24.GPIA,BGD,2013,.75,,
ICTSKILLINTBNK.AG15T24.GPIA,BGD,2023,.4666666686534882,,
ICTSKILLINTBNK.AG15T24.M,BGD,2013,2.4,,
ICTSKILLINTBNK.AG15T24.M,BGD,2023,3,,
ICTSKILLINTBNK.AG25T74,BGD,2013,1.6,,
ICTSKILLINTBNK.AG25T74,BGD,2023,2,,
ICTSKILLINTBNK.AG25T74.F,BGD,2013,.9,,
ICTSKILLINTBNK.AG25T74.F,BGD,2023,.9,,
ICTSKILLINTBNK.AG25T74.GPIA,BGD,2013,.3913043439388275,,
ICTSKILLINTBNK.AG25T74.GPIA,BGD,2023,.2903225719928741,,
ICTSKILLINTBNK.AG25T74.M,BGD,2013,2.3,,
ICTSKILLINTBNK.AG25T74.M,BGD,2023,3.1,,
ICTSKILLINTBNK.AG75OROVER,BGD,2013,.1,,
ICTSKILLINTBNK.AG75OROVER,BGD,2023,.1,,
ICTSKILLINTBNK.AG75OROVER.F,BGD,2013,.1,,
ICTSKILLINTBNK.AG75OROVER.M,BGD,2013,0,,
ICTSKILLINTBNK.AG75OROVER.M,BGD,2023,.2,,
ICTSKILLINTBNK.AGUNDER15Y,BGD,2013,.1,,
ICTSKILLINTBNK.AGUNDER15Y,BGD,2023,0,,
ICTSKILLINTBNK.AGUNDER15Y.F,BGD,2013,.1,,
ICTSKILLINTBNK.AGUNDER15Y.F,BGD,2023,0,,
ICTSKILLINTBNK.AGUNDER15Y.GPIA,BGD,2013,1,,
ICTSKILLINTBNK.AGUNDER15Y.GPIA,BGD,2023,0,NIL,
ICTSKILLINTBNK.AGUNDER15Y.M,BGD,2013,.1,,
ICTSKILLINTBNK.AGUNDER15Y.M,BGD,2023,.1,,
ICTSKILLINTBNK.F,BGD,2013,.8,,
ICTSKILLINTBNK.F,BGD,2023,.8,,
ICTSKILLINTBNK.F.LPIA,BGD,2013,.0384615398943424,,
ICTSKILLINTBNK.F.LPIA,BGD,2023,.4000000059604645,,
ICTSKILLINTBNK.GPIA,BGD,2013,.4705882370471954,,
ICTSKILLINTBNK.GPIA,BGD,2023,.3333333432674408,,
ICTSKILLINTBNK.LPIA,BGD,2013,.0500000007450581,,
ICTSKILLINTBNK.LPIA,BGD,2023,.4285714328289032,,
ICTSKILLINTBNK.M,BGD,2013,1.7,,
ICTSKILLINTBNK.M,BGD,2023,2.4,,
ICTSKILLINTBNK.M.LPIA,BGD,2013,.0566037744283676,,
ICTSKILLINTBNK.M.LPIA,BGD,2023,.4285714328289032,,
ICTSKILLINTBNK.RUR,BGD,2013,.2,,
ICTSKILLINTBNK.RUR,BGD,2023,1.2,,
ICTSKILLINTBNK.RUR.F,BGD,2013,.1,,
ICTSKILLINTBNK.RUR.F,BGD,2023,.6,,
ICTSKILLINTBNK.RUR.GPIA,BGD,2013,.3333333432674408,,
ICTSKILLINTBNK.RUR.GPIA,BGD,2023,.3333333432674408,,
ICTSKILLINTBNK.RUR.M,BGD,2013,.3,,
ICTSKILLINTBNK.RUR.M,BGD,2023,1.8,,
ICTSKILLINTBNK.URB,BGD,2013,4,,
ICTSKILLINTBNK.URB,BGD,2023,2.8,,
ICTSKILLINTBNK.URB.F,BGD,2013,2.6,,
ICTSKILLINTBNK.URB.F,BGD,2023,1.5,,
ICTSKILLINTBNK.URB.GPIA,BGD,2013,.4905660450458527,,
ICTSKILLINTBNK.URB.GPIA,BGD,2023,.3571428656578064,,
ICTSKILLINTBNK.URB.M,BGD,2013,5.3,,
ICTSKILLINTBNK.URB.M,BGD,2023,4.2,,
ICTSKILLONLCNS,BGD,2021,.3,,
ICTSKILLONLCNS,BGD,2023,1.6,,
ICTSKILLONLCNS.AG15T24,BGD,2021,.4,,
ICTSKILLONLCNS.AG15T24,BGD,2023,4.1,,
ICTSKILLONLCNS.AG15T24.F,BGD,2021,.3,,
ICTSKILLONLCNS.AG15T24.F,BGD,2023,3.5,,
ICTSKILLONLCNS.AG15T24.GPIA,BGD,2021,.4285714328289032,,
ICTSKILLONLCNS.AG15T24.GPIA,BGD,2023,.7291666865348816,,
ICTSKILLONLCNS.AG15T24.M,BGD,2021,.7,,
ICTSKILLONLCNS.AG15T24.M,BGD,2023,4.8,,
ICTSKILLONLCNS.AG25T74,BGD,2021,.3,,
ICTSKILLONLCNS.AG25T74,BGD,2023,1,,
ICTSKILLONLCNS.AG25T74.F,BGD,2021,.1,,
ICTSKILLONLCNS.AG25T74.F,BGD,2023,.6,,
ICTSKILLONLCNS.AG25T74.GPIA,BGD,2021,.1666666716337204,,
ICTSKILLONLCNS.AG25T74.GPIA,BGD,2023,.4285714328289032,,
ICTSKILLONLCNS.AG25T74.M,BGD,2021,.6,,
ICTSKILLONLCNS.AG25T74.M,BGD,2023,1.4,,
ICTSKILLONLCNS.AG75OROVER,BGD,2021,.2,,
ICTSKILLONLCNS.AG75OROVER,BGD,2023,0,,
ICTSKILLONLCNS.AG75OROVER.M,BGD,2021,.3,,
ICTSKILLONLCNS.AG75OROVER.M,BGD,2023,0,,
ICTSKILLONLCNS.AGUNDER15Y,BGD,2021,0,,
ICTSKILLONLCNS.AGUNDER15Y,BGD,2023,1,,
ICTSKILLONLCNS.AGUNDER15Y.F,BGD,2021,0,,
ICTSKILLONLCNS.AGUNDER15Y.F,BGD,2023,.8,,
ICTSKILLONLCNS.AGUNDER15Y.GPIA,BGD,2023,.6666666865348816,,
ICTSKILLONLCNS.AGUNDER15Y.M,BGD,2021,0,,
ICTSKILLONLCNS.AGUNDER15Y.M,BGD,2023,1.2,,
ICTSKILLONLCNS.F,BGD,2021,.1,,
ICTSKILLONLCNS.F,BGD,2023,1.3,,
ICTSKILLONLCNS.F.LPIA,BGD,2021,.3333333432674408,,
ICTSKILLONLCNS.F.LPIA,BGD,2023,.1875,,
ICTSKILLONLCNS.GPIA,BGD,2021,.2000000029802322,,
ICTSKILLONLCNS.GPIA,BGD,2023,.6499999761581421,,
ICTSKILLONLCNS.LPIA,BGD,2021,.4000000059604645,,
ICTSKILLONLCNS.LPIA,BGD,2023,.2777777910232544,,
ICTSKILLONLCNS.M,BGD,2021,.5,,
ICTSKILLONLCNS.M,BGD,2023,2,,
ICTSKILLONLCNS.M.LPIA,BGD,2021,.5714285969734192,,
ICTSKILLONLCNS.M.LPIA,BGD,2023,.3333333432674408,,
ICTSKILLONLCNS.RUR,BGD,2021,.2,,
ICTSKILLONLCNS.RUR,BGD,2023,1,,
ICTSKILLONLCNS.RUR.F,BGD,2021,.1,,
ICTSKILLONLCNS.RUR.F,BGD,2023,.6,,
ICTSKILLONLCNS.RUR.GPIA,BGD,2021,.25,,
ICTSKILLONLCNS.RUR.GPIA,BGD,2023,.4615384638309479,,
ICTSKILLONLCNS.RUR.M,BGD,2021,.4,,
ICTSKILLONLCNS.RUR.M,BGD,2023,1.3,,
ICTSKILLONLCNS.URB,BGD,2021,.5,,
ICTSKILLONLCNS.URB,BGD,2023,3.6,,
ICTSKILLONLCNS.URB.F,BGD,2021,.3,,
ICTSKILLONLCNS.URB.F,BGD,2023,3.2,,
ICTSKILLONLCNS.URB.GPIA,BGD,2021,.4285714328289032,,
ICTSKILLONLCNS.URB.GPIA,BGD,2023,.8205128312110901,,
ICTSKILLONLCNS.URB.M,BGD,2021,.7,,
ICTSKILLONLCNS.URB.M,BGD,2023,3.9,,
ICTSKILLONLSFT,BGD,2021,.1,,
ICTSKILLONLSFT,BGD,2023,3.6,,
ICTSKILLONLSFT.AG15T24,BGD,2021,.1,,
ICTSKILLONLSFT.AG15T24,BGD,2023,8.5,,
ICTSKILLONLSFT.AG15T24.F,BGD,2021,0,,
ICTSKILLONLSFT.AG15T24.F,BGD,2023,6.5,,
ICTSKILLONLSFT.AG15T24.GPIA,BGD,2021,0,NIL,
ICTSKILLONLSFT.AG15T24.GPIA,BGD,2023,.6132075190544128,,
ICTSKILLONLSFT.AG15T24.M,BGD,2021,.2,,
ICTSKILLONLSFT.AG15T24.M,BGD,2023,10.6,,
ICTSKILLONLSFT.AG25T74,BGD,2021,.1,,
ICTSKILLONLSFT.AG25T74,BGD,2023,2.8,,
ICTSKILLONLSFT.AG25T74.F,BGD,2021,0,,
ICTSKILLONLSFT.AG25T74.F,BGD,2023,2,,
ICTSKILLONLSFT.AG25T74.GPIA,BGD,2021,0,NIL,
ICTSKILLONLSFT.AG25T74.GPIA,BGD,2023,.5555555820465088,,
ICTSKILLONLSFT.AG25T74.M,BGD,2021,.2,,
ICTSKILLONLSFT.AG25T74.M,BGD,2023,3.6,,
ICTSKILLONLSFT.AG75OROVER,BGD,2023,.1,,
ICTSKILLONLSFT.AG75OROVER.M,BGD,2023,.2,,
ICTSKILLONLSFT.AGUNDER15Y,BGD,2021,0,,
ICTSKILLONLSFT.AGUNDER15Y,BGD,2023,1.3,,
ICTSKILLONLSFT.AGUNDER15Y.F,BGD,2021,0,,
ICTSKILLONLSFT.AGUNDER15Y.F,BGD,2023,1.1,,
ICTSKILLONLSFT.AGUNDER15Y.GPIA,BGD,2023,.7333333492279053,,
ICTSKILLONLSFT.AGUNDER15Y.M,BGD,2021,0,,
ICTSKILLONLSFT.AGUNDER15Y.M,BGD,2023,1.5,,
ICTSKILLONLSFT.F,BGD,2021,0,,
ICTSKILLONLSFT.F,BGD,2023,2.8,,
ICTSKILLONLSFT.F.LPIA,BGD,2023,.4888888895511627,,
ICTSKILLONLSFT.GPIA,BGD,2021,0,NIL,
ICTSKILLONLSFT.GPIA,BGD,2023,.6222222447395325,,
ICTSKILLONLSFT.LPIA,BGD,2021,.5,,
ICTSKILLONLSFT.LPIA,BGD,2023,.5454545617103577,,
ICTSKILLONLSFT.M,BGD,2021,.2,,
ICTSKILLONLSFT.M,BGD,2023,4.5,,
ICTSKILLONLSFT.M.LPIA,BGD,2021,.25,,
ICTSKILLONLSFT.M.LPIA,BGD,2023,.609375,,
ICTSKILLONLSFT.RUR,BGD,2021,.1,,
ICTSKILLONLSFT.RUR,BGD,2023,3,,
ICTSKILLONLSFT.RUR.F,BGD,2021,0,,
ICTSKILLONLSFT.RUR.F,BGD,2023,2.2,,
ICTSKILLONLSFT.RUR.GPIA,BGD,2021,0,NIL,
ICTSKILLONLSFT.RUR.GPIA,BGD,2023,.5641025900840759,,
ICTSKILLONLSFT.RUR.M,BGD,2021,.1,,
ICTSKILLONLSFT.RUR.M,BGD,2023,3.9,,
ICTSKILLONLSFT.URB,BGD,2021,.2,,
ICTSKILLONLSFT.URB,BGD,2023,5.5,,
ICTSKILLONLSFT.URB.F,BGD,2021,0,,
ICTSKILLONLSFT.URB.F,BGD,2023,4.5,,
ICTSKILLONLSFT.URB.GPIA,BGD,2021,0,NIL,
ICTSKILLONLSFT.URB.GPIA,BGD,2023,.703125,,
ICTSKILLONLSFT.URB.M,BGD,2021,.4,,
ICTSKILLONLSFT.URB.M,BGD,2023,6.4,,
ICTSKILLPCPR,BGD,2021,.6,,
ICTSKILLPCPR,BGD,2023,.5,,
ICTSKILLPCPR.AG15T24,BGD,2021,1.1,,
ICTSKILLPCPR.AG15T24,BGD,2023,.8,,
ICTSKILLPCPR.AG15T24.F,BGD,2021,1,,
ICTSKILLPCPR.AG15T24.F,BGD,2023,.7,,
ICTSKILLPCPR.AG15T24.GPIA,BGD,2021,.7692307829856873,,
ICTSKILLPCPR.AG15T24.GPIA,BGD,2023,.875,,
ICTSKILLPCPR.AG15T24.M,BGD,2021,1.3,,
ICTSKILLPCPR.AG15T24.M,BGD,2023,.8,,
ICTSKILLPCPR.AG25T74,BGD,2021,.6,,
ICTSKILLPCPR.AG25T74,BGD,2023,.5,,
ICTSKILLPCPR.AG25T74.F,BGD,2021,.3,,
ICTSKILLPCPR.AG25T74.F,BGD,2023,.4,,
ICTSKILLPCPR.AG25T74.GPIA,BGD,2021,.375,,
ICTSKILLPCPR.AG25T74.GPIA,BGD,2023,.800000011920929,,
ICTSKILLPCPR.AG25T74.M,BGD,2021,.8,,
ICTSKILLPCPR.AG25T74.M,BGD,2023,.5,,
ICTSKILLPCPR.AG75OROVER,BGD,2023,0,,
ICTSKILLPCPR.AG75OROVER.M,BGD,2023,0,,
ICTSKILLPCPR.AGUNDER15Y,BGD,2021,0,,
ICTSKILLPCPR.AGUNDER15Y,BGD,2023,.2,,
ICTSKILLPCPR.AGUNDER15Y.F,BGD,2021,0,,
ICTSKILLPCPR.AGUNDER15Y.F,BGD,2023,.2,,
ICTSKILLPCPR.AGUNDER15Y.GPIA,BGD,2023,1,,
ICTSKILLPCPR.AGUNDER15Y.M,BGD,2021,0,,
ICTSKILLPCPR.AGUNDER15Y.M,BGD,2023,.2,,
ICTSKILLPCPR.F,BGD,2021,.4,,
ICTSKILLPCPR.F,BGD,2023,.4,,
ICTSKILLPCPR.F.LPIA,BGD,2021,.1818181872367859,,
ICTSKILLPCPR.F.LPIA,BGD,2023,.0714285746216774,,
ICTSKILLPCPR.GPIA,BGD,2021,.5714285969734192,,
ICTSKILLPCPR.GPIA,BGD,2023,.800000011920929,,
ICTSKILLPCPR.LPIA,BGD,2021,.125,,
ICTSKILLPCPR.LPIA,BGD,2023,.1428571492433548,,
ICTSKILLPCPR.M,BGD,2021,.7,,
ICTSKILLPCPR.M,BGD,2023,.5,,
ICTSKILLPCPR.M.LPIA,BGD,2021,.1428571492433548,,
ICTSKILLPCPR.M.LPIA,BGD,2023,.1538461595773697,,
ICTSKILLPCPR.RUR,BGD,2021,.2,,
ICTSKILLPCPR.RUR,BGD,2023,.2,,
ICTSKILLPCPR.RUR.F,BGD,2021,.2,,
ICTSKILLPCPR.RUR.F,BGD,2023,.1,,
ICTSKILLPCPR.RUR.GPIA,BGD,2021,.6666666865348816,,
ICTSKILLPCPR.RUR.GPIA,BGD,2023,.5,,
ICTSKILLPCPR.RUR.M,BGD,2021,.3,,
ICTSKILLPCPR.RUR.M,BGD,2023,.2,,
ICTSKILLPCPR.URB,BGD,2021,1.6,,
ICTSKILLPCPR.URB,BGD,2023,1.4,,
ICTSKILLPCPR.URB.F,BGD,2021,1.1,,
ICTSKILLPCPR.URB.F,BGD,2023,1.4,,
ICTSKILLPCPR.URB.GPIA,BGD,2021,.523809552192688,,
ICTSKILLPCPR.URB.GPIA,BGD,2023,1.071428537368774,,
ICTSKILLPCPR.URB.M,BGD,2021,2.1,,
ICTSKILLPCPR.URB.M,BGD,2023,1.3,,
ICTSKILLPRVCY,BGD,2021,6.3,,
ICTSKILLPRVCY,BGD,2023,5,,
ICTSKILLPRVCY.AG15T24,BGD,2021,10.1,,
ICTSKILLPRVCY.AG15T24,BGD,2023,12.3,,
ICTSKILLPRVCY.AG15T24.F,BGD,2021,9.199999999999999,,
ICTSKILLPRVCY.AG15T24.F,BGD,2023,10.1,,
ICTSKILLPRVCY.AG15T24.GPIA,BGD,2021,.8288288116455078,,
ICTSKILLPRVCY.AG15T24.GPIA,BGD,2023,.6917808055877686,,
ICTSKILLPRVCY.AG15T24.M,BGD,2021,11.1,,
ICTSKILLPRVCY.AG15T24.M,BGD,2023,14.6,,
ICTSKILLPRVCY.AG25T74,BGD,2021,7,,
ICTSKILLPRVCY.AG25T74,BGD,2023,3.5,,
ICTSKILLPRVCY.AG25T74.F,BGD,2021,5.1,,
ICTSKILLPRVCY.AG25T74.F,BGD,2023,2,,
ICTSKILLPRVCY.AG25T74.GPIA,BGD,2021,.5730336904525757,,
ICTSKILLPRVCY.AG25T74.GPIA,BGD,2023,.4081632792949677,,
ICTSKILLPRVCY.AG25T74.M,BGD,2021,8.9,,
ICTSKILLPRVCY.AG25T74.M,BGD,2023,4.9,,
ICTSKILLPRVCY.AG75OROVER,BGD,2021,.1,,
ICTSKILLPRVCY.AG75OROVER,BGD,2023,.1,,
ICTSKILLPRVCY.AG75OROVER.M,BGD,2021,.1,,
ICTSKILLPRVCY.AG75OROVER.M,BGD,2023,.2,,
ICTSKILLPRVCY.AGUNDER15Y,BGD,2021,.9,,
ICTSKILLPRVCY.AGUNDER15Y,BGD,2023,2.2,,
ICTSKILLPRVCY.AGUNDER15Y.F,BGD,2021,.9,,
ICTSKILLPRVCY.AGUNDER15Y.F,BGD,2023,2,,
ICTSKILLPRVCY.AGUNDER15Y.GPIA,BGD,2021,1,,
ICTSKILLPRVCY.AGUNDER15Y.GPIA,BGD,2023,.8333333134651184,,
ICTSKILLPRVCY.AGUNDER15Y.M,BGD,2021,.9,,
ICTSKILLPRVCY.AGUNDER15Y.M,BGD,2023,2.4,,
ICTSKILLPRVCY.F,BGD,2021,5.1,,
ICTSKILLPRVCY.F,BGD,2023,3.7,,
ICTSKILLPRVCY.F.LPIA,BGD,2021,.3499999940395355,,
ICTSKILLPRVCY.F.LPIA,BGD,2023,.2948718070983887,,
ICTSKILLPRVCY.GPIA,BGD,2021,.6800000071525574,,
ICTSKILLPRVCY.GPIA,BGD,2023,.5967742204666138,,
ICTSKILLPRVCY.LPIA,BGD,2021,.5204081535339355,,
ICTSKILLPRVCY.LPIA,BGD,2023,.4470588266849518,,
ICTSKILLPRVCY.M,BGD,2021,7.5,,
ICTSKILLPRVCY.M,BGD,2023,6.2,,
ICTSKILLPRVCY.M.LPIA,BGD,2021,.7157894968986511,,
ICTSKILLPRVCY.M.LPIA,BGD,2023,.5824176073074341,,
ICTSKILLPRVCY.RUR,BGD,2021,5.1,,
ICTSKILLPRVCY.RUR,BGD,2023,3.8,,
ICTSKILLPRVCY.RUR.F,BGD,2021,3.5,,
ICTSKILLPRVCY.RUR.F,BGD,2023,2.3,,
ICTSKILLPRVCY.RUR.GPIA,BGD,2021,.5147058963775635,,
ICTSKILLPRVCY.RUR.GPIA,BGD,2023,.4339622557163239,,
ICTSKILLPRVCY.RUR.M,BGD,2021,6.8,,
ICTSKILLPRVCY.RUR.M,BGD,2023,5.3,,
ICTSKILLPRVCY.URB,BGD,2021,9.800000000000001,,
ICTSKILLPRVCY.URB,BGD,2023,8.5,,
ICTSKILLPRVCY.URB.F,BGD,2021,10,,
ICTSKILLPRVCY.URB.F,BGD,2023,7.8,,
ICTSKILLPRVCY.URB.GPIA,BGD,2021,1.049999952316284,,
ICTSKILLPRVCY.URB.GPIA,BGD,2023,.8571428656578064,,
ICTSKILLPRVCY.URB.M,BGD,2021,9.5,,
ICTSKILLPRVCY.URB.M,BGD,2023,9.1,,
ICTSKILLSCRTY,BGD,2021,6,,
ICTSKILLSCRTY,BGD,2023,8,,
ICTSKILLSCRTY.AG15T24,BGD,2021,9,,
ICTSKILLSCRTY.AG15T24,BGD,2023,17.2,,
ICTSKILLSCRTY.AG15T24.F,BGD,2021,8.300000000000001,,
ICTSKILLSCRTY.AG15T24.F,BGD,2023,14.7,,
ICTSKILLSCRTY.AG15T24.GPIA,BGD,2021,.8469387888908386,,
ICTSKILLSCRTY.AG15T24.GPIA,BGD,2023,.7424242496490479,,
ICTSKILLSCRTY.AG15T24.M,BGD,2021,9.800000000000001,,
ICTSKILLSCRTY.AG15T24.M,BGD,2023,19.8,,
ICTSKILLSCRTY.AG25T74,BGD,2021,7,,
ICTSKILLSCRTY.AG25T74,BGD,2023,6.8,,
ICTSKILLSCRTY.AG25T74.F,BGD,2021,5.1,,
ICTSKILLSCRTY.AG25T74.F,BGD,2023,5,,
ICTSKILLSCRTY.AG25T74.GPIA,BGD,2021,.5795454382896423,,
ICTSKILLSCRTY.AG25T74.GPIA,BGD,2023,.5813953280448914,,
ICTSKILLSCRTY.AG25T74.M,BGD,2021,8.800000000000001,,
ICTSKILLSCRTY.AG25T74.M,BGD,2023,8.6,,
ICTSKILLSCRTY.AG75OROVER,BGD,2021,.2,,
ICTSKILLSCRTY.AG75OROVER,BGD,2023,.2,,
ICTSKILLSCRTY.AG75OROVER.M,BGD,2021,.3,,
ICTSKILLSCRTY.AG75OROVER.M,BGD,2023,.3,,
ICTSKILLSCRTY.AGUNDER15Y,BGD,2021,1,,
ICTSKILLSCRTY.AGUNDER15Y,BGD,2023,2.5,,
ICTSKILLSCRTY.AGUNDER15Y.F,BGD,2021,.9,,
ICTSKILLSCRTY.AGUNDER15Y.F,BGD,2023,2.3,,
ICTSKILLSCRTY.AGUNDER15Y.GPIA,BGD,2021,.8999999761581421,,
ICTSKILLSCRTY.AGUNDER15Y.GPIA,BGD,2023,.8518518805503845,,
ICTSKILLSCRTY.AGUNDER15Y.M,BGD,2021,1,,
ICTSKILLSCRTY.AGUNDER15Y.M,BGD,2023,2.7,,
ICTSKILLSCRTY.F,BGD,2021,4.9,,
ICTSKILLSCRTY.F,BGD,2023,6.5,,
ICTSKILLSCRTY.F.LPIA,BGD,2021,.3763440847396851,,
ICTSKILLSCRTY.F.LPIA,BGD,2023,.4811320900917053,,
ICTSKILLSCRTY.GPIA,BGD,2021,.6805555820465088,,
ICTSKILLSCRTY.GPIA,BGD,2023,.6842105388641357,,
ICTSKILLSCRTY.LPIA,BGD,2021,.54347825050354,,
ICTSKILLSCRTY.LPIA,BGD,2023,.6160714030265808,,
ICTSKILLSCRTY.M,BGD,2021,7.2,,
ICTSKILLSCRTY.M,BGD,2023,9.5,,
ICTSKILLSCRTY.M.LPIA,BGD,2021,.7252747416496277,,
ICTSKILLSCRTY.M.LPIA,BGD,2023,.7372881174087524,,
ICTSKILLSCRTY.RUR,BGD,2021,5,,
ICTSKILLSCRTY.RUR,BGD,2023,6.9,,
ICTSKILLSCRTY.RUR.F,BGD,2021,3.5,,
ICTSKILLSCRTY.RUR.F,BGD,2023,5.1,,
ICTSKILLSCRTY.RUR.GPIA,BGD,2021,.5303030014038086,,
ICTSKILLSCRTY.RUR.GPIA,BGD,2023,.5862069129943848,,
ICTSKILLSCRTY.RUR.M,BGD,2021,6.6,,
ICTSKILLSCRTY.RUR.M,BGD,2023,8.699999999999999,,
ICTSKILLSCRTY.URB,BGD,2021,9.199999999999999,,
ICTSKILLSCRTY.URB,BGD,2023,11.2,,
ICTSKILLSCRTY.URB.F,BGD,2021,9.300000000000001,,
ICTSKILLSCRTY.URB.F,BGD,2023,10.6,,
ICTSKILLSCRTY.URB.GPIA,BGD,2021,1.021505355834961,,
ICTSKILLSCRTY.URB.GPIA,BGD,2023,.8983050584793091,,
ICTSKILLSCRTY.URB.M,BGD,2021,9.1,,
ICTSKILLSCRTY.URB.M,BGD,2023,11.8,,
ICTSKILLSNTWK,BGD,2021,32.4,,
ICTSKILLSNTWK,BGD,2023,33.5,,
ICTSKILLSNTWK.AG15T24,BGD,2021,55.1,,
ICTSKILLSNTWK.AG15T24,BGD,2023,52.3,,
ICTSKILLSNTWK.AG15T24.F,BGD,2021,48.2,,
ICTSKILLSNTWK.AG15T24.F,BGD,2023,43,,
ICTSKILLSNTWK.AG15T24.GPIA,BGD,2021,.7638669013977051,,
ICTSKILLSNTWK.AG15T24.GPIA,BGD,2023,.6891025900840759,,
ICTSKILLSNTWK.AG15T24.M,BGD,2021,63.1,,
ICTSKILLSNTWK.AG15T24.M,BGD,2023,62.4,,
ICTSKILLSNTWK.AG25T74,BGD,2021,31.6,,
ICTSKILLSNTWK.AG25T74,BGD,2023,35.7,,
ICTSKILLSNTWK.AG25T74.F,BGD,2021,24.2,,
ICTSKILLSNTWK.AG25T74.F,BGD,2023,27.8,,
ICTSKILLSNTWK.AG25T74.GPIA,BGD,2021,.6173469424247742,,
ICTSKILLSNTWK.AG25T74.GPIA,BGD,2023,.6390804648399353,,
ICTSKILLSNTWK.AG25T74.M,BGD,2021,39.2,,
ICTSKILLSNTWK.AG25T74.M,BGD,2023,43.5,,
ICTSKILLSNTWK.AG75OROVER,BGD,2021,4.6,,
ICTSKILLSNTWK.AG75OROVER,BGD,2023,2.3,,
ICTSKILLSNTWK.AG75OROVER.F,BGD,2021,2.1,,
ICTSKILLSNTWK.AG75OROVER.F,BGD,2023,1.2,,
ICTSKILLSNTWK.AG75OROVER.GPIA,BGD,2021,.3181818127632141,,
ICTSKILLSNTWK.AG75OROVER.GPIA,BGD,2023,.4000000059604645,,
ICTSKILLSNTWK.AG75OROVER.M,BGD,2021,6.6,,
ICTSKILLSNTWK.AG75OROVER.M,BGD,2023,3,,
ICTSKILLSNTWK.AGUNDER15Y,BGD,2021,14.3,,
ICTSKILLSNTWK.AGUNDER15Y,BGD,2023,9.300000000000001,,
ICTSKILLSNTWK.AGUNDER15Y.F,BGD,2021,13.7,,
ICTSKILLSNTWK.AGUNDER15Y.F,BGD,2023,8.1,,
ICTSKILLSNTWK.AGUNDER15Y.GPIA,BGD,2021,.9256756901741028,,
ICTSKILLSNTWK.AGUNDER15Y.GPIA,BGD,2023,.7788461446762085,,
ICTSKILLSNTWK.AGUNDER15Y.M,BGD,2021,14.8,,
ICTSKILLSNTWK.AGUNDER15Y.M,BGD,2023,10.4,,
ICTSKILLSNTWK.F,BGD,2021,27,,
ICTSKILLSNTWK.F,BGD,2023,27,,
ICTSKILLSNTWK.F.LPIA,BGD,2021,.3194945752620697,,
ICTSKILLSNTWK.F.LPIA,BGD,2023,.4213836491107941,,
ICTSKILLSNTWK.GPIA,BGD,2021,.7124010324478149,,
ICTSKILLSNTWK.GPIA,BGD,2023,.6766917109489441,,
ICTSKILLSNTWK.LPIA,BGD,2021,.4023769199848175,,
ICTSKILLSNTWK.LPIA,BGD,2023,.5485148429870605,,
ICTSKILLSNTWK.M,BGD,2021,37.9,,
ICTSKILLSNTWK.M,BGD,2023,39.9,,
ICTSKILLSNTWK.M.LPIA,BGD,2021,.4775640964508057,,
ICTSKILLSNTWK.M.LPIA,BGD,2023,.6622889041900635,,
ICTSKILLSNTWK.RUR,BGD,2021,23.7,,
ICTSKILLSNTWK.RUR,BGD,2023,27.7,,
ICTSKILLSNTWK.RUR.F,BGD,2021,17.7,,
ICTSKILLSNTWK.RUR.F,BGD,2023,20.1,,
ICTSKILLSNTWK.RUR.GPIA,BGD,2021,.5939597487449646,,
ICTSKILLSNTWK.RUR.GPIA,BGD,2023,.5694050788879395,,
ICTSKILLSNTWK.RUR.M,BGD,2021,29.8,,
ICTSKILLSNTWK.RUR.M,BGD,2023,35.3,,
ICTSKILLSNTWK.URB,BGD,2021,58.9,,
ICTSKILLSNTWK.URB,BGD,2023,50.5,,
ICTSKILLSNTWK.URB.F,BGD,2021,55.4,,
ICTSKILLSNTWK.URB.F,BGD,2023,47.7,,
ICTSKILLSNTWK.URB.GPIA,BGD,2021,.8878205418586731,,
ICTSKILLSNTWK.URB.GPIA,BGD,2023,.894934356212616,,
ICTSKILLSNTWK.URB.M,BGD,2021,62.4,,
ICTSKILLSNTWK.URB.M,BGD,2023,53.3,,
ICTSKILLSOFT,BGD,2021,22,,
ICTSKILLSOFT,BGD,2023,20.2,,
ICTSKILLSOFT.AG15T24,BGD,2021,46.5,,
ICTSKILLSOFT.AG15T24,BGD,2023,39.6,,
ICTSKILLSOFT.AG15T24.F,BGD,2021,41.5,,
ICTSKILLSOFT.AG15T24.F,BGD,2023,35.6,,
ICTSKILLSOFT.AG15T24.GPIA,BGD,2021,.7950191497802734,,
ICTSKILLSOFT.AG15T24.GPIA,BGD,2023,.8072562217712402,,
ICTSKILLSOFT.AG15T24.M,BGD,2021,52.2,,
ICTSKILLSOFT.AG15T24.M,BGD,2023,44.1,,
ICTSKILLSOFT.AG25T74,BGD,2021,16.2,,
ICTSKILLSOFT.AG25T74,BGD,2023,18.4,,
ICTSKILLSOFT.AG25T74.F,BGD,2021,12,,
ICTSKILLSOFT.AG25T74.F,BGD,2023,13.7,,
ICTSKILLSOFT.AG25T74.GPIA,BGD,2021,.5911329984664917,,
ICTSKILLSOFT.AG25T74.GPIA,BGD,2023,.5905172228813171,,
ICTSKILLSOFT.AG25T74.M,BGD,2021,20.3,,
ICTSKILLSOFT.AG25T74.M,BGD,2023,23.2,,
ICTSKILLSOFT.AG75OROVER,BGD,2021,5.1,,
ICTSKILLSOFT.AG75OROVER,BGD,2023,1.4,,
ICTSKILLSOFT.AG75OROVER.F,BGD,2021,2.6,,
ICTSKILLSOFT.AG75OROVER.F,BGD,2023,1,,
ICTSKILLSOFT.AG75OROVER.GPIA,BGD,2021,.3611111044883728,,
ICTSKILLSOFT.AG75OROVER.GPIA,BGD,2023,.5882353186607361,,
ICTSKILLSOFT.AG75OROVER.M,BGD,2021,7.2,,
ICTSKILLSOFT.AG75OROVER.M,BGD,2023,1.7,,
ICTSKILLSOFT.AGUNDER15Y,BGD,2021,15.7,,
ICTSKILLSOFT.AGUNDER15Y,BGD,2023,6.5,,
ICTSKILLSOFT.AGUNDER15Y.F,BGD,2021,15.6,,
ICTSKILLSOFT.AGUNDER15Y.F,BGD,2023,6.4,,
ICTSKILLSOFT.AGUNDER15Y.GPIA,BGD,2021,.9873417615890503,,
ICTSKILLSOFT.AGUNDER15Y.GPIA,BGD,2023,.9696969985961914,,
ICTSKILLSOFT.AGUNDER15Y.M,BGD,2021,15.8,,
ICTSKILLSOFT.AGUNDER15Y.M,BGD,2023,6.6,,
ICTSKILLSOFT.F,BGD,2021,19,,
ICTSKILLSOFT.F,BGD,2023,16.8,,
ICTSKILLSOFT.F.LPIA,BGD,2021,.2701421678066254,,
ICTSKILLSOFT.F.LPIA,BGD,2023,.4300341308116913,,
ICTSKILLSOFT.GPIA,BGD,2021,.7539682388305664,,
ICTSKILLSOFT.GPIA,BGD,2023,.7118644118309021,,
ICTSKILLSOFT.LPIA,BGD,2021,.3440366983413696,,
ICTSKILLSOFT.LPIA,BGD,2023,.5723905563354492,,
ICTSKILLSOFT.M,BGD,2021,25.2,,
ICTSKILLSOFT.M,BGD,2023,23.6,,
ICTSKILLSOFT.M.LPIA,BGD,2021,.4133333265781403,,
ICTSKILLSOFT.M.LPIA,BGD,2023,.7086092829704285,,
ICTSKILLSOFT.RUR,BGD,2021,15,,
ICTSKILLSOFT.RUR,BGD,2023,17,,
ICTSKILLSOFT.RUR.F,BGD,2021,11.4,,
ICTSKILLSOFT.RUR.F,BGD,2023,12.6,,
ICTSKILLSOFT.RUR.GPIA,BGD,2021,.6129032373428345,,
ICTSKILLSOFT.RUR.GPIA,BGD,2023,.5887850522994995,,
ICTSKILLSOFT.RUR.M,BGD,2021,18.6,,
ICTSKILLSOFT.RUR.M,BGD,2023,21.4,,
ICTSKILLSOFT.URB,BGD,2021,43.6,,
ICTSKILLSOFT.URB,BGD,2023,29.7,,
ICTSKILLSOFT.URB.F,BGD,2021,42.2,,
ICTSKILLSOFT.URB.F,BGD,2023,29.3,,
ICTSKILLSOFT.URB.GPIA,BGD,2021,.9377777576446533,,
ICTSKILLSOFT.URB.GPIA,BGD,2023,.9701986908912659,,
ICTSKILLSOFT.URB.M,BGD,2021,45,,
ICTSKILLSOFT.URB.M,BGD,2023,30.2,,
ICTSKILLVOIP,BGD,2013,.7,,
ICTSKILLVOIP,BGD,2021,33,,
ICTSKILLVOIP,BGD,2023,34.1,,
ICTSKILLVOIP.AG15T24,BGD,2013,1.9,,
ICTSKILLVOIP.AG15T24,BGD,2021,55.4,,
ICTSKILLVOIP.AG15T24,BGD,2023,53.3,,
ICTSKILLVOIP.AG15T24.F,BGD,2013,1.4,,
ICTSKILLVOIP.AG15T24.F,BGD,2021,49.1,,
ICTSKILLVOIP.AG15T24.F,BGD,2023,44.5,,
ICTSKILLVOIP.AG15T24.GPIA,BGD,2013,.5600000023841858,,
ICTSKILLVOIP.AG15T24.GPIA,BGD,2021,.7843450307846069,,
ICTSKILLVOIP.AG15T24.GPIA,BGD,2023,.7074722051620483,,
ICTSKILLVOIP.AG15T24.M,BGD,2013,2.5,,
ICTSKILLVOIP.AG15T24.M,BGD,2021,62.6,,
ICTSKILLVOIP.AG15T24.M,BGD,2023,62.9,,
ICTSKILLVOIP.AG25T74,BGD,2013,.5,,
ICTSKILLVOIP.AG25T74,BGD,2021,32.1,,
ICTSKILLVOIP.AG25T74,BGD,2023,36.1,,
ICTSKILLVOIP.AG25T74.F,BGD,2013,.4,,
ICTSKILLVOIP.AG25T74.F,BGD,2021,25,,
ICTSKILLVOIP.AG25T74.F,BGD,2023,28.2,,
ICTSKILLVOIP.AG25T74.GPIA,BGD,2013,.5714285969734192,,
ICTSKILLVOIP.AG25T74.GPIA,BGD,2021,.6345177888870239,,
ICTSKILLVOIP.AG25T74.GPIA,BGD,2023,.6394557952880859,,
ICTSKILLVOIP.AG25T74.M,BGD,2013,.7,,
ICTSKILLVOIP.AG25T74.M,BGD,2021,39.4,,
ICTSKILLVOIP.AG25T74.M,BGD,2023,44.1,,
ICTSKILLVOIP.AG75OROVER,BGD,2013,.3,,
ICTSKILLVOIP.AG75OROVER,BGD,2021,4.8,,
ICTSKILLVOIP.AG75OROVER,BGD,2023,3,,
ICTSKILLVOIP.AG75OROVER.F,BGD,2013,.3,,
ICTSKILLVOIP.AG75OROVER.F,BGD,2021,2.1,,
ICTSKILLVOIP.AG75OROVER.F,BGD,2023,1.8,,
ICTSKILLVOIP.AG75OROVER.GPIA,BGD,2013,1,,
ICTSKILLVOIP.AG75OROVER.GPIA,BGD,2021,.3088235259056091,,
ICTSKILLVOIP.AG75OROVER.GPIA,BGD,2023,.4615384638309479,,
ICTSKILLVOIP.AG75OROVER.M,BGD,2013,.3,,
ICTSKILLVOIP.AG75OROVER.M,BGD,2021,6.8,,
ICTSKILLVOIP.AG75OROVER.M,BGD,2023,3.9,,
ICTSKILLVOIP.AGUNDER15Y,BGD,2013,.2,,
ICTSKILLVOIP.AGUNDER15Y,BGD,2021,15.3,,
ICTSKILLVOIP.AGUNDER15Y,BGD,2023,9.9,,
ICTSKILLVOIP.AGUNDER15Y.F,BGD,2013,.2,,
ICTSKILLVOIP.AGUNDER15Y.F,BGD,2021,14.8,,
ICTSKILLVOIP.AGUNDER15Y.F,BGD,2023,8.800000000000001,,
ICTSKILLVOIP.AGUNDER15Y.GPIA,BGD,2013,.6666666865348816,,
ICTSKILLVOIP.AGUNDER15Y.GPIA,BGD,2021,.9426751732826233,,
ICTSKILLVOIP.AGUNDER15Y.GPIA,BGD,2023,.800000011920929,,
ICTSKILLVOIP.AGUNDER15Y.M,BGD,2013,.3,,
ICTSKILLVOIP.AGUNDER15Y.M,BGD,2021,15.7,,
ICTSKILLVOIP.AGUNDER15Y.M,BGD,2023,11,,
ICTSKILLVOIP.F,BGD,2013,.6,,
ICTSKILLVOIP.F,BGD,2021,27.8,,
ICTSKILLVOIP.F,BGD,2023,27.7,,
ICTSKILLVOIP.F.LPIA,BGD,2013,.1333333402872086,,
ICTSKILLVOIP.F.LPIA,BGD,2021,.3303729891777039,,
ICTSKILLVOIP.F.LPIA,BGD,2023,.4315352737903595,,
ICTSKILLVOIP.GPIA,BGD,2013,.6666666865348816,,
ICTSKILLVOIP.GPIA,BGD,2021,.727748692035675,,
ICTSKILLVOIP.GPIA,BGD,2023,.6856435537338257,,
ICTSKILLVOIP.LPIA,BGD,2013,.1764705926179886,,
ICTSKILLVOIP.LPIA,BGD,2021,.4030100405216217,,
ICTSKILLVOIP.LPIA,BGD,2023,.5579567551612854,,
ICTSKILLVOIP.M,BGD,2013,.9,,
ICTSKILLVOIP.M,BGD,2021,38.2,,
ICTSKILLVOIP.M,BGD,2023,40.4,,
ICTSKILLVOIP.M.LPIA,BGD,2013,.2000000029802322,,
ICTSKILLVOIP.M.LPIA,BGD,2021,.4700315594673157,,
ICTSKILLVOIP.M.LPIA,BGD,2023,.6685288548469543,,
ICTSKILLVOIP.RUR,BGD,2013,.3,,
ICTSKILLVOIP.RUR,BGD,2021,24.1,,
ICTSKILLVOIP.RUR,BGD,2023,28.4,,
ICTSKILLVOIP.RUR.F,BGD,2013,.2,,
ICTSKILLVOIP.RUR.F,BGD,2021,18.6,,
ICTSKILLVOIP.RUR.F,BGD,2023,20.8,,
ICTSKILLVOIP.RUR.GPIA,BGD,2013,.5,,
ICTSKILLVOIP.RUR.GPIA,BGD,2021,.6241610646247864,,
ICTSKILLVOIP.RUR.GPIA,BGD,2023,.5793871879577637,,
ICTSKILLVOIP.RUR.M,BGD,2013,.4,,
ICTSKILLVOIP.RUR.M,BGD,2021,29.8,,
ICTSKILLVOIP.RUR.M,BGD,2023,35.9,,
ICTSKILLVOIP.URB,BGD,2013,1.7,,
ICTSKILLVOIP.URB,BGD,2021,59.8,,
ICTSKILLVOIP.URB,BGD,2023,50.9,,
ICTSKILLVOIP.URB.F,BGD,2013,1.5,,
ICTSKILLVOIP.URB.F,BGD,2021,56.3,,
ICTSKILLVOIP.URB.F,BGD,2023,48.2,,
ICTSKILLVOIP.URB.GPIA,BGD,2013,.75,,
ICTSKILLVOIP.URB.GPIA,BGD,2021,.8880126476287842,,
ICTSKILLVOIP.URB.GPIA,BGD,2023,.8975791335105896,,
ICTSKILLVOIP.URB.M,BGD,2013,2,,
ICTSKILLVOIP.URB.M,BGD,2021,63.4,,
ICTSKILLVOIP.URB.M,BGD,2023,53.7,,
ICTSKILLVRFY,BGD,2021,5.5,,
ICTSKILLVRFY,BGD,2023,7,,
ICTSKILLVRFY.AG15T24,BGD,2021,10.1,,
ICTSKILLVRFY.AG15T24,BGD,2023,14.2,,
ICTSKILLVRFY.AG15T24.F,BGD,2021,9.5,,
ICTSKILLVRFY.AG15T24.F,BGD,2023,12.7,,
ICTSKILLVRFY.AG15T24.GPIA,BGD,2021,.8878504633903503,,
ICTSKILLVRFY.AG15T24.GPIA,BGD,2023,.8037974834442139,,
ICTSKILLVRFY.AG15T24.M,BGD,2021,10.7,,
ICTSKILLVRFY.AG15T24.M,BGD,2023,15.8,,
ICTSKILLVRFY.AG25T74,BGD,2021,5.6,,
ICTSKILLVRFY.AG25T74,BGD,2023,6.1,,
ICTSKILLVRFY.AG25T74.F,BGD,2021,4.2,,
ICTSKILLVRFY.AG25T74.F,BGD,2023,4.1,,
ICTSKILLVRFY.AG25T74.GPIA,BGD,2021,.6000000238418579,,
ICTSKILLVRFY.AG25T74.GPIA,BGD,2023,.5,,
ICTSKILLVRFY.AG25T74.M,BGD,2021,7,,
ICTSKILLVRFY.AG25T74.M,BGD,2023,8.199999999999999,,
ICTSKILLVRFY.AG75OROVER,BGD,2021,.4,,
ICTSKILLVRFY.AG75OROVER,BGD,2023,.3,,
ICTSKILLVRFY.AG75OROVER.F,BGD,2021,.2,,
ICTSKILLVRFY.AG75OROVER.GPIA,BGD,2021,.4000000059604645,,
ICTSKILLVRFY.AG75OROVER.M,BGD,2021,.5,,
ICTSKILLVRFY.AG75OROVER.M,BGD,2023,.5,,
ICTSKILLVRFY.AGUNDER15Y,BGD,2021,1,,
ICTSKILLVRFY.AGUNDER15Y,BGD,2023,2.7,,
ICTSKILLVRFY.AGUNDER15Y.F,BGD,2021,.9,,
ICTSKILLVRFY.AGUNDER15Y.F,BGD,2023,2.5,,
ICTSKILLVRFY.AGUNDER15Y.GPIA,BGD,2021,.8181818127632141,,
ICTSKILLVRFY.AGUNDER15Y.GPIA,BGD,2023,.8333333134651184,,
ICTSKILLVRFY.AGUNDER15Y.M,BGD,2021,1.1,,
ICTSKILLVRFY.AGUNDER15Y.M,BGD,2023,3,,
ICTSKILLVRFY.F,BGD,2021,4.7,,
ICTSKILLVRFY.F,BGD,2023,5.6,,
ICTSKILLVRFY.F.LPIA,BGD,2021,.3478260934352875,,
ICTSKILLVRFY.F.LPIA,BGD,2023,.3486238420009613,,
ICTSKILLVRFY.GPIA,BGD,2021,.7460317611694336,,
ICTSKILLVRFY.GPIA,BGD,2023,.658823549747467,,
ICTSKILLVRFY.LPIA,BGD,2021,.4725274741649628,,
ICTSKILLVRFY.LPIA,BGD,2023,.4308943152427673,,
ICTSKILLVRFY.M,BGD,2021,6.3,,
ICTSKILLVRFY.M,BGD,2023,8.5,,
ICTSKILLVRFY.M.LPIA,BGD,2021,.6000000238418579,,
ICTSKILLVRFY.M.LPIA,BGD,2023,.4926470518112183,,
ICTSKILLVRFY.RUR,BGD,2021,4.3,,
ICTSKILLVRFY.RUR,BGD,2023,5.3,,
ICTSKILLVRFY.RUR.F,BGD,2021,3.2,,
ICTSKILLVRFY.RUR.F,BGD,2023,3.8,,
ICTSKILLVRFY.RUR.GPIA,BGD,2021,.5925925970077515,,
ICTSKILLVRFY.RUR.GPIA,BGD,2023,.5671641826629639,,
ICTSKILLVRFY.RUR.M,BGD,2021,5.4,,
ICTSKILLVRFY.RUR.M,BGD,2023,6.7,,
ICTSKILLVRFY.URB,BGD,2021,9.1,,
ICTSKILLVRFY.URB,BGD,2023,12.3,,
ICTSKILLVRFY.URB.F,BGD,2021,9.199999999999999,,
ICTSKILLVRFY.URB.F,BGD,2023,10.9,,
ICTSKILLVRFY.URB.GPIA,BGD,2021,1.02173912525177,,
ICTSKILLVRFY.URB.GPIA,BGD,2023,.8014705777168274,,
ICTSKILLVRFY.URB.M,BGD,2021,9,,
ICTSKILLVRFY.URB.M,BGD,2023,13.6,,
LR.AG15T24,BGD,1981,35.65000152587891,,
LR.AG15T24,BGD,1991,44.68000030517578,,
LR.AG15T24,BGD,2000,100,,
LR.AG15T24,BGD,2001,63.61999893188477,,
LR.AG15T24,BGD,2007,87.61,,
LR.AG15T24,BGD,2011,77.98000335693359,,
LR.AG15T24,BGD,2012,77.83000183105469,,
LR.AG15T24,BGD,2013,85.52999877929688,,
LR.AG15T24,BGD,2014,85.55000305175781,,
LR.AG15T24,BGD,2015,87.88999938964844,,
LR.AG15T24,BGD,2016,92.23999786376953,,
LR.AG15T24,BGD,2017,92.94999694824219,,
LR.AG15T24,BGD,2018,93.30000305175781,,
LR.AG15T24,BGD,2019,94.86000061035156,,
LR.AG15T24,BGD,2020,94.45999908447266,,
LR.AG15T24,BGD,2021,94.83000183105469,,
LR.AG15T24,BGD,2022,93.44999694824219,,
LR.AG15T24.F,BGD,1981,27.14999961853027,,
LR.AG15T24.F,BGD,1991,37.9900016784668,,
LR.AG15T24.F,BGD,2000,100,,
LR.AG15T24.F,BGD,2001,60.2599983215332,,
LR.AG15T24.F,BGD,2006,87.2,,
LR.AG15T24.F,BGD,2007,77.09,,
LR.AG15T24.F,BGD,2011,79.54000091552734,,
LR.AG15T24.F,BGD,2012,79.37000274658203,,
LR.AG15T24.F,BGD,2013,86.93000030517578,,
LR.AG15T24.F,BGD,2014,86.48000335693359,,
LR.AG15T24.F,BGD,2015,89.54000091552734,,
LR.AG15T24.F,BGD,2016,93.54000091552734,,
LR.AG15T24.F,BGD,2017,94.37999725341797,,
LR.AG15T24.F,BGD,2018,94.91000366210938,,
LR.AG15T24.F,BGD,2019,96.08999633789063,,
LR.AG15T24.F,BGD,2020,95.86000061035156,,
LR.AG15T24.F,BGD,2021,95.86000061035156,,
LR.AG15T24.F,BGD,2022,94.44999694824219,,
LR.AG15T24.F.LPIA,BGD,1981,.5199999809265137,,
LR.AG15T24.F.LPIA,BGD,1991,.5799999833106995,,
LR.AG15T24.F.LPIA,BGD,2001,.7799999713897705,,
LR.AG15T24.F.LPIA,BGD,2011,.8999999761581421,,
LR.AG15T24.F.LPIA,BGD,2012,.8999999761581421,,
LR.AG15T24.F.LPIA,BGD,2013,.9800000190734863,,
LR.AG15T24.F.LPIA,BGD,2014,.9700000286102295,,
LR.AG15T24.F.LPIA,BGD,2015,.9599999785423279,,
LR.AG15T24.F.LPIA,BGD,2016,.9800000190734863,,
LR.AG15T24.F.LPIA,BGD,2017,.9900000095367432,,
LR.AG15T24.F.LPIA,BGD,2018,.9900000095367432,,
LR.AG15T24.F.LPIA,BGD,2019,1,,
LR.AG15T24.F.LPIA,BGD,2020,.9900000095367432,,
LR.AG15T24.F.LPIA,BGD,2021,1,,
LR.AG15T24.F.LPIA,BGD,2022,1,,
LR.AG15T24.F.WPIA,BGD,2018,.8500000238418579,,
LR.AG15T24.F.WPIA,BGD,2019,.8700000047683716,,
LR.AG15T24.F.WPIA,BGD,2022,.8600000143051147,,
LR.AG15T24.GPIA,BGD,1981,.6100000143051147,,
LR.AG15T24.GPIA,BGD,1991,.7300000190734863,,
LR.AG15T24.GPIA,BGD,2000,1,,
LR.AG15T24.GPIA,BGD,2001,.8999999761581421,,
LR.AG15T24.GPIA,BGD,2007,.8517290949821472,,
LR.AG15T24.GPIA,BGD,2011,1.039999961853027,,
LR.AG15T24.GPIA,BGD,2012,1.039999961853027,,
LR.AG15T24.GPIA,BGD,2013,1.029999971389771,,
LR.AG15T24.GPIA,BGD,2014,1.019999980926514,,
LR.AG15T24.GPIA,BGD,2015,1.039999961853027,,
LR.AG15T24.GPIA,BGD,2016,1.029999971389771,,
LR.AG15T24.GPIA,BGD,2017,1.029999971389771,,
LR.AG15T24.GPIA,BGD,2018,1.029999971389771,,
LR.AG15T24.GPIA,BGD,2019,1.019999980926514,,
LR.AG15T24.GPIA,BGD,2020,1.029999971389771,,
LR.AG15T24.GPIA,BGD,2021,1.019999980926514,,
LR.AG15T24.GPIA,BGD,2022,1.019999980926514,,
LR.AG15T24.LPIA,BGD,1981,.5799999833106995,,
LR.AG15T24.LPIA,BGD,1991,.6299999952316284,,
LR.AG15T24.LPIA,BGD,2000,1,,
LR.AG15T24.LPIA,BGD,2001,.7900000214576721,,
LR.AG15T24.LPIA,BGD,2007,.9088285565376282,,
LR.AG15T24.LPIA,BGD,2011,.8899999856948853,,
LR.AG15T24.LPIA,BGD,2012,.8899999856948853,,
LR.AG15T24.LPIA,BGD,2013,.9700000286102295,,
LR.AG15T24.LPIA,BGD,2014,.9599999785423279,,
LR.AG15T24.LPIA,BGD,2015,.949999988079071,,
LR.AG15T24.LPIA,BGD,2016,.9700000286102295,,
LR.AG15T24.LPIA,BGD,2017,.9800000190734863,,
LR.AG15T24.LPIA,BGD,2018,.9800000190734863,,
LR.AG15T24.LPIA,BGD,2019,.9900000095367432,,
LR.AG15T24.LPIA,BGD,2020,.9900000095367432,,
LR.AG15T24.LPIA,BGD,2021,1,,
LR.AG15T24.LPIA,BGD,2022,1,,
LR.AG15T24.M,BGD,1981,44.36000061035156,,
LR.AG15T24.M,BGD,1991,51.7400016784668,,
LR.AG15T24.M,BGD,2000,100,,
LR.AG15T24.M,BGD,2001,67.16000366210938,,
LR.AG15T24.M,BGD,2007,90.51000000000001,,
LR.AG15T24.M,BGD,2011,76.40000152587891,,
LR.AG15T24.M,BGD,2012,76.27999877929688,,
LR.AG15T24.M,BGD,2013,84.08999633789063,,
LR.AG15T24.M,BGD,2014,84.62999725341797,,
LR.AG15T24.M,BGD,2015,86.19000244140625,,
LR.AG15T24.M,BGD,2016,90.91000366210938,,
LR.AG15T24.M,BGD,2017,91.54000091552734,,
LR.AG15T24.M,BGD,2018,91.80000305175781,,
LR.AG15T24.M,BGD,2019,93.69999694824219,,
LR.AG15T24.M,BGD,2020,93.16000366210938,,
LR.AG15T24.M,BGD,2021,93.76000213623047,,
LR.AG15T24.M,BGD,2022,92.38999938964844,,
LR.AG15T24.M.LPIA,BGD,1981,.6499999761581421,,
LR.AG15T24.M.LPIA,BGD,1991,.6899999976158142,,
LR.AG15T24.M.LPIA,BGD,2001,.800000011920929,,
LR.AG15T24.M.LPIA,BGD,2011,.8799999952316284,,
LR.AG15T24.M.LPIA,BGD,2012,.8799999952316284,,
LR.AG15T24.M.LPIA,BGD,2013,.9599999785423279,,
LR.AG15T24.M.LPIA,BGD,2014,.949999988079071,,
LR.AG15T24.M.LPIA,BGD,2015,.9399999976158142,,
LR.AG15T24.M.LPIA,BGD,2016,.9700000286102295,,
LR.AG15T24.M.LPIA,BGD,2017,.9700000286102295,,
LR.AG15T24.M.LPIA,BGD,2018,.9700000286102295,,
LR.AG15T24.M.LPIA,BGD,2019,.9800000190734863,,
LR.AG15T24.M.LPIA,BGD,2020,.9800000190734863,,
LR.AG15T24.M.LPIA,BGD,2021,.9900000095367432,,
LR.AG15T24.M.LPIA,BGD,2022,1,,
LR.AG15T24.NATIVE,BGD,2017,93.76180235538931,,
LR.AG15T24.NATIVE.F,BGD,2017,94.1508372710276,,
LR.AG15T24.NATIVE.GPIA,BGD,2017,1.00836442817353,,
LR.AG15T24.NATIVE.M,BGD,2017,93.3633193551964,,
LR.AG15T24.Q1,BGD,2007,60.63,,
LR.AG15T24.Q1,BGD,2011,39.96,,
LR.AG15T24.Q1,BGD,2013,71.67999999999999,,
LR.AG15T24.Q1,BGD,2014,49.85,,
LR.AG15T24.Q1.F,BGD,2006,56.66,,
LR.AG15T24.Q1.F,BGD,2007,46.36,,
LR.AG15T24.Q1.F,BGD,2011,46.98999999999999,,
LR.AG15T24.Q1.F,BGD,2013,57.60999999999999,,
LR.AG15T24.Q1.F,BGD,2014,49.85,,
LR.AG15T24.Q1.F,BGD,2018,81.94000244140625,,
LR.AG15T24.Q1.F,BGD,2019,84.29000091552734,,
LR.AG15T24.Q1.F,BGD,2022,84.93000030517578,,
LR.AG15T24.Q1.M,BGD,2007,67.32000000000001,,
LR.AG15T24.Q1.M,BGD,2011,36.83,,
LR.AG15T24.Q1.M,BGD,2013,100,,
LR.AG15T24.Q5,BGD,2007,97.75,,
LR.AG15T24.Q5,BGD,2011,97.78,,
LR.AG15T24.Q5,BGD,2013,98.77,,
LR.AG15T24.Q5,BGD,2014,95.78,,
LR.AG15T24.Q5.F,BGD,2006,97.03,,
LR.AG15T24.Q5.F,BGD,2007,93.56,,
LR.AG15T24.Q5.F,BGD,2011,95.09,,
LR.AG15T24.Q5.F,BGD,2013,97.41,,
LR.AG15T24.Q5.F,BGD,2014,95.78,,
LR.AG15T24.Q5.F,BGD,2018,96.76000213623047,,
LR.AG15T24.Q5.F,BGD,2019,97.15000152587891,,
LR.AG15T24.Q5.F,BGD,2022,98.59999847412109,,
LR.AG15T24.Q5.M,BGD,2007,98.63,,
LR.AG15T24.Q5.M,BGD,2011,98.3,,
LR.AG15T24.Q5.M,BGD,2013,100,,
LR.AG15T24.RUR,BGD,1981,31.57999992370605,,
LR.AG15T24.RUR,BGD,1991,39.34000015258789,,
LR.AG15T24.RUR,BGD,2000,100,,
LR.AG15T24.RUR,BGD,2001,59.20999908447266,,
LR.AG15T24.RUR,BGD,2007,85.03,,
LR.AG15T24.RUR,BGD,2011,74.58999633789063,,
LR.AG15T24.RUR,BGD,2012,74.41999816894531,,
LR.AG15T24.RUR,BGD,2013,84.91000366210938,,
LR.AG15T24.RUR,BGD,2014,84.66999816894531,,
LR.AG15T24.RUR,BGD,2015,86.09999847412109,,
LR.AG15T24.RUR,BGD,2016,91.16999816894531,,
LR.AG15T24.RUR,BGD,2017,92.04000091552734,,
LR.AG15T24.RUR,BGD,2018,92.41999816894531,,
LR.AG15T24.RUR,BGD,2019,94.44999694824219,,
LR.AG15T24.RUR,BGD,2020,93.91000366210938,,
LR.AG15T24.RUR,BGD,2021,94.63999938964844,,
LR.AG15T24.RUR,BGD,2022,93.44999694824219,,
LR.AG15T24.RUR.F,BGD,1981,23.70000076293945,,
LR.AG15T24.RUR.F,BGD,1991,32.75,,
LR.AG15T24.RUR.F,BGD,2000,100,,
LR.AG15T24.RUR.F,BGD,2001,56.18999862670898,,
LR.AG15T24.RUR.F,BGD,2006,83.73,,
LR.AG15T24.RUR.F,BGD,2007,74.51000000000001,,
LR.AG15T24.RUR.F,BGD,2011,76.30000305175781,,
LR.AG15T24.RUR.F,BGD,2012,76.05000305175781,,
LR.AG15T24.RUR.F,BGD,2013,86.58000183105469,,
LR.AG15T24.RUR.F,BGD,2014,85.76000213623047,,
LR.AG15T24.RUR.F,BGD,2015,88.05999755859375,,
LR.AG15T24.RUR.F,BGD,2016,92.79000091552734,,
LR.AG15T24.RUR.F,BGD,2017,93.80999755859375,,
LR.AG15T24.RUR.F,BGD,2018,94.5,,
LR.AG15T24.RUR.F,BGD,2019,96.06999969482422,,
LR.AG15T24.RUR.F,BGD,2020,95.55999755859375,,
LR.AG15T24.RUR.F,BGD,2021,95.95999908447266,,
LR.AG15T24.RUR.F,BGD,2022,94.44999694824219,,
LR.AG15T24.RUR.GPIA,BGD,1981,.5899999737739563,,
LR.AG15T24.RUR.GPIA,BGD,1991,.699999988079071,,
LR.AG15T24.RUR.GPIA,BGD,2001,.8999999761581421,,
LR.AG15T24.RUR.GPIA,BGD,2011,1.039999961853027,,
LR.AG15T24.RUR.GPIA,BGD,2012,1.039999961853027,,
LR.AG15T24.RUR.GPIA,BGD,2013,1.039999961853027,,
LR.AG15T24.RUR.GPIA,BGD,2014,1.019999980926514,,
LR.AG15T24.RUR.GPIA,BGD,2015,1.039999961853027,,
LR.AG15T24.RUR.GPIA,BGD,2016,1.029999971389771,,
LR.AG15T24.RUR.GPIA,BGD,2017,1.039999961853027,,
LR.AG15T24.RUR.GPIA,BGD,2018,1.039999961853027,,
LR.AG15T24.RUR.GPIA,BGD,2019,1.029999971389771,,
LR.AG15T24.RUR.GPIA,BGD,2020,1.029999971389771,,
LR.AG15T24.RUR.GPIA,BGD,2021,1.029999971389771,,
LR.AG15T24.RUR.GPIA,BGD,2022,1.019999980926514,,
LR.AG15T24.RUR.M,BGD,1981,40.11000061035156,,
LR.AG15T24.RUR.M,BGD,1991,46.54999923706055,,
LR.AG15T24.RUR.M,BGD,2000,100,,
LR.AG15T24.RUR.M,BGD,2001,62.52000045776367,,
LR.AG15T24.RUR.M,BGD,2007,88.09999999999999,,
LR.AG15T24.RUR.M,BGD,2011,72.91999816894531,,
LR.AG15T24.RUR.M,BGD,2012,72.83999633789063,,
LR.AG15T24.RUR.M,BGD,2013,83.23999786376953,,
LR.AG15T24.RUR.M,BGD,2014,83.62999725341797,,
LR.AG15T24.RUR.M,BGD,2015,84.13999938964844,,
LR.AG15T24.RUR.M,BGD,2016,89.59999847412109,,
LR.AG15T24.RUR.M,BGD,2017,90.41000366210938,,
LR.AG15T24.RUR.M,BGD,2018,90.65000152587891,,
LR.AG15T24.RUR.M,BGD,2019,93.01000213623047,,
LR.AG15T24.RUR.M,BGD,2020,92.43000030517578,,
LR.AG15T24.RUR.M,BGD,2021,93.34999847412109,,
LR.AG15T24.RUR.M,BGD,2022,92.38999938964844,,
LR.AG15T24.URB,BGD,1981,54.34000015258789,,
LR.AG15T24.URB,BGD,1991,62.18999862670898,,
LR.AG15T24.URB,BGD,2000,100,,
LR.AG15T24.URB,BGD,2001,75.05000305175781,,
LR.AG15T24.URB,BGD,2007,93.56,,
LR.AG15T24.URB,BGD,2011,83.65000152587891,,
LR.AG15T24.URB,BGD,2012,83.56999969482422,,
LR.AG15T24.URB,BGD,2013,87.55999755859375,,
LR.AG15T24.URB,BGD,2014,88.48000335693359,,
LR.AG15T24.URB,BGD,2015,90.58999633789063,,
LR.AG15T24.URB,BGD,2016,93.55000305175781,,
LR.AG15T24.URB,BGD,2017,94.08000183105469,,
LR.AG15T24.URB,BGD,2018,94.37000274658203,,
LR.AG15T24.URB,BGD,2019,95.37999725341797,,
LR.AG15T24.URB,BGD,2020,95.19000244140625,,
LR.AG15T24.URB,BGD,2021,95.08000183105469,,
LR.AG15T24.URB,BGD,2022,93.44999694824219,,
LR.AG15T24.URB.F,BGD,1981,45.70000076293945,,
LR.AG15T24.URB.F,BGD,1991,56.63000106811523,,
LR.AG15T24.URB.F,BGD,2000,100,,
LR.AG15T24.URB.F,BGD,2001,71.58999633789063,,
LR.AG15T24.URB.F,BGD,2006,92.15000000000001,,
LR.AG15T24.URB.F,BGD,2007,84.06999999999999,,
LR.AG15T24.URB.F,BGD,2011,84.62999725341797,,
LR.AG15T24.URB.F,BGD,2012,84.59999847412109,,
LR.AG15T24.URB.F,BGD,2013,88,,
LR.AG15T24.URB.F,BGD,2014,88.69000244140625,,
LR.AG15T24.URB.F,BGD,2015,91.68000030517578,,
LR.AG15T24.URB.F,BGD,2016,94.38999938964844,,
LR.AG15T24.URB.F,BGD,2017,95.04000091552734,,
LR.AG15T24.URB.F,BGD,2018,95.37000274658203,,
LR.AG15T24.URB.F,BGD,2019,96.11000061035156,,
LR.AG15T24.URB.F,BGD,2020,96.22000122070313,,
LR.AG15T24.URB.F,BGD,2021,95.73999786376953,,
LR.AG15T24.URB.F,BGD,2022,94.44999694824219,,
LR.AG15T24.URB.GPIA,BGD,1981,.75,,
LR.AG15T24.URB.GPIA,BGD,1991,.8399999737739563,,
LR.AG15T24.URB.GPIA,BGD,2001,.9100000262260437,,
LR.AG15T24.URB.GPIA,BGD,2011,1.019999980926514,,
LR.AG15T24.URB.GPIA,BGD,2012,1.029999971389771,,
LR.AG15T24.URB.GPIA,BGD,2013,1.009999990463257,,
LR.AG15T24.URB.GPIA,BGD,2014,1.009999990463257,,
LR.AG15T24.URB.GPIA,BGD,2015,1.019999980926514,,
LR.AG15T24.URB.GPIA,BGD,2016,1.019999980926514,,
LR.AG15T24.URB.GPIA,BGD,2017,1.019999980926514,,
LR.AG15T24.URB.GPIA,BGD,2018,1.019999980926514,,
LR.AG15T24.URB.GPIA,BGD,2019,1.019999980926514,,
LR.AG15T24.URB.GPIA,BGD,2020,1.019999980926514,,
LR.AG15T24.URB.GPIA,BGD,2021,1.009999990463257,,
LR.AG15T24.URB.GPIA,BGD,2022,1.019999980926514,,
LR.AG15T24.URB.M,BGD,1981,61.2400016784668,,
LR.AG15T24.URB.M,BGD,1991,67.34999847412109,,
LR.AG15T24.URB.M,BGD,2000,100,,
LR.AG15T24.URB.M,BGD,2001,78.31999969482422,,
LR.AG15T24.URB.M,BGD,2007,95.82000000000001,,
LR.AG15T24.URB.M,BGD,2011,82.56999969482422,,
LR.AG15T24.URB.M,BGD,2012,82.43000030517578,,
LR.AG15T24.URB.M,BGD,2013,87.05999755859375,,
LR.AG15T24.URB.M,BGD,2014,88.23999786376953,,
LR.AG15T24.URB.M,BGD,2015,89.41999816894531,,
LR.AG15T24.URB.M,BGD,2016,92.61000061035156,,
LR.AG15T24.URB.M,BGD,2017,93.05999755859375,,
LR.AG15T24.URB.M,BGD,2018,93.34999847412109,,
LR.AG15T24.URB.M,BGD,2019,94.62999725341797,,
LR.AG15T24.URB.M,BGD,2020,94.16999816894531,,
LR.AG15T24.URB.M,BGD,2021,94.33000183105469,,
LR.AG15T24.URB.M,BGD,2022,92.38999938964844,,
LR.AG15T24.WPIA,BGD,2007,.6202557682991028,,
LR.AG15T24.WPIA,BGD,2011,.4086725413799286,,
LR.AG15T24.WPIA,BGD,2013,.7257264256477356,,
LR.AG15T24.WPIA,BGD,2014,.5204635858535767,,
LR.AG15T99,BGD,1981,29.22999954223633,,
LR.AG15T99,BGD,1991,35.31999969482422,,
LR.AG15T99,BGD,2001,47.4900016784668,,
LR.AG15T99,BGD,2011,58.77000045776367,,
LR.AG15T99,BGD,2012,57.86000061035156,,
LR.AG15T99,BGD,2013,61.02000045776367,,
LR.AG15T99,BGD,2014,61.09000015258789,,
LR.AG15T99,BGD,2015,65.13999938964844,,
LR.AG15T99,BGD,2016,72.76000213623047,,
LR.AG15T99,BGD,2017,72.88999938964844,,
LR.AG15T99,BGD,2018,73.91000366210938,,
LR.AG15T99,BGD,2019,74.68000030517578,,
LR.AG15T99,BGD,2020,74.91000366210938,,
LR.AG15T99,BGD,2021,76.36000061035156,,
LR.AG15T99,BGD,2022,79,,
LR.AG15T99.F,BGD,1981,17.96999931335449,,
LR.AG15T99.F,BGD,1991,25.84000015258789,,
LR.AG15T99.F,BGD,2001,40.81999969482422,,
LR.AG15T99.F,BGD,2011,55.11999893188477,,
LR.AG15T99.F,BGD,2012,54.2400016784668,,
LR.AG15T99.F,BGD,2013,57.79000091552734,,
LR.AG15T99.F,BGD,2014,57.86000061035156,,
LR.AG15T99.F,BGD,2015,62.25,,
LR.AG15T99.F,BGD,2016,69.90000152587891,,
LR.AG15T99.F,BGD,2017,70.08999633789063,,
LR.AG15T99.F,BGD,2018,71.18000030517578,,
LR.AG15T99.F,BGD,2019,71.94999694824219,,
LR.AG15T99.F,BGD,2020,72,,
LR.AG15T99.F,BGD,2021,73.63999938964844,,
LR.AG15T99.F,BGD,2022,76.54000091552734,,
LR.AG15T99.F.LPIA,BGD,1981,.449999988079071,,
LR.AG15T99.F.LPIA,BGD,1991,.4900000095367432,,
LR.AG15T99.F.LPIA,BGD,2001,.6299999952316284,,
LR.AG15T99.F.LPIA,BGD,2011,.7200000286102295,,
LR.AG15T99.F.LPIA,BGD,2012,.699999988079071,,
LR.AG15T99.F.LPIA,BGD,2013,.7599999904632568,,
LR.AG15T99.F.LPIA,BGD,2014,.75,,
LR.AG15T99.F.LPIA,BGD,2015,.75,,
LR.AG15T99.F.LPIA,BGD,2016,.800000011920929,,
LR.AG15T99.F.LPIA,BGD,2017,.8100000023841858,,
LR.AG15T99.F.LPIA,BGD,2018,.8100000023841858,,
LR.AG15T99.F.LPIA,BGD,2019,.8199999928474426,,
LR.AG15T99.F.LPIA,BGD,2020,.8199999928474426,,
LR.AG15T99.F.LPIA,BGD,2021,.8600000143051147,,
LR.AG15T99.F.LPIA,BGD,2022,1,,
LR.AG15T99.F.NPIA,BGD,2017,.430237311618453,,
LR.AG15T99.F.WPIA,BGD,2018,.5699999928474426,,UIS_EST
LR.AG15T99.F.WPIA,BGD,2022,.6000000238418579,,UIS_EST
LR.AG15T99.GPIA,BGD,1981,.449999988079071,,
LR.AG15T99.GPIA,BGD,1991,.5799999833106995,,
LR.AG15T99.GPIA,BGD,2001,.7599999904632568,,
LR.AG15T99.GPIA,BGD,2011,.8799999952316284,,
LR.AG15T99.GPIA,BGD,2012,.8799999952316284,,
LR.AG15T99.GPIA,BGD,2013,.8999999761581421,,
LR.AG15T99.GPIA,BGD,2014,.8999999761581421,,
LR.AG15T99.GPIA,BGD,2015,.9100000262260437,,
LR.AG15T99.GPIA,BGD,2016,.9200000166893005,,
LR.AG15T99.GPIA,BGD,2017,.9300000071525574,,
LR.AG15T99.GPIA,BGD,2018,.9300000071525574,,
LR.AG15T99.GPIA,BGD,2019,.9300000071525574,,
LR.AG15T99.GPIA,BGD,2020,.9300000071525574,,
LR.AG15T99.GPIA,BGD,2021,.9300000071525574,,
LR.AG15T99.GPIA,BGD,2022,.9399999976158142,,
LR.AG15T99.LPIA,BGD,1981,.5299999713897705,,
LR.AG15T99.LPIA,BGD,1991,.550000011920929,,
LR.AG15T99.LPIA,BGD,2001,.6499999761581421,,
LR.AG15T99.LPIA,BGD,2011,.7400000095367432,,
LR.AG15T99.LPIA,BGD,2012,.7200000286102295,,
LR.AG15T99.LPIA,BGD,2013,.7699999809265137,,
LR.AG15T99.LPIA,BGD,2014,.7699999809265137,,
LR.AG15T99.LPIA,BGD,2015,.7599999904632568,,
LR.AG15T99.LPIA,BGD,2016,.8100000023841858,,
LR.AG15T99.LPIA,BGD,2017,.8199999928474426,,
LR.AG15T99.LPIA,BGD,2018,.8199999928474426,,
LR.AG15T99.LPIA,BGD,2019,.8299999833106995,,
LR.AG15T99.LPIA,BGD,2020,.8399999737739563,,
LR.AG15T99.LPIA,BGD,2021,.8700000047683716,,
LR.AG15T99.LPIA,BGD,2022,1,,
LR.AG15T99.M,BGD,1981,39.72999954223633,,
LR.AG15T99.M,BGD,1991,44.31000137329102,,
LR.AG15T99.M,BGD,2001,53.90000152587891,,
LR.AG15T99.M,BGD,2011,62.47999954223633,,
LR.AG15T99.M,BGD,2012,61.54000091552734,,
LR.AG15T99.M,BGD,2013,64.20999908447266,,
LR.AG15T99.M,BGD,2014,64.37000274658203,,
LR.AG15T99.M,BGD,2015,68.05999755859375,,
LR.AG15T99.M,BGD,2016,75.62000274658203,,
LR.AG15T99.M,BGD,2017,75.69999694824219,,
LR.AG15T99.M,BGD,2018,76.66999816894531,,
LR.AG15T99.M,BGD,2019,77.44000244140625,,
LR.AG15T99.M,BGD,2020,77.81999969482422,,
LR.AG15T99.M,BGD,2021,79.20999908447266,,
LR.AG15T99.M,BGD,2022,81.38999938964844,,
LR.AG15T99.M.LPIA,BGD,1981,.6100000143051147,,
LR.AG15T99.M.LPIA,BGD,1991,.6200000047683716,,
LR.AG15T99.M.LPIA,BGD,2001,.6800000071525574,,
LR.AG15T99.M.LPIA,BGD,2011,.75,,
LR.AG15T99.M.LPIA,BGD,2012,.7400000095367432,,
LR.AG15T99.M.LPIA,BGD,2013,.7799999713897705,,
LR.AG15T99.M.LPIA,BGD,2014,.7799999713897705,,
LR.AG15T99.M.LPIA,BGD,2015,.7699999809265137,,
LR.AG15T99.M.LPIA,BGD,2016,.8199999928474426,,
LR.AG15T99.M.LPIA,BGD,2017,.8199999928474426,,
LR.AG15T99.M.LPIA,BGD,2018,.8299999833106995,,
LR.AG15T99.M.LPIA,BGD,2019,.8399999737739563,,
LR.AG15T99.M.LPIA,BGD,2020,.8500000238418579,,
LR.AG15T99.M.LPIA,BGD,2021,.8799999952316284,,
LR.AG15T99.M.LPIA,BGD,2022,1,,
LR.AG15T99.M.NPIA,BGD,2017,.734344870033926,,
LR.AG15T99.NATIVE,BGD,2017,69.0190413122365,,
LR.AG15T99.NATIVE.F,BGD,2017,65.37478238392301,,
LR.AG15T99.NATIVE.GPIA,BGD,2017,.898969502812565,,
LR.AG15T99.NATIVE.M,BGD,2017,72.7219134568946,,
LR.AG15T99.NONNATIVE,BGD,2017,43.4927323117256,,
LR.AG15T99.NONNATIVE.F,BGD,2017,28.1266706205005,,
LR.AG15T99.NONNATIVE.GPIA,BGD,2017,.526687443325079,,
LR.AG15T99.NONNATIVE.M,BGD,2017,53.4029640861217,,
LR.AG15T99.NPIA,BGD,2017,.6301555554063411,,
LR.AG15T99.Q1.F,BGD,2018,44.45999908447266,,UIS_EST
LR.AG15T99.Q1.F,BGD,2022,49.41999816894531,,UIS_EST
LR.AG15T99.Q5.F,BGD,2018,77.95999908447266,,UIS_EST
LR.AG15T99.Q5.F,BGD,2022,82.11000061035156,,UIS_EST
LR.AG15T99.RUR,BGD,1981,25.46999931335449,,
LR.AG15T99.RUR,BGD,1991,30.1200008392334,,
LR.AG15T99.RUR,BGD,2001,41.86000061035156,,
LR.AG15T99.RUR,BGD,2011,51.66999816894531,,
LR.AG15T99.RUR,BGD,2012,50.38999938964844,,
LR.AG15T99.RUR,BGD,2013,57.04999923706055,,
LR.AG15T99.RUR,BGD,2014,57.04000091552734,,
LR.AG15T99.RUR,BGD,2015,57.77999877929688,,
LR.AG15T99.RUR,BGD,2016,65.88999938964844,,
LR.AG15T99.RUR,BGD,2017,66.15000152587891,,
LR.AG15T99.RUR,BGD,2018,67.31999969482422,,
LR.AG15T99.RUR,BGD,2019,68.40000152587891,,
LR.AG15T99.RUR,BGD,2020,68.80000305175781,,
LR.AG15T99.RUR,BGD,2021,71.41000366210938,,
LR.AG15T99.RUR,BGD,2022,79,,
LR.AG15T99.RUR.F,BGD,1981,15.31999969482422,,
LR.AG15T99.RUR.F,BGD,1991,21.47999954223633,,
LR.AG15T99.RUR.F,BGD,2001,35.93000030517578,,
LR.AG15T99.RUR.F,BGD,2011,47.95999908447266,,
LR.AG15T99.RUR.F,BGD,2012,46.63000106811523,,
LR.AG15T99.RUR.F,BGD,2013,53.86000061035156,,
LR.AG15T99.RUR.F,BGD,2014,53.7400016784668,,
LR.AG15T99.RUR.F,BGD,2015,54.88999938964844,,
LR.AG15T99.RUR.F,BGD,2016,62.91999816894531,,
LR.AG15T99.RUR.F,BGD,2017,63.2400016784668,,
LR.AG15T99.RUR.F,BGD,2018,64.37000274658203,,
LR.AG15T99.RUR.F,BGD,2019,65.44999694824219,,
LR.AG15T99.RUR.F,BGD,2020,65.62999725341797,,
LR.AG15T99.RUR.F,BGD,2021,68.45999908447266,,
LR.AG15T99.RUR.F,BGD,2022,76.54000091552734,,
LR.AG15T99.RUR.GPIA,BGD,1981,.4300000071525574,,
LR.AG15T99.RUR.GPIA,BGD,1991,.550000011920929,,
LR.AG15T99.RUR.GPIA,BGD,2001,.75,,
LR.AG15T99.RUR.GPIA,BGD,2011,.8700000047683716,,
LR.AG15T99.RUR.GPIA,BGD,2012,.8600000143051147,,
LR.AG15T99.RUR.GPIA,BGD,2013,.8899999856948853,,
LR.AG15T99.RUR.GPIA,BGD,2014,.8899999856948853,,
LR.AG15T99.RUR.GPIA,BGD,2015,.8999999761581421,,
LR.AG15T99.RUR.GPIA,BGD,2016,.9100000262260437,,
LR.AG15T99.RUR.GPIA,BGD,2017,.9200000166893005,,
LR.AG15T99.RUR.GPIA,BGD,2018,.9200000166893005,,
LR.AG15T99.RUR.GPIA,BGD,2019,.9200000166893005,,
LR.AG15T99.RUR.GPIA,BGD,2020,.9100000262260437,,
LR.AG15T99.RUR.GPIA,BGD,2021,.9200000166893005,,
LR.AG15T99.RUR.GPIA,BGD,2022,.9399999976158142,,
LR.AG15T99.RUR.M,BGD,1981,35.47999954223633,,
LR.AG15T99.RUR.M,BGD,1991,38.7400016784668,,
LR.AG15T99.RUR.M,BGD,2001,47.86000061035156,,
LR.AG15T99.RUR.M,BGD,2011,55.43999862670898,,
LR.AG15T99.RUR.M,BGD,2012,54.20000076293945,,
LR.AG15T99.RUR.M,BGD,2013,60.22999954223633,,
LR.AG15T99.RUR.M,BGD,2014,60.36999893188477,,
LR.AG15T99.RUR.M,BGD,2015,60.70000076293945,,
LR.AG15T99.RUR.M,BGD,2016,68.87999725341797,,
LR.AG15T99.RUR.M,BGD,2017,69.05000305175781,,
LR.AG15T99.RUR.M,BGD,2018,70.27999877929688,,
LR.AG15T99.RUR.M,BGD,2019,71.36000061035156,,
LR.AG15T99.RUR.M,BGD,2020,71.98999786376953,,
LR.AG15T99.RUR.M,BGD,2021,74.47000122070313,,
LR.AG15T99.RUR.M,BGD,2022,81.38999938964844,,
LR.AG15T99.URB,BGD,1981,48.18000030517578,,
LR.AG15T99.URB,BGD,1991,54.43000030517578,,
LR.AG15T99.URB,BGD,2001,64.30000305175781,,
LR.AG15T99.URB,BGD,2011,70.19000244140625,,
LR.AG15T99.URB,BGD,2012,69.91999816894531,,
LR.AG15T99.URB,BGD,2013,74.12999725341797,,
LR.AG15T99.URB,BGD,2014,74.44999694824219,,
LR.AG15T99.URB,BGD,2015,75.80999755859375,,
LR.AG15T99.URB,BGD,2016,80.95999908447266,,
LR.AG15T99.URB,BGD,2017,81.08000183105469,,
LR.AG15T99.URB,BGD,2018,81.73999786376953,,
LR.AG15T99.URB,BGD,2019,82.20999908447266,,
LR.AG15T99.URB,BGD,2020,82.37999725341797,,
LR.AG15T99.URB,BGD,2021,82.44999694824219,,
LR.AG15T99.URB,BGD,2022,79,,
LR.AG15T99.URB.F,BGD,1981,34.06999969482422,,
LR.AG15T99.URB.F,BGD,1991,44.02000045776367,,
LR.AG15T99.URB.F,BGD,2001,57.06000137329102,,
LR.AG15T99.URB.F,BGD,2011,66.61000061035156,,
LR.AG15T99.URB.F,BGD,2012,66.47000122070313,,
LR.AG15T99.URB.F,BGD,2013,70.91999816894531,,
LR.AG15T99.URB.F,BGD,2014,71.40000152587891,,
LR.AG15T99.URB.F,BGD,2015,72.94000244140625,,
LR.AG15T99.URB.F,BGD,2016,78.27999877929688,,
LR.AG15T99.URB.F,BGD,2017,78.37999725341797,,
LR.AG15T99.URB.F,BGD,2018,79.19999694824219,,
LR.AG15T99.URB.F,BGD,2019,79.69999694824219,,
LR.AG15T99.URB.F,BGD,2020,79.83999633789063,,
LR.AG15T99.URB.F,BGD,2021,79.95999908447266,,
LR.AG15T99.URB.F,BGD,2022,76.54000091552734,,
LR.AG15T99.URB.GPIA,BGD,1981,.5899999737739563,,
LR.AG15T99.URB.GPIA,BGD,1991,.699999988079071,,
LR.AG15T99.URB.GPIA,BGD,2001,.8100000023841858,,
LR.AG15T99.URB.GPIA,BGD,2011,.8999999761581421,,
LR.AG15T99.URB.GPIA,BGD,2012,.9100000262260437,,
LR.AG15T99.URB.GPIA,BGD,2013,.9200000166893005,,
LR.AG15T99.URB.GPIA,BGD,2014,.9200000166893005,,
LR.AG15T99.URB.GPIA,BGD,2015,.9300000071525574,,
LR.AG15T99.URB.GPIA,BGD,2016,.9399999976158142,,
LR.AG15T99.URB.GPIA,BGD,2017,.9399999976158142,,
LR.AG15T99.URB.GPIA,BGD,2018,.9399999976158142,,
LR.AG15T99.URB.GPIA,BGD,2019,.9399999976158142,,
LR.AG15T99.URB.GPIA,BGD,2020,.9399999976158142,,
LR.AG15T99.URB.GPIA,BGD,2021,.9399999976158142,,
LR.AG15T99.URB.GPIA,BGD,2022,.9399999976158142,,
LR.AG15T99.URB.M,BGD,1981,58.04000091552734,,
LR.AG15T99.URB.M,BGD,1991,62.63000106811523,,
LR.AG15T99.URB.M,BGD,2001,70.29000091552734,,
LR.AG15T99.URB.M,BGD,2011,73.83000183105469,,
LR.AG15T99.URB.M,BGD,2012,73.43000030517578,,
LR.AG15T99.URB.M,BGD,2013,77.26999664306641,,
LR.AG15T99.URB.M,BGD,2014,77.55999755859375,,
LR.AG15T99.URB.M,BGD,2015,78.69999694824219,,
LR.AG15T99.URB.M,BGD,2016,83.62000274658203,,
LR.AG15T99.URB.M,BGD,2017,83.79000091552734,,
LR.AG15T99.URB.M,BGD,2018,84.33999633789063,,
LR.AG15T99.URB.M,BGD,2019,84.73999786376953,,
LR.AG15T99.URB.M,BGD,2020,84.91999816894531,,
LR.AG15T99.URB.M,BGD,2021,85.06999969482422,,
LR.AG15T99.URB.M,BGD,2022,81.38999938964844,,
LR.AG25T64,BGD,1981,26.93000030517578,,
LR.AG25T64,BGD,1991,32.04999923706055,,
LR.AG25T64,BGD,2001,42.04000091552734,,UIS_EST
LR.AG25T64,BGD,2011,53.2400016784668,,
LR.AG25T64,BGD,2012,52.25,,
LR.AG25T64,BGD,2013,53.7400016784668,,
LR.AG25T64,BGD,2014,54.25,,
LR.AG25T64,BGD,2015,59.36000061035156,,
LR.AG25T64,BGD,2016,68.06999969482422,,
LR.AG25T64,BGD,2017,68.51999664306641,,
LR.AG25T64,BGD,2018,69.75,,
LR.AG25T64,BGD,2019,70.66999816894531,,
LR.AG25T64,BGD,2020,71.29000091552734,,
LR.AG25T64,BGD,2021,73.02999877929688,,
LR.AG25T64,BGD,2022,76.11000061035156,,
LR.AG25T64.F,BGD,1981,14.15999984741211,,
LR.AG25T64.F,BGD,1991,21.14999961853027,,
LR.AG25T64.F,BGD,2001,33.79999923706055,,UIS_EST
LR.AG25T64.F,BGD,2011,48.06999969482422,,
LR.AG25T64.F,BGD,2012,47.22000122070313,,
LR.AG25T64.F,BGD,2013,48.91999816894531,,
LR.AG25T64.F,BGD,2014,49.88999938964844,,
LR.AG25T64.F,BGD,2015,55.18999862670898,,
LR.AG25T64.F,BGD,2016,64.15000152587891,,
LR.AG25T64.F,BGD,2017,65.01000213623047,,
LR.AG25T64.F,BGD,2018,66.81999969482422,,
LR.AG25T64.F,BGD,2019,67.76999664306641,,
LR.AG25T64.F,BGD,2020,68.25,,
LR.AG25T64.F,BGD,2021,69.81999969482422,,
LR.AG25T64.F,BGD,2022,72.62000274658203,,
LR.AG25T64.F.LPIA,BGD,1981,.4199999868869781,,
LR.AG25T64.F.LPIA,BGD,1991,.449999988079071,,
LR.AG25T64.F.LPIA,BGD,2001,.5699999928474426,,UIS_EST
LR.AG25T64.F.LPIA,BGD,2011,.6299999952316284,,
LR.AG25T64.F.LPIA,BGD,2012,.6100000143051147,,
LR.AG25T64.F.LPIA,BGD,2013,.6700000166893005,,
LR.AG25T64.F.LPIA,BGD,2014,.6800000071525574,,
LR.AG25T64.F.LPIA,BGD,2015,.6700000166893005,,
LR.AG25T64.F.LPIA,BGD,2016,.7400000095367432,,
LR.AG25T64.F.LPIA,BGD,2017,.75,,
LR.AG25T64.F.LPIA,BGD,2018,.7699999809265137,,
LR.AG25T64.F.LPIA,BGD,2019,.7799999713897705,,
LR.AG25T64.F.LPIA,BGD,2020,.7799999713897705,,
LR.AG25T64.F.LPIA,BGD,2021,.8199999928474426,,
LR.AG25T64.F.LPIA,BGD,2022,1,,
LR.AG25T64.F.WPIA,BGD,2018,.4399999976158142,,UIS_EST
LR.AG25T64.F.WPIA,BGD,2022,.5,,UIS_EST
LR.AG25T64.GPIA,BGD,1981,.3700000047683716,,
LR.AG25T64.GPIA,BGD,1991,.5,,
LR.AG25T64.GPIA,BGD,2001,.6800000071525574,,UIS_EST
LR.AG25T64.GPIA,BGD,2011,.8199999928474426,,
LR.AG25T64.GPIA,BGD,2012,.8199999928474426,,
LR.AG25T64.GPIA,BGD,2013,.8399999737739563,,
LR.AG25T64.GPIA,BGD,2014,.8500000238418579,,
LR.AG25T64.GPIA,BGD,2015,.8700000047683716,,
LR.AG25T64.GPIA,BGD,2016,.8899999856948853,,
LR.AG25T64.GPIA,BGD,2017,.8999999761581421,,
LR.AG25T64.GPIA,BGD,2018,.9200000166893005,,
LR.AG25T64.GPIA,BGD,2019,.9200000166893005,,
LR.AG25T64.GPIA,BGD,2020,.9200000166893005,,
LR.AG25T64.GPIA,BGD,2021,.9100000262260437,,
LR.AG25T64.GPIA,BGD,2022,.9100000262260437,,
LR.AG25T64.LPIA,BGD,1981,.5,,
LR.AG25T64.LPIA,BGD,1991,.5199999809265137,,
LR.AG25T64.LPIA,BGD,2001,.5899999737739563,,UIS_EST
LR.AG25T64.LPIA,BGD,2011,.6600000262260437,,
LR.AG25T64.LPIA,BGD,2012,.6399999856948853,,
LR.AG25T64.LPIA,BGD,2013,.6899999976158142,,
LR.AG25T64.LPIA,BGD,2014,.6899999976158142,,
LR.AG25T64.LPIA,BGD,2015,.6899999976158142,,
LR.AG25T64.LPIA,BGD,2016,.7599999904632568,,
LR.AG25T64.LPIA,BGD,2017,.7599999904632568,,
LR.AG25T64.LPIA,BGD,2018,.7699999809265137,,
LR.AG25T64.LPIA,BGD,2019,.7799999713897705,,
LR.AG25T64.LPIA,BGD,2020,.7900000214576721,,
LR.AG25T64.LPIA,BGD,2021,.8299999833106995,,
LR.AG25T64.LPIA,BGD,2022,1,,
LR.AG25T64.M,BGD,1981,38.56999969482422,,
LR.AG25T64.M,BGD,1991,42.11000061035156,,
LR.AG25T64.M,BGD,2001,49.81999969482422,,UIS_EST
LR.AG25T64.M,BGD,2011,58.54000091552734,,
LR.AG25T64.M,BGD,2012,57.40999984741211,,
LR.AG25T64.M,BGD,2013,58.56999969482422,,
LR.AG25T64.M,BGD,2014,58.75,,
LR.AG25T64.M,BGD,2015,63.63000106811523,,
LR.AG25T64.M,BGD,2016,72.01000213623047,,
LR.AG25T64.M,BGD,2017,72.06999969482422,,
LR.AG25T64.M,BGD,2018,72.83000183105469,,
LR.AG25T64.M,BGD,2019,73.69999694824219,,
LR.AG25T64.M,BGD,2020,74.44000244140625,,
LR.AG25T64.M,BGD,2021,76.44000244140625,,
LR.AG25T64.M,BGD,2022,79.41999816894531,,
LR.AG25T64.M.LPIA,BGD,1981,.5899999737739563,,
LR.AG25T64.M.LPIA,BGD,1991,.5899999737739563,,
LR.AG25T64.M.LPIA,BGD,2001,.6299999952316284,,UIS_EST
LR.AG25T64.M.LPIA,BGD,2011,.6899999976158142,,
LR.AG25T64.M.LPIA,BGD,2012,.6700000166893005,,
LR.AG25T64.M.LPIA,BGD,2013,.7099999785423279,,
LR.AG25T64.M.LPIA,BGD,2014,.7099999785423279,,
LR.AG25T64.M.LPIA,BGD,2015,.7099999785423279,,
LR.AG25T64.M.LPIA,BGD,2016,.7699999809265137,,
LR.AG25T64.M.LPIA,BGD,2017,.7699999809265137,,
LR.AG25T64.M.LPIA,BGD,2018,.7799999713897705,,
LR.AG25T64.M.LPIA,BGD,2019,.7900000214576721,,
LR.AG25T64.M.LPIA,BGD,2020,.800000011920929,,
LR.AG25T64.M.LPIA,BGD,2021,.8399999737739563,,
LR.AG25T64.M.LPIA,BGD,2022,1,,
LR.AG25T64.M.NPIA,BGD,2017,.8027532569874331,,
LR.AG25T64.NATIVE,BGD,2017,63.9565799577882,,
LR.AG25T64.NATIVE.M,BGD,2017,68.8839461497037,,
LR.AG25T64.NONNATIVE,BGD,2017,52.0239210379482,,
LR.AG25T64.NONNATIVE.M,BGD,2017,55.2968121258216,,
LR.AG25T64.NPIA,BGD,2017,.813425625202041,,
LR.AG25T64.Q1.F,BGD,2018,33.93000030517578,,UIS_EST
LR.AG25T64.Q1.F,BGD,2022,41.11999893188477,,UIS_EST
LR.AG25T64.Q5.F,BGD,2018,76.45999908447266,,UIS_EST
LR.AG25T64.Q5.F,BGD,2022,82.69000244140625,,UIS_EST
LR.AG25T64.RUR,BGD,1981,23.19000053405762,,
LR.AG25T64.RUR,BGD,1991,26.82999992370605,,
LR.AG25T64.RUR,BGD,2001,35.97999954223633,,UIS_EST
LR.AG25T64.RUR,BGD,2011,44.31000137329102,,
LR.AG25T64.RUR,BGD,2012,42.81999969482422,,
LR.AG25T64.RUR,BGD,2013,48.47999954223633,,
LR.AG25T64.RUR,BGD,2014,49.06000137329102,,
LR.AG25T64.RUR,BGD,2015,49.86999893188477,,
LR.AG25T64.RUR,BGD,2016,59.2400016784668,,
LR.AG25T64.RUR,BGD,2017,59.88999938964844,,
LR.AG25T64.RUR,BGD,2018,61.31000137329102,,
LR.AG25T64.RUR,BGD,2019,62.56000137329102,,
LR.AG25T64.RUR,BGD,2020,63.38999938964844,,
LR.AG25T64.RUR,BGD,2021,66.69999694824219,,
LR.AG25T64.RUR,BGD,2022,76.11000061035156,,
LR.AG25T64.RUR.F,BGD,1981,11.92000007629395,,
LR.AG25T64.RUR.F,BGD,1991,17.30999946594238,,
LR.AG25T64.RUR.F,BGD,2001,28.88999938964844,,UIS_EST
LR.AG25T64.RUR.F,BGD,2011,39.22999954223633,,
LR.AG25T64.RUR.F,BGD,2012,37.81999969482422,,
LR.AG25T64.RUR.F,BGD,2013,43.88999938964844,,
LR.AG25T64.RUR.F,BGD,2014,44.95999908447266,,
LR.AG25T64.RUR.F,BGD,2015,45.7400016784668,,
LR.AG25T64.RUR.F,BGD,2016,55.47999954223633,,
LR.AG25T64.RUR.F,BGD,2017,56.59000015258789,,
LR.AG25T64.RUR.F,BGD,2018,58.61000061035156,,
LR.AG25T64.RUR.F,BGD,2019,59.79999923706055,,
LR.AG25T64.RUR.F,BGD,2020,60.36999893188477,,
LR.AG25T64.RUR.F,BGD,2021,63.52999877929688,,
LR.AG25T64.RUR.F,BGD,2022,72.62000274658203,,
LR.AG25T64.RUR.GPIA,BGD,1981,.3499999940395355,,
LR.AG25T64.RUR.GPIA,BGD,1991,.4799999892711639,,
LR.AG25T64.RUR.GPIA,BGD,2001,.6700000166893005,,UIS_EST
LR.AG25T64.RUR.GPIA,BGD,2011,.7900000214576721,,
LR.AG25T64.RUR.GPIA,BGD,2012,.7900000214576721,,
LR.AG25T64.RUR.GPIA,BGD,2013,.8299999833106995,,
LR.AG25T64.RUR.GPIA,BGD,2014,.8399999737739563,,
LR.AG25T64.RUR.GPIA,BGD,2015,.8399999737739563,,
LR.AG25T64.RUR.GPIA,BGD,2016,.8799999952316284,,
LR.AG25T64.RUR.GPIA,BGD,2017,.8899999856948853,,
LR.AG25T64.RUR.GPIA,BGD,2018,.9100000262260437,,
LR.AG25T64.RUR.GPIA,BGD,2019,.9100000262260437,,
LR.AG25T64.RUR.GPIA,BGD,2020,.9100000262260437,,
LR.AG25T64.RUR.GPIA,BGD,2021,.9100000262260437,,
LR.AG25T64.RUR.GPIA,BGD,2022,.9100000262260437,,
LR.AG25T64.RUR.M,BGD,1981,34.15000152587891,,
LR.AG25T64.RUR.M,BGD,1991,36.20000076293945,,
LR.AG25T64.RUR.M,BGD,2001,43.11999893188477,,UIS_EST
LR.AG25T64.RUR.M,BGD,2011,49.61000061035156,,
LR.AG25T64.RUR.M,BGD,2012,48.04000091552734,,
LR.AG25T64.RUR.M,BGD,2013,53.16999816894531,,
LR.AG25T64.RUR.M,BGD,2014,53.36999893188477,,
LR.AG25T64.RUR.M,BGD,2015,54.16999816894531,,
LR.AG25T64.RUR.M,BGD,2016,63.15999984741211,,
LR.AG25T64.RUR.M,BGD,2017,63.33000183105469,,
LR.AG25T64.RUR.M,BGD,2018,64.19999694824219,,
LR.AG25T64.RUR.M,BGD,2019,65.51000213623047,,
LR.AG25T64.RUR.M,BGD,2020,66.59999847412109,,
LR.AG25T64.RUR.M,BGD,2021,70.12999725341797,,
LR.AG25T64.RUR.M,BGD,2022,79.41999816894531,,
LR.AG25T64.URB,BGD,1981,46.18999862670898,,
LR.AG25T64.URB,BGD,1991,51.72999954223633,,
LR.AG25T64.URB,BGD,2001,60.54999923706055,,UIS_EST
LR.AG25T64.URB,BGD,2011,67.01000213623047,,
LR.AG25T64.URB,BGD,2012,66.81999969482422,,
LR.AG25T64.URB,BGD,2013,70.56999969482422,,
LR.AG25T64.URB,BGD,2014,70.76999664306641,,
LR.AG25T64.URB,BGD,2015,72.51000213623047,,
LR.AG25T64.URB,BGD,2016,78.22000122070313,,
LR.AG25T64.URB,BGD,2017,78.55999755859375,,
LR.AG25T64.URB,BGD,2018,79.37000274658203,,
LR.AG25T64.URB,BGD,2019,79.93000030517578,,
LR.AG25T64.URB,BGD,2020,80.44999694824219,,
LR.AG25T64.URB,BGD,2021,80.36000061035156,,
LR.AG25T64.URB,BGD,2022,76.11000061035156,,
LR.AG25T64.URB.F,BGD,1981,28.60000038146973,,
LR.AG25T64.URB.F,BGD,1991,38.2599983215332,,
LR.AG25T64.URB.F,BGD,2001,51.04000091552734,,UIS_EST
LR.AG25T64.URB.F,BGD,2011,62.02000045776367,,
LR.AG25T64.URB.F,BGD,2012,62.09999847412109,,
LR.AG25T64.URB.F,BGD,2013,65.75,,
LR.AG25T64.URB.F,BGD,2014,66.19000244140625,,
LR.AG25T64.URB.F,BGD,2015,68.55000305175781,,
LR.AG25T64.URB.F,BGD,2016,74.48999786376953,,
LR.AG25T64.URB.F,BGD,2017,75.09999847412109,,
LR.AG25T64.URB.F,BGD,2018,76.37000274658203,,
LR.AG25T64.URB.F,BGD,2019,77.08999633789063,,
LR.AG25T64.URB.F,BGD,2020,77.61000061035156,,
LR.AG25T64.URB.F,BGD,2021,77.23999786376953,,
LR.AG25T64.URB.F,BGD,2022,72.62000274658203,,
LR.AG25T64.URB.GPIA,BGD,1981,.5,,
LR.AG25T64.URB.GPIA,BGD,1991,.6200000047683716,,
LR.AG25T64.URB.GPIA,BGD,2001,.75,,UIS_EST
LR.AG25T64.URB.GPIA,BGD,2011,.8600000143051147,,
LR.AG25T64.URB.GPIA,BGD,2012,.8700000047683716,,
LR.AG25T64.URB.GPIA,BGD,2013,.8799999952316284,,
LR.AG25T64.URB.GPIA,BGD,2014,.8799999952316284,,
LR.AG25T64.URB.GPIA,BGD,2015,.8999999761581421,,
LR.AG25T64.URB.GPIA,BGD,2016,.9100000262260437,,
LR.AG25T64.URB.GPIA,BGD,2017,.9200000166893005,,
LR.AG25T64.URB.GPIA,BGD,2018,.9300000071525574,,
LR.AG25T64.URB.GPIA,BGD,2019,.9300000071525574,,
LR.AG25T64.URB.GPIA,BGD,2020,.9300000071525574,,
LR.AG25T64.URB.GPIA,BGD,2021,.9200000166893005,,
LR.AG25T64.URB.GPIA,BGD,2022,.9100000262260437,,
LR.AG25T64.URB.M,BGD,1981,57.59999847412109,,
LR.AG25T64.URB.M,BGD,1991,61.47000122070313,,
LR.AG25T64.URB.M,BGD,2001,67.94000244140625,,UIS_EST
LR.AG25T64.URB.M,BGD,2011,71.97000122070313,,
LR.AG25T64.URB.M,BGD,2012,71.51999664306641,,
LR.AG25T64.URB.M,BGD,2013,75.11000061035156,,
LR.AG25T64.URB.M,BGD,2014,75.20999908447266,,
LR.AG25T64.URB.M,BGD,2015,76.47000122070313,,
LR.AG25T64.URB.M,BGD,2016,81.81999969482422,,
LR.AG25T64.URB.M,BGD,2017,81.94999694824219,,
LR.AG25T64.URB.M,BGD,2018,82.45999908447266,,
LR.AG25T64.URB.M,BGD,2019,82.83000183105469,,
LR.AG25T64.URB.M,BGD,2020,83.31999969482422,,
LR.AG25T64.URB.M,BGD,2021,83.59999847412109,,
LR.AG25T64.URB.M,BGD,2022,79.41999816894531,,
LR.AG65T99,BGD,1981,19.04000091552734,,
LR.AG65T99,BGD,1991,22.29000091552734,,
LR.AG65T99,BGD,2001,28.63999938964844,,UIS_EST
LR.AG65T99,BGD,2011,30.19000053405762,,
LR.AG65T99,BGD,2012,27.18000030517578,,
LR.AG65T99,BGD,2013,29.32999992370605,,
LR.AG65T99,BGD,2014,32.15000152587891,,
LR.AG65T99,BGD,2015,32.09999847412109,,
LR.AG65T99,BGD,2016,40.04999923706055,,
LR.AG65T99,BGD,2017,39.47000122070313,,
LR.AG65T99,BGD,2018,40.11999893188477,,
LR.AG65T99,BGD,2019,39.43000030517578,,
LR.AG65T99,BGD,2020,39,,
LR.AG65T99,BGD,2021,40.27000045776367,,
LR.AG65T99,BGD,2022,45.54000091552734,,
LR.AG65T99.F,BGD,1981,4.150000095367432,,
LR.AG65T99.F,BGD,1991,7.130000114440918,,
LR.AG65T99.F,BGD,2001,15.5,,UIS_EST
LR.AG65T99.F,BGD,2011,18.43000030517578,,
LR.AG65T99.F,BGD,2012,14.07999992370605,,
LR.AG65T99.F,BGD,2013,15.30000019073486,,
LR.AG65T99.F,BGD,2014,22.85000038146973,,
LR.AG65T99.F,BGD,2015,19.28000068664551,,
LR.AG65T99.F,BGD,2016,25.02000045776367,,
LR.AG65T99.F,BGD,2017,27.17000007629395,,
LR.AG65T99.F,BGD,2018,26.76000022888184,,
LR.AG65T99.F,BGD,2019,25,,
LR.AG65T99.F,BGD,2020,24.65999984741211,,
LR.AG65T99.F,BGD,2021,26.54999923706055,,
LR.AG65T99.F,BGD,2022,31.15999984741211,,
LR.AG65T99.F.LPIA,BGD,1981,.3199999928474426,,
LR.AG65T99.F.LPIA,BGD,1991,.3700000047683716,,
LR.AG65T99.F.LPIA,BGD,2001,.5099999904632568,,UIS_EST
LR.AG65T99.F.LPIA,BGD,2011,.5600000023841858,,
LR.AG65T99.F.LPIA,BGD,2012,.4199999868869781,,
LR.AG65T99.F.LPIA,BGD,2013,.4600000083446503,,
LR.AG65T99.F.LPIA,BGD,2014,.3799999952316284,,
LR.AG65T99.F.LPIA,BGD,2015,.4000000059604645,,
LR.AG65T99.F.LPIA,BGD,2016,.449999988079071,,
LR.AG65T99.F.LPIA,BGD,2017,.5,,
LR.AG65T99.F.LPIA,BGD,2018,.5,,
LR.AG65T99.F.LPIA,BGD,2019,.4600000083446503,,
LR.AG65T99.F.LPIA,BGD,2020,.449999988079071,,
LR.AG65T99.F.LPIA,BGD,2021,.5199999809265137,,
LR.AG65T99.F.LPIA,BGD,2022,1,,
LR.AG65T99.F.WPIA,BGD,2018,.0199999995529652,,UIS_EST
LR.AG65T99.F.WPIA,BGD,2022,.0799999982118607,,UIS_EST
LR.AG65T99.GPIA,BGD,1981,.1400000005960464,,
LR.AG65T99.GPIA,BGD,1991,.2099999934434891,,
LR.AG65T99.GPIA,BGD,2001,.4000000059604645,,UIS_EST
LR.AG65T99.GPIA,BGD,2011,.4399999976158142,,
LR.AG65T99.GPIA,BGD,2012,.3600000143051147,,
LR.AG65T99.GPIA,BGD,2013,.3799999952316284,,
LR.AG65T99.GPIA,BGD,2014,.5600000023841858,,
LR.AG65T99.GPIA,BGD,2015,.449999988079071,,
LR.AG65T99.GPIA,BGD,2016,.4799999892711639,,
LR.AG65T99.GPIA,BGD,2017,.5299999713897705,,
LR.AG65T99.GPIA,BGD,2018,.5,,
LR.AG65T99.GPIA,BGD,2019,.4799999892711639,,
LR.AG65T99.GPIA,BGD,2020,.4699999988079071,,
LR.AG65T99.GPIA,BGD,2021,.5,,
LR.AG65T99.GPIA,BGD,2022,.5400000214576721,,
LR.AG65T99.LPIA,BGD,1981,.6000000238418579,,
LR.AG65T99.LPIA,BGD,1991,.6100000143051147,,
LR.AG65T99.LPIA,BGD,2001,.6299999952316284,,UIS_EST
LR.AG65T99.LPIA,BGD,2011,.6200000047683716,,
LR.AG65T99.LPIA,BGD,2012,.550000011920929,,
LR.AG65T99.LPIA,BGD,2013,.5899999737739563,,
LR.AG65T99.LPIA,BGD,2014,.5400000214576721,,
LR.AG65T99.LPIA,BGD,2015,.5199999809265137,,
LR.AG65T99.LPIA,BGD,2016,.5899999737739563,,
LR.AG65T99.LPIA,BGD,2017,.5799999833106995,,
LR.AG65T99.LPIA,BGD,2018,.5899999737739563,,
LR.AG65T99.LPIA,BGD,2019,.5799999833106995,,
LR.AG65T99.LPIA,BGD,2020,.5799999833106995,,
LR.AG65T99.LPIA,BGD,2021,.6299999952316284,,
LR.AG65T99.LPIA,BGD,2022,1,,
LR.AG65T99.M,BGD,1981,29.95999908447266,,
LR.AG65T99.M,BGD,1991,33.38000106811523,,
LR.AG65T99.M,BGD,2001,39.20000076293945,,UIS_EST
LR.AG65T99.M,BGD,2011,41.5099983215332,,
LR.AG65T99.M,BGD,2012,39.47000122070313,,
LR.AG65T99.M,BGD,2013,40.09000015258789,,
LR.AG65T99.M,BGD,2014,40.45000076293945,,
LR.AG65T99.M,BGD,2015,42.83000183105469,,
LR.AG65T99.M,BGD,2016,52.43999862670898,,
LR.AG65T99.M,BGD,2017,51.09000015258789,,
LR.AG65T99.M,BGD,2018,53.06999969482422,,
LR.AG65T99.M,BGD,2019,52.47000122070313,,
LR.AG65T99.M,BGD,2020,52.56000137329102,,
LR.AG65T99.M,BGD,2021,53.15000152587891,,
LR.AG65T99.M,BGD,2022,57.68000030517578,,
LR.AG65T99.M.LPIA,BGD,1981,.6600000262260437,,
LR.AG65T99.M.LPIA,BGD,1991,.6700000166893005,,
LR.AG65T99.M.LPIA,BGD,2001,.6899999976158142,,UIS_EST
LR.AG65T99.M.LPIA,BGD,2011,.6399999856948853,,
LR.AG65T99.M.LPIA,BGD,2012,.6000000238418579,,
LR.AG65T99.M.LPIA,BGD,2013,.6399999856948853,,
LR.AG65T99.M.LPIA,BGD,2014,.6299999952316284,,
LR.AG65T99.M.LPIA,BGD,2015,.5799999833106995,,
LR.AG65T99.M.LPIA,BGD,2016,.6499999761581421,,
LR.AG65T99.M.LPIA,BGD,2017,.6299999952316284,,
LR.AG65T99.M.LPIA,BGD,2018,.6600000262260437,,
LR.AG65T99.M.LPIA,BGD,2019,.6499999761581421,,
LR.AG65T99.M.LPIA,BGD,2020,.6600000262260437,,
LR.AG65T99.M.LPIA,BGD,2021,.699999988079071,,
LR.AG65T99.M.LPIA,BGD,2022,1,,
LR.AG65T99.Q1.F,BGD,2018,.2700000107288361,,UIS_EST
LR.AG65T99.Q1.F,BGD,2022,1.669999957084656,,UIS_EST
LR.AG65T99.Q5.F,BGD,2018,11.03999996185303,,UIS_EST
LR.AG65T99.Q5.F,BGD,2022,22.03000068664551,,UIS_EST
LR.AG65T99.RUR,BGD,1981,17.51000022888184,,
LR.AG65T99.RUR,BGD,1991,20.27000045776367,,
LR.AG65T99.RUR,BGD,2001,25.88999938964844,,UIS_EST
LR.AG65T99.RUR,BGD,2011,25.20000076293945,,
LR.AG65T99.RUR,BGD,2012,21.51000022888184,,
LR.AG65T99.RUR,BGD,2013,26.25,,
LR.AG65T99.RUR,BGD,2014,27.78000068664551,,
LR.AG65T99.RUR,BGD,2015,24.59000015258789,,
LR.AG65T99.RUR,BGD,2016,31.48999977111816,,
LR.AG65T99.RUR,BGD,2017,30.98999977111816,,
LR.AG65T99.RUR,BGD,2018,31.75,,
LR.AG65T99.RUR,BGD,2019,30.85000038146973,,
LR.AG65T99.RUR,BGD,2020,30.45000076293945,,
LR.AG65T99.RUR,BGD,2021,33.02999877929688,,
LR.AG65T99.RUR,BGD,2022,45.54000091552734,,
LR.AG65T99.RUR.F,BGD,1981,3.289999961853027,,
LR.AG65T99.RUR.F,BGD,1991,5.639999866485596,,
LR.AG65T99.RUR.F,BGD,2001,13.28999996185303,,UIS_EST
LR.AG65T99.RUR.F,BGD,2011,14.67000007629395,,
LR.AG65T99.RUR.F,BGD,2012,9.710000038146973,,
LR.AG65T99.RUR.F,BGD,2013,12.84000015258789,,
LR.AG65T99.RUR.F,BGD,2014,17.23999977111816,,
LR.AG65T99.RUR.F,BGD,2015,12.85000038146973,,
LR.AG65T99.RUR.F,BGD,2016,17,,
LR.AG65T99.RUR.F,BGD,2017,19.60000038146973,,
LR.AG65T99.RUR.F,BGD,2018,19.31999969482422,,
LR.AG65T99.RUR.F,BGD,2019,17.28000068664551,,
LR.AG65T99.RUR.F,BGD,2020,16.85000038146973,,
LR.AG65T99.RUR.F,BGD,2021,19.89999961853027,,
LR.AG65T99.RUR.F,BGD,2022,31.15999984741211,,
LR.AG65T99.RUR.GPIA,BGD,1981,.119999997317791,,
LR.AG65T99.RUR.GPIA,BGD,1991,.1800000071525574,,
LR.AG65T99.RUR.GPIA,BGD,2001,.3700000047683716,,UIS_EST
LR.AG65T99.RUR.GPIA,BGD,2011,.4199999868869781,,
LR.AG65T99.RUR.GPIA,BGD,2012,.300000011920929,,
LR.AG65T99.RUR.GPIA,BGD,2013,.3499999940395355,,
LR.AG65T99.RUR.GPIA,BGD,2014,.4699999988079071,,
LR.AG65T99.RUR.GPIA,BGD,2015,.3700000047683716,,
LR.AG65T99.RUR.GPIA,BGD,2016,.3899999856948853,,
LR.AG65T99.RUR.GPIA,BGD,2017,.4699999988079071,,
LR.AG65T99.RUR.GPIA,BGD,2018,.4399999976158142,,
LR.AG65T99.RUR.GPIA,BGD,2019,.4000000059604645,,
LR.AG65T99.RUR.GPIA,BGD,2020,.3899999856948853,,
LR.AG65T99.RUR.GPIA,BGD,2021,.4399999976158142,,
LR.AG65T99.RUR.GPIA,BGD,2022,.5400000214576721,,
LR.AG65T99.RUR.M,BGD,1981,28.03000068664551,,
LR.AG65T99.RUR.M,BGD,1991,30.98999977111816,,
LR.AG65T99.RUR.M,BGD,2001,36.15000152587891,,UIS_EST
LR.AG65T99.RUR.M,BGD,2011,35.27999877929688,,
LR.AG65T99.RUR.M,BGD,2012,32.52999877929688,,
LR.AG65T99.RUR.M,BGD,2013,36.63000106811523,,
LR.AG65T99.RUR.M,BGD,2014,36.88000106811523,,
LR.AG65T99.RUR.M,BGD,2015,34.40000152587891,,
LR.AG65T99.RUR.M,BGD,2016,43.52000045776367,,
LR.AG65T99.RUR.M,BGD,2017,41.72999954223633,,
LR.AG65T99.RUR.M,BGD,2018,44.09000015258789,,
LR.AG65T99.RUR.M,BGD,2019,43.40999984741211,,
LR.AG65T99.RUR.M,BGD,2020,43.68999862670898,,
LR.AG65T99.RUR.M,BGD,2021,45.68999862670898,,
LR.AG65T99.RUR.M,BGD,2022,57.68000030517578,,
LR.AG65T99.URB,BGD,1981,29.30999946594238,,
LR.AG65T99.URB,BGD,1991,33.36999893188477,,
LR.AG65T99.URB,BGD,2001,41.22000122070313,,UIS_EST
LR.AG65T99.URB,BGD,2011,40.72000122070313,,
LR.AG65T99.URB,BGD,2012,39.13000106811523,,
LR.AG65T99.URB,BGD,2013,44.77000045776367,,
LR.AG65T99.URB,BGD,2014,51.84000015258789,,
LR.AG65T99.URB,BGD,2015,46.95999908447266,,
LR.AG65T99.URB,BGD,2016,53.79000091552734,,
LR.AG65T99.URB,BGD,2017,53.36999893188477,,
LR.AG65T99.URB,BGD,2018,53.45999908447266,,
LR.AG65T99.URB,BGD,2019,53.15000152587891,,
LR.AG65T99.URB,BGD,2020,52.70000076293945,,
LR.AG65T99.URB,BGD,2021,52.70999908447266,,
LR.AG65T99.URB,BGD,2022,45.54000091552734,,
LR.AG65T99.URB.F,BGD,1981,10.14000034332275,,
LR.AG65T99.URB.F,BGD,1991,15.38000011444092,,
LR.AG65T99.URB.F,BGD,2001,26.04000091552734,,UIS_EST
LR.AG65T99.URB.F,BGD,2011,26.29999923706055,,
LR.AG65T99.URB.F,BGD,2012,23.21999931335449,,
LR.AG65T99.URB.F,BGD,2013,28.05999946594238,,
LR.AG65T99.URB.F,BGD,2014,45.81000137329102,,
LR.AG65T99.URB.F,BGD,2015,31.96999931335449,,
LR.AG65T99.URB.F,BGD,2016,38.02999877929688,,
LR.AG65T99.URB.F,BGD,2017,39.56000137329102,,
LR.AG65T99.URB.F,BGD,2018,38.9900016784668,,
LR.AG65T99.URB.F,BGD,2019,37.7599983215332,,
LR.AG65T99.URB.F,BGD,2020,37.68000030517578,,
LR.AG65T99.URB.F,BGD,2021,38.41999816894531,,
LR.AG65T99.URB.F,BGD,2022,31.15999984741211,,
LR.AG65T99.URB.GPIA,BGD,1981,.239999994635582,,
LR.AG65T99.URB.GPIA,BGD,1991,.3300000131130219,,
LR.AG65T99.URB.GPIA,BGD,2001,.4900000095367432,,UIS_EST
LR.AG65T99.URB.GPIA,BGD,2011,.4799999892711639,,
LR.AG65T99.URB.GPIA,BGD,2012,.4300000071525574,,
LR.AG65T99.URB.GPIA,BGD,2013,.4900000095367432,,
LR.AG65T99.URB.GPIA,BGD,2014,.7900000214576721,,
LR.AG65T99.URB.GPIA,BGD,2015,.5400000214576721,,
LR.AG65T99.URB.GPIA,BGD,2016,.5699999928474426,,
LR.AG65T99.URB.GPIA,BGD,2017,.6000000238418579,,
LR.AG65T99.URB.GPIA,BGD,2018,.5799999833106995,,
LR.AG65T99.URB.GPIA,BGD,2019,.5699999928474426,,
LR.AG65T99.URB.GPIA,BGD,2020,.5699999928474426,,
LR.AG65T99.URB.GPIA,BGD,2021,.5899999737739563,,
LR.AG65T99.URB.GPIA,BGD,2022,.5400000214576721,,
LR.AG65T99.URB.M,BGD,1981,42.61999893188477,,
LR.AG65T99.URB.M,BGD,1991,46.5,,
LR.AG65T99.URB.M,BGD,2001,52.68999862670898,,UIS_EST
LR.AG65T99.URB.M,BGD,2011,54.72999954223633,,
LR.AG65T99.URB.M,BGD,2012,54.18999862670898,,
LR.AG65T99.URB.M,BGD,2013,57.06999969482422,,
LR.AG65T99.URB.M,BGD,2014,58.13999938964844,,
LR.AG65T99.URB.M,BGD,2015,59.52999877929688,,
LR.AG65T99.URB.M,BGD,2016,66.66000366210938,,
LR.AG65T99.URB.M,BGD,2017,66.48000335693359,,
LR.AG65T99.URB.M,BGD,2018,67.01000213623047,,
LR.AG65T99.URB.M,BGD,2019,66.55000305175781,,
LR.AG65T99.URB.M,BGD,2020,66.26000213623047,,
LR.AG65T99.URB.M,BGD,2021,65.52999877929688,,
LR.AG65T99.URB.M,BGD,2022,57.68000030517578,,
LR.GALP.AG15T24,BGD,2007,61.86999893188477,,UIS_EST
LR.GALP.AG15T24.F,BGD,2007,67.48999786376953,,UIS_EST
LR.GALP.AG15T24.GPIA,BGD,2007,1.200000047683716,,UIS_EST
LR.GALP.AG15T24.M,BGD,2007,54.27000045776367,,UIS_EST
LR.GALP.AG15T99,BGD,2007,46.65999984741211,,UIS_EST
LR.GALP.AG15T99.F,BGD,2007,43.7400016784668,,UIS_EST
LR.GALP.AG15T99.GPIA,BGD,2007,.8799999952316284,,UIS_EST
LR.GALP.AG15T99.M,BGD,2007,49.83000183105469,,UIS_EST
LR.GALP.AG25T64,BGD,2007,41.34999847412109,,UIS_EST
LR.GALP.AG25T64.F,BGD,2007,33.66999816894531,,UIS_EST
LR.GALP.AG25T64.GPIA,BGD,2007,.6899999976158142,,UIS_EST
LR.GALP.AG25T64.M,BGD,2007,49.06999969482422,,UIS_EST
LR.GALP.AG65T99,BGD,2007,24.5,,UIS_EST
LR.GALP.AG65T99.F,BGD,2007,3.839999914169312,,UIS_EST
LR.GALP.AG65T99.GPIA,BGD,2007,.0900000035762787,,UIS_EST
LR.GALP.AG65T99.M,BGD,2007,40.81999969482422,,UIS_EST
N.ATTACKS,BGD,2013,27,,
N.ATTACKS,BGD,2014,66,,
N.ATTACKS,BGD,2015,52,,
N.ATTACKS,BGD,2016,7,,
N.ATTACKS,BGD,2017,1,,
N.ATTACKS,BGD,2018,8,,
N.ATTACKS,BGD,2019,5,,
N.ATTACKS,BGD,2020,1,,
N.ATTACKS,BGD,2021,7,,
N.ATTACKS,BGD,2022,1,,
N.ATTACKS,BGD,2023,4,,
N.ATTACKS,BGD,2024,10,,
NARA.AGM1,BGD,2006,63.64884948730469,,
NARA.AGM1,BGD,2011,72.65496826171875,,
NARA.AGM1,BGD,2013,13.21,,
NARA.AGM1,BGD,2014,79.91288757324219,,
NARA.AGM1,BGD,2019,77.44738006591797,,
NARA.AGM1,BGD,2022,83.771240234375,,
NARA.AGM1.F,BGD,2006,65.15412902832031,,
NARA.AGM1.F,BGD,2011,73.31202697753906,,
NARA.AGM1.F,BGD,2013,13.19,,
NARA.AGM1.F,BGD,2014,81.55818939208984,,
NARA.AGM1.F,BGD,2019,78.82057189941406,,
NARA.AGM1.F,BGD,2022,85.41750335693359,,
NARA.AGM1.F.LPIA,BGD,2006,.8873999714851379,,
NARA.AGM1.F.LPIA,BGD,2011,.9838399887084961,,
NARA.AGM1.F.LPIA,BGD,2014,1.051920056343079,,
NARA.AGM1.F.LPIA,BGD,2019,.9320200085639954,,
NARA.AGM1.F.LPIA,BGD,2022,1.02701997756958,,
NARA.AGM1.F.WPIA,BGD,2006,.6369600296020508,,
NARA.AGM1.F.WPIA,BGD,2011,.7491999864578247,,
NARA.AGM1.F.WPIA,BGD,2014,.8197000026702881,,
NARA.AGM1.F.WPIA,BGD,2019,.8718299865722656,,
NARA.AGM1.F.WPIA,BGD,2022,.8658999800682068,,
NARA.AGM1.GPIA,BGD,2006,1.044790029525757,,
NARA.AGM1.GPIA,BGD,2011,1.017359972000122,,
NARA.AGM1.GPIA,BGD,2013,.9962235689163208,,
NARA.AGM1.GPIA,BGD,2014,1.040109992027283,,
NARA.AGM1.GPIA,BGD,2019,1.03422999382019,,
NARA.AGM1.GPIA,BGD,2022,1.036209940910339,,
NARA.AGM1.LPIA,BGD,2006,.8680099844932556,,
NARA.AGM1.LPIA,BGD,2011,.9984700083732605,,
NARA.AGM1.LPIA,BGD,2013,.5026785731315613,,
NARA.AGM1.LPIA,BGD,2014,.9620699882507324,,
NARA.AGM1.LPIA,BGD,2019,.9611700177192688,,
NARA.AGM1.LPIA,BGD,2022,1.014680027961731,,
NARA.AGM1.M,BGD,2006,62.23611831665039,,
NARA.AGM1.M,BGD,2011,72.03907012939453,,
NARA.AGM1.M,BGD,2013,13.24,,
NARA.AGM1.M,BGD,2014,78.28656768798828,,
NARA.AGM1.M,BGD,2019,76.12294006347656,,
NARA.AGM1.M,BGD,2022,82.32418823242188,,
NARA.AGM1.M.LPIA,BGD,2006,.850059986114502,,
NARA.AGM1.M.LPIA,BGD,2011,1.013399958610535,,
NARA.AGM1.M.LPIA,BGD,2014,.8824399709701538,,
NARA.AGM1.M.LPIA,BGD,2019,.9885600209236145,,
NARA.AGM1.M.LPIA,BGD,2022,1.001590013504028,,
NARA.AGM1.M.WPIA,BGD,2006,.5858500003814697,,
NARA.AGM1.M.WPIA,BGD,2011,.736519992351532,,
NARA.AGM1.M.WPIA,BGD,2014,.7226799726486206,,
NARA.AGM1.M.WPIA,BGD,2019,.7768399715423584,,
NARA.AGM1.M.WPIA,BGD,2022,.8123199939727783,,
NARA.AGM1.Q1,BGD,2006,50.59978103637695,,
NARA.AGM1.Q1,BGD,2011,63.35604095458984,,
NARA.AGM1.Q1,BGD,2013,6.64,,
NARA.AGM1.Q1,BGD,2014,68.19611358642578,,
NARA.AGM1.Q1,BGD,2019,69.27896118164063,,
NARA.AGM1.Q1,BGD,2022,76.37442779541016,,
NARA.AGM1.Q1.F,BGD,2006,52.97362899780273,,
NARA.AGM1.Q1.F,BGD,2011,63.45495986938477,,
NARA.AGM1.Q1.F,BGD,2013,6.04,,
NARA.AGM1.Q1.F,BGD,2014,70.84352111816406,,
NARA.AGM1.Q1.F,BGD,2019,73.99179077148438,,
NARA.AGM1.Q1.F,BGD,2022,80.38931274414063,,
NARA.AGM1.Q1.F.LPIA,BGD,2006,1.072139978408813,,
NARA.AGM1.Q1.F.LPIA,BGD,2011,1.157649993896484,,
NARA.AGM1.Q1.F.LPIA,BGD,2014,.8812000155448914,,
NARA.AGM1.Q1.F.LPIA,BGD,2019,1.001909971237183,,
NARA.AGM1.Q1.F.LPIA,BGD,2022,1.002959966659546,,
NARA.AGM1.Q1.GPIA,BGD,2006,1.085729956626892,,
NARA.AGM1.Q1.GPIA,BGD,2011,1.002840042114258,,
NARA.AGM1.Q1.GPIA,BGD,2014,1.077160000801086,,
NARA.AGM1.Q1.GPIA,BGD,2019,1.124420046806335,,
NARA.AGM1.Q1.GPIA,BGD,2022,1.096029996871948,,
NARA.AGM1.Q1.LPIA,BGD,2006,1.054399967193604,,
NARA.AGM1.Q1.LPIA,BGD,2011,1.043959975242615,,
NARA.AGM1.Q1.LPIA,BGD,2014,.8842800259590149,,
NARA.AGM1.Q1.LPIA,BGD,2019,.9823600053787231,,
NARA.AGM1.Q1.LPIA,BGD,2022,1.175420045852661,,
NARA.AGM1.Q1.M,BGD,2006,48.43202972412109,,
NARA.AGM1.Q1.M,BGD,2011,63.27447128295898,,
NARA.AGM1.Q1.M,BGD,2013,7.149999999999999,,
NARA.AGM1.Q1.M,BGD,2014,65.37716674804688,,
NARA.AGM1.Q1.M,BGD,2019,64.78585815429688,,
NARA.AGM1.Q1.M,BGD,2022,72.66974639892578,,
NARA.AGM1.Q1.M.LPIA,BGD,2006,1.039010047912598,,
NARA.AGM1.Q1.M.LPIA,BGD,2014,.9240900278091431,,
NARA.AGM1.Q1.M.LPIA,BGD,2019,.9638100266456604,,
NARA.AGM1.Q1.M.LPIA,BGD,2022,1.257809996604919,,
NARA.AGM1.Q2,BGD,2006,57.92462921142578,,
NARA.AGM1.Q2,BGD,2011,69.48872375488281,,
NARA.AGM1.Q2,BGD,2013,9.950000000000001,,
NARA.AGM1.Q2,BGD,2014,76.69476318359375,,
NARA.AGM1.Q2,BGD,2019,74.37490844726563,,
NARA.AGM1.Q2,BGD,2022,84.11084747314453,,
NARA.AGM1.Q2.F,BGD,2006,61.72895812988281,,
NARA.AGM1.Q2.F,BGD,2011,66.41731262207031,,
NARA.AGM1.Q2.F,BGD,2013,10.08,,
NARA.AGM1.Q2.F,BGD,2014,80.29345703125,,
NARA.AGM1.Q2.F,BGD,2019,74.47505950927734,,
NARA.AGM1.Q2.F,BGD,2022,85.85980987548828,,
NARA.AGM1.Q2.F.LPIA,BGD,2006,.9974300265312195,,
NARA.AGM1.Q2.F.LPIA,BGD,2014,1.265040040016174,,
NARA.AGM1.Q2.F.LPIA,BGD,2019,1.016700029373169,,
NARA.AGM1.Q2.F.LPIA,BGD,2022,1.091320037841797,,
NARA.AGM1.Q2.GPIA,BGD,2006,1.117900013923645,,
NARA.AGM1.Q2.GPIA,BGD,2011,.9145600199699402,,
NARA.AGM1.Q2.GPIA,BGD,2014,1.0973299741745,,
NARA.AGM1.Q2.GPIA,BGD,2019,1.002750039100647,,
NARA.AGM1.Q2.GPIA,BGD,2022,1.039129972457886,,
NARA.AGM1.Q2.LPIA,BGD,2006,1.00366997718811,,
NARA.AGM1.Q2.LPIA,BGD,2011,1.015239953994751,,
NARA.AGM1.Q2.LPIA,BGD,2014,1.139539957046509,,
NARA.AGM1.Q2.LPIA,BGD,2019,.980679988861084,,
NARA.AGM1.Q2.LPIA,BGD,2022,1.089609980583191,,
NARA.AGM1.Q2.M,BGD,2006,54.4510498046875,,
NARA.AGM1.Q2.M,BGD,2011,72.62217712402344,,
NARA.AGM1.Q2.M,BGD,2013,9.81,,
NARA.AGM1.Q2.M,BGD,2014,72.47847747802734,,
NARA.AGM1.Q2.M,BGD,2019,74.27021026611328,,
NARA.AGM1.Q2.M,BGD,2022,82.50019073486328,,
NARA.AGM1.Q2.M.LPIA,BGD,2006,1.034710049629211,,
NARA.AGM1.Q2.M.LPIA,BGD,2019,.9530500173568726,,
NARA.AGM1.Q2.M.LPIA,BGD,2022,1.088330030441284,,
NARA.AGM1.Q3,BGD,2006,63.31105041503906,,
NARA.AGM1.Q3,BGD,2011,72.35341644287109,,
NARA.AGM1.Q3,BGD,2013,10.98,,
NARA.AGM1.Q3,BGD,2014,86.96428680419922,,
NARA.AGM1.Q3,BGD,2019,78.83113861083984,,
NARA.AGM1.Q3,BGD,2022,85.59355926513672,,
NARA.AGM1.Q3.F,BGD,2006,64.50485992431641,,
NARA.AGM1.Q3.F,BGD,2011,76.93419647216797,,
NARA.AGM1.Q3.F,BGD,2013,11.34,,
NARA.AGM1.Q3.F,BGD,2014,89.54540252685547,,
NARA.AGM1.Q3.F,BGD,2019,79.69349670410156,,
NARA.AGM1.Q3.F,BGD,2022,84.54622650146484,,
NARA.AGM1.Q3.F.LPIA,BGD,2006,1.177019953727722,,
NARA.AGM1.Q3.F.LPIA,BGD,2011,1.005149960517883,,
NARA.AGM1.Q3.F.LPIA,BGD,2014,.9940999746322632,,
NARA.AGM1.Q3.F.LPIA,BGD,2019,1.022289991378784,,
NARA.AGM1.Q3.F.LPIA,BGD,2022,1.09063994884491,,
NARA.AGM1.Q3.GPIA,BGD,2006,1.035859942436218,,
NARA.AGM1.Q3.GPIA,BGD,2011,1.110039949417114,,
NARA.AGM1.Q3.GPIA,BGD,2014,1.06069004535675,,
NARA.AGM1.Q3.GPIA,BGD,2019,1.020859956741333,,
NARA.AGM1.Q3.GPIA,BGD,2022,.9756600260734558,,
NARA.AGM1.Q3.LPIA,BGD,2006,1.055320024490356,,
NARA.AGM1.Q3.LPIA,BGD,2011,1.176180005073547,,
NARA.AGM1.Q3.LPIA,BGD,2014,.9791300296783447,,
NARA.AGM1.Q3.LPIA,BGD,2019,1.037320017814636,,
NARA.AGM1.Q3.LPIA,BGD,2022,1.072260022163391,,
NARA.AGM1.Q3.M,BGD,2006,62.19168853759766,,
NARA.AGM1.Q3.M,BGD,2011,68.46867370605469,,
NARA.AGM1.Q3.M,BGD,2013,10.63,,
NARA.AGM1.Q3.M,BGD,2014,84.11090850830078,,
NARA.AGM1.Q3.M,BGD,2019,78.03083801269531,,
NARA.AGM1.Q3.M,BGD,2022,86.65515899658203,,
NARA.AGM1.Q3.M.LPIA,BGD,2006,.9404000043869019,,
NARA.AGM1.Q3.M.LPIA,BGD,2011,1.257779955863953,,
NARA.AGM1.Q3.M.LPIA,BGD,2014,.9627100229263306,,
NARA.AGM1.Q3.M.LPIA,BGD,2019,1.049229979515076,,
NARA.AGM1.Q3.M.LPIA,BGD,2022,1.050869941711426,,
NARA.AGM1.Q4,BGD,2006,70.68189239501953,,
NARA.AGM1.Q4,BGD,2011,76.24095916748047,,
NARA.AGM1.Q4,BGD,2013,17.31,,
NARA.AGM1.Q4,BGD,2014,82.59641265869141,,
NARA.AGM1.Q4,BGD,2019,82.00482177734375,,
NARA.AGM1.Q4,BGD,2022,83.36559295654297,,
NARA.AGM1.Q4.F,BGD,2006,68.94043731689453,,
NARA.AGM1.Q4.F,BGD,2011,77.47733306884766,,
NARA.AGM1.Q4.F,BGD,2013,17.07,,
NARA.AGM1.Q4.F,BGD,2014,84.27275085449219,,
NARA.AGM1.Q4.F,BGD,2019,82.39173889160156,,
NARA.AGM1.Q4.F,BGD,2022,85.11978912353516,,
NARA.AGM1.Q4.F.LPIA,BGD,2006,1.115669965744019,,
NARA.AGM1.Q4.F.LPIA,BGD,2011,1.218670010566711,,
NARA.AGM1.Q4.F.LPIA,BGD,2014,1.170869946479797,,
NARA.AGM1.Q4.F.LPIA,BGD,2019,1.00220000743866,,
NARA.AGM1.Q4.F.LPIA,BGD,2022,1.125059962272644,,
NARA.AGM1.Q4.GPIA,BGD,2006,.9531199932098389,,
NARA.AGM1.Q4.GPIA,BGD,2011,1.032469987869263,,
NARA.AGM1.Q4.GPIA,BGD,2014,1.036100029945374,,
NARA.AGM1.Q4.GPIA,BGD,2019,1.009029984474182,,
NARA.AGM1.Q4.GPIA,BGD,2022,1.036499977111816,,
NARA.AGM1.Q4.LPIA,BGD,2006,1.157179951667786,,
NARA.AGM1.Q4.LPIA,BGD,2011,1.260370016098022,,
NARA.AGM1.Q4.LPIA,BGD,2014,1.032060027122498,,
NARA.AGM1.Q4.LPIA,BGD,2019,1.072720050811768,,
NARA.AGM1.Q4.LPIA,BGD,2022,1.058449983596802,,
NARA.AGM1.Q4.M,BGD,2006,72.33100891113281,,
NARA.AGM1.Q4.M,BGD,2011,74.96185302734375,,
NARA.AGM1.Q4.M,BGD,2013,17.58,,
NARA.AGM1.Q4.M,BGD,2014,81.23058319091797,,
NARA.AGM1.Q4.M,BGD,2019,81.64766693115234,,
NARA.AGM1.Q4.M,BGD,2022,82.01332092285156,,
NARA.AGM1.Q4.M.LPIA,BGD,2006,1.19405996799469,,
NARA.AGM1.Q4.M.LPIA,BGD,2011,1.315629959106445,,
NARA.AGM1.Q4.M.LPIA,BGD,2014,.9154000282287598,,
NARA.AGM1.Q4.M.LPIA,BGD,2019,1.147240042686462,,
NARA.AGM1.Q4.M.LPIA,BGD,2022,1.002629995346069,,
NARA.AGM1.Q5,BGD,2006,82.91824340820313,,
NARA.AGM1.Q5,BGD,2011,85.29331970214844,,
NARA.AGM1.Q5,BGD,2013,27.22,,
NARA.AGM1.Q5,BGD,2014,88.70571136474609,,
NARA.AGM1.Q5,BGD,2019,84.12297821044922,,
NARA.AGM1.Q5,BGD,2022,90.94425201416016,,
NARA.AGM1.Q5.F,BGD,2006,83.16655731201172,,
NARA.AGM1.Q5.F,BGD,2011,84.69689178466797,,
NARA.AGM1.Q5.F,BGD,2013,27.75,,
NARA.AGM1.Q5.F,BGD,2014,86.42627716064453,,
NARA.AGM1.Q5.F,BGD,2019,84.86978149414063,,
NARA.AGM1.Q5.F,BGD,2022,92.83953857421875,,
NARA.AGM1.Q5.F.LPIA,BGD,2006,.9097899794578552,,
NARA.AGM1.Q5.F.LPIA,BGD,2011,1.16389000415802,,
NARA.AGM1.Q5.F.LPIA,BGD,2014,1.183120012283325,,
NARA.AGM1.Q5.F.LPIA,BGD,2019,.9207900166511536,,
NARA.AGM1.Q5.F.LPIA,BGD,2022,1.041739940643311,,
NARA.AGM1.Q5.GPIA,BGD,2006,1.005980014801025,,
NARA.AGM1.Q5.GPIA,BGD,2011,.9858700037002563,,
NARA.AGM1.Q5.GPIA,BGD,2014,.9553499817848206,,
NARA.AGM1.Q5.GPIA,BGD,2019,1.017359972000122,,
NARA.AGM1.Q5.GPIA,BGD,2022,1.036399960517883,,
NARA.AGM1.Q5.LPIA,BGD,2006,.9411399960517883,,
NARA.AGM1.Q5.LPIA,BGD,2011,1.1423100233078,,
NARA.AGM1.Q5.LPIA,BGD,2014,1.112259984016418,,
NARA.AGM1.Q5.LPIA,BGD,2019,1.004809975624084,,
NARA.AGM1.Q5.LPIA,BGD,2022,1.0313800573349,,
NARA.AGM1.Q5.M,BGD,2006,82.66934967041016,,
NARA.AGM1.Q5.M,BGD,2011,85.91049957275391,,
NARA.AGM1.Q5.M,BGD,2013,26.77,,
NARA.AGM1.Q5.M,BGD,2014,90.46531677246094,,
NARA.AGM1.Q5.M,BGD,2019,83.39665985107422,,
NARA.AGM1.Q5.M,BGD,2022,89.4598388671875,,
NARA.AGM1.Q5.M.LPIA,BGD,2006,.9735299944877625,,
NARA.AGM1.Q5.M.LPIA,BGD,2011,1.120059967041016,,
NARA.AGM1.Q5.M.LPIA,BGD,2014,1.059679985046387,,
NARA.AGM1.Q5.M.LPIA,BGD,2019,1.087280035018921,,
NARA.AGM1.Q5.M.LPIA,BGD,2022,1.018210053443909,,
NARA.AGM1.RUR,BGD,2006,61.21701812744141,,
NARA.AGM1.RUR,BGD,2011,72.63047790527344,,
NARA.AGM1.RUR,BGD,2013,11.26,,
NARA.AGM1.RUR,BGD,2014,79.12445068359375,,
NARA.AGM1.RUR,BGD,2019,76.79469299316406,,
NARA.AGM1.RUR,BGD,2022,84.11720275878906,,
NARA.AGM1.RUR.F,BGD,2006,63.02777862548828,,
NARA.AGM1.RUR.F,BGD,2011,73.04228210449219,,
NARA.AGM1.RUR.F,BGD,2013,11.31,,
NARA.AGM1.RUR.F,BGD,2014,82.55893707275391,,
NARA.AGM1.RUR.F,BGD,2019,77.67256927490234,,
NARA.AGM1.RUR.F,BGD,2022,86.03106689453125,,
NARA.AGM1.RUR.F.WPIA,BGD,2006,.6875100135803223,,
NARA.AGM1.RUR.F.WPIA,BGD,2011,.6754699945449829,,
NARA.AGM1.RUR.F.WPIA,BGD,2014,.7201899886131287,,
NARA.AGM1.RUR.F.WPIA,BGD,2019,.911329984664917,,
NARA.AGM1.RUR.F.WPIA,BGD,2022,.8446199893951416,,
NARA.AGM1.RUR.GPIA,BGD,2006,1.055369973182678,,
NARA.AGM1.RUR.GPIA,BGD,2011,1.010869979858398,,
NARA.AGM1.RUR.GPIA,BGD,2014,1.084879994392395,,
NARA.AGM1.RUR.GPIA,BGD,2019,1.022420048713684,,
NARA.AGM1.RUR.GPIA,BGD,2022,1.042639970779419,,
NARA.AGM1.RUR.M,BGD,2006,59.53805160522461,,
NARA.AGM1.RUR.M,BGD,2011,72.24862670898438,,
NARA.AGM1.RUR.M,BGD,2013,11.21,,
NARA.AGM1.RUR.M,BGD,2014,75.55098724365234,,
NARA.AGM1.RUR.M,BGD,2019,75.93141937255859,,
NARA.AGM1.RUR.M,BGD,2022,82.36269378662109,,
NARA.AGM1.RUR.M.WPIA,BGD,2006,.5996500253677368,,
NARA.AGM1.RUR.M.WPIA,BGD,2011,.6730200052261353,,
NARA.AGM1.RUR.M.WPIA,BGD,2014,.6901000142097473,,
NARA.AGM1.RUR.M.WPIA,BGD,2019,.7335299849510193,,
NARA.AGM1.RUR.M.WPIA,BGD,2022,.8276600241661072,,
NARA.AGM1.RUR.Q1,BGD,2006,50.8862190246582,,
NARA.AGM1.RUR.Q1,BGD,2011,63.50748825073242,,
NARA.AGM1.RUR.Q1,BGD,2013,6.63,,
NARA.AGM1.RUR.Q1,BGD,2014,67.34971618652344,,
NARA.AGM1.RUR.Q1,BGD,2019,69.19017791748047,,
NARA.AGM1.RUR.Q1,BGD,2022,77.63687896728516,,
NARA.AGM1.RUR.Q1.F,BGD,2006,53.38750839233398,,
NARA.AGM1.RUR.Q1.F,BGD,2011,64.06011962890625,,
NARA.AGM1.RUR.Q1.F,BGD,2013,6.18,,
NARA.AGM1.RUR.Q1.F,BGD,2014,69.67859649658203,,
NARA.AGM1.RUR.Q1.F,BGD,2019,74.00208282470703,,
NARA.AGM1.RUR.Q1.F,BGD,2022,80.40503692626953,,
NARA.AGM1.RUR.Q1.GPIA,BGD,2006,1.089269995689392,,
NARA.AGM1.RUR.Q1.GPIA,BGD,2011,1.015660047531128,,
NARA.AGM1.RUR.Q1.GPIA,BGD,2014,1.066810011863708,,
NARA.AGM1.RUR.Q1.GPIA,BGD,2019,1.126839995384216,,
NARA.AGM1.RUR.Q1.GPIA,BGD,2022,1.068040013313293,,
NARA.AGM1.RUR.Q1.M,BGD,2006,48.62141036987305,,
NARA.AGM1.RUR.Q1.M,BGD,2011,63.05675888061523,,
NARA.AGM1.RUR.Q1.M,BGD,2013,7.03,,
NARA.AGM1.RUR.Q1.M,BGD,2014,65.02339935302734,,
NARA.AGM1.RUR.Q1.M,BGD,2019,64.61560821533203,,
NARA.AGM1.RUR.Q1.M,BGD,2022,74.93463897705078,,
NARA.AGM1.RUR.Q2,BGD,2006,57.94818115234375,,
NARA.AGM1.RUR.Q2,BGD,2011,69.55182647705078,,
NARA.AGM1.RUR.Q2,BGD,2013,9.69,,
NARA.AGM1.RUR.Q2,BGD,2014,77.70278167724609,,
NARA.AGM1.RUR.Q2,BGD,2019,74.26230621337891,,
NARA.AGM1.RUR.Q2,BGD,2022,85.32524871826172,,
NARA.AGM1.RUR.Q2.F,BGD,2006,61.70875930786133,,
NARA.AGM1.RUR.Q2.F,BGD,2011,65.33071136474609,,
NARA.AGM1.RUR.Q2.F,BGD,2013,9.279999999999999,,
NARA.AGM1.RUR.Q2.F,BGD,2014,82.34645843505859,,
NARA.AGM1.RUR.Q2.F,BGD,2019,74.55670166015625,,
NARA.AGM1.RUR.Q2.F,BGD,2022,87.13565063476563,,
NARA.AGM1.RUR.Q2.GPIA,BGD,2006,1.114670038223267,,
NARA.AGM1.RUR.Q2.GPIA,BGD,2011,.8845099806785583,,
NARA.AGM1.RUR.Q2.GPIA,BGD,2014,1.122290015220642,,
NARA.AGM1.RUR.Q2.GPIA,BGD,2019,1.008180022239685,,
NARA.AGM1.RUR.Q2.GPIA,BGD,2022,1.039849996566772,,
NARA.AGM1.RUR.Q2.M,BGD,2006,54.63278961181641,,
NARA.AGM1.RUR.Q2.M,BGD,2011,73.86110687255859,,
NARA.AGM1.RUR.Q2.M,BGD,2013,10.1,,
NARA.AGM1.RUR.Q2.M,BGD,2014,72.2764892578125,,
NARA.AGM1.RUR.Q2.M,BGD,2019,73.94667816162109,,
NARA.AGM1.RUR.Q2.M,BGD,2022,83.66372680664063,,
NARA.AGM1.RUR.Q3,BGD,2006,63.95748138427734,,
NARA.AGM1.RUR.Q3,BGD,2011,73.73844909667969,,
NARA.AGM1.RUR.Q3,BGD,2013,10.41,,
NARA.AGM1.RUR.Q3,BGD,2014,86.62764739990234,,
NARA.AGM1.RUR.Q3,BGD,2019,79.25942993164063,,
NARA.AGM1.RUR.Q3,BGD,2022,86.84380340576172,,
NARA.AGM1.RUR.Q3.F,BGD,2006,66.58476257324219,,
NARA.AGM1.RUR.Q3.F,BGD,2011,76.96555328369141,,
NARA.AGM1.RUR.Q3.F,BGD,2013,10.36,,
NARA.AGM1.RUR.Q3.F,BGD,2014,89.44741821289063,,
NARA.AGM1.RUR.Q3.F,BGD,2019,79.93788909912109,,
NARA.AGM1.RUR.Q3.F,BGD,2022,86.18489074707031,,
NARA.AGM1.RUR.Q3.GPIA,BGD,2006,1.077010035514832,,
NARA.AGM1.RUR.Q3.GPIA,BGD,2011,1.079570055007935,,
NARA.AGM1.RUR.Q3.GPIA,BGD,2014,1.066159963607788,,
NARA.AGM1.RUR.Q3.GPIA,BGD,2019,1.016499996185303,,
NARA.AGM1.RUR.Q3.GPIA,BGD,2022,.985040009021759,,
NARA.AGM1.RUR.Q3.M,BGD,2006,61.45730972290039,,
NARA.AGM1.RUR.Q3.M,BGD,2011,70.84174346923828,,
NARA.AGM1.RUR.Q3.M,BGD,2013,10.46,,
NARA.AGM1.RUR.Q3.M,BGD,2014,83.5294189453125,,
NARA.AGM1.RUR.Q3.M,BGD,2019,78.61882781982422,,
NARA.AGM1.RUR.Q3.M,BGD,2022,87.49417877197266,,
NARA.AGM1.RUR.Q4,BGD,2006,74.31651306152344,,
NARA.AGM1.RUR.Q4,BGD,2011,82.16605377197266,,
NARA.AGM1.RUR.Q4,BGD,2013,16.89,,
NARA.AGM1.RUR.Q4,BGD,2014,83.58688354492188,,
NARA.AGM1.RUR.Q4,BGD,2019,83.39478302001953,,
NARA.AGM1.RUR.Q4,BGD,2022,85.15435791015625,,
NARA.AGM1.RUR.Q4.F,BGD,2006,71.42664337158203,,
NARA.AGM1.RUR.Q4.F,BGD,2011,82.96849060058594,,
NARA.AGM1.RUR.Q4.F,BGD,2013,14.96,,
NARA.AGM1.RUR.Q4.F,BGD,2014,89.4388427734375,,
NARA.AGM1.RUR.Q4.F,BGD,2019,82.43743896484375,,
NARA.AGM1.RUR.Q4.F,BGD,2022,89.24446105957031,,
NARA.AGM1.RUR.Q4.GPIA,BGD,2006,.9260100126266479,,
NARA.AGM1.RUR.Q4.GPIA,BGD,2011,1.018980026245117,,
NARA.AGM1.RUR.Q4.GPIA,BGD,2014,1.123780012130737,,
NARA.AGM1.RUR.Q4.GPIA,BGD,2019,.9787200093269348,,
NARA.AGM1.RUR.Q4.GPIA,BGD,2022,1.080180048942566,,
NARA.AGM1.RUR.Q4.M,BGD,2006,77.13346862792969,,
NARA.AGM1.RUR.Q4.M,BGD,2011,81.39378356933594,,
NARA.AGM1.RUR.Q4.M,BGD,2013,19.09,,
NARA.AGM1.RUR.Q4.M,BGD,2014,78.36795806884766,,
NARA.AGM1.RUR.Q4.M,BGD,2019,84.22959899902344,,
NARA.AGM1.RUR.Q4.M,BGD,2022,82.08911895751953,,
NARA.AGM1.RUR.Q5,BGD,2006,79.35664367675781,,
NARA.AGM1.RUR.Q5,BGD,2011,94.30899810791016,,
NARA.AGM1.RUR.Q5,BGD,2013,21.34,,
NARA.AGM1.RUR.Q5,BGD,2014,95.46811676025391,,
NARA.AGM1.RUR.Q5,BGD,2019,84.35344696044922,,
NARA.AGM1.RUR.Q5,BGD,2022,92.77031707763672,,
NARA.AGM1.RUR.Q5.F,BGD,2006,77.65352630615234,,
NARA.AGM1.RUR.Q5.F,BGD,2011,94.83763885498047,,
NARA.AGM1.RUR.Q5.F,BGD,2013,26.06,,
NARA.AGM1.RUR.Q5.F,BGD,2014,96.75022125244141,,
NARA.AGM1.RUR.Q5.F,BGD,2019,81.20191192626953,,
NARA.AGM1.RUR.Q5.F,BGD,2022,95.19699859619141,,
NARA.AGM1.RUR.Q5.GPIA,BGD,2006,.9577000141143799,,
NARA.AGM1.RUR.Q5.GPIA,BGD,2011,1.012079954147339,,
NARA.AGM1.RUR.Q5.GPIA,BGD,2014,1.026119947433472,,
NARA.AGM1.RUR.Q5.GPIA,BGD,2019,.9218199849128723,,
NARA.AGM1.RUR.Q5.GPIA,BGD,2022,1.048939943313599,,
NARA.AGM1.RUR.Q5.M,BGD,2006,81.08350372314453,,
NARA.AGM1.RUR.Q5.M,BGD,2011,93.69217681884766,,
NARA.AGM1.RUR.Q5.M,BGD,2013,16.29,,
NARA.AGM1.RUR.Q5.M,BGD,2014,94.22306060791016,,
NARA.AGM1.RUR.Q5.M,BGD,2019,88.08914184570313,,
NARA.AGM1.RUR.Q5.M,BGD,2022,90.53769683837891,,
NARA.AGM1.RUR.WPIA,BGD,2006,.6412299871444702,,
NARA.AGM1.RUR.WPIA,BGD,2011,.6733999848365784,,
NARA.AGM1.RUR.WPIA,BGD,2014,.7054700255393982,,
NARA.AGM1.RUR.WPIA,BGD,2019,.8202400207519531,,
NARA.AGM1.RUR.WPIA,BGD,2022,.836870014667511,,
NARA.AGM1.URB,BGD,2006,70.52538299560547,,
NARA.AGM1.URB,BGD,2011,72.74154663085938,,
NARA.AGM1.URB,BGD,2013,22.4,,
NARA.AGM1.URB,BGD,2014,82.24391937255859,,
NARA.AGM1.URB,BGD,2019,79.89678192138672,,
NARA.AGM1.URB,BGD,2022,82.88210296630859,,
NARA.AGM1.URB.F,BGD,2006,71.02557373046875,,
NARA.AGM1.URB.F,BGD,2011,74.24208831787109,,
NARA.AGM1.URB.F,BGD,2013,22.63,,
NARA.AGM1.URB.F,BGD,2014,78.27274322509766,,
NARA.AGM1.URB.F,BGD,2019,83.33831787109375,,
NARA.AGM1.URB.F,BGD,2022,83.70677947998047,,
NARA.AGM1.URB.F.WPIA,BGD,2006,.5803700089454651,,
NARA.AGM1.URB.F.WPIA,BGD,2011,.6805099844932556,,
NARA.AGM1.URB.F.WPIA,BGD,2014,1.000489950180054,,
NARA.AGM1.URB.F.WPIA,BGD,2019,.8375499844551086,,
NARA.AGM1.URB.F.WPIA,BGD,2022,.8787999749183655,,
NARA.AGM1.URB.GPIA,BGD,2006,1.013880014419556,,
NARA.AGM1.URB.GPIA,BGD,2011,1.039899945259094,,
NARA.AGM1.URB.GPIA,BGD,2014,.9142299890518188,,
NARA.AGM1.URB.GPIA,BGD,2019,1.078330039978027,,
NARA.AGM1.URB.GPIA,BGD,2022,1.017619967460632,,
NARA.AGM1.URB.M,BGD,2006,70.03959655761719,,
NARA.AGM1.URB.M,BGD,2011,71.28018188476563,,
NARA.AGM1.URB.M,BGD,2013,22.2,,
NARA.AGM1.URB.M,BGD,2014,85.61602020263672,,
NARA.AGM1.URB.M,BGD,2019,76.81028747558594,,
NARA.AGM1.URB.M,BGD,2022,82.23185729980469,,
NARA.AGM1.URB.M.WPIA,BGD,2006,.5609999895095825,,
NARA.AGM1.URB.M.WPIA,BGD,2014,.794189989566803,,
NARA.AGM1.URB.M.WPIA,BGD,2019,.833840012550354,,
NARA.AGM1.URB.M.WPIA,BGD,2022,.6256800293922424,,
NARA.AGM1.URB.Q1,BGD,2006,48.11817169189453,,
NARA.AGM1.URB.Q1,BGD,2011,60.71548843383789,,
NARA.AGM1.URB.Q1,BGD,2013,6.69,,
NARA.AGM1.URB.Q1,BGD,2014,76.1636962890625,,
NARA.AGM1.URB.Q1,BGD,2019,70.43260192871094,,
NARA.AGM1.URB.Q1,BGD,2022,64.01782989501953,,
NARA.AGM1.URB.Q1.F,BGD,2006,49.5359992980957,,
NARA.AGM1.URB.Q1.F,BGD,2011,53.96081161499023,,
NARA.AGM1.URB.Q1.F,BGD,2013,4.09,,
NARA.AGM1.URB.Q1.F,BGD,2014,79.07200622558594,,
NARA.AGM1.URB.Q1.F,BGD,2019,73.86084747314453,,
NARA.AGM1.URB.Q1.F,BGD,2022,80.16706848144531,,
NARA.AGM1.URB.Q1.GPIA,BGD,2006,1.056750059127808,,
NARA.AGM1.URB.Q1.GPIA,BGD,2014,1.110120058059692,,
NARA.AGM1.URB.Q1.GPIA,BGD,2019,1.092319965362549,,
NARA.AGM1.URB.Q1.GPIA,BGD,2022,1.306249976158142,,
NARA.AGM1.URB.Q1.M,BGD,2006,46.72475051879883,,
NARA.AGM1.URB.Q1.M,BGD,2013,8.279999999999999,,
NARA.AGM1.URB.Q1.M,BGD,2014,70.36495971679688,,
NARA.AGM1.URB.Q1.M,BGD,2019,67.04174041748047,,
NARA.AGM1.URB.Q1.M,BGD,2022,55.61594009399414,,
NARA.AGM1.URB.Q2,BGD,2006,57.73551177978516,,
NARA.AGM1.URB.Q2,BGD,2011,68.49195098876953,,
NARA.AGM1.URB.Q2,BGD,2013,12.32,,
NARA.AGM1.URB.Q2,BGD,2014,66.85993957519531,,
NARA.AGM1.URB.Q2,BGD,2019,75.72563171386719,,
NARA.AGM1.URB.Q2,BGD,2022,77.67916107177734,,
NARA.AGM1.URB.Q2.F,BGD,2006,61.86790084838867,,
NARA.AGM1.URB.Q2.F,BGD,2013,16.94,,
NARA.AGM1.URB.Q2.F,BGD,2014,60.52104949951172,,
NARA.AGM1.URB.Q2.F,BGD,2019,73.31192779541016,,
NARA.AGM1.URB.Q2.F,BGD,2022,79.17804718017578,,
NARA.AGM1.URB.Q2.GPIA,BGD,2006,1.147600054740906,,
NARA.AGM1.URB.Q2.GPIA,BGD,2019,.9448699951171875,,
NARA.AGM1.URB.Q2.GPIA,BGD,2022,1.036679983139038,,
NARA.AGM1.URB.Q2.M,BGD,2006,52.73627090454102,,
NARA.AGM1.URB.Q2.M,BGD,2013,6.76,,
NARA.AGM1.URB.Q2.M,BGD,2019,77.58917999267578,,
NARA.AGM1.URB.Q2.M,BGD,2022,76.27346801757813,,
NARA.AGM1.URB.Q3,BGD,2006,60.41936874389648,,
NARA.AGM1.URB.Q3,BGD,2011,60.74718856811523,,
NARA.AGM1.URB.Q3,BGD,2013,15.12,,
NARA.AGM1.URB.Q3,BGD,2014,88.47383117675781,,
NARA.AGM1.URB.Q3,BGD,2019,76.30175018310547,,
NARA.AGM1.URB.Q3,BGD,2022,80.56809997558594,,
NARA.AGM1.URB.Q3.F,BGD,2006,54.79814910888672,,
NARA.AGM1.URB.Q3.F,BGD,2011,76.56919097900391,,
NARA.AGM1.URB.Q3.F,BGD,2013,17,,
NARA.AGM1.URB.Q3.F,BGD,2014,89.97785949707031,,
NARA.AGM1.URB.Q3.F,BGD,2019,78.15592193603516,,
NARA.AGM1.URB.Q3.F,BGD,2022,78.37349700927734,,
NARA.AGM1.URB.Q3.GPIA,BGD,2006,.8385099768638611,,
NARA.AGM1.URB.Q3.GPIA,BGD,2011,1.313300013542175,,
NARA.AGM1.URB.Q3.GPIA,BGD,2014,1.035709977149963,,
NARA.AGM1.URB.Q3.GPIA,BGD,2019,1.043599963188171,,
NARA.AGM1.URB.Q3.GPIA,BGD,2022,.9437599778175354,,
NARA.AGM1.URB.Q3.M,BGD,2006,65.35207366943359,,
NARA.AGM1.URB.Q3.M,BGD,2011,52.57994079589844,,
NARA.AGM1.URB.Q3.M,BGD,2013,12.18,,
NARA.AGM1.URB.Q3.M,BGD,2014,86.76490783691406,,
NARA.AGM1.URB.Q3.M,BGD,2019,74.74828338623047,,
NARA.AGM1.URB.Q3.M,BGD,2022,83.04348754882813,,
NARA.AGM1.URB.Q4,BGD,2006,62.63523864746094,,
NARA.AGM1.URB.Q4,BGD,2011,60.77238082885742,,
NARA.AGM1.URB.Q4,BGD,2013,19.2,,
NARA.AGM1.URB.Q4,BGD,2014,80.90669250488281,,
NARA.AGM1.URB.Q4,BGD,2019,77.33038330078125,,
NARA.AGM1.URB.Q4,BGD,2022,80.17707061767578,,
NARA.AGM1.URB.Q4.F,BGD,2006,63.16458892822266,,
NARA.AGM1.URB.Q4.F,BGD,2011,64.8255615234375,,
NARA.AGM1.URB.Q4.F,BGD,2013,27.05,,
NARA.AGM1.URB.Q4.F,BGD,2014,74.15619659423828,,
NARA.AGM1.URB.Q4.F,BGD,2019,82.25608062744141,,
NARA.AGM1.URB.Q4.F,BGD,2022,78.0838623046875,,
NARA.AGM1.URB.Q4.GPIA,BGD,2006,1.015820026397705,,
NARA.AGM1.URB.Q4.GPIA,BGD,2011,1.140720009803772,,
NARA.AGM1.URB.Q4.GPIA,BGD,2014,.8661999702453613,,
NARA.AGM1.URB.Q4.GPIA,BGD,2019,1.126790046691895,,
NARA.AGM1.URB.Q4.GPIA,BGD,2022,.9537100195884705,,
NARA.AGM1.URB.Q4.M,BGD,2006,62.16508865356445,,
NARA.AGM1.URB.Q4.M,BGD,2011,55.70306015014648,,
NARA.AGM1.URB.Q4.M,BGD,2013,11.27,,
NARA.AGM1.URB.Q4.M,BGD,2014,85.61086273193359,,
NARA.AGM1.URB.Q4.M,BGD,2019,71.82723236083984,,
NARA.AGM1.URB.Q4.M,BGD,2022,81.87348937988281,,
NARA.AGM1.URB.Q5,BGD,2006,84.31925964355469,,
NARA.AGM1.URB.Q5,BGD,2011,80.88804626464844,,
NARA.AGM1.URB.Q5,BGD,2013,33.06,,
NARA.AGM1.URB.Q5,BGD,2014,84.75124359130859,,
NARA.AGM1.URB.Q5,BGD,2019,83.94789886474609,,
NARA.AGM1.URB.Q5,BGD,2022,89.85903930664063,,
NARA.AGM1.URB.Q5.F,BGD,2006,85.35282135009766,,
NARA.AGM1.URB.Q5.F,BGD,2011,79.29469299316406,,
NARA.AGM1.URB.Q5.F,BGD,2013,29.89,,
NARA.AGM1.URB.Q5.F,BGD,2014,79.03308868408203,,
NARA.AGM1.URB.Q5.F,BGD,2019,88.18721008300781,,
NARA.AGM1.URB.Q5.F,BGD,2022,91.22368621826172,,
NARA.AGM1.URB.Q5.GPIA,BGD,2006,1.024189949035645,,
NARA.AGM1.URB.Q5.GPIA,BGD,2011,.9618099927902222,,
NARA.AGM1.URB.Q5.GPIA,BGD,2014,.8920199871063232,,
NARA.AGM1.URB.Q5.GPIA,BGD,2019,1.088289976119995,,
NARA.AGM1.URB.Q5.GPIA,BGD,2022,1.025589942932129,,
NARA.AGM1.URB.Q5.M,BGD,2006,83.28811645507813,,
NARA.AGM1.URB.Q5.M,BGD,2011,82.44309997558594,,
NARA.AGM1.URB.Q5.M,BGD,2013,35.2,,
NARA.AGM1.URB.Q5.M,BGD,2014,88.60011291503906,,
NARA.AGM1.URB.Q5.M,BGD,2019,80.40081787109375,,
NARA.AGM1.URB.Q5.M,BGD,2022,88.88909912109375,,
NARA.AGM1.URB.WPIA,BGD,2006,.5706700086593628,,
NARA.AGM1.URB.WPIA,BGD,2011,.7506099939346313,,
NARA.AGM1.URB.WPIA,BGD,2014,.8986700177192688,,
NARA.AGM1.URB.WPIA,BGD,2019,.8389999866485596,,
NARA.AGM1.URB.WPIA,BGD,2022,.7124300003051758,,
NARA.AGM1.WPIA,BGD,2006,.6102399826049805,,
NARA.AGM1.WPIA,BGD,2011,.7427999973297119,,
NARA.AGM1.WPIA,BGD,2013,.2439382821321487,,
NARA.AGM1.WPIA,BGD,2014,.7687900066375732,,
NARA.AGM1.WPIA,BGD,2019,.8235399723052979,,
NARA.AGM1.WPIA,BGD,2022,.8397899866104126,,
NER.0.CP,BGD,2003,9.965020179748535,,
NER.0.CP,BGD,2004,9.23960018157959,,
NER.0.CP,BGD,2009,9.95890998840332,,NAT_EST
NER.0.CP,BGD,2010,11.6985233845451,,
NER.0.CP,BGD,2011,2.797782355235947,,
NER.0.CP,BGD,2022,32.92871365652294,,
NER.0.CP,BGD,2023,32.23598936465396,,
NER.0.F.CP,BGD,2003,9.946430206298828,,
NER.0.F.CP,BGD,2004,9.21837043762207,,
NER.0.F.CP,BGD,2009,9.969440460205078,,NAT_EST
NER.0.F.CP,BGD,2010,11.5764722169694,,
NER.0.F.CP,BGD,2011,2.681136674266405,,
NER.0.F.CP,BGD,2022,34.2056151352044,,
NER.0.F.CP,BGD,2023,33.44710037625821,,
NER.0.GPIA.CP,BGD,2003,.9963300228118896,,
NER.0.GPIA.CP,BGD,2004,.9954900145530701,,
NER.0.GPIA.CP,BGD,2009,1.002079963684082,,NAT_EST
NER.0.GPIA.CP,BGD,2010,.9796509718394409,,
NER.0.GPIA.CP,BGD,2011,.9210612909867902,,
NER.0.GPIA.CP,BGD,2022,1.072604639092019,,
NER.0.GPIA.CP,BGD,2023,1.070527858789834,,
NER.0.M.CP,BGD,2003,9.983059883117676,,
NER.0.M.CP,BGD,2004,9.260169982910156,,
NER.0.M.CP,BGD,2009,9.948699951171875,,NAT_EST
NER.0.M.CP,BGD,2010,11.81693536753488,,
NER.0.M.CP,BGD,2011,2.910921021763858,,
NER.0.M.CP,BGD,2022,31.72212879339241,,
NER.0.M.CP,BGD,2023,31.08814800399208,,
NER.02.CP,BGD,2003,9.965020179748535,,
NER.02.CP,BGD,2004,9.23960018157959,,
NER.02.CP,BGD,2009,9.95890998840332,,NAT_EST
NER.02.CP,BGD,2010,11.6985233845451,,
NER.02.CP,BGD,2011,2.797782355235947,,
NER.02.CP,BGD,2022,32.92871365652294,,
NER.02.CP,BGD,2023,32.23598936465396,,
NER.02.CP,BGD,2024,31.72340970902089,,
NER.02.F.CP,BGD,2003,9.946430206298828,,
NER.02.F.CP,BGD,2004,9.21837043762207,,
NER.02.F.CP,BGD,2009,9.969440460205078,,NAT_EST
NER.02.F.CP,BGD,2010,11.5764722169694,,
NER.02.F.CP,BGD,2011,2.681136674266405,,
NER.02.F.CP,BGD,2022,34.2056151352044,,
NER.02.F.CP,BGD,2023,33.44710037625821,,
NER.02.F.CP,BGD,2024,32.94545727297445,,
NER.02.GPIA.CP,BGD,2003,.9963300228118896,,
NER.02.GPIA.CP,BGD,2004,.9954900145530701,,
NER.02.GPIA.CP,BGD,2009,1.002079963684082,,NAT_EST
NER.02.GPIA.CP,BGD,2010,.9796509718394409,,
NER.02.GPIA.CP,BGD,2011,.9210612909867902,,
NER.02.GPIA.CP,BGD,2022,1.072604639092019,,
NER.02.GPIA.CP,BGD,2023,1.070527858789834,,
NER.02.GPIA.CP,BGD,2024,1.072334805798961,,
NER.02.M.CP,BGD,2003,9.983059883117676,,
NER.02.M.CP,BGD,2004,9.260169982910156,,
NER.02.M.CP,BGD,2009,9.948699951171875,,NAT_EST
NER.02.M.CP,BGD,2010,11.81693536753488,,
NER.02.M.CP,BGD,2011,2.910921021763858,,
NER.02.M.CP,BGD,2022,31.72212879339241,,
NER.02.M.CP,BGD,2023,31.08814800399208,,
NER.02.M.CP,BGD,2024,30.56235401917588,,
NERA.AGM1.CP,BGD,2009,27.65296936035156,,NAT_EST
NERA.AGM1.CP,BGD,2010,33.57934881596382,,
NERA.AGM1.CP,BGD,2023,94.64802938406815,,
NERA.AGM1.CP,BGD,2024,88.40218145861336,,
NERA.AGM1.F.CP,BGD,2009,27.97096061706543,,NAT_EST
NERA.AGM1.F.CP,BGD,2010,33.77720521529068,,
NERA.AGM1.F.CP,BGD,2023,93.7523984201422,,
NERA.AGM1.F.CP,BGD,2024,92.00068079312399,,
NERA.AGM1.GPIA.CP,BGD,2009,1.022379994392395,,NAT_EST
NERA.AGM1.GPIA.CP,BGD,2010,1.011540677999994,,
NERA.AGM1.GPIA.CP,BGD,2023,.9817544643652566,,
NERA.AGM1.GPIA.CP,BGD,2024,1.076189469845841,,
NERA.AGM1.M.CP,BGD,2009,27.34485054016113,,NAT_EST
NERA.AGM1.M.CP,BGD,2010,33.38739336616128,,
NERA.AGM1.M.CP,BGD,2023,95.49475130806445,,
NERA.AGM1.M.CP,BGD,2024,84.99119769803947,,
OAEPG.1,BGD,2005,4.904059886932373,,
OAEPG.1,BGD,2008,6.162650108337402,,NAT_EST
OAEPG.1,BGD,2009,15.94627952575684,,NAT_EST
OAEPG.1,BGD,2010,13.15144557289511,,
OAEPG.1,BGD,2017,10.51429206150371,,
OAEPG.1,BGD,2018,14.00519664784492,,
OAEPG.1,BGD,2021,4.224075413762963,,
OAEPG.1,BGD,2022,5.141540807458646,,
OAEPG.1,BGD,2023,4.729738293741597,,
OAEPG.1,BGD,2024,3.702552193747987,,
OAEPG.1.F,BGD,2005,5.13021993637085,,
OAEPG.1.F,BGD,2008,7.035950183868408,,NAT_EST
OAEPG.1.F,BGD,2010,14.13138801497149,,
OAEPG.1.F,BGD,2017,10.72062237375024,,
OAEPG.1.F,BGD,2018,15.57659801935053,,
OAEPG.1.F,BGD,2021,4.150963701154571,,
OAEPG.1.F,BGD,2022,5.000774015169335,,
OAEPG.1.F,BGD,2023,4.768435856199791,,
OAEPG.1.F,BGD,2024,3.506986643843856,,
OAEPG.1.GPIA,BGD,2005,1.088389992713928,,
OAEPG.1.GPIA,BGD,2008,1.250779986381531,,NAT_EST
OAEPG.1.GPIA,BGD,2010,1.140108020881086,,
OAEPG.1.GPIA,BGD,2017,1.038870412781195,,
OAEPG.1.GPIA,BGD,2018,1.204835675223178,,
OAEPG.1.GPIA,BGD,2021,.9663586119732124,,
OAEPG.1.GPIA,BGD,2022,.9453548123376044,,
OAEPG.1.GPIA,BGD,2023,1.016590033302609,,
OAEPG.1.GPIA,BGD,2024,.8972361097202063,,
OAEPG.1.M,BGD,2005,4.676780223846436,,
OAEPG.1.M,BGD,2008,5.271500110626221,,NAT_EST
OAEPG.1.M,BGD,2010,12.15146720789114,,
OAEPG.1.M,BGD,2017,10.30390735681125,,
OAEPG.1.M,BGD,2018,12.38595504637685,,
OAEPG.1.M,BGD,2021,4.295469248914435,,
OAEPG.1.M,BGD,2022,5.289838217254943,,
OAEPG.1.M,BGD,2023,4.689327346544083,,
OAEPG.1.M,BGD,2024,3.908655264596376,,
OAEPG.2.GPV,BGD,1998,1.286970019340515,,
OAEPG.2.GPV,BGD,1999,1.244779944419861,,
OAEPG.2.GPV,BGD,2000,1.222440004348755,,
OAEPG.2.GPV,BGD,2001,1.184299945831299,,
OAEPG.2.GPV,BGD,2002,1.184299945831299,,
OAEPG.2.GPV,BGD,2003,1.202119946479797,,
OAEPG.2.GPV,BGD,2004,1.229570031166077,,
OAEPG.2.GPV,BGD,2005,1.294520020484924,,
OAEPG.2.GPV,BGD,2006,1.432530045509338,,
OAEPG.2.GPV,BGD,2007,1.635010004043579,,
OAEPG.2.GPV,BGD,2009,4.64123010635376,,
OAEPG.2.GPV,BGD,2010,4.652820651380464,,
OAEPG.2.GPV,BGD,2011,3.965912128102457,,
OAEPG.2.GPV,BGD,2013,3.965912128083767,,
OAEPG.2.GPV,BGD,2015,3.979238258176914,,
OAEPG.2.GPV,BGD,2016,3.730506621578714,,
OAEPG.2.GPV,BGD,2017,3.815688206595996,,
OAEPG.2.GPV,BGD,2018,1.275060906879965,,
OAEPG.2.GPV,BGD,2019,4.581116791107663,,
OAEPG.2.GPV,BGD,2021,4.285477990822554,,
OAEPG.2.GPV,BGD,2022,5.342413925488665,,
OAEPG.2.GPV,BGD,2023,3.628145269141754,,
OAEPG.2.GPV,BGD,2024,.9323310679333576,,
OAEPG.2.GPV.F,BGD,1998,1.298089981079102,,
OAEPG.2.GPV.F,BGD,1999,1.243530035018921,,
OAEPG.2.GPV.F,BGD,2000,1.222519993782043,,
OAEPG.2.GPV.F,BGD,2001,1.140290021896362,,
OAEPG.2.GPV.F,BGD,2002,1.143120050430298,,
OAEPG.2.GPV.F,BGD,2003,1.127689957618713,,
OAEPG.2.GPV.F,BGD,2004,1.202880024909973,,
OAEPG.2.GPV.F,BGD,2005,1.244850039482117,,
OAEPG.2.GPV.F,BGD,2006,1.433470010757446,,
OAEPG.2.GPV.F,BGD,2007,1.538470029830933,,
OAEPG.2.GPV.F,BGD,2009,4.822299957275391,,
OAEPG.2.GPV.F,BGD,2010,4.484538930285983,,
OAEPG.2.GPV.F,BGD,2011,4.236741831743764,,
OAEPG.2.GPV.F,BGD,2013,4.332004371993413,,
OAEPG.2.GPV.F,BGD,2015,4.332004371971947,,
OAEPG.2.GPV.F,BGD,2016,3.766622247891558,,
OAEPG.2.GPV.F,BGD,2017,4.002545908010277,,
OAEPG.2.GPV.F,BGD,2018,1.347224525398144,,
OAEPG.2.GPV.F,BGD,2019,4.523152226604411,,
OAEPG.2.GPV.F,BGD,2021,4.367652980996031,,
OAEPG.2.GPV.F,BGD,2022,5.63507666477917,,
OAEPG.2.GPV.F,BGD,2023,3.463009272966967,,
OAEPG.2.GPV.F,BGD,2024,.9005601283350823,,
OAEPG.2.GPV.GPIA,BGD,1998,1.017259955406189,,
OAEPG.2.GPV.GPIA,BGD,1999,.9979299902915955,,
OAEPG.2.GPV.GPIA,BGD,2000,1.0001300573349,,
OAEPG.2.GPV.GPIA,BGD,2001,.9232000112533569,,
OAEPG.2.GPV.GPIA,BGD,2002,.927370011806488,,
OAEPG.2.GPV.GPIA,BGD,2003,.8767200112342834,,
OAEPG.2.GPV.GPIA,BGD,2004,.9564999938011169,,
OAEPG.2.GPV.GPIA,BGD,2005,.9233300089836121,,
OAEPG.2.GPV.GPIA,BGD,2006,1.001360058784485,,
OAEPG.2.GPV.GPIA,BGD,2007,.8846099972724915,,
OAEPG.2.GPV.GPIA,BGD,2009,1.080070018768311,,
OAEPG.2.GPV.GPIA,BGD,2010,.9242518562114963,,
OAEPG.2.GPV.GPIA,BGD,2011,1.14174248347171,,
OAEPG.2.GPV.GPIA,BGD,2013,1.178696234784274,,
OAEPG.2.GPV.GPIA,BGD,2015,1.178696234777953,,
OAEPG.2.GPV.GPIA,BGD,2016,1.021189039993467,,
OAEPG.2.GPV.GPIA,BGD,2017,1.10378162609749,,
OAEPG.2.GPV.GPIA,BGD,2018,1.119406985029515,,
OAEPG.2.GPV.GPIA,BGD,2019,.9723671824063508,,
OAEPG.2.GPV.GPIA,BGD,2021,1.043192610971975,,
OAEPG.2.GPV.GPIA,BGD,2022,1.115368699850398,,
OAEPG.2.GPV.GPIA,BGD,2023,.9038437075261204,,
OAEPG.2.GPV.GPIA,BGD,2024,.9276025598048592,,
OAEPG.2.GPV.M,BGD,1998,1.275689959526062,,
OAEPG.2.GPV.M,BGD,1999,1.246109962463379,,
OAEPG.2.GPV.M,BGD,2000,1.222360014915466,,
OAEPG.2.GPV.M,BGD,2001,1.235159993171692,,
OAEPG.2.GPV.M,BGD,2002,1.2326500415802,,
OAEPG.2.GPV.M,BGD,2003,1.286270022392273,,
OAEPG.2.GPV.M,BGD,2004,1.257599949836731,,
OAEPG.2.GPV.M,BGD,2005,1.348219990730286,,
OAEPG.2.GPV.M,BGD,2006,1.431519985198975,,
OAEPG.2.GPV.M,BGD,2007,1.739150047302246,,
OAEPG.2.GPV.M,BGD,2009,4.436180114746094,,
OAEPG.2.GPV.M,BGD,2010,4.852074572690701,,
OAEPG.2.GPV.M,BGD,2011,3.636215522683919,,
OAEPG.2.GPV.M,BGD,2013,3.557891501649176,,
OAEPG.2.GPV.M,BGD,2015,3.55789150165893,,
OAEPG.2.GPV.M,BGD,2016,3.686811138440702,,
OAEPG.2.GPV.M,BGD,2017,3.587155185147116,,
OAEPG.2.GPV.M,BGD,2018,1.186356506662532,,
OAEPG.2.GPV.M,BGD,2019,4.651691571295948,,
OAEPG.2.GPV.M,BGD,2021,4.179002644927282,,
OAEPG.2.GPV.M,BGD,2022,4.984965196406279,,
OAEPG.2.GPV.M,BGD,2023,3.831424884779528,,
OAEPG.2.GPV.M,BGD,2024,.9708469632991679,,
OAEPG.H.1,BGD,2000,55.01000000000001,,
OAEPG.H.1,BGD,2004,53.11,,
OAEPG.H.1,BGD,2006,19.59,,
OAEPG.H.1,BGD,2007,54.13,,
OAEPG.H.1,BGD,2011,39.48999999999999,,
OAEPG.H.1,BGD,2013,51.12,,
OAEPG.H.1,BGD,2014,35.34,,
OAEPG.H.1,BGD,2019,24.49954986572266,,
OAEPG.H.1.F,BGD,2000,55.08,,
OAEPG.H.1.F,BGD,2004,51.37,,
OAEPG.H.1.F,BGD,2006,18.05,,
OAEPG.H.1.F,BGD,2007,52.90000000000001,,
OAEPG.H.1.F,BGD,2011,37.43,,
OAEPG.H.1.F,BGD,2013,48.55,,
OAEPG.H.1.F,BGD,2014,33.48999999999999,,
OAEPG.H.1.F,BGD,2019,20.90188980102539,,
OAEPG.H.1.F.LPIA,BGD,2019,1.079699993133545,,
OAEPG.H.1.F.WPIA,BGD,2019,1.604030013084412,,
OAEPG.H.1.GPIA,BGD,2000,1.002360224723816,,
OAEPG.H.1.GPIA,BGD,2004,.9368958473205566,,
OAEPG.H.1.GPIA,BGD,2006,.8554502129554749,,
OAEPG.H.1.GPIA,BGD,2007,.9555636048316956,,
OAEPG.H.1.GPIA,BGD,2011,.9001923799514771,,
OAEPG.H.1.GPIA,BGD,2013,.9037602543830872,,
OAEPG.H.1.GPIA,BGD,2014,.9012379050254822,,
OAEPG.H.1.GPIA,BGD,2019,.7450900077819824,,
OAEPG.H.1.LPIA,BGD,2000,1.212616443634033,,
OAEPG.H.1.LPIA,BGD,2004,1.108651518821716,,
OAEPG.H.1.LPIA,BGD,2006,1.281516551971436,,
OAEPG.H.1.LPIA,BGD,2007,1.13624906539917,,
OAEPG.H.1.LPIA,BGD,2011,1.122005462646484,,
OAEPG.H.1.LPIA,BGD,2013,1.10492992401123,,
OAEPG.H.1.LPIA,BGD,2014,1.16884171962738,,
OAEPG.H.1.LPIA,BGD,2019,1.10479998588562,,
OAEPG.H.1.M,BGD,2000,54.95,,
OAEPG.H.1.M,BGD,2004,54.83,,
OAEPG.H.1.M,BGD,2006,21.1,,
OAEPG.H.1.M,BGD,2007,55.36,,
OAEPG.H.1.M,BGD,2011,41.58,,
OAEPG.H.1.M,BGD,2013,53.72,,
OAEPG.H.1.M,BGD,2014,37.16,,
OAEPG.H.1.M,BGD,2019,28.05295944213867,,
OAEPG.H.1.M.LPIA,BGD,2019,1.122640013694763,,
OAEPG.H.1.M.WPIA,BGD,2019,1.49974000453949,,
OAEPG.H.1.Q1,BGD,2004,62.32,,
OAEPG.H.1.Q1,BGD,2006,24.96,,
OAEPG.H.1.Q1,BGD,2007,63.16,,
OAEPG.H.1.Q1,BGD,2011,48.54,,
OAEPG.H.1.Q1,BGD,2013,61.25000000000001,,
OAEPG.H.1.Q1,BGD,2014,45.35,,
OAEPG.H.1.Q1,BGD,2019,33.00802993774414,,
OAEPG.H.1.Q1.F,BGD,2004,61.6,,
OAEPG.H.1.Q1.F,BGD,2006,23.63,,
OAEPG.H.1.Q1.F,BGD,2007,60.73,,
OAEPG.H.1.Q1.F,BGD,2011,48.39,,
OAEPG.H.1.Q1.F,BGD,2013,60.02999999999999,,
OAEPG.H.1.Q1.F,BGD,2014,43.93,,
OAEPG.H.1.Q1.F,BGD,2019,29.53717041015625,,
OAEPG.H.1.Q1.F.LPIA,BGD,2019,1.073459982872009,,
OAEPG.H.1.Q1.GPIA,BGD,2019,.8095399737358093,,
OAEPG.H.1.Q1.LPIA,BGD,2019,1.001369953155518,,
OAEPG.H.1.Q1.M,BGD,2004,63.11,,
OAEPG.H.1.Q1.M,BGD,2006,26.34,,
OAEPG.H.1.Q1.M,BGD,2007,65.84999999999999,,
OAEPG.H.1.Q1.M,BGD,2011,48.68,,
OAEPG.H.1.Q1.M,BGD,2013,62.55,,
OAEPG.H.1.Q1.M,BGD,2014,46.86,,
OAEPG.H.1.Q1.M,BGD,2019,36.48651885986328,,
OAEPG.H.1.Q1.M.LPIA,BGD,2019,.9338499903678894,,
OAEPG.H.1.Q5,BGD,2004,39.85,,
OAEPG.H.1.Q5,BGD,2006,9.300000000000001,,
OAEPG.H.1.Q5,BGD,2007,40.01,,
OAEPG.H.1.Q5,BGD,2011,26.4,,
OAEPG.H.1.Q5,BGD,2013,36.74,,
OAEPG.H.1.Q5,BGD,2014,23.34,,
OAEPG.H.1.Q5,BGD,2019,15.03938007354736,,
OAEPG.H.1.Q5.F,BGD,2004,38.11,,
OAEPG.H.1.Q5.F,BGD,2006,8.82,,
OAEPG.H.1.Q5.F,BGD,2007,39.31,,
OAEPG.H.1.Q5.F,BGD,2011,24.41,,
OAEPG.H.1.Q5.F,BGD,2013,32,,
OAEPG.H.1.Q5.F,BGD,2014,20.83,,
OAEPG.H.1.Q5.F,BGD,2019,11.69579029083252,,
OAEPG.H.1.Q5.F.LPIA,BGD,2019,.627780020236969,,
OAEPG.H.1.Q5.GPIA,BGD,2019,.6407700181007385,,
OAEPG.H.1.Q5.LPIA,BGD,2019,.6558799743652344,,
OAEPG.H.1.Q5.M,BGD,2004,41.43,,
OAEPG.H.1.Q5.M,BGD,2006,9.779999999999999,,
OAEPG.H.1.Q5.M,BGD,2007,40.68,,
OAEPG.H.1.Q5.M,BGD,2011,28.35,,
OAEPG.H.1.Q5.M,BGD,2013,41.18,,
OAEPG.H.1.Q5.M,BGD,2014,25.81,,
OAEPG.H.1.Q5.M,BGD,2019,18.25276947021484,,
OAEPG.H.1.Q5.M.LPIA,BGD,2019,.6748600006103516,,
OAEPG.H.1.RUR,BGD,2000,56.91,,
OAEPG.H.1.RUR,BGD,2004,54.21,,
OAEPG.H.1.RUR,BGD,2006,21.1,,
OAEPG.H.1.RUR,BGD,2007,55.56,,
OAEPG.H.1.RUR,BGD,2011,40.48999999999999,,
OAEPG.H.1.RUR,BGD,2013,52.13,,
OAEPG.H.1.RUR,BGD,2014,36.78,,
OAEPG.H.1.RUR,BGD,2019,25.02909088134766,,
OAEPG.H.1.RUR.F,BGD,2000,57.07,,
OAEPG.H.1.RUR.F,BGD,2004,51.73,,
OAEPG.H.1.RUR.F,BGD,2006,19.35,,
OAEPG.H.1.RUR.F,BGD,2007,54.32,,
OAEPG.H.1.RUR.F,BGD,2011,38.38,,
OAEPG.H.1.RUR.F,BGD,2013,50,,
OAEPG.H.1.RUR.F,BGD,2014,35.25,,
OAEPG.H.1.RUR.F,BGD,2019,21.24431037902832,,
OAEPG.H.1.RUR.F.WPIA,BGD,2019,1.706329941749573,,
OAEPG.H.1.RUR.GPIA,BGD,2019,.7385799884796143,,
OAEPG.H.1.RUR.M,BGD,2000,56.75,,
OAEPG.H.1.RUR.M,BGD,2004,56.65,,
OAEPG.H.1.RUR.M,BGD,2006,22.82,,
OAEPG.H.1.RUR.M,BGD,2007,56.8,,
OAEPG.H.1.RUR.M,BGD,2011,42.67,,
OAEPG.H.1.RUR.M,BGD,2013,54.3,,
OAEPG.H.1.RUR.M,BGD,2014,38.26,,
OAEPG.H.1.RUR.M,BGD,2019,28.76375961303711,,
OAEPG.H.1.RUR.M.WPIA,BGD,2019,1.607059955596924,,
OAEPG.H.1.RUR.Q1,BGD,2004,62.23,,
OAEPG.H.1.RUR.Q1,BGD,2006,25.18,,
OAEPG.H.1.RUR.Q1,BGD,2007,63.38,,
OAEPG.H.1.RUR.Q1,BGD,2011,48.42,,
OAEPG.H.1.RUR.Q1,BGD,2013,60.88,,
OAEPG.H.1.RUR.Q1,BGD,2014,46.43,,
OAEPG.H.1.RUR.Q1,BGD,2019,33.01099014282227,,
OAEPG.H.1.RUR.Q1.F,BGD,2004,61.5,,
OAEPG.H.1.RUR.Q1.F,BGD,2006,23.8,,
OAEPG.H.1.RUR.Q1.F,BGD,2007,60.88,,
OAEPG.H.1.RUR.Q1.F,BGD,2011,48.43,,
OAEPG.H.1.RUR.Q1.F,BGD,2013,59.59,,
OAEPG.H.1.RUR.Q1.F,BGD,2014,45.52,,
OAEPG.H.1.RUR.Q1.F,BGD,2019,29.68535995483398,,
OAEPG.H.1.RUR.Q1.GPIA,BGD,2019,.8172100186347961,,
OAEPG.H.1.RUR.Q1.M,BGD,2004,63.02,,
OAEPG.H.1.RUR.Q1.M,BGD,2006,26.62,,
OAEPG.H.1.RUR.Q1.M,BGD,2007,66.16,,
OAEPG.H.1.RUR.Q1.M,BGD,2011,48.4,,
OAEPG.H.1.RUR.Q1.M,BGD,2013,62.25000000000001,,
OAEPG.H.1.RUR.Q1.M,BGD,2014,47.38,,
OAEPG.H.1.RUR.Q1.M,BGD,2019,36.32521820068359,,
OAEPG.H.1.RUR.Q5,BGD,2004,38.42,,
OAEPG.H.1.RUR.Q5,BGD,2006,10.41,,
OAEPG.H.1.RUR.Q5,BGD,2007,38.87,,
OAEPG.H.1.RUR.Q5,BGD,2011,25.1,,
OAEPG.H.1.RUR.Q5,BGD,2013,36.89,,
OAEPG.H.1.RUR.Q5,BGD,2014,22.57,,
OAEPG.H.1.RUR.Q5,BGD,2019,11.54255962371826,,
OAEPG.H.1.RUR.Q5.F,BGD,2004,35.3,,
OAEPG.H.1.RUR.Q5.F,BGD,2006,8.93,,
OAEPG.H.1.RUR.Q5.F,BGD,2007,38.36,,
OAEPG.H.1.RUR.Q5.F,BGD,2011,22.07,,
OAEPG.H.1.RUR.Q5.F,BGD,2013,34.03,,
OAEPG.H.1.RUR.Q5.F,BGD,2014,21.03,,
OAEPG.H.1.RUR.Q5.F,BGD,2019,8.717720031738281,,
OAEPG.H.1.RUR.Q5.GPIA,BGD,2019,.610759973526001,,
OAEPG.H.1.RUR.Q5.M,BGD,2004,41.34,,
OAEPG.H.1.RUR.Q5.M,BGD,2006,11.91,,
OAEPG.H.1.RUR.Q5.M,BGD,2007,39.33,,
OAEPG.H.1.RUR.Q5.M,BGD,2011,28.31,,
OAEPG.H.1.RUR.Q5.M,BGD,2013,39.54,,
OAEPG.H.1.RUR.Q5.M,BGD,2014,24.01,,
OAEPG.H.1.RUR.Q5.M,BGD,2019,14.27350044250488,,
OAEPG.H.1.RUR.WPIA,BGD,2019,1.650339961051941,,
OAEPG.H.1.URB,BGD,2000,44.81,,
OAEPG.H.1.URB,BGD,2004,48.32,,
OAEPG.H.1.URB,BGD,2006,15.16,,
OAEPG.H.1.URB,BGD,2007,47.99,,
OAEPG.H.1.URB,BGD,2011,35.55,,
OAEPG.H.1.URB,BGD,2013,46.66,,
OAEPG.H.1.URB,BGD,2014,30.57,,
OAEPG.H.1.URB,BGD,2019,22.40596008300781,,
OAEPG.H.1.URB.F,BGD,2000,44.46,,
OAEPG.H.1.URB.F,BGD,2004,49.85,,
OAEPG.H.1.URB.F,BGD,2006,14.18,,
OAEPG.H.1.URB.F,BGD,2007,46.84,,
OAEPG.H.1.URB.F,BGD,2011,33.57,,
OAEPG.H.1.URB.F,BGD,2013,42.03,,
OAEPG.H.1.URB.F,BGD,2014,27.81,,
OAEPG.H.1.URB.F,BGD,2019,19.55124092102051,,
OAEPG.H.1.URB.F.WPIA,BGD,2019,1.495120048522949,,
OAEPG.H.1.URB.GPIA,BGD,2019,.7747300267219543,,
OAEPG.H.1.URB.M,BGD,2000,45.16,,
OAEPG.H.1.URB.M,BGD,2004,46.77,,
OAEPG.H.1.URB.M,BGD,2006,16.12,,
OAEPG.H.1.URB.M,BGD,2007,49.15,,
OAEPG.H.1.URB.M,BGD,2011,37.47,,
OAEPG.H.1.URB.M,BGD,2013,51.21,,
OAEPG.H.1.URB.M,BGD,2014,33.39,,
OAEPG.H.1.URB.M,BGD,2019,25.23612022399902,,
OAEPG.H.1.URB.M.WPIA,BGD,2019,1.456259965896606,,
OAEPG.H.1.URB.Q1,BGD,2004,63.31,,
OAEPG.H.1.URB.Q1,BGD,2006,22.99,,
OAEPG.H.1.URB.Q1,BGD,2007,59.43000000000001,,
OAEPG.H.1.URB.Q1,BGD,2011,50.31,,
OAEPG.H.1.URB.Q1,BGD,2013,65.45999999999999,,
OAEPG.H.1.URB.Q1,BGD,2014,33.64,,
OAEPG.H.1.URB.Q1,BGD,2019,32.96561050415039,,
OAEPG.H.1.URB.Q1.F,BGD,2004,62.62,,
OAEPG.H.1.URB.Q1.F,BGD,2006,21.86,,
OAEPG.H.1.URB.Q1.F,BGD,2007,58.15,,
OAEPG.H.1.URB.Q1.F,BGD,2011,47.68,,
OAEPG.H.1.URB.Q1.F,BGD,2013,65.02,,
OAEPG.H.1.URB.Q1.F,BGD,2014,28.52,,
OAEPG.H.1.URB.Q1.F,BGD,2019,27.5047492980957,,
OAEPG.H.1.URB.Q1.GPIA,BGD,2019,.707099974155426,,
OAEPG.H.1.URB.Q1.M,BGD,2004,64.14,,
OAEPG.H.1.URB.Q1.M,BGD,2006,24.17,,
OAEPG.H.1.URB.Q1.M,BGD,2007,60.84,,
OAEPG.H.1.URB.Q1.M,BGD,2011,52.52,,
OAEPG.H.1.URB.Q1.M,BGD,2013,65.93000000000001,,
OAEPG.H.1.URB.Q1.M,BGD,2014,40.48,,
OAEPG.H.1.URB.Q1.M,BGD,2019,38.89815902709961,,
OAEPG.H.1.URB.Q5,BGD,2004,40.89,,
OAEPG.H.1.URB.Q5,BGD,2006,8.880000000000001,,
OAEPG.H.1.URB.Q5,BGD,2007,40.73,,
OAEPG.H.1.URB.Q5,BGD,2011,27.13,,
OAEPG.H.1.URB.Q5,BGD,2013,36.62,,
OAEPG.H.1.URB.Q5,BGD,2014,23.72,,
OAEPG.H.1.URB.Q5,BGD,2019,17.5984992980957,,
OAEPG.H.1.URB.Q5.F,BGD,2004,40.21,,
OAEPG.H.1.URB.Q5.F,BGD,2006,8.780000000000001,,
OAEPG.H.1.URB.Q5.F,BGD,2007,39.88,,
OAEPG.H.1.URB.Q5.F,BGD,2011,25.81,,
OAEPG.H.1.URB.Q5.F,BGD,2013,30.43,,
OAEPG.H.1.URB.Q5.F,BGD,2014,20.73,,
OAEPG.H.1.URB.Q5.F,BGD,2019,13.88667011260986,,
OAEPG.H.1.URB.Q5.GPIA,BGD,2019,.6565700173377991,,
OAEPG.H.1.URB.Q5.M,BGD,2004,41.51000000000001,,
OAEPG.H.1.URB.Q5.M,BGD,2006,8.98,,
OAEPG.H.1.URB.Q5.M,BGD,2007,41.56,,
OAEPG.H.1.URB.Q5.M,BGD,2011,28.38,,
OAEPG.H.1.URB.Q5.M,BGD,2013,42.49,,
OAEPG.H.1.URB.Q5.M,BGD,2014,26.73,,
OAEPG.H.1.URB.Q5.M,BGD,2019,21.150390625,,
OAEPG.H.1.URB.WPIA,BGD,2019,1.46616005897522,,
OAEPG.H.1.WPIA,BGD,2004,1.360558390617371,,
OAEPG.H.1.WPIA,BGD,2006,1.627403855323792,,
OAEPG.H.1.WPIA,BGD,2007,1.36652946472168,,
OAEPG.H.1.WPIA,BGD,2011,1.456118702888489,,
OAEPG.H.1.WPIA,BGD,2013,1.400163292884827,,
OAEPG.H.1.WPIA,BGD,2014,1.485336303710938,,
OAEPG.H.1.WPIA,BGD,2019,1.544370055198669,,
OAEPG.H.2,BGD,2019,24.24616050720215,,
OAEPG.H.2.F,BGD,2019,21.09782028198242,,
OAEPG.H.2.F.LPIA,BGD,2019,1.26144003868103,,
OAEPG.H.2.F.WPIA,BGD,2019,1.645849943161011,,
OAEPG.H.2.GPIA,BGD,2019,.7554100155830383,,
OAEPG.H.2.LPIA,BGD,2019,1.242300033569336,,
OAEPG.H.2.M,BGD,2019,27.92897987365723,,
OAEPG.H.2.M.LPIA,BGD,2019,1.237800002098083,,
OAEPG.H.2.M.WPIA,BGD,2019,1.501440048217773,,
OAEPG.H.2.Q1,BGD,2019,31.43403053283691,,
OAEPG.H.2.Q1.F,BGD,2019,28.58329010009766,,
OAEPG.H.2.Q1.F.LPIA,BGD,2019,.9637200236320496,,
OAEPG.H.2.Q1.GPIA,BGD,2019,.8074600100517273,,
OAEPG.H.2.Q1.LPIA,BGD,2019,.9699000120162964,,
OAEPG.H.2.Q1.M,BGD,2019,35.39915084838867,,
OAEPG.H.2.Q1.M.LPIA,BGD,2019,.9364200234413147,,
OAEPG.H.2.Q5,BGD,2019,13.7464599609375,,
OAEPG.H.2.Q5.F,BGD,2019,10.12279033660889,,
OAEPG.H.2.Q5.F.LPIA,BGD,2019,.9540299773216248,,
OAEPG.H.2.Q5.GPIA,BGD,2019,.5735700130462646,,
OAEPG.H.2.Q5.LPIA,BGD,2019,1.135419964790344,,
OAEPG.H.2.Q5.M,BGD,2019,17.64875030517578,,
OAEPG.H.2.Q5.M.LPIA,BGD,2019,1.263560056686401,,
OAEPG.H.2.RUR,BGD,2019,25.44556999206543,,
OAEPG.H.2.RUR.F,BGD,2019,22.17771911621094,,
OAEPG.H.2.RUR.F.WPIA,BGD,2019,1.65378999710083,,
OAEPG.H.2.RUR.GPIA,BGD,2019,.7555099725723267,,
OAEPG.H.2.RUR.M,BGD,2019,29.35462951660156,,
OAEPG.H.2.RUR.M.WPIA,BGD,2019,1.408920049667358,,
OAEPG.H.2.RUR.Q1,BGD,2019,31.36897087097168,,
OAEPG.H.2.RUR.Q1.F,BGD,2019,28.50221061706543,,
OAEPG.H.2.RUR.Q1.GPIA,BGD,2019,.8081600069999695,,
OAEPG.H.2.RUR.Q1.M,BGD,2019,35.26823043823242,,
OAEPG.H.2.RUR.Q5,BGD,2019,14.87086009979248,,
OAEPG.H.2.RUR.Q5.F,BGD,2019,9.867730140686035,,
OAEPG.H.2.RUR.Q5.GPIA,BGD,2019,.473360002040863,,
OAEPG.H.2.RUR.Q5.M,BGD,2019,20.8463306427002,,
OAEPG.H.2.RUR.WPIA,BGD,2019,1.52593994140625,,
OAEPG.H.2.URB,BGD,2019,19.28008079528809,,
OAEPG.H.2.URB.F,BGD,2019,16.3794994354248,,
OAEPG.H.2.URB.F.WPIA,BGD,2019,1.650269985198975,,
OAEPG.H.2.URB.GPIA,BGD,2019,.7320700287818909,,
OAEPG.H.2.URB.M,BGD,2019,22.37422943115234,,
OAEPG.H.2.URB.M.WPIA,BGD,2019,1.592380046844482,,
OAEPG.H.2.URB.Q1,BGD,2019,32.3424186706543,,
OAEPG.H.2.URB.Q1.F,BGD,2019,29.57509994506836,,
OAEPG.H.2.URB.Q1.GPIA,BGD,2019,.785260021686554,,
OAEPG.H.2.URB.Q1.M,BGD,2019,37.66270065307617,,
OAEPG.H.2.URB.Q5,BGD,2019,12.85706996917725,,
OAEPG.H.2.URB.Q5.F,BGD,2019,10.34323024749756,,
OAEPG.H.2.URB.Q5.GPIA,BGD,2019,.6737300157546997,,
OAEPG.H.2.URB.Q5.M,BGD,2019,15.35212993621826,,
OAEPG.H.2.URB.WPIA,BGD,2019,1.60247004032135,,
OAEPG.H.2.WPIA,BGD,2019,1.562690019607544,,
ODAFLOW.VOLUMESCHOLARSHIP,BGD,2006,6630101,,
ODAFLOW.VOLUMESCHOLARSHIP,BGD,2007,6586892,,
ODAFLOW.VOLUMESCHOLARSHIP,BGD,2008,8843067,,
ODAFLOW.VOLUMESCHOLARSHIP,BGD,2009,16300124,,
ODAFLOW.VOLUMESCHOLARSHIP,BGD,2010,17540316,,
ODAFLOW.VOLUMESCHOLARSHIP,BGD,2011,20517674,,
ODAFLOW.VOLUMESCHOLARSHIP,BGD,2012,19207532,,
ODAFLOW.VOLUMESCHOLARSHIP,BGD,2013,19198808,,
ODAFLOW.VOLUMESCHOLARSHIP,BGD,2014,18917624,,
ODAFLOW.VOLUMESCHOLARSHIP,BGD,2015,15254982,,
ODAFLOW.VOLUMESCHOLARSHIP,BGD,2016,9968004,,
ODAFLOW.VOLUMESCHOLARSHIP,BGD,2017,15042751,,
ODAFLOW.VOLUMESCHOLARSHIP,BGD,2018,11760397,,
ODAFLOW.VOLUMESCHOLARSHIP,BGD,2019,17885272,,
ODAFLOW.VOLUMESCHOLARSHIP,BGD,2020,14579189,,
ODAFLOW.VOLUMESCHOLARSHIP,BGD,2021,13922164,,
ODAFLOW.VOLUMESCHOLARSHIP,BGD,2022,18179248,,
ODAFLOW.VOLUMESCHOLARSHIP,BGD,2023,39741244,,
ODAFLOW.VOLUMESCHOLARSHIP,BGD,2024,21004620,,
ONTRACK.THREE.DOMAINS,BGD,2019,74.5,,
ONTRACK.THREE.DOMAINS.F,BGD,2019,78,,
ONTRACK.THREE.DOMAINS.GPIA,BGD,2019,1.084615349769592,,
ONTRACK.THREE.DOMAINS.M,BGD,2019,71.40000000000001,,
PER.BULLIED.2,BGD,2014,23.60000038146973,,UIS_EST
PER.BULLIED.2.F,BGD,2014,17.29999923706055,,UIS_EST
PER.BULLIED.2.GPIA,BGD,2014,.6383764147758484,,UIS_EST
PER.BULLIED.2.M,BGD,2014,27.10000038146973,,UIS_EST
POSTIMUENV,BGD,2019,62.90000152587891,,
POSTIMUENV.F,BGD,2019,62.90000152587891,,
POSTIMUENV.GPIA,BGD,2019,1,,
POSTIMUENV.LPIA,BGD,2019,.8342541456222534,,
POSTIMUENV.M,BGD,2019,62.90000152587891,,
POSTIMUENV.RUR,BGD,2019,60.40000152587891,,
POSTIMUENV.URB,BGD,2019,72.40000152587891,,
POSTIMUENV.WPIA,BGD,2019,.6027919054031372,,
POSTIMUENV.WQ1,BGD,2019,47.5,,
POSTIMUENV.WQ5,BGD,2019,78.80000305175781,,
PRYA.12MO.AG15T24,BGD,2006,24.6676149344104,,UIS_EST
PRYA.12MO.AG15T24,BGD,2010,29.0300283116192,,UIS_EST
PRYA.12MO.AG15T24,BGD,2013,33.4376908385793,,UIS_EST
PRYA.12MO.AG15T24,BGD,2017,41.8509100008468,,UIS_EST
PRYA.12MO.AG15T24,BGD,2022,45.9274371078731,,UIS_EST
PRYA.12MO.AG15T24,BGD,2023,46.2252454908779,,UIS_EST
PRYA.12MO.AG15T24.F,BGD,2006,21.7605203295884,,UIS_EST
PRYA.12MO.AG15T24.F,BGD,2010,25.059574137156,,UIS_EST
PRYA.12MO.AG15T24.F,BGD,2013,29.5458967542333,,UIS_EST
PRYA.12MO.AG15T24.F,BGD,2017,36.5928863555917,,UIS_EST
PRYA.12MO.AG15T24.F,BGD,2022,40.6806349633013,,UIS_EST
PRYA.12MO.AG15T24.F,BGD,2023,40.7204141269294,,UIS_EST
PRYA.12MO.AG15T24.GPIA,BGD,2006,.794520395951108,,UIS_EST
PRYA.12MO.AG15T24.GPIA,BGD,2010,.755036984906174,,UIS_EST
PRYA.12MO.AG15T24.GPIA,BGD,2013,.784502366705819,,UIS_EST
PRYA.12MO.AG15T24.GPIA,BGD,2017,.774697745046832,,UIS_EST
PRYA.12MO.AG15T24.GPIA,BGD,2022,.78885045342709,,UIS_EST
PRYA.12MO.AG15T24.GPIA,BGD,2023,.783041007637812,,UIS_EST
PRYA.12MO.AG15T24.M,BGD,2006,27.3882463439334,,UIS_EST
PRYA.12MO.AG15T24.M,BGD,2010,33.1898630638207,,UIS_EST
PRYA.12MO.AG15T24.M,BGD,2013,37.6619599993032,,UIS_EST
PRYA.12MO.AG15T24.M,BGD,2017,47.2350495268055,,UIS_EST
PRYA.12MO.AG15T24.M,BGD,2022,51.5695145848848,,UIS_EST
PRYA.12MO.AG15T24.M,BGD,2023,52.0029139339331,,UIS_EST
PRYA.12MO.AG15T64,BGD,2006,7.97051357351432,,UIS_EST
PRYA.12MO.AG15T64,BGD,2010,9.60700854752079,,UIS_EST
PRYA.12MO.AG15T64,BGD,2013,11.4703249548271,,UIS_EST
PRYA.12MO.AG15T64,BGD,2017,11.9665693281402,,UIS_EST
PRYA.12MO.AG15T64,BGD,2022,13.3728135534817,,UIS_EST
PRYA.12MO.AG15T64,BGD,2023,13.1949683760781,,UIS_EST
PRYA.12MO.AG15T64.F,BGD,2006,6.81322106947779,,UIS_EST
PRYA.12MO.AG15T64.F,BGD,2010,8.44683732634604,,UIS_EST
PRYA.12MO.AG15T64.F,BGD,2013,10.0874069888919,,UIS_EST
PRYA.12MO.AG15T64.F,BGD,2017,10.2470704211182,,UIS_EST
PRYA.12MO.AG15T64.F,BGD,2022,11.7719040764382,,UIS_EST
PRYA.12MO.AG15T64.F,BGD,2023,11.4772691224223,,UIS_EST
PRYA.12MO.AG15T64.GPIA,BGD,2006,.7488941860569091,,UIS_EST
PRYA.12MO.AG15T64.GPIA,BGD,2010,.783948566783261,,UIS_EST
PRYA.12MO.AG15T64.GPIA,BGD,2013,.781018637583525,,UIS_EST
PRYA.12MO.AG15T64.GPIA,BGD,2017,.744638329793998,,UIS_EST
PRYA.12MO.AG15T64.GPIA,BGD,2022,.782048556309396,,UIS_EST
PRYA.12MO.AG15T64.GPIA,BGD,2023,.765097682789379,,UIS_EST
PRYA.12MO.AG15T64.M,BGD,2006,9.097708589982361,,UIS_EST
PRYA.12MO.AG15T64.M,BGD,2010,10.7747340632377,,UIS_EST
PRYA.12MO.AG15T64.M,BGD,2013,12.915705853195,,UIS_EST
PRYA.12MO.AG15T64.M,BGD,2017,13.7611374691832,,UIS_EST
PRYA.12MO.AG15T64.M,BGD,2022,15.0526511192496,,UIS_EST
PRYA.12MO.AG15T64.M,BGD,2023,15.0010506901272,,UIS_EST
PRYA.12MO.AG25T54,BGD,2006,1.07595939925406,,UIS_EST
PRYA.12MO.AG25T54,BGD,2010,1.09146972506169,,UIS_EST
PRYA.12MO.AG25T54,BGD,2013,2.23076581236444,,UIS_EST
PRYA.12MO.AG25T54,BGD,2017,.978335302383571,,UIS_EST
PRYA.12MO.AG25T54,BGD,2022,1.82416674158797,,UIS_EST
PRYA.12MO.AG25T54,BGD,2023,1.65568952916174,,UIS_EST
PRYA.12MO.AG25T54.F,BGD,2006,.789736039988931,,UIS_EST
PRYA.12MO.AG25T54.F,BGD,2010,.9410786744624861,,UIS_EST
PRYA.12MO.AG25T54.F,BGD,2013,1.61592508679943,,UIS_EST
PRYA.12MO.AG25T54.F,BGD,2017,.64463796891484,,UIS_EST
PRYA.12MO.AG25T54.F,BGD,2022,1.29537016742105,,UIS_EST
PRYA.12MO.AG25T54.F,BGD,2023,1.22676393995958,,UIS_EST
PRYA.12MO.AG25T54.GPIA,BGD,2006,.57802647183509,,UIS_EST
PRYA.12MO.AG25T54.GPIA,BGD,2010,.757165798358901,,UIS_EST
PRYA.12MO.AG25T54.GPIA,BGD,2013,.563551136662807,,UIS_EST
PRYA.12MO.AG25T54.GPIA,BGD,2017,.480629727132937,,UIS_EST
PRYA.12MO.AG25T54.GPIA,BGD,2022,.541939952736374,,UIS_EST
PRYA.12MO.AG25T54.GPIA,BGD,2023,.5781646443463641,,UIS_EST
PRYA.12MO.AG25T54.M,BGD,2006,1.3662627552017,,UIS_EST
PRYA.12MO.AG25T54.M,BGD,2010,1.24289643893345,,UIS_EST
PRYA.12MO.AG25T54.M,BGD,2013,2.86739744039643,,UIS_EST
PRYA.12MO.AG25T54.M,BGD,2017,1.34123615857106,,UIS_EST
PRYA.12MO.AG25T54.M,BGD,2022,2.39024667009776,,UIS_EST
PRYA.12MO.AG25T54.M,BGD,2023,2.12182455630175,,UIS_EST
PRYA.12MO.AG55T64,BGD,2006,.515913931487444,,UIS_EST
PRYA.12MO.AG55T64,BGD,2022,.301128534872187,,UIS_EST
PRYA.12MO.AG55T64,BGD,2023,.245987237666251,,UIS_EST
PRYA.12MO.AG55T64.F,BGD,2006,.510475243964879,,UIS_EST
PRYA.12MO.AG55T64.F,BGD,2022,.189589116136524,,UIS_EST
PRYA.12MO.AG55T64.F,BGD,2023,.196199515241277,,UIS_EST
PRYA.12MO.AG55T64.GPIA,BGD,2006,.980943335177506,,UIS_EST
PRYA.12MO.AG55T64.GPIA,BGD,2022,.474444444451973,,UIS_EST
PRYA.12MO.AG55T64.GPIA,BGD,2023,.677425589879497,,UIS_EST
PRYA.12MO.AG55T64.M,BGD,2006,.520392183379793,,UIS_EST
PRYA.12MO.AG55T64.M,BGD,2022,.399602352506238,,UIS_EST
PRYA.12MO.AG55T64.M,BGD,2023,.289625190090882,,UIS_EST
PTRHC.1.QUALIFIED,BGD,2017,29.95706453473078,,
PTRHC.1.QUALIFIED,BGD,2018,30.05458608011621,,
PTRHC.1.QUALIFIED,BGD,2021,47.24367367966694,,
PTRHC.1.QUALIFIED,BGD,2022,47.31717437394716,,
PTRHC.1.QUALIFIED,BGD,2023,42.26853708457191,,
PTRHC.1.QUALIFIED,BGD,2024,23.59480696138096,,
PTRHC.1.TRAINED,BGD,2005,88.08518981933594,,
PTRHC.1.TRAINED,BGD,2006,92.43036651611328,,
PTRHC.1.TRAINED,BGD,2007,79.92095947265625,,
PTRHC.1.TRAINED,BGD,2008,80.43876647949219,,NAT_EST
PTRHC.1.TRAINED,BGD,2009,78.34339904785156,,NAT_EST
PTRHC.1.TRAINED,BGD,2017,59.40176387679808,,
PTRHC.1.TRAINED,BGD,2018,61.98443426749179,,
PTRHC.1.TRAINED,BGD,2021,71.39386428195687,,
PTRHC.1.TRAINED,BGD,2022,64.28598451505606,,
PTRHC.1.TRAINED,BGD,2023,54.70905522810585,,
PTRHC.1.TRAINED,BGD,2024,55.85425083597487,,
PTRHC.2.QUALIFIED,BGD,2013,37.54226224467857,,
PTRHC.2.QUALIFIED,BGD,2016,41.05006965920525,,
PTRHC.2.QUALIFIED,BGD,2017,36.6825448857508,,
PTRHC.2.QUALIFIED,BGD,2019,43.24655256369081,,
PTRHC.2.QUALIFIED,BGD,2020,40.43590357598978,,
PTRHC.2.QUALIFIED,BGD,2021,35.74496372424968,,
PTRHC.2.QUALIFIED,BGD,2022,35.83068439684124,,
PTRHC.2.QUALIFIED,BGD,2023,34.32054493778126,,
PTRHC.2.QUALIFIED,BGD,2024,30.74850366882873,,
PTRHC.2.TRAINED,BGD,1998,116.1877136230469,,
PTRHC.2.TRAINED,BGD,1999,118.6234436035156,,
PTRHC.2.TRAINED,BGD,2000,122.2315902709961,,
PTRHC.2.TRAINED,BGD,2001,126.950927734375,,
PTRHC.2.TRAINED,BGD,2002,111.696662902832,,
PTRHC.2.TRAINED,BGD,2003,97.51962280273438,,
PTRHC.2.TRAINED,BGD,2004,89.71282958984375,,
PTRHC.2.TRAINED,BGD,2007,64.25627136230469,,
PTRHC.2.TRAINED,BGD,2008,51.7353515625,,
PTRHC.2.TRAINED,BGD,2009,52.09371185302734,,
PTRHC.2.TRAINED,BGD,2010,53.08461807405434,,
PTRHC.2.TRAINED,BGD,2011,55.139447140747,,
PTRHC.2.TRAINED,BGD,2012,57.0196418762207,,
PTRHC.2.TRAINED,BGD,2013,61.85653893681555,,
PTRHC.2.TRAINED,BGD,2020,65.04269951450468,,
PTRHC.2.TRAINED,BGD,2021,53.36955236457788,,
PTRHC.2.TRAINED,BGD,2022,53.50501846769001,,
PTRHC.2.TRAINED,BGD,2023,50.68481273206694,,
PTRHC.2.TRAINED,BGD,2024,56.21879578754579,,
PTRHC.2T3.QUALIFIED,BGD,2013,35.85047578527807,,
PTRHC.2T3.QUALIFIED,BGD,2016,36.19199981743551,,
PTRHC.2T3.QUALIFIED,BGD,2017,33.98251294447005,,
PTRHC.2T3.QUALIFIED,BGD,2018,35.09524154663086,,
PTRHC.2T3.QUALIFIED,BGD,2020,32.7794745784691,,
PTRHC.2T3.QUALIFIED,BGD,2021,29.10470876087821,,
PTRHC.2T3.QUALIFIED,BGD,2022,28.96001009163566,,
PTRHC.2T3.QUALIFIED,BGD,2023,28.64493355329819,,
PTRHC.2T3.QUALIFIED,BGD,2024,26.35610383249663,,
PTRHC.2T3.TRAINED,BGD,2011,57.15357192370917,,
PTRHC.2T3.TRAINED,BGD,2012,57.39073944091797,,UIS_EST
PTRHC.2T3.TRAINED,BGD,2013,60.65639178216401,,
PTRHC.2T3.TRAINED,BGD,2016,57.80966186523438,,
PTRHC.2T3.TRAINED,BGD,2017,51.13885116577148,,
PTRHC.2T3.TRAINED,BGD,2020,53.15077236734503,,
PTRHC.2T3.TRAINED,BGD,2021,45.98858245003746,,
PTRHC.2T3.TRAINED,BGD,2022,45.05889214135908,,
PTRHC.2T3.TRAINED,BGD,2023,44.05959484284055,,
PTRHC.2T3.TRAINED,BGD,2024,47.91493143889284,,
PTRHC.3.QUALIFIED,BGD,2013,33.86418828586064,,
PTRHC.3.QUALIFIED,BGD,2016,31.90001856152823,,
PTRHC.3.QUALIFIED,BGD,2017,31.18446926566538,,
PTRHC.3.QUALIFIED,BGD,2018,28.66906469224906,,
PTRHC.3.QUALIFIED,BGD,2020,27.41867719231535,,
PTRHC.3.QUALIFIED,BGD,2021,24.69475940160993,,
PTRHC.3.QUALIFIED,BGD,2022,24.43521183591123,,
PTRHC.3.QUALIFIED,BGD,2023,24.83672365421172,,
PTRHC.3.QUALIFIED,BGD,2024,23.18734492809481,,
PTRHC.3.TRAINED,BGD,1998,159.2254333496094,,
PTRHC.3.TRAINED,BGD,1999,153.2890930175781,,
PTRHC.3.TRAINED,BGD,2000,141.2607116699219,,
PTRHC.3.TRAINED,BGD,2001,144.0028076171875,,
PTRHC.3.TRAINED,BGD,2002,128.5749359130859,,
PTRHC.3.TRAINED,BGD,2003,102.2082672119141,,
PTRHC.3.TRAINED,BGD,2004,82.70069122314453,,
PTRHC.3.TRAINED,BGD,2007,65.00788879394531,,
PTRHC.3.TRAINED,BGD,2008,57.76401901245117,,
PTRHC.3.TRAINED,BGD,2009,62.61571884155273,,
PTRHC.3.TRAINED,BGD,2010,63.34268951416016,,
PTRHC.3.TRAINED,BGD,2011,60.01171411802753,,
PTRHC.3.TRAINED,BGD,2012,57.8891487121582,,UIS_EST
PTRHC.3.TRAINED,BGD,2013,59.16232352372234,,
PTRHC.3.TRAINED,BGD,2016,54.48912538442817,,
PTRHC.3.TRAINED,BGD,2020,44.71000079743231,,
PTRHC.3.TRAINED,BGD,2021,40.59199542879857,,
PTRHC.3.TRAINED,BGD,2022,39.09865277837559,,
PTRHC.3.TRAINED,BGD,2023,39.29693959952225,,
PTRHC.3.TRAINED,BGD,2024,41.98256498604326,,
QUTP.1,BGD,2014,100,,
QUTP.1,BGD,2015,100,,
QUTP.1,BGD,2016,100,,
QUTP.1,BGD,2017,100,,
QUTP.1,BGD,2018,100,,
QUTP.1,BGD,2019,100,,
QUTP.1,BGD,2020,100,,
QUTP.1,BGD,2021,100,,
QUTP.1,BGD,2022,100,,
QUTP.1,BGD,2023,100,,
QUTP.1.F,BGD,2014,100,,
QUTP.1.F,BGD,2015,100,,
QUTP.1.F,BGD,2016,100,,
QUTP.1.F,BGD,2017,100,,
QUTP.1.F,BGD,2018,100,,
QUTP.1.F,BGD,2019,100,,
QUTP.1.F,BGD,2020,100,,
QUTP.1.F,BGD,2021,100,,
QUTP.1.F,BGD,2022,100,,
QUTP.1.F,BGD,2023,100,,
QUTP.1.GPIA,BGD,2016,1,,
QUTP.1.GPIA,BGD,2017,1,,
QUTP.1.GPIA,BGD,2018,1,,UIS_EST
QUTP.1.M,BGD,2014,100,,
QUTP.1.M,BGD,2015,100,,
QUTP.1.M,BGD,2016,100,,
QUTP.1.M,BGD,2017,100,,
QUTP.1.M,BGD,2018,100,,
QUTP.1.M,BGD,2019,100,,
QUTP.1.M,BGD,2020,100,,
QUTP.1.M,BGD,2021,100,,
QUTP.1.M,BGD,2022,100,,
QUTP.1.M,BGD,2023,100,,
QUTP.2,BGD,2013,98.2217368307638,,
QUTP.2,BGD,2016,100,,
QUTP.2,BGD,2017,100,,
QUTP.2,BGD,2019,100,,
QUTP.2,BGD,2020,100,,
QUTP.2,BGD,2021,100,,
QUTP.2,BGD,2022,100,,
QUTP.2,BGD,2023,100,,
QUTP.2,BGD,2024,100,,
QUTP.2.F,BGD,2013,96.71655016244955,,
QUTP.2.F,BGD,2016,100,,
QUTP.2.F,BGD,2017,100,,
QUTP.2.F,BGD,2019,100,,
QUTP.2.F,BGD,2020,100,,
QUTP.2.F,BGD,2021,100,,
QUTP.2.F,BGD,2022,100,,
QUTP.2.F,BGD,2023,100,,
QUTP.2.F,BGD,2024,100,,
QUTP.2.GPIA,BGD,2013,.9809399843215942,,
QUTP.2.GPIA,BGD,2016,1,,
QUTP.2.GPIA,BGD,2017,1,,
QUTP.2.GPIA,BGD,2019,1,,
QUTP.2.GPIA,BGD,2020,1,,
QUTP.2.GPIA,BGD,2024,1,,
QUTP.2.M,BGD,2013,98.59562240156518,,
QUTP.2.M,BGD,2016,100,,
QUTP.2.M,BGD,2017,100,,
QUTP.2.M,BGD,2019,100,,
QUTP.2.M,BGD,2020,100,,
QUTP.2.M,BGD,2021,100,,
QUTP.2.M,BGD,2022,100,,
QUTP.2.M,BGD,2023,100,,
QUTP.2.M,BGD,2024,100,,
QUTP.2T3,BGD,2013,98.1938557781544,,
QUTP.2T3,BGD,2016,100,,
QUTP.2T3,BGD,2017,100,,
QUTP.2T3,BGD,2018,100,,
QUTP.2T3,BGD,2020,100,,
QUTP.2T3,BGD,2021,100,,
QUTP.2T3,BGD,2022,100,,
QUTP.2T3,BGD,2023,100,,
QUTP.2T3,BGD,2024,100,,
QUTP.2T3.F,BGD,2013,96.65158140953932,,
QUTP.2T3.F,BGD,2016,100,,
QUTP.2T3.F,BGD,2017,100,,
QUTP.2T3.F,BGD,2018,100,,
QUTP.2T3.F,BGD,2020,100,,
QUTP.2T3.F,BGD,2021,100,,
QUTP.2T3.F,BGD,2022,100,,
QUTP.2T3.F,BGD,2023,100,,
QUTP.2T3.F,BGD,2024,100,,
QUTP.2T3.GPIA,BGD,2013,.9802500009536743,,
QUTP.2T3.GPIA,BGD,2016,1,,
QUTP.2T3.GPIA,BGD,2017,1,,
QUTP.2T3.GPIA,BGD,2018,1,,
QUTP.2T3.GPIA,BGD,2020,1,,
QUTP.2T3.GPIA,BGD,2024,1,,
QUTP.2T3.M,BGD,2013,98.59887496035654,,
QUTP.2T3.M,BGD,2016,100,,
QUTP.2T3.M,BGD,2017,100,,
QUTP.2T3.M,BGD,2018,100,,
QUTP.2T3.M,BGD,2020,100,,
QUTP.2T3.M,BGD,2021,100,,
QUTP.2T3.M,BGD,2022,100,,
QUTP.2T3.M,BGD,2023,100,,
QUTP.2T3.M,BGD,2024,100,,
QUTP.3,BGD,2013,98.16114147143161,,
QUTP.3,BGD,2016,100,,
QUTP.3,BGD,2017,100,,
QUTP.3,BGD,2018,100,,
QUTP.3,BGD,2020,100,,
QUTP.3,BGD,2021,100,,
QUTP.3,BGD,2022,100,,
QUTP.3,BGD,2023,100,,
QUTP.3,BGD,2024,100,,
QUTP.3.F,BGD,2013,96.5821852981386,,
QUTP.3.F,BGD,2016,100,,
QUTP.3.F,BGD,2017,100,,
QUTP.3.F,BGD,2018,100,,
QUTP.3.F,BGD,2020,100,,
QUTP.3.F,BGD,2021,100,,
QUTP.3.F,BGD,2022,100,,
QUTP.3.F,BGD,2023,100,,
QUTP.3.F,BGD,2024,100,,
QUTP.3.GPIA,BGD,2013,.9795100092887878,,
QUTP.3.GPIA,BGD,2016,1,,
QUTP.3.GPIA,BGD,2017,1,,
QUTP.3.GPIA,BGD,2018,1,,
QUTP.3.GPIA,BGD,2020,1,,
QUTP.3.GPIA,BGD,2024,1,,
QUTP.3.M,BGD,2013,98.60278707210354,,
QUTP.3.M,BGD,2016,100,,
QUTP.3.M,BGD,2017,100,,
QUTP.3.M,BGD,2018,100,,
QUTP.3.M,BGD,2020,100,,
QUTP.3.M,BGD,2021,100,,
QUTP.3.M,BGD,2022,100,,
QUTP.3.M,BGD,2023,100,,
QUTP.3.M,BGD,2024,100,,
RESDISADVPOP,BGD,2020,0,,
ROFST.1.CP,BGD,1970,51.07469940185547,,
ROFST.1.CP,BGD,1973,30.83869934082031,,
ROFST.1.CP,BGD,1976,25.81719017028809,,
ROFST.1.CP,BGD,1977,31.1807804107666,,
ROFST.1.CP,BGD,1978,33.08417892456055,,
ROFST.1.CP,BGD,1981,39.22602844238281,,
ROFST.1.CP,BGD,1983,42.04261016845703,,
ROFST.1.CP,BGD,1984,42.69779968261719,,
ROFST.1.CP,BGD,1985,43.80204010009766,,
ROFST.1.CP,BGD,1986,44.19918823242188,,
ROFST.1.CP,BGD,1987,44.76028060913086,,
ROFST.1.CP,BGD,1988,34.97423934936523,,
ROFST.1.CP,BGD,1989,35.12295913696289,,
ROFST.1.CP,BGD,1990,32.57107925415039,,
ROFST.1.CP,BGD,2005,6.825409889221191,,
ROFST.1.CP,BGD,2006,7.542500019073486,,UIS_EST
ROFST.1.CP,BGD,2008,13.08899974822998,,NAT_EST
ROFST.1.CP,BGD,2009,12.92776012420654,,NAT_EST
ROFST.1.CP,BGD,2010,9.753569602966309,,UIS_EST
ROFST.1.CP,BGD,2017,3.278276696283861,,
ROFST.1.CP,BGD,2018,3.357929550551601,,
ROFST.1.CP,BGD,2022,7.286242459914058,,
ROFST.1.CP,BGD,2023,6.88461537116503,,
ROFST.1.CP,BGD,2024,5.862195985923427,,
ROFST.1.F.CP,BGD,1970,67.27155303955078,,
ROFST.1.F.CP,BGD,1973,51.28583145141602,,
ROFST.1.F.CP,BGD,1976,49.15079116821289,,
ROFST.1.F.CP,BGD,1977,48.62818908691406,,
ROFST.1.F.CP,BGD,1978,50.03736114501953,,
ROFST.1.F.CP,BGD,1981,50.5041389465332,,
ROFST.1.F.CP,BGD,1983,56.26905059814453,,
ROFST.1.F.CP,BGD,1984,52.76342010498047,,
ROFST.1.F.CP,BGD,1985,53.88000106811523,,
ROFST.1.F.CP,BGD,1986,54.03861999511719,,
ROFST.1.F.CP,BGD,1987,54.5737190246582,,
ROFST.1.F.CP,BGD,1988,41.57690048217773,,
ROFST.1.F.CP,BGD,1989,41.49740982055664,,
ROFST.1.F.CP,BGD,1990,37.94879150390625,,
ROFST.1.F.CP,BGD,2005,4.638710021972656,,
ROFST.1.F.CP,BGD,2006,4.925039768218994,,UIS_EST
ROFST.1.F.CP,BGD,2008,12.34741020202637,,NAT_EST
ROFST.1.F.CP,BGD,2009,9.543609619140625,,NAT_EST
ROFST.1.F.CP,BGD,2010,5.379630088806152,,UIS_EST
ROFST.1.F.CP,BGD,2017,.6771655421361665,,
ROFST.1.F.CP,BGD,2018,2.387631619015203,,
ROFST.1.GPIA.CP,BGD,1970,1.472759962081909,,
ROFST.1.GPIA.CP,BGD,1973,1.781409978866577,,
ROFST.1.GPIA.CP,BGD,1976,1.930609941482544,,
ROFST.1.GPIA.CP,BGD,1977,1.70372998714447,,
ROFST.1.GPIA.CP,BGD,1978,1.664600014686584,,
ROFST.1.GPIA.CP,BGD,1981,1.437710046768188,,
ROFST.1.GPIA.CP,BGD,1983,1.494979977607727,,
ROFST.1.GPIA.CP,BGD,1984,1.373409986495972,,
ROFST.1.GPIA.CP,BGD,1985,1.366060018539429,,
ROFST.1.GPIA.CP,BGD,1986,1.356289982795715,,
ROFST.1.GPIA.CP,BGD,1987,1.351850032806396,,
ROFST.1.GPIA.CP,BGD,1988,1.310870051383972,,
ROFST.1.GPIA.CP,BGD,1989,1.300930023193359,,
ROFST.1.GPIA.CP,BGD,1990,1.277819991111755,,
ROFST.1.GPIA.CP,BGD,2005,.5184699892997742,,
ROFST.1.GPIA.CP,BGD,2006,.4884600043296814,,UIS_EST
ROFST.1.GPIA.CP,BGD,2008,.8942400217056274,,NAT_EST
ROFST.1.GPIA.CP,BGD,2009,.5889400243759155,,NAT_EST
ROFST.1.GPIA.CP,BGD,2010,.384579986333847,,UIS_EST
ROFST.1.GPIA.CP,BGD,2017,.1167729171329621,,
ROFST.1.GPIA.CP,BGD,2018,.5566849815789259,,
ROFST.1.M.CP,BGD,1970,35.46839141845703,,
ROFST.1.M.CP,BGD,1973,11.21061992645264,,
ROFST.1.M.CP,BGD,1976,3.410799980163574,,
ROFST.1.M.CP,BGD,1977,14.40715980529785,,
ROFST.1.M.CP,BGD,1978,16.78240013122559,,
ROFST.1.M.CP,BGD,1981,28.39789009094238,,
ROFST.1.M.CP,BGD,1983,28.4168701171875,,
ROFST.1.M.CP,BGD,1984,33.06127166748047,,
ROFST.1.M.CP,BGD,1985,34.15676116943359,,
ROFST.1.M.CP,BGD,1986,34.78516006469727,,
ROFST.1.M.CP,BGD,1987,35.3720817565918,,
ROFST.1.M.CP,BGD,1988,28.65200996398926,,
ROFST.1.M.CP,BGD,1989,29.00968933105469,,
ROFST.1.M.CP,BGD,1990,27.40572929382324,,
ROFST.1.M.CP,BGD,2005,8.946999549865723,,
ROFST.1.M.CP,BGD,2006,10.0826997756958,,UIS_EST
ROFST.1.M.CP,BGD,2008,13.80764961242676,,NAT_EST
ROFST.1.M.CP,BGD,2009,16.20465087890625,,NAT_EST
ROFST.1.M.CP,BGD,2010,13.98843002319336,,UIS_EST
ROFST.1.M.CP,BGD,2017,5.798994824845557,,
ROFST.1.M.CP,BGD,2018,4.289017483897558,,
ROFST.1T2.CP,BGD,2005,16.0984001159668,,
ROFST.1T2.CP,BGD,2006,16.52021026611328,,UIS_EST
ROFST.1T2.CP,BGD,2009,19.22019958496094,,NAT_EST
ROFST.1T2.CP,BGD,2010,17.18117431410146,,
ROFST.1T2.CP,BGD,2017,6.189270083697059,,
ROFST.1T2.CP,BGD,2018,6.360347873119863,,
ROFST.1T2.CP,BGD,2022,14.06321460316911,,
ROFST.1T2.CP,BGD,2023,13.37046638225521,,
ROFST.1T2.CP,BGD,2024,12.81419674920755,,
ROFST.1T2.F.CP,BGD,2005,13.33677005767822,,
ROFST.1T2.F.CP,BGD,2006,13.55774021148682,,UIS_EST
ROFST.1T2.F.CP,BGD,2009,16.32666969299316,,NAT_EST
ROFST.1T2.F.CP,BGD,2010,13.75795812903741,,
ROFST.1T2.F.CP,BGD,2017,1.071461652984807,,
ROFST.1T2.GPIA.CP,BGD,2005,.7104799747467041,,
ROFST.1T2.GPIA.CP,BGD,2006,.6991900205612183,,UIS_EST
ROFST.1T2.GPIA.CP,BGD,2009,.7412199974060059,,NAT_EST
ROFST.1T2.GPIA.CP,BGD,2010,.6711031734628228,,
ROFST.1T2.GPIA.CP,BGD,2017,.0961093365455682,,
ROFST.1T2.M.CP,BGD,2005,18.77144050598145,,
ROFST.1T2.M.CP,BGD,2006,19.39064979553223,,UIS_EST
ROFST.1T2.M.CP,BGD,2009,22.02664947509766,,NAT_EST
ROFST.1T2.M.CP,BGD,2010,20.50051120761027,,
ROFST.1T2.M.CP,BGD,2017,11.14836176687992,,
ROFST.1T3.CP,BGD,2005,34.08266830444336,,
ROFST.1T3.CP,BGD,2006,33.85168838500977,,UIS_EST
ROFST.1T3.CP,BGD,2009,32.5736083984375,,NAT_EST
ROFST.1T3.CP,BGD,2010,31.01578981859562,,
ROFST.1T3.CP,BGD,2017,22.02354337973852,,
ROFST.1T3.CP,BGD,2018,19.67220503744302,,
ROFST.1T3.CP,BGD,2022,17.88309543416938,,
ROFST.1T3.CP,BGD,2023,17.36030631180532,,
ROFST.1T3.CP,BGD,2024,18.27078246087111,,
ROFST.1T3.F.CP,BGD,2005,32.51662063598633,,
ROFST.1T3.F.CP,BGD,2006,32.17575836181641,,UIS_EST
ROFST.1T3.F.CP,BGD,2009,31.08588981628418,,NAT_EST
ROFST.1T3.F.CP,BGD,2010,28.49504390558878,,
ROFST.1T3.F.CP,BGD,2017,18.2537884027528,,
ROFST.1T3.GPIA.CP,BGD,2005,.9134500026702881,,
ROFST.1T3.GPIA.CP,BGD,2006,.9070199728012085,,UIS_EST
ROFST.1T3.GPIA.CP,BGD,2009,.9138299822807312,,NAT_EST
ROFST.1T3.GPIA.CP,BGD,2010,.8515329511048214,,
ROFST.1T3.GPIA.CP,BGD,2017,.7107966953543173,,
ROFST.1T3.M.CP,BGD,2005,35.59759902954102,,
ROFST.1T3.M.CP,BGD,2006,35.4739990234375,,UIS_EST
ROFST.1T3.M.CP,BGD,2009,34.01718139648438,,NAT_EST
ROFST.1T3.M.CP,BGD,2010,33.46323106888335,,
ROFST.1T3.M.CP,BGD,2017,25.68074460961537,,
ROFST.2.CP,BGD,2005,32.25008010864258,,
ROFST.2.CP,BGD,2006,32.40356063842773,,UIS_EST
ROFST.2.CP,BGD,2009,30.50192070007324,,NAT_EST
ROFST.2.CP,BGD,2010,30.14662933349609,,UIS_EST
ROFST.2.CP,BGD,2017,10.72751219490134,,
ROFST.2.CP,BGD,2018,11.04755657439572,,
ROFST.2.CP,BGD,2021,18.14218615185133,,
ROFST.2.CP,BGD,2022,24.73004954998866,,
ROFST.2.CP,BGD,2023,23.63982772592739,,
ROFST.2.CP,BGD,2024,23.94331101806499,,
ROFST.2.F.CP,BGD,2005,28.53742027282715,,
ROFST.2.F.CP,BGD,2006,28.86511993408203,,UIS_EST
ROFST.2.F.CP,BGD,2009,28.45957946777344,,NAT_EST
ROFST.2.F.CP,BGD,2010,27.03988075256348,,UIS_EST
ROFST.2.F.CP,BGD,2017,1.686256700009328,,
ROFST.2.F.CP,BGD,2021,8.097708677157431,,
ROFST.2.F.CP,BGD,2022,16.23421417327905,,
ROFST.2.F.CP,BGD,2023,12.5196475481842,,
ROFST.2.F.CP,BGD,2024,12.795197548203,,
ROFST.2.GPIA.CP,BGD,2005,.7964900135993958,,
ROFST.2.GPIA.CP,BGD,2006,.8057799935340881,,UIS_EST
ROFST.2.GPIA.CP,BGD,2009,.875980019569397,,NAT_EST
ROFST.2.GPIA.CP,BGD,2010,.8152599930763245,,UIS_EST
ROFST.2.GPIA.CP,BGD,2017,.0865328868668883,,
ROFST.2.GPIA.CP,BGD,2021,.2932526427844783,,
ROFST.2.GPIA.CP,BGD,2022,.4988951529477123,,
ROFST.2.GPIA.CP,BGD,2023,.3708715289267588,,
ROFST.2.GPIA.CP,BGD,2024,.3755721379443654,,
ROFST.2.M.CP,BGD,2005,35.82875061035156,,
ROFST.2.M.CP,BGD,2006,35.82236862182617,,UIS_EST
ROFST.2.M.CP,BGD,2009,32.48867034912109,,NAT_EST
ROFST.2.M.CP,BGD,2010,33.16704940795898,,UIS_EST
ROFST.2.M.CP,BGD,2017,19.48688829257783,,
ROFST.2.M.CP,BGD,2021,27.61342097472152,,
ROFST.2.M.CP,BGD,2022,32.54033252750506,,
ROFST.2.M.CP,BGD,2023,33.75737033364087,,
ROFST.2.M.CP,BGD,2024,34.06854837058862,,
ROFST.2T3.CP,BGD,2005,54.57643890380859,,
ROFST.2T3.CP,BGD,2006,53.91114044189453,,UIS_EST
ROFST.2T3.CP,BGD,2009,48.05738830566406,,NAT_EST
ROFST.2T3.CP,BGD,2010,45.34617985379052,,
ROFST.2T3.CP,BGD,2017,34.50440138010983,,
ROFST.2T3.CP,BGD,2018,30.52562764894523,,
ROFST.2T3.CP,BGD,2021,32.78140742899046,,
ROFST.2T3.CP,BGD,2022,24.92071526627006,,
ROFST.2T3.CP,BGD,2023,24.31683955722199,,
ROFST.2T3.CP,BGD,2024,26.56821856761635,,
ROFST.2T3.F.CP,BGD,2005,53.53239059448242,,
ROFST.2T3.F.CP,BGD,2006,53.00067138671875,,UIS_EST
ROFST.2T3.F.CP,BGD,2009,48.03223037719727,,NAT_EST
ROFST.2T3.F.CP,BGD,2010,41.94575740832075,,
ROFST.2T3.F.CP,BGD,2017,29.94583441972353,,
ROFST.2T3.F.CP,BGD,2021,25.24141459412866,,
ROFST.2T3.F.CP,BGD,2022,24.28637958924364,,
ROFST.2T3.F.CP,BGD,2023,19.35563902849137,,
ROFST.2T3.F.CP,BGD,2024,20.75824926861908,,
ROFST.2T3.GPIA.CP,BGD,2005,.9630900025367737,,
ROFST.2T3.GPIA.CP,BGD,2006,.9673299789428711,,UIS_EST
ROFST.2T3.GPIA.CP,BGD,2009,.9989699721336365,,NAT_EST
ROFST.2T3.GPIA.CP,BGD,2010,.8621064412374679,,
ROFST.2T3.GPIA.CP,BGD,2017,.7692215134917842,,
ROFST.2T3.GPIA.CP,BGD,2021,.6273485132333048,,
ROFST.2T3.GPIA.CP,BGD,2022,.9511044901454825,,
ROFST.2T3.GPIA.CP,BGD,2023,.6669542233752148,,
ROFST.2T3.GPIA.CP,BGD,2024,.6488955025876664,,
ROFST.2T3.M.CP,BGD,2005,55.58414840698242,,
ROFST.2T3.M.CP,BGD,2006,54.790771484375,,UIS_EST
ROFST.2T3.M.CP,BGD,2009,48.08184051513672,,NAT_EST
ROFST.2T3.M.CP,BGD,2010,48.65496347308552,,
ROFST.2T3.M.CP,BGD,2017,38.93005316997465,,
ROFST.2T3.M.CP,BGD,2021,40.23507518019992,,
ROFST.2T3.M.CP,BGD,2022,25.53492265137846,,
ROFST.2T3.M.CP,BGD,2023,29.02094079341677,,
ROFST.2T3.M.CP,BGD,2024,31.99012658562019,,
ROFST.3.CP,BGD,1999,68.90601348876953,,UIS_EST
ROFST.3.CP,BGD,2003,67.51727294921875,,UIS_EST
ROFST.3.CP,BGD,2005,71.53353118896484,,
ROFST.3.CP,BGD,2006,70.19972991943359,,
ROFST.3.CP,BGD,2009,61.82815170288086,,NAT_EST
ROFST.3.CP,BGD,2010,61.61916999470331,,
ROFST.3.CP,BGD,2011,62.51964950561523,,UIS_EST
ROFST.3.CP,BGD,2013,59.27067947387695,,UIS_EST
ROFST.3.CP,BGD,2015,56.92631149291992,,UIS_EST
ROFST.3.CP,BGD,2016,47.54811859130859,,UIS_EST
ROFST.3.CP,BGD,2017,52.22854646173217,,
ROFST.3.CP,BGD,2018,44.98996183795971,,
ROFST.3.CP,BGD,2020,43.22174072265625,,UIS_EST
ROFST.3.CP,BGD,2021,43.55679372371834,,
ROFST.3.CP,BGD,2022,25.05988586145218,,
ROFST.3.CP,BGD,2023,24.80589350812974,,
ROFST.3.CP,BGD,2024,28.45118502723882,,
ROFST.3.F.CP,BGD,1999,72.06976318359375,,UIS_EST
ROFST.3.F.CP,BGD,2003,68.25360107421875,,UIS_EST
ROFST.3.F.CP,BGD,2005,72.49353790283203,,
ROFST.3.F.CP,BGD,2006,71.2806396484375,,
ROFST.3.F.CP,BGD,2009,63.39760971069336,,NAT_EST
ROFST.3.F.CP,BGD,2010,61.02560380771305,,
ROFST.3.F.CP,BGD,2011,62.43460845947266,,UIS_EST
ROFST.3.F.CP,BGD,2013,59.81782913208008,,UIS_EST
ROFST.3.F.CP,BGD,2015,56.29909133911133,,UIS_EST
ROFST.3.F.CP,BGD,2016,50.00419998168945,,UIS_EST
ROFST.3.F.CP,BGD,2017,50.97271314491512,,
ROFST.3.F.CP,BGD,2018,43.53099135459084,,
ROFST.3.F.CP,BGD,2020,42.3614616394043,,UIS_EST
ROFST.3.F.CP,BGD,2021,37.34884706340436,,
ROFST.3.F.CP,BGD,2022,29.90099294903994,,
ROFST.3.F.CP,BGD,2023,24.11639224227942,,
ROFST.3.F.CP,BGD,2024,26.33437616582149,,
ROFST.3.GPIA.CP,BGD,1999,1.086840033531189,,UIS_EST
ROFST.3.GPIA.CP,BGD,2003,1.02128005027771,,UIS_EST
ROFST.3.GPIA.CP,BGD,2005,1.026039958000183,,
ROFST.3.GPIA.CP,BGD,2006,1.029809951782227,,
ROFST.3.GPIA.CP,BGD,2009,1.048799991607666,,NAT_EST
ROFST.3.GPIA.CP,BGD,2010,.9811641574593439,,
ROFST.3.GPIA.CP,BGD,2011,.9973199963569641,,UIS_EST
ROFST.3.GPIA.CP,BGD,2013,1.018079996109009,,UIS_EST
ROFST.3.GPIA.CP,BGD,2015,.9784799814224243,,UIS_EST
ROFST.3.GPIA.CP,BGD,2016,1.051270008087158,,UIS_EST
ROFST.3.GPIA.CP,BGD,2017,.9536583704693123,,
ROFST.3.GPIA.CP,BGD,2018,.937167000520249,,
ROFST.3.GPIA.CP,BGD,2020,.9604300260543823,,UIS_EST
ROFST.3.GPIA.CP,BGD,2021,.7483122645747208,,
ROFST.3.GPIA.CP,BGD,2022,1.324717997676545,,
ROFST.3.GPIA.CP,BGD,2023,.9465043621914773,,
ROFST.3.GPIA.CP,BGD,2024,.864403630507082,,
ROFST.3.M.CP,BGD,1999,65.81131744384766,,UIS_EST
ROFST.3.M.CP,BGD,2003,66.80133819580078,,UIS_EST
ROFST.3.M.CP,BGD,2005,70.60597991943359,,
ROFST.3.M.CP,BGD,2006,69.15548706054688,,
ROFST.3.M.CP,BGD,2009,60.30381011962891,,NAT_EST
ROFST.3.M.CP,BGD,2010,62.19713933062393,,
ROFST.3.M.CP,BGD,2011,62.6026496887207,,UIS_EST
ROFST.3.M.CP,BGD,2013,58.73628997802734,,UIS_EST
ROFST.3.M.CP,BGD,2015,57.53731918334961,,UIS_EST
ROFST.3.M.CP,BGD,2016,47.44065093994141,,UIS_EST
ROFST.3.M.CP,BGD,2017,53.44965736506936,,
ROFST.3.M.CP,BGD,2018,46.44955630151883,,
ROFST.3.M.CP,BGD,2020,44.1067008972168,,UIS_EST
ROFST.3.M.CP,BGD,2021,49.91077766797044,,
ROFST.3.M.CP,BGD,2022,20.19160239008719,,
ROFST.3.M.CP,BGD,2023,25.47943063510223,,
ROFST.3.M.CP,BGD,2024,30.46536969120901,,
ROFST.AGM1.CP,BGD,2009,72.34703063964844,,NAT_EST
ROFST.AGM1.CP,BGD,2010,66.42065118403619,,
ROFST.AGM1.CP,BGD,2023,5.351970615931842,,
ROFST.AGM1.CP,BGD,2024,11.59781854138664,,
ROFST.AGM1.F.CP,BGD,2009,72.02903747558594,,NAT_EST
ROFST.AGM1.F.CP,BGD,2010,66.22279478470932,,
ROFST.AGM1.F.CP,BGD,2023,6.247601579857797,,
ROFST.AGM1.F.CP,BGD,2024,7.99931920687601,,
ROFST.AGM1.GPIA.CP,BGD,2009,.991379976272583,,NAT_EST
ROFST.AGM1.GPIA.CP,BGD,2010,.9941480769357648,,
ROFST.AGM1.GPIA.CP,BGD,2023,1.278883482829567,,
ROFST.AGM1.GPIA.CP,BGD,2024,.5329751865564316,,
ROFST.AGM1.M.CP,BGD,2009,72.6551513671875,,NAT_EST
ROFST.AGM1.M.CP,BGD,2010,66.61260663383871,,
ROFST.AGM1.M.CP,BGD,2023,4.505248691935551,,
ROFST.AGM1.M.CP,BGD,2024,15.00880230196052,,
ROFST.H.1,BGD,2006,16.80703926086426,,
ROFST.H.1,BGD,2011,8.795980453491211,,
ROFST.H.1,BGD,2013,26.85,,
ROFST.H.1,BGD,2014,6.123350143432617,,
ROFST.H.1,BGD,2019,6.510670185089111,,
ROFST.H.1,BGD,2022,6.974020004272461,,
ROFST.H.1.DIS,BGD,2019,4.279999999999999,,
ROFST.H.1.DIS.F,BGD,2019,3.37,,
ROFST.H.1.DIS.M,BGD,2019,5.11,,
ROFST.H.1.F,BGD,2006,14.71257019042969,,
ROFST.H.1.F,BGD,2011,7.658770084381104,,
ROFST.H.1.F,BGD,2013,24.38,,
ROFST.H.1.F,BGD,2014,4.940499782562256,,
ROFST.H.1.F,BGD,2019,4.666950225830078,,
ROFST.H.1.F,BGD,2022,5.43690013885498,,
ROFST.H.1.F.LPIA,BGD,2006,.9794700145721436,,
ROFST.H.1.F.LPIA,BGD,2011,.765209972858429,,
ROFST.H.1.F.LPIA,BGD,2014,.7520899772644043,,
ROFST.H.1.F.LPIA,BGD,2019,1.009989976882935,,
ROFST.H.1.F.LPIA,BGD,2022,.7289800047874451,,
ROFST.H.1.F.WPIA,BGD,2006,1.496469974517822,,
ROFST.H.1.F.WPIA,BGD,2011,1.559419989585876,,
ROFST.H.1.F.WPIA,BGD,2014,1.446110010147095,,
ROFST.H.1.F.WPIA,BGD,2019,1.573369979858398,,
ROFST.H.1.F.WPIA,BGD,2022,1.362059950828552,,
ROFST.H.1.GPIA,BGD,2006,.7823399901390076,,
ROFST.H.1.GPIA,BGD,2011,.7723699808120728,,
ROFST.H.1.GPIA,BGD,2013,.8340745568275452,,
ROFST.H.1.GPIA,BGD,2014,.6820300221443176,,
ROFST.H.1.GPIA,BGD,2019,.5623300075531006,,
ROFST.H.1.GPIA,BGD,2022,.6384099721908569,,
ROFST.H.1.LPIA,BGD,2006,1.000530004501343,,
ROFST.H.1.LPIA,BGD,2011,.8819299936294556,,
ROFST.H.1.LPIA,BGD,2013,1.181425452232361,,
ROFST.H.1.LPIA,BGD,2014,.9132099747657776,,
ROFST.H.1.LPIA,BGD,2019,1.065410017967224,,
ROFST.H.1.LPIA,BGD,2022,.7707399725914001,,
ROFST.H.1.M,BGD,2006,18.80584907531738,,
ROFST.H.1.M,BGD,2011,9.915969848632813,,
ROFST.H.1.M,BGD,2013,29.23,,
ROFST.H.1.M,BGD,2014,7.243780136108398,,
ROFST.H.1.M,BGD,2019,8.299269676208496,,
ROFST.H.1.M,BGD,2022,8.516369819641113,,
ROFST.H.1.M.LPIA,BGD,2006,1.01911997795105,,
ROFST.H.1.M.LPIA,BGD,2011,.9913300275802612,,
ROFST.H.1.M.LPIA,BGD,2014,1.030500054359436,,
ROFST.H.1.M.LPIA,BGD,2019,1.092640042304993,,
ROFST.H.1.M.LPIA,BGD,2022,.8190299868583679,,
ROFST.H.1.M.WPIA,BGD,2006,1.673969984054565,,
ROFST.H.1.M.WPIA,BGD,2011,1.739070057868958,,
ROFST.H.1.M.WPIA,BGD,2014,1.667940020561218,,
ROFST.H.1.M.WPIA,BGD,2019,1.620620012283325,,
ROFST.H.1.M.WPIA,BGD,2022,1.543370008468628,,
ROFST.H.1.Q1,BGD,2006,25.1036205291748,,
ROFST.H.1.Q1,BGD,2011,16.33274078369141,,
ROFST.H.1.Q1,BGD,2013,35.64,,
ROFST.H.1.Q1,BGD,2014,10.10665988922119,,
ROFST.H.1.Q1,BGD,2019,9.253129959106445,,
ROFST.H.1.Q1,BGD,2022,8.142450332641602,,
ROFST.H.1.Q1.F,BGD,2006,21.89578056335449,,
ROFST.H.1.Q1.F,BGD,2011,13.86279010772705,,
ROFST.H.1.Q1.F,BGD,2013,32.8,,
ROFST.H.1.Q1.F,BGD,2014,7.774159908294678,,
ROFST.H.1.Q1.F,BGD,2019,6.427420139312744,,
ROFST.H.1.Q1.F,BGD,2022,5.839759826660156,,
ROFST.H.1.Q1.F.LPIA,BGD,2006,.7780799865722656,,
ROFST.H.1.Q1.F.LPIA,BGD,2011,.7382699847221375,,
ROFST.H.1.Q1.F.LPIA,BGD,2014,1.600849986076355,,
ROFST.H.1.Q1.F.LPIA,BGD,2019,1.469759941101074,,
ROFST.H.1.Q1.F.LPIA,BGD,2022,.737280011177063,,
ROFST.H.1.Q1.GPIA,BGD,2006,.7740399837493896,,
ROFST.H.1.Q1.GPIA,BGD,2011,.7474799752235413,,
ROFST.H.1.Q1.GPIA,BGD,2014,.6247699856758118,,
ROFST.H.1.Q1.GPIA,BGD,2019,.5410500168800354,,
ROFST.H.1.Q1.GPIA,BGD,2022,.5554999709129333,,
ROFST.H.1.Q1.LPIA,BGD,2006,.7760000228881836,,
ROFST.H.1.Q1.LPIA,BGD,2011,.8041999936103821,,
ROFST.H.1.Q1.LPIA,BGD,2014,1.605559945106506,,
ROFST.H.1.Q1.LPIA,BGD,2019,1.402099967002869,,
ROFST.H.1.Q1.LPIA,BGD,2022,.7231600284576416,,
ROFST.H.1.Q1.M,BGD,2006,28.28768920898438,,
ROFST.H.1.Q1.M,BGD,2011,18.54615020751953,,
ROFST.H.1.Q1.M,BGD,2013,38.36,,
ROFST.H.1.Q1.M,BGD,2014,12.44326972961426,,
ROFST.H.1.Q1.M,BGD,2019,11.87959957122803,,
ROFST.H.1.Q1.M,BGD,2022,10.51263046264648,,
ROFST.H.1.Q1.M.LPIA,BGD,2006,.7722100019454956,,
ROFST.H.1.Q1.M.LPIA,BGD,2011,.8671600222587585,,
ROFST.H.1.Q1.M.LPIA,BGD,2014,1.587430000305176,,
ROFST.H.1.Q1.M.LPIA,BGD,2019,1.35860002040863,,
ROFST.H.1.Q1.M.LPIA,BGD,2022,.7117499709129333,,
ROFST.H.1.Q2,BGD,2006,17.78738975524902,,
ROFST.H.1.Q2,BGD,2011,8.312359809875488,,
ROFST.H.1.Q2,BGD,2013,28.47,,
ROFST.H.1.Q2,BGD,2014,5.115719795227051,,
ROFST.H.1.Q2,BGD,2019,7.115210056304932,,
ROFST.H.1.Q2,BGD,2022,7.600490093231201,,
ROFST.H.1.Q2.F,BGD,2006,15.30126953125,,
ROFST.H.1.Q2.F,BGD,2011,7.140049934387207,,
ROFST.H.1.Q2.F,BGD,2013,24.06,,
ROFST.H.1.Q2.F,BGD,2014,4.435959815979004,,
ROFST.H.1.Q2.F,BGD,2019,5.673180103302002,,
ROFST.H.1.Q2.F,BGD,2022,6.163980007171631,,
ROFST.H.1.Q2.F.LPIA,BGD,2006,.7516599893569946,,
ROFST.H.1.Q2.F.LPIA,BGD,2011,1.336060047149658,,
ROFST.H.1.Q2.F.LPIA,BGD,2014,1.158830046653748,,
ROFST.H.1.Q2.F.LPIA,BGD,2019,.7848799824714661,,
ROFST.H.1.Q2.F.LPIA,BGD,2022,.417930006980896,,
ROFST.H.1.Q2.GPIA,BGD,2006,.7606099843978882,,
ROFST.H.1.Q2.GPIA,BGD,2011,.7557299733161926,,
ROFST.H.1.Q2.GPIA,BGD,2014,.7800700068473816,,
ROFST.H.1.Q2.GPIA,BGD,2019,.6662300229072571,,
ROFST.H.1.Q2.GPIA,BGD,2022,.6791499853134155,,
ROFST.H.1.Q2.LPIA,BGD,2006,.6857600212097168,,
ROFST.H.1.Q2.LPIA,BGD,2011,.9489099979400635,,
ROFST.H.1.Q2.LPIA,BGD,2014,1.201220035552979,,
ROFST.H.1.Q2.LPIA,BGD,2019,1.183419942855835,,
ROFST.H.1.Q2.LPIA,BGD,2022,.4779199957847595,,
ROFST.H.1.Q2.M,BGD,2006,20.11710929870605,,
ROFST.H.1.Q2.M,BGD,2011,9.447930335998535,,
ROFST.H.1.Q2.M,BGD,2013,32.79,,
ROFST.H.1.Q2.M,BGD,2014,5.686590194702148,,
ROFST.H.1.Q2.M,BGD,2019,8.515390396118164,,
ROFST.H.1.Q2.M,BGD,2022,9.076009750366211,,
ROFST.H.1.Q2.M.LPIA,BGD,2006,.6525400280952454,,
ROFST.H.1.Q2.M.LPIA,BGD,2011,.796779990196228,,
ROFST.H.1.Q2.M.LPIA,BGD,2014,1.229439973831177,,
ROFST.H.1.Q2.M.LPIA,BGD,2019,1.464800000190735,,
ROFST.H.1.Q2.M.LPIA,BGD,2022,.5372899770736694,,
ROFST.H.1.Q3,BGD,2006,15.35639953613281,,
ROFST.H.1.Q3,BGD,2011,5.178830146789551,,
ROFST.H.1.Q3,BGD,2013,24.51,,
ROFST.H.1.Q3,BGD,2014,4.072450160980225,,
ROFST.H.1.Q3,BGD,2019,5.65231990814209,,
ROFST.H.1.Q3,BGD,2022,8.334329605102539,,
ROFST.H.1.Q3.F,BGD,2006,12.33372974395752,,
ROFST.H.1.Q3.F,BGD,2011,4.002639770507813,,
ROFST.H.1.Q3.F,BGD,2013,22.6,,
ROFST.H.1.Q3.F,BGD,2014,2.988500118255615,,
ROFST.H.1.Q3.F,BGD,2019,3.860970020294189,,
ROFST.H.1.Q3.F,BGD,2022,6.690400123596191,,
ROFST.H.1.Q3.F.LPIA,BGD,2006,.6704199910163879,,
ROFST.H.1.Q3.F.LPIA,BGD,2011,.7075200080871582,,
ROFST.H.1.Q3.F.LPIA,BGD,2014,.191650003194809,,
ROFST.H.1.Q3.F.LPIA,BGD,2019,.5437300205230713,,
ROFST.H.1.Q3.F.LPIA,BGD,2022,.4690099954605103,,
ROFST.H.1.Q3.GPIA,BGD,2006,.6787800192832947,,
ROFST.H.1.Q3.GPIA,BGD,2011,.6249899864196777,,
ROFST.H.1.Q3.GPIA,BGD,2014,.5911499857902527,,
ROFST.H.1.Q3.GPIA,BGD,2019,.5212699770927429,,
ROFST.H.1.Q3.GPIA,BGD,2022,.6738499999046326,,
ROFST.H.1.Q3.LPIA,BGD,2006,.608210027217865,,
ROFST.H.1.Q3.LPIA,BGD,2011,.6623600125312805,,
ROFST.H.1.Q3.LPIA,BGD,2014,.3375099897384644,,
ROFST.H.1.Q3.LPIA,BGD,2019,.5859100222587585,,
ROFST.H.1.Q3.LPIA,BGD,2022,.507610023021698,,
ROFST.H.1.Q3.M,BGD,2006,18.17053031921387,,
ROFST.H.1.Q3.M,BGD,2011,6.404339790344238,,
ROFST.H.1.Q3.M,BGD,2013,26.33,,
ROFST.H.1.Q3.M,BGD,2014,5.055409908294678,,
ROFST.H.1.Q3.M,BGD,2019,7.406899929046631,,
ROFST.H.1.Q3.M,BGD,2022,9.928680419921875,,
ROFST.H.1.Q3.M.LPIA,BGD,2006,.5754500031471252,,
ROFST.H.1.Q3.M.LPIA,BGD,2011,.6491299867630005,,
ROFST.H.1.Q3.M.LPIA,BGD,2014,.4770500063896179,,
ROFST.H.1.Q3.M.LPIA,BGD,2019,.6050099730491638,,
ROFST.H.1.Q3.M.LPIA,BGD,2022,.5450599789619446,,
ROFST.H.1.Q4,BGD,2006,11.02332019805908,,
ROFST.H.1.Q4,BGD,2011,6.052859783172607,,
ROFST.H.1.Q4,BGD,2013,22.09,,
ROFST.H.1.Q4,BGD,2014,5.510719776153564,,
ROFST.H.1.Q4,BGD,2019,6.071229934692383,,
ROFST.H.1.Q4,BGD,2022,6.137800216674805,,
ROFST.H.1.Q4.F,BGD,2006,9.125789642333984,,
ROFST.H.1.Q4.F,BGD,2011,5.721469879150391,,
ROFST.H.1.Q4.F,BGD,2013,20.12,,
ROFST.H.1.Q4.F,BGD,2014,3.92231011390686,,
ROFST.H.1.Q4.F,BGD,2019,4.083139896392822,,
ROFST.H.1.Q4.F,BGD,2022,4.535379886627197,,
ROFST.H.1.Q4.F.LPIA,BGD,2006,.6276500225067139,,
ROFST.H.1.Q4.F.LPIA,BGD,2011,.2507700026035309,,
ROFST.H.1.Q4.F.LPIA,BGD,2014,.2121600061655045,,
ROFST.H.1.Q4.F.LPIA,BGD,2019,.4306400120258331,,
ROFST.H.1.Q4.F.LPIA,BGD,2022,.5093399882316589,,
ROFST.H.1.Q4.GPIA,BGD,2006,.7155900001525879,,
ROFST.H.1.Q4.GPIA,BGD,2011,.8933200240135193,,
ROFST.H.1.Q4.GPIA,BGD,2014,.5551400184631348,,
ROFST.H.1.Q4.GPIA,BGD,2019,.5066999793052673,,
ROFST.H.1.Q4.GPIA,BGD,2022,.5829899907112122,,
ROFST.H.1.Q4.LPIA,BGD,2006,.5813500285148621,,
ROFST.H.1.Q4.LPIA,BGD,2011,.2232100069522858,,
ROFST.H.1.Q4.LPIA,BGD,2014,.302619993686676,,
ROFST.H.1.Q4.LPIA,BGD,2019,.5151799917221069,,
ROFST.H.1.Q4.LPIA,BGD,2022,.5577800273895264,,
ROFST.H.1.Q4.M,BGD,2006,12.75277996063232,,
ROFST.H.1.Q4.M,BGD,2011,6.404699802398682,,
ROFST.H.1.Q4.M,BGD,2013,23.94,,
ROFST.H.1.Q4.M,BGD,2014,7.065509796142578,,
ROFST.H.1.Q4.M,BGD,2019,8.058250427246094,,
ROFST.H.1.Q4.M,BGD,2022,7.779439926147461,,
ROFST.H.1.Q4.M.LPIA,BGD,2006,.5603899955749512,,
ROFST.H.1.Q4.M.LPIA,BGD,2011,.1990399956703186,,
ROFST.H.1.Q4.M.LPIA,BGD,2014,.3413699865341187,,
ROFST.H.1.Q4.M.LPIA,BGD,2019,.5723199844360352,,
ROFST.H.1.Q4.M.LPIA,BGD,2022,.6067500114440918,,
ROFST.H.1.Q5,BGD,2006,10.12228965759277,,
ROFST.H.1.Q5,BGD,2011,5.473179817199707,,
ROFST.H.1.Q5,BGD,2013,18.59,,
ROFST.H.1.Q5,BGD,2014,4.220660209655762,,
ROFST.H.1.Q5,BGD,2019,3.631050109863281,,
ROFST.H.1.Q5,BGD,2022,4.273069858551025,,
ROFST.H.1.Q5.F,BGD,2006,11.02513980865479,,
ROFST.H.1.Q5.F,BGD,2011,6.107699871063232,,
ROFST.H.1.Q5.F,BGD,2013,18.15,,
ROFST.H.1.Q5.F,BGD,2014,4.306049823760986,,
ROFST.H.1.Q5.F,BGD,2019,2.742140054702759,,
ROFST.H.1.Q5.F,BGD,2022,3.72544002532959,,
ROFST.H.1.Q5.F.LPIA,BGD,2006,.8306099772453308,,
ROFST.H.1.Q5.F.LPIA,BGD,2011,.2486699968576431,,
ROFST.H.1.Q5.F.LPIA,BGD,2014,.424699991941452,,
ROFST.H.1.Q5.F.LPIA,BGD,2019,.7749900221824646,,
ROFST.H.1.Q5.F.LPIA,BGD,2022,1.185019969940186,,
ROFST.H.1.Q5.GPIA,BGD,2006,1.16349995136261,,
ROFST.H.1.Q5.GPIA,BGD,2011,1.207679986953735,,
ROFST.H.1.Q5.GPIA,BGD,2014,1.040449976921082,,
ROFST.H.1.Q5.GPIA,BGD,2019,.608430027961731,,
ROFST.H.1.Q5.GPIA,BGD,2022,.7760599851608276,,
ROFST.H.1.Q5.LPIA,BGD,2006,.9484999775886536,,
ROFST.H.1.Q5.LPIA,BGD,2011,.3319799900054932,,
ROFST.H.1.Q5.LPIA,BGD,2014,.6513199806213379,,
ROFST.H.1.Q5.LPIA,BGD,2019,.6101700067520142,,
ROFST.H.1.Q5.LPIA,BGD,2022,.9107300043106079,,
ROFST.H.1.Q5.M,BGD,2006,9.222539901733398,,
ROFST.H.1.Q5.M,BGD,2011,4.839260101318359,,
ROFST.H.1.Q5.M,BGD,2013,19.01,,
ROFST.H.1.Q5.M,BGD,2014,4.131869792938232,,
ROFST.H.1.Q5.M,BGD,2019,4.506899833679199,,
ROFST.H.1.Q5.M,BGD,2022,4.800429821014404,,
ROFST.H.1.Q5.M.LPIA,BGD,2006,1.089789986610413,,
ROFST.H.1.Q5.M.LPIA,BGD,2011,.4473699927330017,,
ROFST.H.1.Q5.M.LPIA,BGD,2014,.9232400059700012,,
ROFST.H.1.Q5.M.LPIA,BGD,2019,.5236700177192688,,
ROFST.H.1.Q5.M.LPIA,BGD,2022,.7292600274085999,,
ROFST.H.1.RUR,BGD,2006,16.80937957763672,,
ROFST.H.1.RUR,BGD,2011,8.544589996337891,,
ROFST.H.1.RUR,BGD,2013,27.78,,
ROFST.H.1.RUR,BGD,2014,5.986420154571533,,
ROFST.H.1.RUR,BGD,2019,6.600210189819336,,
ROFST.H.1.RUR,BGD,2022,6.440830230712891,,
ROFST.H.1.RUR.F,BGD,2006,14.63222026824951,,
ROFST.H.1.RUR.F,BGD,2011,7.179840087890625,,
ROFST.H.1.RUR.F,BGD,2013,25.17,,
ROFST.H.1.RUR.F,BGD,2014,4.559780120849609,,
ROFST.H.1.RUR.F,BGD,2019,4.676680088043213,,
ROFST.H.1.RUR.F,BGD,2022,4.952070236206055,,
ROFST.H.1.RUR.F.WPIA,BGD,2006,1.547569990158081,,
ROFST.H.1.RUR.F.WPIA,BGD,2011,1.849279999732971,,
ROFST.H.1.RUR.F.WPIA,BGD,2014,1.730159997940063,,
ROFST.H.1.RUR.F.WPIA,BGD,2019,1.64628005027771,,
ROFST.H.1.RUR.F.WPIA,BGD,2022,1.2673100233078,,
ROFST.H.1.RUR.GPIA,BGD,2006,.7740899920463562,,
ROFST.H.1.RUR.GPIA,BGD,2011,.7254800200462341,,
ROFST.H.1.RUR.GPIA,BGD,2014,.6250799894332886,,
ROFST.H.1.RUR.GPIA,BGD,2019,.5527399778366089,,
ROFST.H.1.RUR.GPIA,BGD,2022,.619159996509552,,
ROFST.H.1.RUR.M,BGD,2006,18.90253067016602,,
ROFST.H.1.RUR.M,BGD,2011,9.896739959716797,,
ROFST.H.1.RUR.M,BGD,2013,30.29,,
ROFST.H.1.RUR.M,BGD,2014,7.294660091400146,,
ROFST.H.1.RUR.M,BGD,2019,8.460949897766113,,
ROFST.H.1.RUR.M,BGD,2022,7.998010158538818,,
ROFST.H.1.RUR.M.WPIA,BGD,2006,1.640380024909973,,
ROFST.H.1.RUR.M.WPIA,BGD,2011,1.854840040206909,,
ROFST.H.1.RUR.M.WPIA,BGD,2014,1.698150038719177,,
ROFST.H.1.RUR.M.WPIA,BGD,2019,1.757179975509644,,
ROFST.H.1.RUR.M.WPIA,BGD,2022,1.618939995765686,,
ROFST.H.1.RUR.Q1,BGD,2006,24.36057090759277,,
ROFST.H.1.RUR.Q1,BGD,2011,16.07613945007324,,
ROFST.H.1.RUR.Q1,BGD,2013,35.89,,
ROFST.H.1.RUR.Q1,BGD,2014,10.61781978607178,,
ROFST.H.1.RUR.Q1,BGD,2019,9.508689880371094,,
ROFST.H.1.RUR.Q1,BGD,2022,7.913859844207764,,
ROFST.H.1.RUR.Q1.F,BGD,2006,21.24828910827637,,
ROFST.H.1.RUR.Q1.F,BGD,2011,13.58090972900391,,
ROFST.H.1.RUR.Q1.F,BGD,2013,32.82,,
ROFST.H.1.RUR.Q1.F,BGD,2014,8.214529991149902,,
ROFST.H.1.RUR.Q1.F,BGD,2019,6.64148998260498,,
ROFST.H.1.RUR.Q1.F,BGD,2022,5.685420036315918,,
ROFST.H.1.RUR.Q1.GPIA,BGD,2006,.7743099927902222,,
ROFST.H.1.RUR.Q1.GPIA,BGD,2011,.740339994430542,,
ROFST.H.1.RUR.Q1.GPIA,BGD,2014,.633109986782074,,
ROFST.H.1.RUR.Q1.GPIA,BGD,2019,.5460000038146973,,
ROFST.H.1.RUR.Q1.GPIA,BGD,2022,.5571799874305725,,
ROFST.H.1.RUR.Q1.M,BGD,2006,27.44173049926758,,
ROFST.H.1.RUR.Q1.M,BGD,2011,18.34423065185547,,
ROFST.H.1.RUR.Q1.M,BGD,2013,38.85,,
ROFST.H.1.RUR.Q1.M,BGD,2014,12.97494983673096,,
ROFST.H.1.RUR.Q1.M,BGD,2019,12.16396999359131,,
ROFST.H.1.RUR.Q1.M,BGD,2022,10.20392990112305,,
ROFST.H.1.RUR.Q2,BGD,2006,16.84073066711426,,
ROFST.H.1.RUR.Q2,BGD,2011,8.282150268554688,,
ROFST.H.1.RUR.Q2,BGD,2013,28.35,,
ROFST.H.1.RUR.Q2,BGD,2014,5.199339866638184,,
ROFST.H.1.RUR.Q2,BGD,2019,7.21681022644043,,
ROFST.H.1.RUR.Q2,BGD,2022,6.603429794311523,,
ROFST.H.1.RUR.Q2.F,BGD,2006,14.72735023498535,,
ROFST.H.1.RUR.Q2.F,BGD,2011,7.284029960632324,,
ROFST.H.1.RUR.Q2.F,BGD,2013,24.31,,
ROFST.H.1.RUR.Q2.F,BGD,2014,4.492680072784424,,
ROFST.H.1.RUR.Q2.F,BGD,2019,5.555389881134033,,
ROFST.H.1.RUR.Q2.F,BGD,2022,5.228509902954102,,
ROFST.H.1.RUR.Q2.GPIA,BGD,2006,.7816299796104431,,
ROFST.H.1.RUR.Q2.GPIA,BGD,2011,.7859899997711182,,
ROFST.H.1.RUR.Q2.GPIA,BGD,2014,.7754899859428406,,
ROFST.H.1.RUR.Q2.GPIA,BGD,2019,.6292999982833862,,
ROFST.H.1.RUR.Q2.GPIA,BGD,2022,.6496300101280212,,
ROFST.H.1.RUR.Q2.M,BGD,2006,18.84192085266113,,
ROFST.H.1.RUR.Q2.M,BGD,2011,9.267379760742188,,
ROFST.H.1.RUR.Q2.M,BGD,2013,32.26,,
ROFST.H.1.RUR.Q2.M,BGD,2014,5.793310165405273,,
ROFST.H.1.RUR.Q2.M,BGD,2019,8.827939987182617,,
ROFST.H.1.RUR.Q2.M,BGD,2022,8.048489570617676,,
ROFST.H.1.RUR.Q3,BGD,2006,13.56173038482666,,
ROFST.H.1.RUR.Q3,BGD,2011,4.896430015563965,,
ROFST.H.1.RUR.Q3,BGD,2013,24,,
ROFST.H.1.RUR.Q3,BGD,2014,3.023659944534302,,
ROFST.H.1.RUR.Q3,BGD,2019,5.182429790496826,,
ROFST.H.1.RUR.Q3,BGD,2022,6.730400085449219,,
ROFST.H.1.RUR.Q3.F,BGD,2006,11.21263980865479,,
ROFST.H.1.RUR.Q3.F,BGD,2011,3.831459999084473,,
ROFST.H.1.RUR.Q3.F,BGD,2013,22.15,,
ROFST.H.1.RUR.Q3.F,BGD,2014,1.752099990844727,,
ROFST.H.1.RUR.Q3.F,BGD,2019,3.48075008392334,,
ROFST.H.1.RUR.Q3.F,BGD,2022,5.292960166931152,,
ROFST.H.1.RUR.Q3.GPIA,BGD,2006,.7114800214767456,,
ROFST.H.1.RUR.Q3.GPIA,BGD,2011,.6365500092506409,,
ROFST.H.1.RUR.Q3.GPIA,BGD,2014,.4169600009918213,,
ROFST.H.1.RUR.Q3.GPIA,BGD,2019,.5087299942970276,,
ROFST.H.1.RUR.Q3.GPIA,BGD,2022,.6478000283241272,,
ROFST.H.1.RUR.Q3.M,BGD,2006,15.759690284729,,
ROFST.H.1.RUR.Q3.M,BGD,2011,6.019070148468018,,
ROFST.H.1.RUR.Q3.M,BGD,2013,25.75,,
ROFST.H.1.RUR.Q3.M,BGD,2014,4.202119827270508,,
ROFST.H.1.RUR.Q3.M,BGD,2019,6.84207010269165,,
ROFST.H.1.RUR.Q3.M,BGD,2022,8.170660018920898,,
ROFST.H.1.RUR.Q4,BGD,2006,8.90017032623291,,
ROFST.H.1.RUR.Q4,BGD,2011,2.951159954071045,,
ROFST.H.1.RUR.Q4,BGD,2013,21.61,,
ROFST.H.1.RUR.Q4,BGD,2014,3.047620058059692,,
ROFST.H.1.RUR.Q4,BGD,2019,4.950940132141113,,
ROFST.H.1.RUR.Q4,BGD,2022,4.701039791107178,,
ROFST.H.1.RUR.Q4.F,BGD,2006,7.669660091400146,,
ROFST.H.1.RUR.Q4.F,BGD,2011,3.008059978485107,,
ROFST.H.1.RUR.Q4.F,BGD,2013,19.12,,
ROFST.H.1.RUR.Q4.F,BGD,2014,1.641299962997437,,
ROFST.H.1.RUR.Q4.F,BGD,2019,3.112740039825439,,
ROFST.H.1.RUR.Q4.F,BGD,2022,3.347440004348755,,
ROFST.H.1.RUR.Q4.GPIA,BGD,2006,.7625300288200378,,
ROFST.H.1.RUR.Q4.GPIA,BGD,2011,1.039000034332275,,
ROFST.H.1.RUR.Q4.GPIA,BGD,2014,.3791599869728088,,
ROFST.H.1.RUR.Q4.GPIA,BGD,2019,.4570299983024597,,
ROFST.H.1.RUR.Q4.GPIA,BGD,2022,.5426899790763855,,
ROFST.H.1.RUR.Q4.M,BGD,2006,10.05823993682861,,
ROFST.H.1.RUR.Q4.M,BGD,2011,2.890739917755127,,
ROFST.H.1.RUR.Q4.M,BGD,2013,23.97,,
ROFST.H.1.RUR.Q4.M,BGD,2014,4.328800201416016,,
ROFST.H.1.RUR.Q4.M,BGD,2019,6.810800075531006,,
ROFST.H.1.RUR.Q4.M,BGD,2022,6.168230056762695,,
ROFST.H.1.RUR.Q5,BGD,2006,9.739109992980957,,
ROFST.H.1.RUR.Q5,BGD,2011,2.352710008621216,,
ROFST.H.1.RUR.Q5,BGD,2013,20.48,,
ROFST.H.1.RUR.Q5,BGD,2014,3.095459938049316,,
ROFST.H.1.RUR.Q5,BGD,2019,2.652920007705688,,
ROFST.H.1.RUR.Q5,BGD,2022,4.034939765930176,,
ROFST.H.1.RUR.Q5.F,BGD,2006,9.613329887390137,,
ROFST.H.1.RUR.Q5.F,BGD,2011,2.046859979629517,,
ROFST.H.1.RUR.Q5.F,BGD,2013,21.05,,
ROFST.H.1.RUR.Q5.F,BGD,2014,2.216609954833984,,
ROFST.H.1.RUR.Q5.F,BGD,2019,2.349250078201294,,
ROFST.H.1.RUR.Q5.F,BGD,2022,4.165649890899658,,
ROFST.H.1.RUR.Q5.GPIA,BGD,2006,.9741299748420715,,
ROFST.H.1.RUR.Q5.GPIA,BGD,2011,.7686799764633179,,
ROFST.H.1.RUR.Q5.GPIA,BGD,2014,.5659700036048889,,
ROFST.H.1.RUR.Q5.GPIA,BGD,2019,.7953799962997437,,
ROFST.H.1.RUR.Q5.GPIA,BGD,2022,1.066580057144165,,
ROFST.H.1.RUR.Q5.M,BGD,2006,9.868639945983887,,
ROFST.H.1.RUR.Q5.M,BGD,2011,2.662810087203979,,
ROFST.H.1.RUR.Q5.M,BGD,2013,19.92,,
ROFST.H.1.RUR.Q5.M,BGD,2014,3.916470050811768,,
ROFST.H.1.RUR.Q5.M,BGD,2019,2.953629970550537,,
ROFST.H.1.RUR.Q5.M,BGD,2022,3.888319969177246,,
ROFST.H.1.RUR.WPIA,BGD,2006,1.600209951400757,,
ROFST.H.1.RUR.WPIA,BGD,2011,1.853649973869324,,
ROFST.H.1.RUR.WPIA,BGD,2014,1.708469986915588,,
ROFST.H.1.RUR.WPIA,BGD,2019,1.720999956130981,,
ROFST.H.1.RUR.WPIA,BGD,2022,1.490139961242676,,
ROFST.H.1.URB,BGD,2006,16.80052947998047,,
ROFST.H.1.URB,BGD,2011,9.688529968261719,,
ROFST.H.1.URB,BGD,2013,22.74,,
ROFST.H.1.URB,BGD,2014,6.555399894714355,,
ROFST.H.1.URB,BGD,2019,6.168469905853271,,
ROFST.H.1.URB,BGD,2022,8.356719970703125,,
ROFST.H.1.URB.F,BGD,2006,14.93883991241455,,
ROFST.H.1.URB.F,BGD,2011,9.382800102233887,,
ROFST.H.1.URB.F,BGD,2013,20.97,,
ROFST.H.1.URB.F,BGD,2014,6.062829971313477,,
ROFST.H.1.URB.F,BGD,2019,4.629980087280273,,
ROFST.H.1.URB.F,BGD,2022,6.793149948120117,,
ROFST.H.1.URB.F.WPIA,BGD,2006,1.576179981231689,,
ROFST.H.1.URB.F.WPIA,BGD,2011,1.552539944648743,,
ROFST.H.1.URB.F.WPIA,BGD,2014,.6282200217247009,,
ROFST.H.1.URB.F.WPIA,BGD,2019,1.139219999313354,,
ROFST.H.1.URB.F.WPIA,BGD,2022,1.559749960899353,,
ROFST.H.1.URB.GPIA,BGD,2006,.8057199716567993,,
ROFST.H.1.URB.GPIA,BGD,2011,.9398499727249146,,
ROFST.H.1.URB.GPIA,BGD,2014,.8572800159454346,,
ROFST.H.1.URB.GPIA,BGD,2019,.6030899882316589,,
ROFST.H.1.URB.GPIA,BGD,2022,.6956400275230408,,
ROFST.H.1.URB.M,BGD,2006,18.54108047485352,,
ROFST.H.1.URB.M,BGD,2011,9.98330020904541,,
ROFST.H.1.URB.M,BGD,2013,24.49,,
ROFST.H.1.URB.M,BGD,2014,7.072189807891846,,
ROFST.H.1.URB.M,BGD,2019,7.677130222320557,,
ROFST.H.1.URB.M,BGD,2022,9.765279769897461,,
ROFST.H.1.URB.M.WPIA,BGD,2006,1.747230052947998,,
ROFST.H.1.URB.M.WPIA,BGD,2011,1.718629956245422,,
ROFST.H.1.URB.M.WPIA,BGD,2014,1.20753002166748,,
ROFST.H.1.URB.M.WPIA,BGD,2019,1.277070045471191,,
ROFST.H.1.URB.M.WPIA,BGD,2022,1.628090023994446,,
ROFST.H.1.URB.Q1,BGD,2006,31.39234924316406,,
ROFST.H.1.URB.Q1,BGD,2011,19.99011993408203,,
ROFST.H.1.URB.Q1,BGD,2013,32.77,,
ROFST.H.1.URB.Q1,BGD,2014,4.188069820404053,,
ROFST.H.1.URB.Q1,BGD,2019,5.685259819030762,,
ROFST.H.1.URB.Q1,BGD,2022,10.94342041015625,,
ROFST.H.1.URB.Q1.F,BGD,2006,27.30849075317383,,
ROFST.H.1.URB.Q1.F,BGD,2011,18.3955192565918,,
ROFST.H.1.URB.Q1.F,BGD,2013,32.58,,
ROFST.H.1.URB.Q1.F,BGD,2014,3.278830051422119,,
ROFST.H.1.URB.Q1.F,BGD,2019,3.521600008010864,,
ROFST.H.1.URB.Q1.F,BGD,2022,7.711299896240234,,
ROFST.H.1.URB.Q1.GPIA,BGD,2006,.7684599757194519,,
ROFST.H.1.URB.Q1.GPIA,BGD,2011,.8695799708366394,,
ROFST.H.1.URB.Q1.GPIA,BGD,2014,.6125199794769287,,
ROFST.H.1.URB.Q1.GPIA,BGD,2019,.4513700008392334,,
ROFST.H.1.URB.Q1.GPIA,BGD,2022,.537880003452301,,
ROFST.H.1.URB.Q1.M,BGD,2006,35.5364990234375,,
ROFST.H.1.URB.Q1.M,BGD,2011,21.15448951721191,,
ROFST.H.1.URB.Q1.M,BGD,2013,32.95,,
ROFST.H.1.URB.Q1.M,BGD,2014,5.353050231933594,,
ROFST.H.1.URB.Q1.M,BGD,2019,7.801939964294434,,
ROFST.H.1.URB.Q1.M,BGD,2022,14.3364200592041,,
ROFST.H.1.URB.Q2,BGD,2006,24.55761909484863,,
ROFST.H.1.URB.Q2,BGD,2011,8.728070259094238,,
ROFST.H.1.URB.Q2,BGD,2013,29.84,,
ROFST.H.1.URB.Q2,BGD,2014,4.153140068054199,,
ROFST.H.1.URB.Q2,BGD,2019,5.893119812011719,,
ROFST.H.1.URB.Q2,BGD,2022,13.8169002532959,,
ROFST.H.1.URB.Q2.F,BGD,2006,19.59317016601563,,
ROFST.H.1.URB.Q2.F,BGD,2011,4.836160182952881,,
ROFST.H.1.URB.Q2.F,BGD,2013,21.39,,
ROFST.H.1.URB.Q2.F,BGD,2014,3.779099941253662,,
ROFST.H.1.URB.Q2.F,BGD,2019,7.078010082244873,,
ROFST.H.1.URB.Q2.F,BGD,2022,12.51041030883789,,
ROFST.H.1.URB.Q2.GPIA,BGD,2006,.6785600185394287,,
ROFST.H.1.URB.Q2.GPIA,BGD,2011,.415800005197525,,
ROFST.H.1.URB.Q2.GPIA,BGD,2014,.846560001373291,,
ROFST.H.1.URB.Q2.GPIA,BGD,2019,1.332479953765869,,
ROFST.H.1.URB.Q2.GPIA,BGD,2022,.8351500034332275,,
ROFST.H.1.URB.Q2.M,BGD,2006,28.87480926513672,,
ROFST.H.1.URB.Q2.M,BGD,2011,11.63105010986328,,
ROFST.H.1.URB.Q2.M,BGD,2013,39.16,,
ROFST.H.1.URB.Q2.M,BGD,2014,4.464069843292236,,
ROFST.H.1.URB.Q2.M,BGD,2019,4.724730014801025,,
ROFST.H.1.URB.Q2.M,BGD,2022,14.97984027862549,,
ROFST.H.1.URB.Q3,BGD,2006,22.29771041870117,,
ROFST.H.1.URB.Q3,BGD,2011,7.392370223999023,,
ROFST.H.1.URB.Q3,BGD,2013,28.56,,
ROFST.H.1.URB.Q3,BGD,2014,8.95868968963623,,
ROFST.H.1.URB.Q3,BGD,2019,8.845149993896484,,
ROFST.H.1.URB.Q3,BGD,2022,13.25893974304199,,
ROFST.H.1.URB.Q3.F,BGD,2006,16.72489929199219,,
ROFST.H.1.URB.Q3.F,BGD,2011,5.415309906005859,,
ROFST.H.1.URB.Q3.F,BGD,2013,26.06,,
ROFST.H.1.URB.Q3.F,BGD,2014,9.142029762268066,,
ROFST.H.1.URB.Q3.F,BGD,2019,6.401659965515137,,
ROFST.H.1.URB.Q3.F,BGD,2022,11.28544044494629,,
ROFST.H.1.URB.Q3.GPIA,BGD,2006,.6106899976730347,,
ROFST.H.1.URB.Q3.GPIA,BGD,2011,.5840200185775757,,
ROFST.H.1.URB.Q3.GPIA,BGD,2014,1.036479949951172,,
ROFST.H.1.URB.Q3.GPIA,BGD,2019,.566070020198822,,
ROFST.H.1.URB.Q3.GPIA,BGD,2022,.7528499960899353,,
ROFST.H.1.URB.Q3.M,BGD,2006,27.38685989379883,,
ROFST.H.1.URB.Q3.M,BGD,2011,9.272549629211426,,
ROFST.H.1.URB.Q3.M,BGD,2013,31.05,,
ROFST.H.1.URB.Q3.M,BGD,2014,8.808540344238281,,
ROFST.H.1.URB.Q3.M,BGD,2019,11.30897045135498,,
ROFST.H.1.URB.Q3.M,BGD,2022,14.99038028717041,,
ROFST.H.1.URB.Q4,BGD,2006,15.30947017669678,,
ROFST.H.1.URB.Q4,BGD,2011,13.22161960601807,,
ROFST.H.1.URB.Q4,BGD,2013,23.85,,
ROFST.H.1.URB.Q4,BGD,2014,10.07065010070801,,
ROFST.H.1.URB.Q4,BGD,2019,9.610119819641113,,
ROFST.H.1.URB.Q4,BGD,2022,8.428079605102539,,
ROFST.H.1.URB.Q4.F,BGD,2006,12.21959018707275,,
ROFST.H.1.URB.Q4.F,BGD,2011,11.99516010284424,,
ROFST.H.1.URB.Q4.F,BGD,2013,23.86,,
ROFST.H.1.URB.Q4.F,BGD,2014,7.736090183258057,,
ROFST.H.1.URB.Q4.F,BGD,2019,7.228209972381592,,
ROFST.H.1.URB.Q4.F,BGD,2022,6.572140216827393,,
ROFST.H.1.URB.Q4.GPIA,BGD,2006,.6808099746704102,,
ROFST.H.1.URB.Q4.GPIA,BGD,2011,.8259400129318237,,
ROFST.H.1.URB.Q4.GPIA,BGD,2014,.6100699901580811,,
ROFST.H.1.URB.Q4.GPIA,BGD,2019,.6073899865150452,,
ROFST.H.1.URB.Q4.GPIA,BGD,2022,.6464800238609314,,
ROFST.H.1.URB.Q4.M,BGD,2006,17.94872093200684,,
ROFST.H.1.URB.Q4.M,BGD,2011,14.52307987213135,,
ROFST.H.1.URB.Q4.M,BGD,2013,23.84,,
ROFST.H.1.URB.Q4.M,BGD,2014,12.68058013916016,,
ROFST.H.1.URB.Q4.M,BGD,2019,11.90042018890381,,
ROFST.H.1.URB.Q4.M,BGD,2022,10.16604042053223,,
ROFST.H.1.URB.Q5,BGD,2006,10.26790046691895,,
ROFST.H.1.URB.Q5,BGD,2011,7.086830139160156,,
ROFST.H.1.URB.Q5,BGD,2013,17.06,,
ROFST.H.1.URB.Q5,BGD,2014,4.752620220184326,,
ROFST.H.1.URB.Q5,BGD,2019,4.347829818725586,,
ROFST.H.1.URB.Q5,BGD,2022,4.430449962615967,,
ROFST.H.1.URB.Q5.F,BGD,2006,11.57386016845703,,
ROFST.H.1.URB.Q5.F,BGD,2011,8.231289863586426,,
ROFST.H.1.URB.Q5.F,BGD,2013,15.85,,
ROFST.H.1.URB.Q5.F,BGD,2014,5.219240188598633,,
ROFST.H.1.URB.Q5.F,BGD,2019,3.031320095062256,,
ROFST.H.1.URB.Q5.F,BGD,2022,3.394920110702515,,
ROFST.H.1.URB.Q5.GPIA,BGD,2006,1.223899960517883,,
ROFST.H.1.URB.Q5.GPIA,BGD,2011,1.27689003944397,,
ROFST.H.1.URB.Q5.GPIA,BGD,2014,1.187219977378845,,
ROFST.H.1.URB.Q5.GPIA,BGD,2019,.5374500155448914,,
ROFST.H.1.URB.Q5.GPIA,BGD,2022,.6367300152778625,,
ROFST.H.1.URB.Q5.M,BGD,2006,8.982529640197754,,
ROFST.H.1.URB.Q5.M,BGD,2011,5.952159881591797,,
ROFST.H.1.URB.Q5.M,BGD,2013,18.28,,
ROFST.H.1.URB.Q5.M,BGD,2014,4.242109775543213,,
ROFST.H.1.URB.Q5.M,BGD,2019,5.640230178833008,,
ROFST.H.1.URB.Q5.M,BGD,2022,5.331840038299561,,
ROFST.H.1.URB.WPIA,BGD,2006,1.672919988632202,,
ROFST.H.1.URB.WPIA,BGD,2011,1.645480036735535,,
ROFST.H.1.URB.WPIA,BGD,2014,.8812100291252136,,
ROFST.H.1.URB.WPIA,BGD,2019,1.235249996185303,,
ROFST.H.1.URB.WPIA,BGD,2022,1.595149993896484,,
ROFST.H.1.WPIA,BGD,2006,1.596779942512512,,
ROFST.H.1.WPIA,BGD,2011,1.664899945259094,,
ROFST.H.1.WPIA,BGD,2013,1.478395104408264,,
ROFST.H.1.WPIA,BGD,2014,1.582389950752258,,
ROFST.H.1.WPIA,BGD,2019,1.607589960098267,,
ROFST.H.1.WPIA,BGD,2022,1.475209951400757,,
ROFST.H.2,BGD,2006,31.60820960998535,,
ROFST.H.2,BGD,2011,19.1113395690918,,
ROFST.H.2,BGD,2013,14.31,,
ROFST.H.2,BGD,2014,17.02532958984375,,
ROFST.H.2,BGD,2019,13.10013961791992,,
ROFST.H.2,BGD,2022,13.76912975311279,,
ROFST.H.2.DIS,BGD,2019,16.2,,
ROFST.H.2.DIS.F,BGD,2019,10.16,,
ROFST.H.2.DIS.M,BGD,2019,21.33,,
ROFST.H.2.F,BGD,2006,26.18069076538086,,
ROFST.H.2.F,BGD,2011,15.64111042022705,,
ROFST.H.2.F,BGD,2013,9.6,,
ROFST.H.2.F,BGD,2014,12.35002994537354,,
ROFST.H.2.F,BGD,2019,8.155329704284668,,
ROFST.H.2.F,BGD,2022,9.5560302734375,,
ROFST.H.2.F.LPIA,BGD,2006,.8434100151062012,,
ROFST.H.2.F.LPIA,BGD,2011,.7162399888038635,,
ROFST.H.2.F.LPIA,BGD,2014,.6058899760246277,,
ROFST.H.2.F.LPIA,BGD,2019,.8048200011253357,,
ROFST.H.2.F.LPIA,BGD,2022,.8162099719047546,,
ROFST.H.2.F.WPIA,BGD,2006,1.414929986000061,,
ROFST.H.2.F.WPIA,BGD,2011,1.408990025520325,,
ROFST.H.2.F.WPIA,BGD,2014,.9989299774169922,,
ROFST.H.2.F.WPIA,BGD,2019,1.594920039176941,,
ROFST.H.2.F.WPIA,BGD,2022,1.407119989395142,,
ROFST.H.2.GPIA,BGD,2006,.706030011177063,,
ROFST.H.2.GPIA,BGD,2011,.6914100050926208,,
ROFST.H.2.GPIA,BGD,2013,.5023548007011414,,
ROFST.H.2.GPIA,BGD,2014,.5702499747276306,,
ROFST.H.2.GPIA,BGD,2019,.4536400139331818,,
ROFST.H.2.GPIA,BGD,2022,.5234100222587585,,
ROFST.H.2.LPIA,BGD,2006,1.011669993400574,,
ROFST.H.2.LPIA,BGD,2011,.8446199893951416,,
ROFST.H.2.LPIA,BGD,2013,.9401595592498779,,
ROFST.H.2.LPIA,BGD,2014,.77360999584198,,
ROFST.H.2.LPIA,BGD,2019,1.084409952163696,,
ROFST.H.2.LPIA,BGD,2022,.9270700216293335,,
ROFST.H.2.M,BGD,2006,37.08169174194336,,
ROFST.H.2.M,BGD,2011,22.62196922302246,,
ROFST.H.2.M,BGD,2013,19.11,,
ROFST.H.2.M,BGD,2014,21.65708923339844,,
ROFST.H.2.M,BGD,2019,17.97742080688477,,
ROFST.H.2.M,BGD,2022,18.25735092163086,,
ROFST.H.2.M.LPIA,BGD,2006,1.133000016212463,,
ROFST.H.2.M.LPIA,BGD,2011,.9589999914169312,,
ROFST.H.2.M.LPIA,BGD,2014,.8824899792671204,,
ROFST.H.2.M.LPIA,BGD,2019,1.214750051498413,,
ROFST.H.2.M.LPIA,BGD,2022,.9930999875068665,,
ROFST.H.2.M.WPIA,BGD,2006,1.658419966697693,,
ROFST.H.2.M.WPIA,BGD,2011,1.670899987220764,,
ROFST.H.2.M.WPIA,BGD,2014,1.5416100025177,,
ROFST.H.2.M.WPIA,BGD,2019,1.629349946975708,,
ROFST.H.2.M.WPIA,BGD,2022,1.762660026550293,,
ROFST.H.2.Q1,BGD,2006,46.90324020385742,,
ROFST.H.2.Q1,BGD,2011,31.53372001647949,,
ROFST.H.2.Q1,BGD,2013,24.84,,
ROFST.H.2.Q1,BGD,2014,24.43453979492188,,
ROFST.H.2.Q1,BGD,2019,19.2789192199707,,
ROFST.H.2.Q1,BGD,2022,20.13233947753906,,
ROFST.H.2.Q1.F,BGD,2006,38.81877136230469,,
ROFST.H.2.Q1.F,BGD,2011,24.61738967895508,,
ROFST.H.2.Q1.F,BGD,2013,17.16,,
ROFST.H.2.Q1.F,BGD,2014,15.16761016845703,,
ROFST.H.2.Q1.F,BGD,2019,12.49542999267578,,
ROFST.H.2.Q1.F,BGD,2022,12.03532028198242,,
ROFST.H.2.Q1.F.LPIA,BGD,2006,.791890025138855,,
ROFST.H.2.Q1.F.LPIA,BGD,2011,.9428300261497498,,
ROFST.H.2.Q1.F.LPIA,BGD,2014,1.463760018348694,,
ROFST.H.2.Q1.F.LPIA,BGD,2019,.8763399720191956,,
ROFST.H.2.Q1.F.LPIA,BGD,2022,.9532399773597717,,
ROFST.H.2.Q1.GPIA,BGD,2006,.7146300077438354,,
ROFST.H.2.Q1.GPIA,BGD,2011,.6440500020980835,,
ROFST.H.2.Q1.GPIA,BGD,2014,.463239997625351,,
ROFST.H.2.Q1.GPIA,BGD,2019,.4752900004386902,,
ROFST.H.2.Q1.GPIA,BGD,2022,.4266700148582458,,
ROFST.H.2.Q1.LPIA,BGD,2006,.8197799921035767,,
ROFST.H.2.Q1.LPIA,BGD,2011,.8428199887275696,,
ROFST.H.2.Q1.LPIA,BGD,2014,1.134039998054504,,
ROFST.H.2.Q1.LPIA,BGD,2019,.8934199810028076,,
ROFST.H.2.Q1.LPIA,BGD,2022,.8242400288581848,,
ROFST.H.2.Q1.M,BGD,2006,54.32041168212891,,
ROFST.H.2.Q1.M,BGD,2011,38.22257995605469,,
ROFST.H.2.Q1.M,BGD,2013,32.7,,
ROFST.H.2.Q1.M,BGD,2014,32.74275970458984,,
ROFST.H.2.Q1.M,BGD,2019,26.29014015197754,,
ROFST.H.2.Q1.M,BGD,2022,28.20735931396484,,
ROFST.H.2.Q1.M.LPIA,BGD,2006,.8375800251960754,,
ROFST.H.2.Q1.M.LPIA,BGD,2011,.8232300281524658,,
ROFST.H.2.Q1.M.LPIA,BGD,2014,1.067399978637695,,
ROFST.H.2.Q1.M.LPIA,BGD,2019,.8506799936294556,,
ROFST.H.2.Q1.M.LPIA,BGD,2022,.8048400282859802,,
ROFST.H.2.Q2,BGD,2006,36.90874099731445,,
ROFST.H.2.Q2,BGD,2011,20.82839012145996,,
ROFST.H.2.Q2,BGD,2013,14.61,,
ROFST.H.2.Q2,BGD,2014,18.40336036682129,,
ROFST.H.2.Q2,BGD,2019,14.58792018890381,,
ROFST.H.2.Q2,BGD,2022,14.64758968353271,,
ROFST.H.2.Q2.F,BGD,2006,28.77965927124023,,
ROFST.H.2.Q2.F,BGD,2011,16.54034996032715,,
ROFST.H.2.Q2.F,BGD,2013,8.58,,
ROFST.H.2.Q2.F,BGD,2014,11.91777992248535,,
ROFST.H.2.Q2.F,BGD,2019,7.346010208129883,,
ROFST.H.2.Q2.F,BGD,2022,9.54502010345459,,
ROFST.H.2.Q2.F.LPIA,BGD,2006,.7984600067138672,,
ROFST.H.2.Q2.F.LPIA,BGD,2011,1.283300042152405,,
ROFST.H.2.Q2.F.LPIA,BGD,2014,1.304000020027161,,
ROFST.H.2.Q2.F.LPIA,BGD,2019,.5081800222396851,,
ROFST.H.2.Q2.F.LPIA,BGD,2022,.6794000267982483,,
ROFST.H.2.Q2.GPIA,BGD,2006,.6411200165748596,,
ROFST.H.2.Q2.GPIA,BGD,2011,.6660799980163574,,
ROFST.H.2.Q2.GPIA,BGD,2014,.4784600138664246,,
ROFST.H.2.Q2.GPIA,BGD,2019,.3398000001907349,,
ROFST.H.2.Q2.GPIA,BGD,2022,.4774700105190277,,
ROFST.H.2.Q2.LPIA,BGD,2006,.780019998550415,,
ROFST.H.2.Q2.LPIA,BGD,2011,.8410000205039978,,
ROFST.H.2.Q2.LPIA,BGD,2014,.9530100226402283,,
ROFST.H.2.Q2.LPIA,BGD,2019,.7794299721717834,,
ROFST.H.2.Q2.LPIA,BGD,2022,.7118300199508667,,
ROFST.H.2.Q2.M,BGD,2006,44.88972091674805,,
ROFST.H.2.Q2.M,BGD,2011,24.83227920532227,,
ROFST.H.2.Q2.M,BGD,2013,20.8,,
ROFST.H.2.Q2.M,BGD,2014,24.90868949890137,,
ROFST.H.2.Q2.M,BGD,2019,21.61833953857422,,
ROFST.H.2.Q2.M,BGD,2022,19.9907398223877,,
ROFST.H.2.Q2.M.LPIA,BGD,2006,.7820500135421753,,
ROFST.H.2.Q2.M.LPIA,BGD,2011,.7013400197029114,,
ROFST.H.2.Q2.M.LPIA,BGD,2014,.7916200160980225,,
ROFST.H.2.Q2.M.LPIA,BGD,2019,.9001100063323975,,
ROFST.H.2.Q2.M.LPIA,BGD,2022,.7093300223350525,,
ROFST.H.2.Q3,BGD,2006,30.02422904968262,,
ROFST.H.2.Q3,BGD,2011,15.69692993164063,,
ROFST.H.2.Q3,BGD,2013,10.88,,
ROFST.H.2.Q3,BGD,2014,10.30282974243164,,
ROFST.H.2.Q3,BGD,2019,11.44756984710693,,
ROFST.H.2.Q3,BGD,2022,14.53761959075928,,
ROFST.H.2.Q3.F,BGD,2006,24.83831977844238,,
ROFST.H.2.Q3.F,BGD,2011,11.98822021484375,,
ROFST.H.2.Q3.F,BGD,2013,6.25,,
ROFST.H.2.Q3.F,BGD,2014,6.595109939575195,,
ROFST.H.2.Q3.F,BGD,2019,6.048079967498779,,
ROFST.H.2.Q3.F,BGD,2022,11.47597980499268,,
ROFST.H.2.Q3.F.LPIA,BGD,2006,.7778900265693665,,
ROFST.H.2.Q3.F.LPIA,BGD,2011,.358599990606308,,
ROFST.H.2.Q3.F.LPIA,BGD,2014,.2879700064659119,,
ROFST.H.2.Q3.F.LPIA,BGD,2019,.8979600071907043,,
ROFST.H.2.Q3.F.LPIA,BGD,2022,.3026500046253204,,
ROFST.H.2.Q3.GPIA,BGD,2006,.7029500007629395,,
ROFST.H.2.Q3.GPIA,BGD,2011,.6140599846839905,,
ROFST.H.2.Q3.GPIA,BGD,2014,.4663499891757965,,
ROFST.H.2.Q3.GPIA,BGD,2019,.3667899966239929,,
ROFST.H.2.Q3.GPIA,BGD,2022,.643779993057251,,
ROFST.H.2.Q3.LPIA,BGD,2006,.7831500172615051,,
ROFST.H.2.Q3.LPIA,BGD,2011,.5123699903488159,,
ROFST.H.2.Q3.LPIA,BGD,2014,.5068699717521667,,
ROFST.H.2.Q3.LPIA,BGD,2019,1.094099998474121,,
ROFST.H.2.Q3.LPIA,BGD,2022,.3656600117683411,,
ROFST.H.2.Q3.M,BGD,2006,35.33419036865234,,
ROFST.H.2.Q3.M,BGD,2011,19.52289009094238,,
ROFST.H.2.Q3.M,BGD,2013,15.39,,
ROFST.H.2.Q3.M,BGD,2014,14.14206981658936,,
ROFST.H.2.Q3.M,BGD,2019,16.4892406463623,,
ROFST.H.2.Q3.M,BGD,2022,17.82587051391602,,
ROFST.H.2.Q3.M.LPIA,BGD,2006,.7862899899482727,,
ROFST.H.2.Q3.M.LPIA,BGD,2011,.6724399924278259,,
ROFST.H.2.Q3.M.LPIA,BGD,2014,.6937900185585022,,
ROFST.H.2.Q3.M.LPIA,BGD,2019,1.164389967918396,,
ROFST.H.2.Q3.M.LPIA,BGD,2022,.4175300002098083,,
ROFST.H.2.Q4,BGD,2006,22.37211990356445,,
ROFST.H.2.Q4,BGD,2011,13.31488990783691,,
ROFST.H.2.Q4,BGD,2013,10.04,,
ROFST.H.2.Q4,BGD,2014,15.31340980529785,,
ROFST.H.2.Q4,BGD,2019,10.69987010955811,,
ROFST.H.2.Q4,BGD,2022,11.06122970581055,,
ROFST.H.2.Q4.F,BGD,2006,16.09594917297363,,
ROFST.H.2.Q4.F,BGD,2011,10.96463966369629,,
ROFST.H.2.Q4.F,BGD,2013,6.25,,
ROFST.H.2.Q4.F,BGD,2014,12.92619037628174,,
ROFST.H.2.Q4.F,BGD,2019,8.64525032043457,,
ROFST.H.2.Q4.F,BGD,2022,7.157060146331787,,
ROFST.H.2.Q4.F.LPIA,BGD,2006,.4305500090122223,,
ROFST.H.2.Q4.F.LPIA,BGD,2011,.2460100054740906,,
ROFST.H.2.Q4.F.LPIA,BGD,2014,.5317299962043762,,
ROFST.H.2.Q4.F.LPIA,BGD,2019,.3964099884033203,,
ROFST.H.2.Q4.F.LPIA,BGD,2022,.8980200290679932,,
ROFST.H.2.Q4.GPIA,BGD,2006,.5572699904441833,,
ROFST.H.2.Q4.GPIA,BGD,2011,.6811800003051758,,
ROFST.H.2.Q4.GPIA,BGD,2014,.7337700128555298,,
ROFST.H.2.Q4.GPIA,BGD,2019,.6774899959564209,,
ROFST.H.2.Q4.GPIA,BGD,2022,.4642499983310699,,
ROFST.H.2.Q4.LPIA,BGD,2006,.5661100149154663,,
ROFST.H.2.Q4.LPIA,BGD,2011,.2540299892425537,,
ROFST.H.2.Q4.LPIA,BGD,2014,.4334299862384796,,
ROFST.H.2.Q4.LPIA,BGD,2019,.4636299908161163,,
ROFST.H.2.Q4.LPIA,BGD,2022,.657509982585907,,
ROFST.H.2.Q4.M,BGD,2006,28.88331031799316,,
ROFST.H.2.Q4.M,BGD,2011,16.09649085998535,,
ROFST.H.2.Q4.M,BGD,2013,14.11,,
ROFST.H.2.Q4.M,BGD,2014,17.61602973937988,,
ROFST.H.2.Q4.M,BGD,2019,12.7606897354126,,
ROFST.H.2.Q4.M,BGD,2022,15.41629981994629,,
ROFST.H.2.Q4.M.LPIA,BGD,2006,.6639000177383423,,
ROFST.H.2.Q4.M.LPIA,BGD,2011,.2640399932861328,,
ROFST.H.2.Q4.M.LPIA,BGD,2014,.3652699887752533,,
ROFST.H.2.Q4.M.LPIA,BGD,2019,.5077199935913086,,
ROFST.H.2.Q4.M.LPIA,BGD,2022,.5933099985122681,,
ROFST.H.2.Q5,BGD,2006,20.72884941101074,,
ROFST.H.2.Q5,BGD,2011,13.55208969116211,,
ROFST.H.2.Q5,BGD,2013,8.66,,
ROFST.H.2.Q5,BGD,2014,15.10023975372314,,
ROFST.H.2.Q5,BGD,2019,7.417439937591553,,
ROFST.H.2.Q5,BGD,2022,6.927090167999268,,
ROFST.H.2.Q5.F,BGD,2006,22.7115592956543,,
ROFST.H.2.Q5.F,BGD,2011,14.54901027679443,,
ROFST.H.2.Q5.F,BGD,2013,8.58,,
ROFST.H.2.Q5.F,BGD,2014,15.1838903427124,,
ROFST.H.2.Q5.F,BGD,2019,5.061610221862793,,
ROFST.H.2.Q5.F,BGD,2022,7.135459899902344,,
ROFST.H.2.Q5.F.LPIA,BGD,2006,.372869998216629,,
ROFST.H.2.Q5.F.LPIA,BGD,2011,.5672199726104736,,
ROFST.H.2.Q5.F.LPIA,BGD,2014,.2997199892997742,,
ROFST.H.2.Q5.F.LPIA,BGD,2019,.5524600148200989,,
ROFST.H.2.Q5.F.LPIA,BGD,2022,1.032600045204163,,
ROFST.H.2.Q5.GPIA,BGD,2006,1.183030009269714,,
ROFST.H.2.Q5.GPIA,BGD,2011,1.135400056838989,,
ROFST.H.2.Q5.GPIA,BGD,2014,1.011530041694641,,
ROFST.H.2.Q5.GPIA,BGD,2019,.5194299817085266,,
ROFST.H.2.Q5.GPIA,BGD,2022,1.061750054359436,,
ROFST.H.2.Q5.LPIA,BGD,2006,.6136000156402588,,
ROFST.H.2.Q5.LPIA,BGD,2011,.5845800042152405,,
ROFST.H.2.Q5.LPIA,BGD,2014,.3980399966239929,,
ROFST.H.2.Q5.LPIA,BGD,2019,.8338099718093872,,
ROFST.H.2.Q5.LPIA,BGD,2022,1.032780051231384,,
ROFST.H.2.Q5.M,BGD,2006,18.5545597076416,,
ROFST.H.2.Q5.M,BGD,2011,12.57901954650879,,
ROFST.H.2.Q5.M,BGD,2013,8.74,,
ROFST.H.2.Q5.M,BGD,2014,15.00881004333496,,
ROFST.H.2.Q5.M,BGD,2019,9.74446964263916,,
ROFST.H.2.Q5.M,BGD,2022,6.694829940795898,,
ROFST.H.2.Q5.M.LPIA,BGD,2006,.9707599878311157,,
ROFST.H.2.Q5.M.LPIA,BGD,2011,.6018000245094299,,
ROFST.H.2.Q5.M.LPIA,BGD,2014,.5101799964904785,,
ROFST.H.2.Q5.M.LPIA,BGD,2019,1.046919941902161,,
ROFST.H.2.Q5.M.LPIA,BGD,2022,1.03682005405426,,
ROFST.H.2.RUR,BGD,2006,31.7126407623291,,
ROFST.H.2.RUR,BGD,2011,18.3378791809082,,
ROFST.H.2.RUR,BGD,2013,14.14,,
ROFST.H.2.RUR,BGD,2014,15.8800802230835,,
ROFST.H.2.RUR,BGD,2019,13.32075977325439,,
ROFST.H.2.RUR,BGD,2022,13.49003982543945,,
ROFST.H.2.RUR.F,BGD,2006,24.84050941467285,,
ROFST.H.2.RUR.F,BGD,2011,14.35424995422363,,
ROFST.H.2.RUR.F,BGD,2013,9.109999999999999,,
ROFST.H.2.RUR.F,BGD,2014,10.58794021606445,,
ROFST.H.2.RUR.F,BGD,2019,7.781869888305664,,
ROFST.H.2.RUR.F,BGD,2022,9.017370223999023,,
ROFST.H.2.RUR.F.WPIA,BGD,2006,1.733620047569275,,
ROFST.H.2.RUR.F.WPIA,BGD,2011,1.606240034103394,,
ROFST.H.2.RUR.F.WPIA,BGD,2014,1.626099944114685,,
ROFST.H.2.RUR.F.WPIA,BGD,2019,1.720080018043518,,
ROFST.H.2.RUR.F.WPIA,BGD,2022,1.392850041389465,,
ROFST.H.2.RUR.GPIA,BGD,2006,.6454899907112122,,
ROFST.H.2.RUR.GPIA,BGD,2011,.6408299803733826,,
ROFST.H.2.RUR.GPIA,BGD,2014,.5043299794197083,,
ROFST.H.2.RUR.GPIA,BGD,2019,.414790004491806,,
ROFST.H.2.RUR.GPIA,BGD,2022,.4948000013828278,,
ROFST.H.2.RUR.M,BGD,2006,38.48344039916992,,
ROFST.H.2.RUR.M,BGD,2011,22.39949989318848,,
ROFST.H.2.RUR.M,BGD,2013,19.32,,
ROFST.H.2.RUR.M,BGD,2014,20.99422073364258,,
ROFST.H.2.RUR.M,BGD,2019,18.76114082336426,,
ROFST.H.2.RUR.M,BGD,2022,18.22436904907227,,
ROFST.H.2.RUR.M.WPIA,BGD,2006,1.658920049667358,,
ROFST.H.2.RUR.M.WPIA,BGD,2011,1.768980026245117,,
ROFST.H.2.RUR.M.WPIA,BGD,2014,1.720469951629639,,
ROFST.H.2.RUR.M.WPIA,BGD,2019,1.614860057830811,,
ROFST.H.2.RUR.M.WPIA,BGD,2022,1.752879977226257,,
ROFST.H.2.RUR.Q1,BGD,2006,45.86180114746094,,
ROFST.H.2.RUR.Q1,BGD,2011,31.09000015258789,,
ROFST.H.2.RUR.Q1,BGD,2013,24.62,,
ROFST.H.2.RUR.Q1,BGD,2014,24.74731063842773,,
ROFST.H.2.RUR.Q1,BGD,2019,19.13689041137695,,
ROFST.H.2.RUR.Q1,BGD,2022,19.82572937011719,,
ROFST.H.2.RUR.Q1.F,BGD,2006,37.78625869750977,,
ROFST.H.2.RUR.Q1.F,BGD,2011,24.51446914672852,,
ROFST.H.2.RUR.Q1.F,BGD,2013,16.9,,
ROFST.H.2.RUR.Q1.F,BGD,2014,15.77793025970459,,
ROFST.H.2.RUR.Q1.F,BGD,2019,12.37631988525391,,
ROFST.H.2.RUR.Q1.F,BGD,2022,11.99475955963135,,
ROFST.H.2.RUR.Q1.GPIA,BGD,2006,.7094699740409851,,
ROFST.H.2.RUR.Q1.GPIA,BGD,2011,.6528699994087219,,
ROFST.H.2.RUR.Q1.GPIA,BGD,2014,.4785000085830688,,
ROFST.H.2.RUR.Q1.GPIA,BGD,2019,.4753899872303009,,
ROFST.H.2.RUR.Q1.GPIA,BGD,2022,.4330799877643585,,
ROFST.H.2.RUR.Q1.M,BGD,2006,53.26002883911133,,
ROFST.H.2.RUR.Q1.M,BGD,2011,37.54869842529297,,
ROFST.H.2.RUR.Q1.M,BGD,2013,32.43,,
ROFST.H.2.RUR.Q1.M,BGD,2014,32.9740104675293,,
ROFST.H.2.RUR.Q1.M,BGD,2019,26.03417015075684,,
ROFST.H.2.RUR.Q1.M,BGD,2022,27.69618034362793,,
ROFST.H.2.RUR.Q2,BGD,2006,35.63084030151367,,
ROFST.H.2.RUR.Q2,BGD,2011,20.58093070983887,,
ROFST.H.2.RUR.Q2,BGD,2013,14.26,,
ROFST.H.2.RUR.Q2,BGD,2014,18.33889007568359,,
ROFST.H.2.RUR.Q2,BGD,2019,14.31194019317627,,
ROFST.H.2.RUR.Q2,BGD,2022,13.96255970001221,,
ROFST.H.2.RUR.Q2.F,BGD,2006,27.92094039916992,,
ROFST.H.2.RUR.Q2.F,BGD,2011,16.81929016113281,,
ROFST.H.2.RUR.Q2.F,BGD,2013,8.210000000000001,,
ROFST.H.2.RUR.Q2.F,BGD,2014,12.1923303604126,,
ROFST.H.2.RUR.Q2.F,BGD,2019,6.859210014343262,,
ROFST.H.2.RUR.Q2.F,BGD,2022,9.006970405578613,,
ROFST.H.2.RUR.Q2.GPIA,BGD,2006,.6449400186538696,,
ROFST.H.2.RUR.Q2.GPIA,BGD,2011,.6970199942588806,,
ROFST.H.2.RUR.Q2.GPIA,BGD,2014,.498309999704361,,
ROFST.H.2.RUR.Q2.GPIA,BGD,2019,.3195100128650665,,
ROFST.H.2.RUR.Q2.GPIA,BGD,2022,.47189000248909,,
ROFST.H.2.RUR.Q2.M,BGD,2006,43.29233932495117,,
ROFST.H.2.RUR.Q2.M,BGD,2011,24.13019943237305,,
ROFST.H.2.RUR.Q2.M,BGD,2013,20.52,,
ROFST.H.2.RUR.Q2.M,BGD,2014,24.46739959716797,,
ROFST.H.2.RUR.Q2.M,BGD,2019,21.4680004119873,,
ROFST.H.2.RUR.Q2.M,BGD,2022,19.08699989318848,,
ROFST.H.2.RUR.Q3,BGD,2006,28.5686206817627,,
ROFST.H.2.RUR.Q3,BGD,2011,14.34337997436523,,
ROFST.H.2.RUR.Q3,BGD,2013,10.64,,
ROFST.H.2.RUR.Q3,BGD,2014,8.90841007232666,,
ROFST.H.2.RUR.Q3,BGD,2019,11.57651042938232,,
ROFST.H.2.RUR.Q3,BGD,2022,10.55303955078125,,
ROFST.H.2.RUR.Q3.F,BGD,2006,23.59576988220215,,
ROFST.H.2.RUR.Q3.F,BGD,2011,10.11515045166016,,
ROFST.H.2.RUR.Q3.F,BGD,2013,6.38,,
ROFST.H.2.RUR.Q3.F,BGD,2014,4.672039985656738,,
ROFST.H.2.RUR.Q3.F,BGD,2019,5.968050003051758,,
ROFST.H.2.RUR.Q3.F,BGD,2022,7.638529777526855,,
ROFST.H.2.RUR.Q3.GPIA,BGD,2006,.7011100053787231,,
ROFST.H.2.RUR.Q3.GPIA,BGD,2011,.5419999957084656,,
ROFST.H.2.RUR.Q3.GPIA,BGD,2014,.352979987859726,,
ROFST.H.2.RUR.Q3.GPIA,BGD,2019,.3548699915409088,,
ROFST.H.2.RUR.Q3.GPIA,BGD,2022,.5583699941635132,,
ROFST.H.2.RUR.Q3.M,BGD,2006,33.65504837036133,,
ROFST.H.2.RUR.Q3.M,BGD,2011,18.66247940063477,,
ROFST.H.2.RUR.Q3.M,BGD,2013,14.83,,
ROFST.H.2.RUR.Q3.M,BGD,2014,13.23600006103516,,
ROFST.H.2.RUR.Q3.M,BGD,2019,16.81738090515137,,
ROFST.H.2.RUR.Q3.M,BGD,2022,13.68006992340088,,
ROFST.H.2.RUR.Q4,BGD,2006,18.11813926696777,,
ROFST.H.2.RUR.Q4,BGD,2011,7.081779956817627,,
ROFST.H.2.RUR.Q4,BGD,2013,7.3,,
ROFST.H.2.RUR.Q4,BGD,2014,10.7138204574585,,
ROFST.H.2.RUR.Q4,BGD,2019,8.467960357666016,,
ROFST.H.2.RUR.Q4,BGD,2022,9.311479568481445,,
ROFST.H.2.RUR.Q4.F,BGD,2006,11.44130039215088,,
ROFST.H.2.RUR.Q4.F,BGD,2011,5.78357982635498,,
ROFST.H.2.RUR.Q4.F,BGD,2013,4.27,,
ROFST.H.2.RUR.Q4.F,BGD,2014,9.889280319213867,,
ROFST.H.2.RUR.Q4.F,BGD,2019,6.341519832611084,,
ROFST.H.2.RUR.Q4.F,BGD,2022,6.891019821166992,,
ROFST.H.2.RUR.Q4.GPIA,BGD,2006,.45728999376297,,
ROFST.H.2.RUR.Q4.GPIA,BGD,2011,.6682900190353394,,
ROFST.H.2.RUR.Q4.GPIA,BGD,2014,.8626899719238281,,
ROFST.H.2.RUR.Q4.GPIA,BGD,2019,.6015400290489197,,
ROFST.H.2.RUR.Q4.GPIA,BGD,2022,.5646399855613708,,
ROFST.H.2.RUR.Q4.M,BGD,2006,25.01963043212891,,
ROFST.H.2.RUR.Q4.M,BGD,2011,8.654299736022949,,
ROFST.H.2.RUR.Q4.M,BGD,2013,10.74,,
ROFST.H.2.RUR.Q4.M,BGD,2014,11.46329975128174,,
ROFST.H.2.RUR.Q4.M,BGD,2019,10.54213047027588,,
ROFST.H.2.RUR.Q4.M,BGD,2022,12.20433044433594,,
ROFST.H.2.RUR.Q5,BGD,2006,14.20458984375,,
ROFST.H.2.RUR.Q5,BGD,2011,9.169280052185059,,
ROFST.H.2.RUR.Q5,BGD,2013,6.81,,
ROFST.H.2.RUR.Q5,BGD,2014,7.531599998474121,,
ROFST.H.2.RUR.Q5,BGD,2019,6.64316987991333,,
ROFST.H.2.RUR.Q5,BGD,2022,7.067699909210205,,
ROFST.H.2.RUR.Q5.F,BGD,2006,10.06566047668457,,
ROFST.H.2.RUR.Q5.F,BGD,2011,9.65272045135498,,
ROFST.H.2.RUR.Q5.F,BGD,2013,6.84,,
ROFST.H.2.RUR.Q5.F,BGD,2014,5.899290084838867,,
ROFST.H.2.RUR.Q5.F,BGD,2019,3.464359998703003,,
ROFST.H.2.RUR.Q5.F,BGD,2022,7.282639980316162,,
ROFST.H.2.RUR.Q5.GPIA,BGD,2006,.5540900230407715,,
ROFST.H.2.RUR.Q5.GPIA,BGD,2011,1.101320028305054,,
ROFST.H.2.RUR.Q5.GPIA,BGD,2014,.6400399804115295,,
ROFST.H.2.RUR.Q5.GPIA,BGD,2019,.3455100059509277,,
ROFST.H.2.RUR.Q5.GPIA,BGD,2022,1.060209989547729,,
ROFST.H.2.RUR.Q5.M,BGD,2006,18.16601943969727,,
ROFST.H.2.RUR.Q5.M,BGD,2011,8.674690246582031,,
ROFST.H.2.RUR.Q5.M,BGD,2013,6.78,,
ROFST.H.2.RUR.Q5.M,BGD,2014,9.217080116271973,,
ROFST.H.2.RUR.Q5.M,BGD,2019,10.0268497467041,,
ROFST.H.2.RUR.Q5.M,BGD,2022,6.844160079956055,,
ROFST.H.2.RUR.WPIA,BGD,2006,1.690269947052002,,
ROFST.H.2.RUR.WPIA,BGD,2011,1.705070018768311,,
ROFST.H.2.RUR.WPIA,BGD,2014,1.695659995079041,,
ROFST.H.2.RUR.WPIA,BGD,2019,1.652860045433044,,
ROFST.H.2.RUR.WPIA,BGD,2022,1.643509984016418,,
ROFST.H.2.URB,BGD,2006,31.34267997741699,,
ROFST.H.2.URB,BGD,2011,21.71136093139648,,
ROFST.H.2.URB,BGD,2013,15.04,,
ROFST.H.2.URB,BGD,2014,20.52722930908203,,
ROFST.H.2.URB,BGD,2019,12.19631004333496,,
ROFST.H.2.URB,BGD,2022,14.5511999130249,,
ROFST.H.2.URB.F,BGD,2006,29.45255088806152,,
ROFST.H.2.URB.F,BGD,2011,20.04117965698242,,
ROFST.H.2.URB.F,BGD,2013,11.76,,
ROFST.H.2.URB.F,BGD,2014,17.47513008117676,,
ROFST.H.2.URB.F,BGD,2019,9.669059753417969,,
ROFST.H.2.URB.F,BGD,2022,11.0478401184082,,
ROFST.H.2.URB.F.WPIA,BGD,2006,1.434260010719299,,
ROFST.H.2.URB.F.WPIA,BGD,2011,1.345499992370605,,
ROFST.H.2.URB.F.WPIA,BGD,2014,.42985999584198,,
ROFST.H.2.URB.F.WPIA,BGD,2019,1.55597996711731,,
ROFST.H.2.URB.F.WPIA,BGD,2022,1.440109968185425,,
ROFST.H.2.URB.GPIA,BGD,2006,.8827300071716309,,
ROFST.H.2.URB.GPIA,BGD,2011,.8580300211906433,,
ROFST.H.2.URB.GPIA,BGD,2014,.7345700263977051,,
ROFST.H.2.URB.GPIA,BGD,2019,.6563199758529663,,
ROFST.H.2.URB.GPIA,BGD,2022,.6020299792289734,,
ROFST.H.2.URB.M,BGD,2006,33.36513137817383,,
ROFST.H.2.URB.M,BGD,2011,23.35717964172363,,
ROFST.H.2.URB.M,BGD,2013,18.24,,
ROFST.H.2.URB.M,BGD,2014,23.78969955444336,,
ROFST.H.2.URB.M,BGD,2019,14.73221015930176,,
ROFST.H.2.URB.M,BGD,2022,18.35092926025391,,
ROFST.H.2.URB.M.WPIA,BGD,2006,1.705710053443909,,
ROFST.H.2.URB.M.WPIA,BGD,2011,1.683969974517822,,
ROFST.H.2.URB.M.WPIA,BGD,2014,1.41251003742218,,
ROFST.H.2.URB.M.WPIA,BGD,2019,1.687739968299866,,
ROFST.H.2.URB.M.WPIA,BGD,2022,1.808429956436157,,
ROFST.H.2.URB.Q1,BGD,2006,55.94390869140625,,
ROFST.H.2.URB.Q1,BGD,2011,36.88785934448242,,
ROFST.H.2.URB.Q1,BGD,2013,27.22,,
ROFST.H.2.URB.Q1,BGD,2014,21.43021965026855,,
ROFST.H.2.URB.Q1,BGD,2019,21.4199104309082,,
ROFST.H.2.URB.Q1,BGD,2022,24.05341911315918,,
ROFST.H.2.URB.Q1.F,BGD,2006,47.71667098999023,,
ROFST.H.2.URB.Q1.F,BGD,2011,26.0008602142334,,
ROFST.H.2.URB.Q1.F,BGD,2013,19.86,,
ROFST.H.2.URB.Q1.F,BGD,2014,8.460780143737793,,
ROFST.H.2.URB.Q1.F,BGD,2019,14.12267971038818,,
ROFST.H.2.URB.Q1.F,BGD,2022,12.58316993713379,,
ROFST.H.2.URB.Q1.GPIA,BGD,2006,.7504100203514099,,
ROFST.H.2.URB.Q1.GPIA,BGD,2011,.5700500011444092,,
ROFST.H.2.URB.Q1.GPIA,BGD,2014,.2751300036907196,,
ROFST.H.2.URB.Q1.GPIA,BGD,2019,.4614700078964233,,
ROFST.H.2.URB.Q1.GPIA,BGD,2022,.3656600117683411,,
ROFST.H.2.URB.Q1.M,BGD,2006,63.58768844604492,,
ROFST.H.2.URB.Q1.M,BGD,2011,45.61162948608398,,
ROFST.H.2.URB.Q1.M,BGD,2013,35.79,,
ROFST.H.2.URB.Q1.M,BGD,2014,30.7514705657959,,
ROFST.H.2.URB.Q1.M,BGD,2019,30.60382080078125,,
ROFST.H.2.URB.Q1.M,BGD,2022,34.41218185424805,,
ROFST.H.2.URB.Q2,BGD,2006,45.67955017089844,,
ROFST.H.2.URB.Q2,BGD,2011,24.47183990478516,,
ROFST.H.2.URB.Q2,BGD,2013,18.89,,
ROFST.H.2.URB.Q2,BGD,2014,19.24304008483887,,
ROFST.H.2.URB.Q2,BGD,2019,18.36212921142578,,
ROFST.H.2.URB.Q2,BGD,2022,19.6148796081543,,
ROFST.H.2.URB.Q2.F,BGD,2006,34.96852874755859,,
ROFST.H.2.URB.Q2.F,BGD,2011,12.05432033538818,,
ROFST.H.2.URB.Q2.F,BGD,2013,13.43,,
ROFST.H.2.URB.Q2.F,BGD,2014,8.485810279846191,,
ROFST.H.2.URB.Q2.F,BGD,2019,13.4975004196167,,
ROFST.H.2.URB.Q2.F,BGD,2022,13.2573299407959,,
ROFST.H.2.URB.Q2.GPIA,BGD,2006,.6316900253295898,,
ROFST.H.2.URB.Q2.GPIA,BGD,2011,.3503600060939789,,
ROFST.H.2.URB.Q2.GPIA,BGD,2014,.2745499908924103,,
ROFST.H.2.URB.Q2.GPIA,BGD,2019,.5659199953079224,,
ROFST.H.2.URB.Q2.GPIA,BGD,2022,.4926800131797791,,
ROFST.H.2.URB.Q2.M,BGD,2006,55.35723876953125,,
ROFST.H.2.URB.Q2.M,BGD,2011,34.40591812133789,,
ROFST.H.2.URB.Q2.M,BGD,2013,24.19,,
ROFST.H.2.URB.Q2.M,BGD,2014,30.90815925598145,,
ROFST.H.2.URB.Q2.M,BGD,2019,23.85046005249023,,
ROFST.H.2.URB.Q2.M,BGD,2022,26.90848922729492,,
ROFST.H.2.URB.Q3,BGD,2006,36.47927093505859,,
ROFST.H.2.URB.Q3,BGD,2011,27.99418067932129,,
ROFST.H.2.URB.Q3,BGD,2013,12.79,,
ROFST.H.2.URB.Q3,BGD,2014,17.57547950744629,,
ROFST.H.2.URB.Q3,BGD,2019,10.48711967468262,,
ROFST.H.2.URB.Q3,BGD,2022,28.86043930053711,,
ROFST.H.2.URB.Q3.F,BGD,2006,30.33292007446289,,
ROFST.H.2.URB.Q3.F,BGD,2011,28.20750045776367,,
ROFST.H.2.URB.Q3.F,BGD,2013,5.2,,
ROFST.H.2.URB.Q3.F,BGD,2014,16.22381019592285,,
ROFST.H.2.URB.Q3.F,BGD,2019,6.646240234375,,
ROFST.H.2.URB.Q3.F,BGD,2022,25.23875045776367,,
ROFST.H.2.URB.Q3.GPIA,BGD,2006,.7086799740791321,,
ROFST.H.2.URB.Q3.GPIA,BGD,2011,1.01610004901886,,
ROFST.H.2.URB.Q3.GPIA,BGD,2014,.850409984588623,,
ROFST.H.2.URB.Q3.GPIA,BGD,2019,.4729500114917755,,
ROFST.H.2.URB.Q3.GPIA,BGD,2022,.7703099846839905,,
ROFST.H.2.URB.Q3.M,BGD,2006,42.80212020874023,,
ROFST.H.2.URB.Q3.M,BGD,2011,27.75345993041992,,
ROFST.H.2.URB.Q3.M,BGD,2013,19.59,,
ROFST.H.2.URB.Q3.M,BGD,2014,19.07769966125488,,
ROFST.H.2.URB.Q3.M,BGD,2019,14.05274963378906,,
ROFST.H.2.URB.Q3.M,BGD,2022,32.76451873779297,,
ROFST.H.2.URB.Q4,BGD,2006,32.00453948974609,,
ROFST.H.2.URB.Q4,BGD,2011,27.87778091430664,,
ROFST.H.2.URB.Q4,BGD,2013,21.16,,
ROFST.H.2.URB.Q4,BGD,2014,24.71870040893555,,
ROFST.H.2.URB.Q4,BGD,2019,18.26435089111328,,
ROFST.H.2.URB.Q4,BGD,2022,14.16170024871826,,
ROFST.H.2.URB.Q4.F,BGD,2006,26.57387924194336,,
ROFST.H.2.URB.Q4.F,BGD,2011,23.50914001464844,,
ROFST.H.2.URB.Q4.F,BGD,2013,15.51,,
ROFST.H.2.URB.Q4.F,BGD,2014,18.59840965270996,,
ROFST.H.2.URB.Q4.F,BGD,2019,15.99734973907471,,
ROFST.H.2.URB.Q4.F,BGD,2022,7.673590183258057,,
ROFST.H.2.URB.Q4.GPIA,BGD,2006,.7051500082015991,,
ROFST.H.2.URB.Q4.GPIA,BGD,2011,.7172600030899048,,
ROFST.H.2.URB.Q4.GPIA,BGD,2014,.5926200151443481,,
ROFST.H.2.URB.Q4.GPIA,BGD,2019,.7704399824142456,,
ROFST.H.2.URB.Q4.GPIA,BGD,2022,.3730500042438507,,
ROFST.H.2.URB.Q4.M,BGD,2006,37.68556976318359,,
ROFST.H.2.URB.Q4.M,BGD,2011,32.77621078491211,,
ROFST.H.2.URB.Q4.M,BGD,2013,25.99,,
ROFST.H.2.URB.Q4.M,BGD,2014,31.38343048095703,,
ROFST.H.2.URB.Q4.M,BGD,2019,20.76386070251465,,
ROFST.H.2.URB.Q4.M,BGD,2022,20.56978988647461,,
ROFST.H.2.URB.Q5,BGD,2006,23.14946937561035,,
ROFST.H.2.URB.Q5,BGD,2011,15.68533039093018,,
ROFST.H.2.URB.Q5,BGD,2013,10.09,,
ROFST.H.2.URB.Q5,BGD,2014,18.92194938659668,,
ROFST.H.2.URB.Q5,BGD,2019,7.967269897460938,,
ROFST.H.2.URB.Q5,BGD,2022,6.836050033569336,,
ROFST.H.2.URB.Q5.F,BGD,2006,26.99511909484863,,
ROFST.H.2.URB.Q5.F,BGD,2011,17.01749038696289,,
ROFST.H.2.URB.Q5.F,BGD,2013,9.92,,
ROFST.H.2.URB.Q5.F,BGD,2014,19.68264961242676,,
ROFST.H.2.URB.Q5.F,BGD,2019,6.270790100097656,,
ROFST.H.2.URB.Q5.F,BGD,2022,7.045209884643555,,
ROFST.H.2.URB.Q5.GPIA,BGD,2006,1.306789994239807,,
ROFST.H.2.URB.Q5.GPIA,BGD,2011,1.152959942817688,,
ROFST.H.2.URB.Q5.GPIA,BGD,2014,1.082129955291748,,
ROFST.H.2.URB.Q5.GPIA,BGD,2019,.6561899781227112,,
ROFST.H.2.URB.Q5.GPIA,BGD,2022,1.06430995464325,,
ROFST.H.2.URB.Q5.M,BGD,2006,18.71318054199219,,
ROFST.H.2.URB.Q5.M,BGD,2011,14.41448020935059,,
ROFST.H.2.URB.Q5.M,BGD,2013,10.25,,
ROFST.H.2.URB.Q5.M,BGD,2014,18.06620025634766,,
ROFST.H.2.URB.Q5.M,BGD,2019,9.556349754333496,,
ROFST.H.2.URB.Q5.M,BGD,2022,6.592169761657715,,
ROFST.H.2.URB.WPIA,BGD,2006,1.586199998855591,,
ROFST.H.2.URB.WPIA,BGD,2011,1.574779987335205,,
ROFST.H.2.URB.WPIA,BGD,2014,1.117040038108826,,
ROFST.H.2.URB.WPIA,BGD,2019,1.628039956092834,,
ROFST.H.2.URB.WPIA,BGD,2022,1.715800046920776,,
ROFST.H.2.WPIA,BGD,2006,1.558050036430359,,
ROFST.H.2.WPIA,BGD,2011,1.570240020751953,,
ROFST.H.2.WPIA,BGD,2013,1.651368737220764,,
ROFST.H.2.WPIA,BGD,2014,1.382009983062744,,
ROFST.H.2.WPIA,BGD,2019,1.615260004997253,,
ROFST.H.2.WPIA,BGD,2022,1.655920028686523,,
ROFST.H.3,BGD,2006,64.81565093994141,,
ROFST.H.3,BGD,2011,53.43947982788086,,
ROFST.H.3,BGD,2013,38.02,,
ROFST.H.3,BGD,2014,47.91265106201172,,
ROFST.H.3,BGD,2019,31.57732963562012,,
ROFST.H.3,BGD,2022,37.68223190307617,,
ROFST.H.3.DIS,BGD,2019,33.98,,
ROFST.H.3.DIS.F,BGD,2019,27.84,,
ROFST.H.3.DIS.M,BGD,2019,38.22,,
ROFST.H.3.F,BGD,2006,65.29286193847656,,
ROFST.H.3.F,BGD,2011,56.6787109375,,
ROFST.H.3.F,BGD,2013,32.31,,
ROFST.H.3.F,BGD,2014,51.08113098144531,,
ROFST.H.3.F,BGD,2019,26.28162002563477,,
ROFST.H.3.F,BGD,2022,37.59928894042969,,
ROFST.H.3.F.LPIA,BGD,2006,1.135929942131042,,
ROFST.H.3.F.LPIA,BGD,2011,1.06633996963501,,
ROFST.H.3.F.LPIA,BGD,2014,.9975100159645081,,
ROFST.H.3.F.LPIA,BGD,2019,.970009982585907,,
ROFST.H.3.F.LPIA,BGD,2022,1.070709943771362,,
ROFST.H.3.F.WPIA,BGD,2006,1.438799977302551,,
ROFST.H.3.F.WPIA,BGD,2011,1.441699981689453,,
ROFST.H.3.F.WPIA,BGD,2014,1.428529977798462,,
ROFST.H.3.F.WPIA,BGD,2019,1.484369993209839,,
ROFST.H.3.F.WPIA,BGD,2022,1.578940033912659,,
ROFST.H.3.GPIA,BGD,2006,1.014909982681274,,
ROFST.H.3.GPIA,BGD,2011,1.127650022506714,,
ROFST.H.3.GPIA,BGD,2013,.7527958750724792,,
ROFST.H.3.GPIA,BGD,2014,1.137709975242615,,
ROFST.H.3.GPIA,BGD,2019,.7193099856376648,,
ROFST.H.3.GPIA,BGD,2022,.9952099919319153,,
ROFST.H.3.LPIA,BGD,2006,1.113669991493225,,
ROFST.H.3.LPIA,BGD,2011,1.042960047721863,,
ROFST.H.3.LPIA,BGD,2013,1.044566035270691,,
ROFST.H.3.LPIA,BGD,2014,.9741500020027161,,
ROFST.H.3.LPIA,BGD,2019,1.041720032691956,,
ROFST.H.3.LPIA,BGD,2022,1.017400026321411,,
ROFST.H.3.M,BGD,2006,64.31954956054688,,
ROFST.H.3.M,BGD,2011,49.44353103637695,,
ROFST.H.3.M,BGD,2013,42.92,,
ROFST.H.3.M,BGD,2014,44.0465202331543,,
ROFST.H.3.M,BGD,2019,36.53749084472656,,
ROFST.H.3.M,BGD,2022,37.78007125854492,,
ROFST.H.3.M.LPIA,BGD,2006,1.089460015296936,,
ROFST.H.3.M.LPIA,BGD,2011,1.014019966125488,,
ROFST.H.3.M.LPIA,BGD,2014,.94132000207901,,
ROFST.H.3.M.LPIA,BGD,2019,1.086709976196289,,
ROFST.H.3.M.LPIA,BGD,2022,.9542400240898132,,
ROFST.H.3.M.WPIA,BGD,2006,1.50875997543335,,
ROFST.H.3.M.WPIA,BGD,2011,1.541280031204224,,
ROFST.H.3.M.WPIA,BGD,2014,1.40991997718811,,
ROFST.H.3.M.WPIA,BGD,2019,1.624789953231812,,
ROFST.H.3.M.WPIA,BGD,2022,1.616060018539429,,
ROFST.H.3.Q1,BGD,2006,83.49543762207031,,
ROFST.H.3.Q1,BGD,2011,76.27113342285156,,
ROFST.H.3.Q1,BGD,2013,60.51,,
ROFST.H.3.Q1,BGD,2014,64.56748199462891,,
ROFST.H.3.Q1,BGD,2019,45.13703155517578,,
ROFST.H.3.Q1,BGD,2022,50.21385955810547,,
ROFST.H.3.Q1.F,BGD,2006,83.27490234375,,
ROFST.H.3.Q1.F,BGD,2011,76.68119812011719,,
ROFST.H.3.Q1.F,BGD,2013,51.91,,
ROFST.H.3.Q1.F,BGD,2014,68.87889099121094,,
ROFST.H.3.Q1.F,BGD,2019,36.06113052368164,,
ROFST.H.3.Q1.F,BGD,2022,49.43881988525391,,
ROFST.H.3.Q1.F.LPIA,BGD,2006,1.031990051269531,,
ROFST.H.3.Q1.F.LPIA,BGD,2011,1.134070038795471,,
ROFST.H.3.Q1.F.LPIA,BGD,2014,1.172680020332336,,
ROFST.H.3.Q1.F.LPIA,BGD,2019,1.107220053672791,,
ROFST.H.3.Q1.F.LPIA,BGD,2022,.7589899897575378,,
ROFST.H.3.Q1.GPIA,BGD,2006,.9947400093078613,,
ROFST.H.3.Q1.GPIA,BGD,2011,1.011500000953674,,
ROFST.H.3.Q1.GPIA,BGD,2014,1.139690041542053,,
ROFST.H.3.Q1.GPIA,BGD,2019,.6852200031280518,,
ROFST.H.3.Q1.GPIA,BGD,2022,.9692800045013428,,
ROFST.H.3.Q1.LPIA,BGD,2006,.9910600185394287,,
ROFST.H.3.Q1.LPIA,BGD,2011,1.05296003818512,,
ROFST.H.3.Q1.LPIA,BGD,2014,1.157359957695007,,
ROFST.H.3.Q1.LPIA,BGD,2019,.941510021686554,,
ROFST.H.3.Q1.LPIA,BGD,2022,.8174200057983398,,
ROFST.H.3.Q1.M,BGD,2006,83.71497344970703,,
ROFST.H.3.Q1.M,BGD,2011,75.79939270019531,,
ROFST.H.3.Q1.M,BGD,2013,67.17999999999999,,
ROFST.H.3.Q1.M,BGD,2014,59.25690841674805,,
ROFST.H.3.Q1.M,BGD,2019,52.62744903564453,,
ROFST.H.3.Q1.M,BGD,2022,51.00569915771484,,
ROFST.H.3.Q1.M.LPIA,BGD,2006,.9486299753189087,,
ROFST.H.3.Q1.M.LPIA,BGD,2011,.9333599805831909,,
ROFST.H.3.Q1.M.LPIA,BGD,2014,1.127150058746338,,
ROFST.H.3.Q1.M.LPIA,BGD,2019,.857699990272522,,
ROFST.H.3.Q1.M.LPIA,BGD,2022,.8815600275993347,,
ROFST.H.3.Q2,BGD,2006,75.03706359863281,,
ROFST.H.3.Q2,BGD,2011,58.92712020874023,,
ROFST.H.3.Q2,BGD,2013,44.93,,
ROFST.H.3.Q2,BGD,2014,53.04113006591797,,
ROFST.H.3.Q2,BGD,2019,35.33100128173828,,
ROFST.H.3.Q2,BGD,2022,43.00271987915039,,
ROFST.H.3.Q2.F,BGD,2006,75.78395843505859,,
ROFST.H.3.Q2.F,BGD,2011,62.14997863769531,,
ROFST.H.3.Q2.F,BGD,2013,37.79,,
ROFST.H.3.Q2.F,BGD,2014,52.33955001831055,,
ROFST.H.3.Q2.F,BGD,2019,28.00355911254883,,
ROFST.H.3.Q2.F,BGD,2022,40.91353988647461,,
ROFST.H.3.Q2.F.LPIA,BGD,2006,.9513400197029114,,
ROFST.H.3.Q2.F.LPIA,BGD,2011,.8736199736595154,,
ROFST.H.3.Q2.F.LPIA,BGD,2014,.9000300168991089,,
ROFST.H.3.Q2.F.LPIA,BGD,2019,.662339985370636,,
ROFST.H.3.Q2.F.LPIA,BGD,2022,.8592299818992615,,
ROFST.H.3.Q2.GPIA,BGD,2006,1.019469976425171,,
ROFST.H.3.Q2.GPIA,BGD,2011,1.119009971618652,,
ROFST.H.3.Q2.GPIA,BGD,2014,.9720699787139893,,
ROFST.H.3.Q2.GPIA,BGD,2019,.6766899824142456,,
ROFST.H.3.Q2.GPIA,BGD,2022,.9021999835968018,,
ROFST.H.3.Q2.LPIA,BGD,2006,.8993099927902222,,
ROFST.H.3.Q2.LPIA,BGD,2011,.8811699748039246,,
ROFST.H.3.Q2.LPIA,BGD,2014,.9089699983596802,,
ROFST.H.3.Q2.LPIA,BGD,2019,.8398600220680237,,
ROFST.H.3.Q2.LPIA,BGD,2022,.7902799844741821,,
ROFST.H.3.Q2.M,BGD,2006,74.30877685546875,,
ROFST.H.3.Q2.M,BGD,2011,54.75337982177734,,
ROFST.H.3.Q2.M,BGD,2013,50.32,,
ROFST.H.3.Q2.M,BGD,2014,53.84346008300781,,
ROFST.H.3.Q2.M,BGD,2019,41.38336944580078,,
ROFST.H.3.Q2.M,BGD,2022,45.34872055053711,,
ROFST.H.3.Q2.M.LPIA,BGD,2006,.8533099889755249,,
ROFST.H.3.Q2.M.LPIA,BGD,2011,.8908399939537048,,
ROFST.H.3.Q2.M.LPIA,BGD,2014,.9153299927711487,,
ROFST.H.3.Q2.M.LPIA,BGD,2019,.9827899932861328,,
ROFST.H.3.Q2.M.LPIA,BGD,2022,.718720018863678,,
ROFST.H.3.Q3,BGD,2006,68.26403045654297,,
ROFST.H.3.Q3,BGD,2011,51.72602844238281,,
ROFST.H.3.Q3,BGD,2013,35.65,,
ROFST.H.3.Q3,BGD,2014,42.92884063720703,,
ROFST.H.3.Q3,BGD,2019,29.14870071411133,,
ROFST.H.3.Q3,BGD,2022,37.4084587097168,,
ROFST.H.3.Q3.F,BGD,2006,69.12966918945313,,
ROFST.H.3.Q3.F,BGD,2011,55.66411972045898,,
ROFST.H.3.Q3.F,BGD,2013,29.74,,
ROFST.H.3.Q3.F,BGD,2014,45.40724945068359,,
ROFST.H.3.Q3.F,BGD,2019,23.45681953430176,,
ROFST.H.3.Q3.F,BGD,2022,37.92287826538086,,
ROFST.H.3.Q3.F.LPIA,BGD,2006,.9218699932098389,,
ROFST.H.3.Q3.F.LPIA,BGD,2011,.8456199765205383,,
ROFST.H.3.Q3.F.LPIA,BGD,2014,.8113700151443481,,
ROFST.H.3.Q3.F.LPIA,BGD,2019,.659030020236969,,
ROFST.H.3.Q3.F.LPIA,BGD,2022,.8550800085067749,,
ROFST.H.3.Q3.GPIA,BGD,2006,1.025359988212585,,
ROFST.H.3.Q3.GPIA,BGD,2011,1.16022002696991,,
ROFST.H.3.Q3.GPIA,BGD,2014,1.127740025520325,,
ROFST.H.3.Q3.GPIA,BGD,2019,.6788399815559387,,
ROFST.H.3.Q3.GPIA,BGD,2022,1.030580043792725,,
ROFST.H.3.Q3.LPIA,BGD,2006,.8812400102615356,,
ROFST.H.3.Q3.LPIA,BGD,2011,.793429970741272,,
ROFST.H.3.Q3.LPIA,BGD,2014,.7903000116348267,,
ROFST.H.3.Q3.LPIA,BGD,2019,.732729971408844,,
ROFST.H.3.Q3.LPIA,BGD,2022,.7387999892234802,,
ROFST.H.3.Q3.M,BGD,2006,67.37624359130859,,
ROFST.H.3.Q3.M,BGD,2011,46.74581909179688,,
ROFST.H.3.Q3.M,BGD,2013,40.46,,
ROFST.H.3.Q3.M,BGD,2014,39.60675048828125,,
ROFST.H.3.Q3.M,BGD,2019,34.55442047119141,,
ROFST.H.3.Q3.M,BGD,2022,36.76333999633789,,
ROFST.H.3.Q3.M.LPIA,BGD,2006,.8400899767875671,,
ROFST.H.3.Q3.M.LPIA,BGD,2011,.731249988079071,,
ROFST.H.3.Q3.M.LPIA,BGD,2014,.7692000269889832,,
ROFST.H.3.Q3.M.LPIA,BGD,2019,.7923099994659424,,
ROFST.H.3.Q3.M.LPIA,BGD,2022,.6203500032424927,,
ROFST.H.3.Q4,BGD,2006,57.68495941162109,,
ROFST.H.3.Q4,BGD,2011,46.96858978271484,,
ROFST.H.3.Q4,BGD,2013,31.24,,
ROFST.H.3.Q4,BGD,2014,43.74079895019531,,
ROFST.H.3.Q4,BGD,2019,28.41308975219727,,
ROFST.H.3.Q4,BGD,2022,36.31389999389648,,
ROFST.H.3.Q4.F,BGD,2006,57.47613143920898,,
ROFST.H.3.Q4.F,BGD,2011,51.17137908935547,,
ROFST.H.3.Q4.F,BGD,2013,25.93,,
ROFST.H.3.Q4.F,BGD,2014,51.10161972045898,,
ROFST.H.3.Q4.F,BGD,2019,26.23391914367676,,
ROFST.H.3.Q4.F,BGD,2022,39.06338119506836,,
ROFST.H.3.Q4.F.LPIA,BGD,2006,.8668299913406372,,
ROFST.H.3.Q4.F.LPIA,BGD,2011,.7397099733352661,,
ROFST.H.3.Q4.F.LPIA,BGD,2014,.7927200198173523,,
ROFST.H.3.Q4.F.LPIA,BGD,2019,.6035100221633911,,
ROFST.H.3.Q4.F.LPIA,BGD,2022,.7843700051307678,,
ROFST.H.3.Q4.GPIA,BGD,2006,.9925799965858459,,
ROFST.H.3.Q4.GPIA,BGD,2011,1.183259963989258,,
ROFST.H.3.Q4.GPIA,BGD,2014,1.323660016059875,,
ROFST.H.3.Q4.GPIA,BGD,2019,.8531200289726257,,
ROFST.H.3.Q4.GPIA,BGD,2022,1.161030054092407,,
ROFST.H.3.Q4.LPIA,BGD,2006,.8070399761199951,,
ROFST.H.3.Q4.LPIA,BGD,2011,.6783900260925293,,
ROFST.H.3.Q4.LPIA,BGD,2014,.6686300039291382,,
ROFST.H.3.Q4.LPIA,BGD,2019,.5766900181770325,,
ROFST.H.3.Q4.LPIA,BGD,2022,.6881200075149536,,
ROFST.H.3.Q4.M,BGD,2006,57.9056510925293,,
ROFST.H.3.Q4.M,BGD,2011,41.79372024536133,,
ROFST.H.3.Q4.M,BGD,2013,35.98,,
ROFST.H.3.Q4.M,BGD,2014,34.56216049194336,,
ROFST.H.3.Q4.M,BGD,2019,30.75042915344238,,
ROFST.H.3.Q4.M,BGD,2022,32.77288818359375,,
ROFST.H.3.Q4.M.LPIA,BGD,2006,.7480999827384949,,
ROFST.H.3.Q4.M.LPIA,BGD,2011,.6098099946975708,,
ROFST.H.3.Q4.M.LPIA,BGD,2014,.482699990272522,,
ROFST.H.3.Q4.M.LPIA,BGD,2019,.559440016746521,,
ROFST.H.3.Q4.M.LPIA,BGD,2022,.5591800212860107,,
ROFST.H.3.Q5,BGD,2006,44.11698913574219,,
ROFST.H.3.Q5,BGD,2011,39.1521110534668,,
ROFST.H.3.Q5,BGD,2013,20.36,,
ROFST.H.3.Q5,BGD,2014,37.30862045288086,,
ROFST.H.3.Q5,BGD,2019,19.15609931945801,,
ROFST.H.3.Q5,BGD,2022,20.26638984680176,,
ROFST.H.3.Q5.F,BGD,2006,46.73353958129883,,
ROFST.H.3.Q5.F,BGD,2011,42.81124877929688,,
ROFST.H.3.Q5.F,BGD,2013,21.49,,
ROFST.H.3.Q5.F,BGD,2014,39.36248016357422,,
ROFST.H.3.Q5.F,BGD,2019,18.59417915344238,,
ROFST.H.3.Q5.F,BGD,2022,20.81675910949707,,
ROFST.H.3.Q5.F.LPIA,BGD,2006,.9390100240707397,,
ROFST.H.3.Q5.F.LPIA,BGD,2011,.937749981880188,,
ROFST.H.3.Q5.F.LPIA,BGD,2014,.7340199947357178,,
ROFST.H.3.Q5.F.LPIA,BGD,2019,1.033699989318848,,
ROFST.H.3.Q5.F.LPIA,BGD,2022,1.141129970550537,,
ROFST.H.3.Q5.GPIA,BGD,2006,1.120030045509338,,
ROFST.H.3.Q5.GPIA,BGD,2011,1.187809944152832,,
ROFST.H.3.Q5.GPIA,BGD,2014,1.111690044403076,,
ROFST.H.3.Q5.GPIA,BGD,2019,.9416499733924866,,
ROFST.H.3.Q5.GPIA,BGD,2022,1.059270024299622,,
ROFST.H.3.Q5.LPIA,BGD,2006,.9206100106239319,,
ROFST.H.3.Q5.LPIA,BGD,2011,.8168699741363525,,
ROFST.H.3.Q5.LPIA,BGD,2014,.6762700080871582,,
ROFST.H.3.Q5.LPIA,BGD,2019,.8870000243186951,,
ROFST.H.3.Q5.LPIA,BGD,2022,.985319972038269,,
ROFST.H.3.Q5.M,BGD,2006,41.12422180175781,,
ROFST.H.3.Q5.M,BGD,2011,34.77075958251953,,
ROFST.H.3.Q5.M,BGD,2013,19.12,,
ROFST.H.3.Q5.M,BGD,2014,34.96611022949219,,
ROFST.H.3.Q5.M,BGD,2019,19.74645042419434,,
ROFST.H.3.Q5.M,BGD,2022,19.58296012878418,,
ROFST.H.3.Q5.M.LPIA,BGD,2006,.9079399704933167,,
ROFST.H.3.Q5.M.LPIA,BGD,2011,.639680027961731,,
ROFST.H.3.Q5.M.LPIA,BGD,2014,.5946400165557861,,
ROFST.H.3.Q5.M.LPIA,BGD,2019,.7563199996948242,,
ROFST.H.3.Q5.M.LPIA,BGD,2022,.7785900235176086,,
ROFST.H.3.RUR,BGD,2006,67.03173828125,,
ROFST.H.3.RUR,BGD,2011,54.03147125244141,,
ROFST.H.3.RUR,BGD,2013,38.37,,
ROFST.H.3.RUR,BGD,2014,47.55635833740234,,
ROFST.H.3.RUR,BGD,2019,31.85174942016602,,
ROFST.H.3.RUR,BGD,2022,37.86301040649414,,
ROFST.H.3.RUR.F,BGD,2006,68.10491180419922,,
ROFST.H.3.RUR.F,BGD,2011,57.67834854125977,,
ROFST.H.3.RUR.F,BGD,2013,32.37,,
ROFST.H.3.RUR.F,BGD,2014,51.04531097412109,,
ROFST.H.3.RUR.F,BGD,2019,26.11302947998047,,
ROFST.H.3.RUR.F,BGD,2022,38.34869003295898,,
ROFST.H.3.RUR.F.WPIA,BGD,2006,1.466490030288696,,
ROFST.H.3.RUR.F.WPIA,BGD,2011,1.473979949951172,,
ROFST.H.3.RUR.F.WPIA,BGD,2014,1.547729969024658,,
ROFST.H.3.RUR.F.WPIA,BGD,2019,1.477849960327148,,
ROFST.H.3.RUR.F.WPIA,BGD,2022,1.533089995384216,,
ROFST.H.3.RUR.GPIA,BGD,2006,1.031540036201477,,
ROFST.H.3.RUR.GPIA,BGD,2011,1.139790058135986,,
ROFST.H.3.RUR.GPIA,BGD,2014,1.152130007743835,,
ROFST.H.3.RUR.GPIA,BGD,2019,.7020300030708313,,
ROFST.H.3.RUR.GPIA,BGD,2022,1.027519941329956,,
ROFST.H.3.RUR.M,BGD,2006,65.95673370361328,,
ROFST.H.3.RUR.M,BGD,2011,49.6156005859375,,
ROFST.H.3.RUR.M,BGD,2013,43.43,,
ROFST.H.3.RUR.M,BGD,2014,43.27975082397461,,
ROFST.H.3.RUR.M,BGD,2019,37.1963996887207,,
ROFST.H.3.RUR.M,BGD,2022,37.29327011108398,,
ROFST.H.3.RUR.M.WPIA,BGD,2006,1.539160013198853,,
ROFST.H.3.RUR.M.WPIA,BGD,2011,1.670330047607422,,
ROFST.H.3.RUR.M.WPIA,BGD,2014,1.604830026626587,,
ROFST.H.3.RUR.M.WPIA,BGD,2019,1.682620048522949,,
ROFST.H.3.RUR.M.WPIA,BGD,2022,1.667680025100708,,
ROFST.H.3.RUR.Q1,BGD,2006,83.41319274902344,,
ROFST.H.3.RUR.Q1,BGD,2011,76.65789794921875,,
ROFST.H.3.RUR.Q1,BGD,2013,60.25,,
ROFST.H.3.RUR.Q1,BGD,2014,65.81709289550781,,
ROFST.H.3.RUR.Q1,BGD,2019,44.95698165893555,,
ROFST.H.3.RUR.Q1,BGD,2022,49.44736862182617,,
ROFST.H.3.RUR.Q1.F,BGD,2006,83.58193969726563,,
ROFST.H.3.RUR.Q1.F,BGD,2011,77.81405639648438,,
ROFST.H.3.RUR.Q1.F,BGD,2013,51.77,,
ROFST.H.3.RUR.Q1.F,BGD,2014,70.25485229492188,,
ROFST.H.3.RUR.Q1.F,BGD,2019,36.3155517578125,,
ROFST.H.3.RUR.Q1.F,BGD,2022,48.39894866943359,,
ROFST.H.3.RUR.Q1.GPIA,BGD,2006,1.003999948501587,,
ROFST.H.3.RUR.Q1.GPIA,BGD,2011,1.031419992446899,,
ROFST.H.3.RUR.Q1.GPIA,BGD,2014,1.142420053482056,,
ROFST.H.3.RUR.Q1.GPIA,BGD,2019,.697350025177002,,
ROFST.H.3.RUR.Q1.GPIA,BGD,2022,.9579700231552124,,
ROFST.H.3.RUR.Q1.M,BGD,2006,83.24730682373047,,
ROFST.H.3.RUR.Q1.M,BGD,2011,75.36921691894531,,
ROFST.H.3.RUR.Q1.M,BGD,2013,66.83,,
ROFST.H.3.RUR.Q1.M,BGD,2014,60.24945831298828,,
ROFST.H.3.RUR.Q1.M,BGD,2019,52.07669067382813,,
ROFST.H.3.RUR.Q1.M,BGD,2022,50.52259063720703,,
ROFST.H.3.RUR.Q2,BGD,2006,74.05314636230469,,
ROFST.H.3.RUR.Q2,BGD,2011,58.35329055786133,,
ROFST.H.3.RUR.Q2,BGD,2013,43.94,,
ROFST.H.3.RUR.Q2,BGD,2014,52.61656951904297,,
ROFST.H.3.RUR.Q2,BGD,2019,34.88526153564453,,
ROFST.H.3.RUR.Q2,BGD,2022,41.48992156982422,,
ROFST.H.3.RUR.Q2.F,BGD,2006,75.33518218994141,,
ROFST.H.3.RUR.Q2.F,BGD,2011,61.50674057006836,,
ROFST.H.3.RUR.Q2.F,BGD,2013,37.28,,
ROFST.H.3.RUR.Q2.F,BGD,2014,51.78918838500977,,
ROFST.H.3.RUR.Q2.F,BGD,2019,27.08649063110352,,
ROFST.H.3.RUR.Q2.F,BGD,2022,39.96414184570313,,
ROFST.H.3.RUR.Q2.GPIA,BGD,2006,1.033689975738525,,
ROFST.H.3.RUR.Q2.GPIA,BGD,2011,1.117769956588745,,
ROFST.H.3.RUR.Q2.GPIA,BGD,2014,.9674800038337708,,
ROFST.H.3.RUR.Q2.GPIA,BGD,2019,.6553000211715698,,
ROFST.H.3.RUR.Q2.GPIA,BGD,2022,.9257100224494934,,
ROFST.H.3.RUR.Q2.M,BGD,2006,72.79691314697266,,
ROFST.H.3.RUR.Q2.M,BGD,2011,54.26306915283203,,
ROFST.H.3.RUR.Q2.M,BGD,2013,49.02,,
ROFST.H.3.RUR.Q2.M,BGD,2014,53.53007888793945,,
ROFST.H.3.RUR.Q2.M,BGD,2019,41.33449935913086,,
ROFST.H.3.RUR.Q2.M,BGD,2022,43.1715087890625,,
ROFST.H.3.RUR.Q3,BGD,2006,66.65189361572266,,
ROFST.H.3.RUR.Q3,BGD,2011,50.27193069458008,,
ROFST.H.3.RUR.Q3,BGD,2013,34.55,,
ROFST.H.3.RUR.Q3,BGD,2014,41.14083099365234,,
ROFST.H.3.RUR.Q3,BGD,2019,27.90571022033691,,
ROFST.H.3.RUR.Q3,BGD,2022,34.51203918457031,,
ROFST.H.3.RUR.Q3.F,BGD,2006,68.05077362060547,,
ROFST.H.3.RUR.Q3.F,BGD,2011,54.44987869262695,,
ROFST.H.3.RUR.Q3.F,BGD,2013,28.83,,
ROFST.H.3.RUR.Q3.F,BGD,2014,43.61824035644531,,
ROFST.H.3.RUR.Q3.F,BGD,2019,22.09234046936035,,
ROFST.H.3.RUR.Q3.F,BGD,2022,36.47946166992188,,
ROFST.H.3.RUR.Q3.GPIA,BGD,2006,1.041249990463257,,
ROFST.H.3.RUR.Q3.GPIA,BGD,2011,1.171069979667664,,
ROFST.H.3.RUR.Q3.GPIA,BGD,2014,1.130290031433105,,
ROFST.H.3.RUR.Q3.GPIA,BGD,2019,.6602500081062317,,
ROFST.H.3.RUR.Q3.GPIA,BGD,2022,1.122359991073608,,
ROFST.H.3.RUR.Q3.M,BGD,2006,65.24378204345703,,
ROFST.H.3.RUR.Q3.M,BGD,2011,45.13491058349609,,
ROFST.H.3.RUR.Q3.M,BGD,2013,39.17,,
ROFST.H.3.RUR.Q3.M,BGD,2014,37.9351806640625,,
ROFST.H.3.RUR.Q3.M,BGD,2019,33.46052169799805,,
ROFST.H.3.RUR.Q3.M,BGD,2022,32.01596832275391,,
ROFST.H.3.RUR.Q4,BGD,2006,53.91048049926758,,
ROFST.H.3.RUR.Q4,BGD,2011,41.10947036743164,,
ROFST.H.3.RUR.Q4,BGD,2013,26.83,,
ROFST.H.3.RUR.Q4,BGD,2014,36.95434188842773,,
ROFST.H.3.RUR.Q4,BGD,2019,24.20993995666504,,
ROFST.H.3.RUR.Q4,BGD,2022,30.92951965332031,,
ROFST.H.3.RUR.Q4.F,BGD,2006,54.93024063110352,,
ROFST.H.3.RUR.Q4.F,BGD,2011,45.924560546875,,
ROFST.H.3.RUR.Q4.F,BGD,2013,23.14,,
ROFST.H.3.RUR.Q4.F,BGD,2014,46.65425872802734,,
ROFST.H.3.RUR.Q4.F,BGD,2019,22.85930061340332,,
ROFST.H.3.RUR.Q4.F,BGD,2022,35.39939880371094,,
ROFST.H.3.RUR.Q4.GPIA,BGD,2006,1.037690043449402,,
ROFST.H.3.RUR.Q4.GPIA,BGD,2011,1.224439978599548,,
ROFST.H.3.RUR.Q4.GPIA,BGD,2014,1.472759962081909,,
ROFST.H.3.RUR.Q4.GPIA,BGD,2019,.8892599940299988,,
ROFST.H.3.RUR.Q4.GPIA,BGD,2022,1.29355001449585,,
ROFST.H.3.RUR.Q4.M,BGD,2006,52.86008834838867,,
ROFST.H.3.RUR.Q4.M,BGD,2011,35.61709976196289,,
ROFST.H.3.RUR.Q4.M,BGD,2013,30.26,,
ROFST.H.3.RUR.Q4.M,BGD,2014,24.59786987304688,,
ROFST.H.3.RUR.Q4.M,BGD,2019,25.70586013793945,,
ROFST.H.3.RUR.Q4.M,BGD,2022,25.00786018371582,,
ROFST.H.3.RUR.Q5,BGD,2006,41.51927947998047,,
ROFST.H.3.RUR.Q5,BGD,2011,33.84423828125,,
ROFST.H.3.RUR.Q5,BGD,2013,18.23,,
ROFST.H.3.RUR.Q5,BGD,2014,28.22495079040527,,
ROFST.H.3.RUR.Q5,BGD,2019,17.81745910644531,,
ROFST.H.3.RUR.Q5,BGD,2022,20.09565925598145,,
ROFST.H.3.RUR.Q5.F,BGD,2006,44.59204864501953,,
ROFST.H.3.RUR.Q5.F,BGD,2011,40.93198013305664,,
ROFST.H.3.RUR.Q5.F,BGD,2013,17.76,,
ROFST.H.3.RUR.Q5.F,BGD,2014,31.77434921264648,,
ROFST.H.3.RUR.Q5.F,BGD,2019,18.96208953857422,,
ROFST.H.3.RUR.Q5.F,BGD,2022,22.59794044494629,,
ROFST.H.3.RUR.Q5.GPIA,BGD,2006,1.139680027961731,,
ROFST.H.3.RUR.Q5.GPIA,BGD,2011,1.392979979515076,,
ROFST.H.3.RUR.Q5.GPIA,BGD,2014,1.25068998336792,,
ROFST.H.3.RUR.Q5.GPIA,BGD,2019,1.128370046615601,,
ROFST.H.3.RUR.Q5.GPIA,BGD,2022,1.257019996643066,,
ROFST.H.3.RUR.Q5.M,BGD,2006,38.36346054077148,,
ROFST.H.3.RUR.Q5.M,BGD,2011,24.84659957885742,,
ROFST.H.3.RUR.Q5.M,BGD,2013,18.74,,
ROFST.H.3.RUR.Q5.M,BGD,2014,23.80878067016602,,
ROFST.H.3.RUR.Q5.M,BGD,2019,16.52791023254395,,
ROFST.H.3.RUR.Q5.M,BGD,2022,16.78974914550781,,
ROFST.H.3.RUR.WPIA,BGD,2006,1.502249956130981,,
ROFST.H.3.RUR.WPIA,BGD,2011,1.558500051498413,,
ROFST.H.3.RUR.WPIA,BGD,2014,1.571159958839417,,
ROFST.H.3.RUR.WPIA,BGD,2019,1.603680014610291,,
ROFST.H.3.RUR.WPIA,BGD,2022,1.593600034713745,,
ROFST.H.3.URB,BGD,2006,59.41255187988281,,
ROFST.H.3.URB,BGD,2011,51.71043014526367,,
ROFST.H.3.URB,BGD,2013,36.66,,
ROFST.H.3.URB,BGD,2014,48.81808853149414,,
ROFST.H.3.URB,BGD,2019,30.52273941040039,,
ROFST.H.3.URB,BGD,2022,37.20431137084961,,
ROFST.H.3.URB.F,BGD,2006,58.84709167480469,,
ROFST.H.3.URB.F,BGD,2011,53.85224914550781,,
ROFST.H.3.URB.F,BGD,2013,32.13,,
ROFST.H.3.URB.F,BGD,2014,51.17280960083008,,
ROFST.H.3.URB.F,BGD,2019,26.92041969299316,,
ROFST.H.3.URB.F,BGD,2022,35.63710021972656,,
ROFST.H.3.URB.F.WPIA,BGD,2006,1.413059949874878,,
ROFST.H.3.URB.F.WPIA,BGD,2011,1.352200031280518,,
ROFST.H.3.URB.F.WPIA,BGD,2014,1.255229949951172,,
ROFST.H.3.URB.F.WPIA,BGD,2019,1.434849977493286,,
ROFST.H.3.URB.F.WPIA,BGD,2022,1.695629954338074,,
ROFST.H.3.URB.GPIA,BGD,2006,.9798700213432312,,
ROFST.H.3.URB.GPIA,BGD,2011,1.091590046882629,,
ROFST.H.3.URB.GPIA,BGD,2014,1.10151994228363,,
ROFST.H.3.URB.GPIA,BGD,2019,.7924500107765198,,
ROFST.H.3.URB.GPIA,BGD,2022,.9118599891662598,,
ROFST.H.3.URB.M,BGD,2006,60.05607986450195,,
ROFST.H.3.URB.M,BGD,2011,48.92007827758789,,
ROFST.H.3.URB.M,BGD,2013,40.82,,
ROFST.H.3.URB.M,BGD,2014,45.97792816162109,,
ROFST.H.3.URB.M,BGD,2019,33.97124862670898,,
ROFST.H.3.URB.M,BGD,2022,39.08168029785156,,
ROFST.H.3.URB.M.WPIA,BGD,2006,1.518509984016418,,
ROFST.H.3.URB.M.WPIA,BGD,2011,1.518980026245117,,
ROFST.H.3.URB.M.WPIA,BGD,2014,1.238649964332581,,
ROFST.H.3.URB.M.WPIA,BGD,2019,1.640079975128174,,
ROFST.H.3.URB.M.WPIA,BGD,2022,1.623729944229126,,
ROFST.H.3.URB.Q1,BGD,2006,84.16584014892578,,
ROFST.H.3.URB.Q1,BGD,2011,72.59808349609375,,
ROFST.H.3.URB.Q1,BGD,2013,62.98,,
ROFST.H.3.URB.Q1,BGD,2014,55.46012115478516,,
ROFST.H.3.URB.Q1,BGD,2019,47.74995040893555,,
ROFST.H.3.URB.Q1,BGD,2022,60.49203872680664,,
ROFST.H.3.URB.Q1.F,BGD,2006,80.9080810546875,,
ROFST.H.3.URB.Q1.F,BGD,2011,67.38115692138672,,
ROFST.H.3.URB.Q1.F,BGD,2013,53.16999999999999,,
ROFST.H.3.URB.Q1.F,BGD,2014,58.12295913696289,,
ROFST.H.3.URB.Q1.F,BGD,2019,32.421630859375,,
ROFST.H.3.URB.Q1.F,BGD,2022,63.76776885986328,,
ROFST.H.3.URB.Q1.GPIA,BGD,2006,.921970009803772,,
ROFST.H.3.URB.Q1.GPIA,BGD,2011,.8344399929046631,,
ROFST.H.3.URB.Q1.GPIA,BGD,2014,1.095209956169128,,
ROFST.H.3.URB.Q1.GPIA,BGD,2019,.5339800119400024,,
ROFST.H.3.URB.Q1.GPIA,BGD,2022,1.10125994682312,,
ROFST.H.3.URB.Q1.M,BGD,2006,87.75520324707031,,
ROFST.H.3.URB.Q1.M,BGD,2011,80.75007629394531,,
ROFST.H.3.URB.Q1.M,BGD,2013,70.34,,
ROFST.H.3.URB.Q1.M,BGD,2014,52.58903884887695,,
ROFST.H.3.URB.Q1.M,BGD,2019,60.71641159057617,,
ROFST.H.3.URB.Q1.M,BGD,2022,57.31039810180664,,
ROFST.H.3.URB.Q2,BGD,2006,82.34465026855469,,
ROFST.H.3.URB.Q2,BGD,2011,66.222412109375,,
ROFST.H.3.URB.Q2,BGD,2013,56.14,,
ROFST.H.3.URB.Q2,BGD,2014,57.88618087768555,,
ROFST.H.3.URB.Q2,BGD,2019,41.53704833984375,,
ROFST.H.3.URB.Q2,BGD,2022,52.50006103515625,,
ROFST.H.3.URB.Q2.F,BGD,2006,79.18840026855469,,
ROFST.H.3.URB.Q2.F,BGD,2011,70.40458679199219,,
ROFST.H.3.URB.Q2.F,BGD,2013,44.06,,
ROFST.H.3.URB.Q2.F,BGD,2014,57.54177093505859,,
ROFST.H.3.URB.Q2.F,BGD,2019,40.89535903930664,,
ROFST.H.3.URB.Q2.F,BGD,2022,46.51152038574219,,
ROFST.H.3.URB.Q2.GPIA,BGD,2006,.9282199740409851,,
ROFST.H.3.URB.Q2.GPIA,BGD,2011,1.134819984436035,,
ROFST.H.3.URB.Q2.GPIA,BGD,2014,.9839299917221069,,
ROFST.H.3.URB.Q2.GPIA,BGD,2019,.972350001335144,,
ROFST.H.3.URB.Q2.GPIA,BGD,2022,.7743200063705444,,
ROFST.H.3.URB.Q2.M,BGD,2006,85.31169128417969,,
ROFST.H.3.URB.Q2.M,BGD,2011,60.91250991821289,,
ROFST.H.3.URB.Q2.M,BGD,2013,64.09999999999999,,
ROFST.H.3.URB.Q2.M,BGD,2014,58.48160171508789,,
ROFST.H.3.URB.Q2.M,BGD,2019,42.0584716796875,,
ROFST.H.3.URB.Q2.M,BGD,2022,60.06729125976563,,
ROFST.H.3.URB.Q3,BGD,2006,75.63395690917969,,
ROFST.H.3.URB.Q3,BGD,2011,63.36064147949219,,
ROFST.H.3.URB.Q3,BGD,2013,44.8,,
ROFST.H.3.URB.Q3,BGD,2014,52.05746841430664,,
ROFST.H.3.URB.Q3,BGD,2019,38.08460998535156,,
ROFST.H.3.URB.Q3,BGD,2022,46.71361923217773,,
ROFST.H.3.URB.Q3.F,BGD,2006,73.81825256347656,,
ROFST.H.3.URB.Q3.F,BGD,2011,64.39037322998047,,
ROFST.H.3.URB.Q3.F,BGD,2013,37.03,,
ROFST.H.3.URB.Q3.F,BGD,2014,53.75886917114258,,
ROFST.H.3.URB.Q3.F,BGD,2019,33.52273178100586,,
ROFST.H.3.URB.Q3.F,BGD,2022,42.66205978393555,,
ROFST.H.3.URB.Q3.GPIA,BGD,2006,.9505000114440918,,
ROFST.H.3.URB.Q3.GPIA,BGD,2011,1.041429996490479,,
ROFST.H.3.URB.Q3.GPIA,BGD,2014,1.082610011100769,,
ROFST.H.3.URB.Q3.GPIA,BGD,2019,.7937899827957153,,
ROFST.H.3.URB.Q3.GPIA,BGD,2022,.8266299962997437,,
ROFST.H.3.URB.Q3.M,BGD,2006,77.66272735595703,,
ROFST.H.3.URB.Q3.M,BGD,2011,61.72270965576172,,
ROFST.H.3.URB.Q3.M,BGD,2013,51.37,,
ROFST.H.3.URB.Q3.M,BGD,2014,49.3177490234375,,
ROFST.H.3.URB.Q3.M,BGD,2019,42.23143005371094,,
ROFST.H.3.URB.Q3.M,BGD,2022,51.60947036743164,,
ROFST.H.3.URB.Q4,BGD,2006,66.80020141601563,,
ROFST.H.3.URB.Q4,BGD,2011,60.59859085083008,,
ROFST.H.3.URB.Q4,BGD,2013,48.2,,
ROFST.H.3.URB.Q4,BGD,2014,55.26900863647461,,
ROFST.H.3.URB.Q4,BGD,2019,41.98083114624023,,
ROFST.H.3.URB.Q4,BGD,2022,44.94778823852539,,
ROFST.H.3.URB.Q4.F,BGD,2006,63.36943817138672,,
ROFST.H.3.URB.Q4.F,BGD,2011,62.08427047729492,,
ROFST.H.3.URB.Q4.F,BGD,2013,37.87,,
ROFST.H.3.URB.Q4.F,BGD,2014,58.85313034057617,,
ROFST.H.3.URB.Q4.F,BGD,2019,37.87746810913086,,
ROFST.H.3.URB.Q4.F,BGD,2022,45.13100814819336,,
ROFST.H.3.URB.Q4.GPIA,BGD,2006,.89683997631073,,
ROFST.H.3.URB.Q4.GPIA,BGD,2011,1.059229969978333,,
ROFST.H.3.URB.Q4.GPIA,BGD,2014,1.134140014648438,,
ROFST.H.3.URB.Q4.GPIA,BGD,2019,.8243299722671509,,
ROFST.H.3.URB.Q4.GPIA,BGD,2022,1.009060025215149,,
ROFST.H.3.URB.Q4.M,BGD,2006,70.6588134765625,,
ROFST.H.3.URB.Q4.M,BGD,2011,58.40708160400391,,
ROFST.H.3.URB.Q4.M,BGD,2013,56.10000000000001,,
ROFST.H.3.URB.Q4.M,BGD,2014,50.95851898193359,,
ROFST.H.3.URB.Q4.M,BGD,2019,45.9494514465332,,
ROFST.H.3.URB.Q4.M,BGD,2022,44.72222137451172,,
ROFST.H.3.URB.Q5,BGD,2006,45.09962844848633,,
ROFST.H.3.URB.Q5,BGD,2011,41.43180847167969,,
ROFST.H.3.URB.Q5,BGD,2013,22.22,,
ROFST.H.3.URB.Q5,BGD,2014,41.73600006103516,,
ROFST.H.3.URB.Q5,BGD,2019,20.08740997314453,,
ROFST.H.3.URB.Q5,BGD,2022,20.39500999450684,,
ROFST.H.3.URB.Q5.F,BGD,2006,47.48841857910156,,
ROFST.H.3.URB.Q5.F,BGD,2011,43.64934921264648,,
ROFST.H.3.URB.Q5.F,BGD,2013,24.73,,
ROFST.H.3.URB.Q5.F,BGD,2014,43.28820037841797,,
ROFST.H.3.URB.Q5.F,BGD,2019,18.32309913635254,,
ROFST.H.3.URB.Q5.F,BGD,2022,19.40872001647949,,
ROFST.H.3.URB.Q5.GPIA,BGD,2006,1.11023998260498,,
ROFST.H.3.URB.Q5.GPIA,BGD,2011,1.110129952430725,,
ROFST.H.3.URB.Q5.GPIA,BGD,2014,1.07506000995636,,
ROFST.H.3.URB.Q5.GPIA,BGD,2019,.8384600281715393,,
ROFST.H.3.URB.Q5.GPIA,BGD,2022,.9000399708747864,,
ROFST.H.3.URB.Q5.M,BGD,2006,42.25329971313477,,
ROFST.H.3.URB.Q5.M,BGD,2011,38.84217071533203,,
ROFST.H.3.URB.Q5.M,BGD,2013,19.46,,
ROFST.H.3.URB.Q5.M,BGD,2014,40.03881072998047,,
ROFST.H.3.URB.Q5.M,BGD,2019,21.85318946838379,,
ROFST.H.3.URB.Q5.M,BGD,2022,21.56418037414551,,
ROFST.H.3.URB.WPIA,BGD,2006,1.464159965515137,,
ROFST.H.3.URB.WPIA,BGD,2011,1.42929995059967,,
ROFST.H.3.URB.WPIA,BGD,2014,1.247460007667542,,
ROFST.H.3.URB.WPIA,BGD,2019,1.579319953918457,,
ROFST.H.3.URB.WPIA,BGD,2022,1.662850022315979,,
ROFST.H.3.WPIA,BGD,2006,1.471619963645935,,
ROFST.H.3.WPIA,BGD,2011,1.486670017242432,,
ROFST.H.3.WPIA,BGD,2013,1.663526654243469,,
ROFST.H.3.WPIA,BGD,2014,1.42218005657196,,
ROFST.H.3.WPIA,BGD,2019,1.575600028038025,,
ROFST.H.3.WPIA,BGD,2022,1.596400022506714,,
ROFST.MOD.1,BGD,2000,12.60000038146973,,
ROFST.MOD.1,BGD,2001,12.30000019073486,,
ROFST.MOD.1,BGD,2002,11.89999961853027,,
ROFST.MOD.1,BGD,2003,11.80000019073486,,
ROFST.MOD.1,BGD,2004,12.19999980926514,,
ROFST.MOD.1,BGD,2005,12.89999961853027,,
ROFST.MOD.1,BGD,2006,13.60000038146973,,
ROFST.MOD.1,BGD,2007,14.10000038146973,,
ROFST.MOD.1,BGD,2008,14.39999961853027,,
ROFST.MOD.1,BGD,2009,14.80000019073486,,
ROFST.MOD.1,BGD,2010,15.5,,
ROFST.MOD.1,BGD,2011,16.20000076293945,,
ROFST.MOD.1,BGD,2012,17.29999923706055,,
ROFST.MOD.1,BGD,2013,18.10000038146973,,
ROFST.MOD.1,BGD,2014,18.20000076293945,,
ROFST.MOD.1,BGD,2015,17.20000076293945,,
ROFST.MOD.1,BGD,2016,15.69999980926514,,
ROFST.MOD.1,BGD,2017,13.60000038146973,,
ROFST.MOD.1,BGD,2018,11.5,,
ROFST.MOD.1,BGD,2019,9.800000190734863,,
ROFST.MOD.1,BGD,2020,8.5,,
ROFST.MOD.1,BGD,2021,7.400000095367432,,
ROFST.MOD.1,BGD,2022,6.699999809265137,,
ROFST.MOD.1,BGD,2023,6.199999809265137,,
ROFST.MOD.1,BGD,2024,5.900000095367432,,
ROFST.MOD.1,BGD,2025,5.599999904632568,,
ROFST.MOD.1.F,BGD,2000,11.30000019073486,,
ROFST.MOD.1.F,BGD,2001,11,,
ROFST.MOD.1.F,BGD,2002,10.69999980926514,,
ROFST.MOD.1.F,BGD,2003,10.60000038146973,,
ROFST.MOD.1.F,BGD,2004,10.80000019073486,,
ROFST.MOD.1.F,BGD,2005,11.19999980926514,,
ROFST.MOD.1.F,BGD,2006,11.80000019073486,,
ROFST.MOD.1.F,BGD,2007,12.39999961853027,,
ROFST.MOD.1.F,BGD,2008,12.69999980926514,,
ROFST.MOD.1.F,BGD,2009,13.10000038146973,,
ROFST.MOD.1.F,BGD,2010,14.19999980926514,,
ROFST.MOD.1.F,BGD,2011,15.39999961853027,,
ROFST.MOD.1.F,BGD,2012,16.79999923706055,,
ROFST.MOD.1.F,BGD,2013,17.89999961853027,,
ROFST.MOD.1.F,BGD,2014,18,,
ROFST.MOD.1.F,BGD,2015,16.70000076293945,,
ROFST.MOD.1.F,BGD,2016,14.69999980926514,,
ROFST.MOD.1.F,BGD,2017,12.19999980926514,,
ROFST.MOD.1.F,BGD,2018,9.800000190734863,,
ROFST.MOD.1.F,BGD,2019,8.100000381469727,,
ROFST.MOD.1.F,BGD,2020,6.800000190734863,,
ROFST.MOD.1.F,BGD,2021,5.699999809265137,,
ROFST.MOD.1.F,BGD,2022,4.900000095367432,,
ROFST.MOD.1.F,BGD,2023,4.300000190734863,,
ROFST.MOD.1.F,BGD,2024,3.799999952316284,,
ROFST.MOD.1.F,BGD,2025,3.400000095367432,,
ROFST.MOD.1.GPIA,BGD,2000,.8129496574401855,,
ROFST.MOD.1.GPIA,BGD,2001,.8208955526351929,,
ROFST.MOD.1.GPIA,BGD,2002,.8167938590049744,,
ROFST.MOD.1.GPIA,BGD,2003,.8091602921485901,,
ROFST.MOD.1.GPIA,BGD,2004,.7941176295280457,,
ROFST.MOD.1.GPIA,BGD,2005,.7724137902259827,,
ROFST.MOD.1.GPIA,BGD,2006,.7712418437004089,,
ROFST.MOD.1.GPIA,BGD,2007,.7848100662231445,,
ROFST.MOD.1.GPIA,BGD,2008,.7839505672454834,,
ROFST.MOD.1.GPIA,BGD,2009,.7987805008888245,,
ROFST.MOD.1.GPIA,BGD,2010,.8452381491661072,,
ROFST.MOD.1.GPIA,BGD,2011,.9058823585510254,,
ROFST.MOD.1.GPIA,BGD,2012,.9491524696350098,,
ROFST.MOD.1.GPIA,BGD,2013,.9781420826911926,,
ROFST.MOD.1.GPIA,BGD,2014,.9836065769195557,,
ROFST.MOD.1.GPIA,BGD,2015,.9435028433799744,,
ROFST.MOD.1.GPIA,BGD,2016,.8802394866943359,,
ROFST.MOD.1.GPIA,BGD,2017,.8079469799995422,,
ROFST.MOD.1.GPIA,BGD,2018,.7480915784835815,,
ROFST.MOD.1.GPIA,BGD,2019,.7043478488922119,,
ROFST.MOD.1.GPIA,BGD,2020,.6666666865348816,,
ROFST.MOD.1.GPIA,BGD,2021,.6333333253860474,,
ROFST.MOD.1.GPIA,BGD,2022,.5903614163398743,,
ROFST.MOD.1.GPIA,BGD,2023,.544303834438324,,
ROFST.MOD.1.GPIA,BGD,2024,.4871794581413269,,
ROFST.MOD.1.GPIA,BGD,2025,.441558450460434,,
ROFST.MOD.1.M,BGD,2000,13.89999961853027,,
ROFST.MOD.1.M,BGD,2001,13.39999961853027,,
ROFST.MOD.1.M,BGD,2002,13.10000038146973,,
ROFST.MOD.1.M,BGD,2003,13.10000038146973,,
ROFST.MOD.1.M,BGD,2004,13.60000038146973,,
ROFST.MOD.1.M,BGD,2005,14.5,,
ROFST.MOD.1.M,BGD,2006,15.30000019073486,,
ROFST.MOD.1.M,BGD,2007,15.80000019073486,,
ROFST.MOD.1.M,BGD,2008,16.20000076293945,,
ROFST.MOD.1.M,BGD,2009,16.39999961853027,,
ROFST.MOD.1.M,BGD,2010,16.79999923706055,,
ROFST.MOD.1.M,BGD,2011,17,,
ROFST.MOD.1.M,BGD,2012,17.70000076293945,,
ROFST.MOD.1.M,BGD,2013,18.29999923706055,,
ROFST.MOD.1.M,BGD,2014,18.29999923706055,,
ROFST.MOD.1.M,BGD,2015,17.70000076293945,,
ROFST.MOD.1.M,BGD,2016,16.70000076293945,,
ROFST.MOD.1.M,BGD,2017,15.10000038146973,,
ROFST.MOD.1.M,BGD,2018,13.10000038146973,,
ROFST.MOD.1.M,BGD,2019,11.5,,
ROFST.MOD.1.M,BGD,2020,10.19999980926514,,
ROFST.MOD.1.M,BGD,2021,9,,
ROFST.MOD.1.M,BGD,2022,8.300000190734863,,
ROFST.MOD.1.M,BGD,2023,7.900000095367432,,
ROFST.MOD.1.M,BGD,2024,7.800000190734863,,
ROFST.MOD.1.M,BGD,2025,7.699999809265137,,
ROFST.MOD.2,BGD,2000,30.10000038146973,,
ROFST.MOD.2,BGD,2001,30.39999961853027,,
ROFST.MOD.2,BGD,2002,30.79999923706055,,
ROFST.MOD.2,BGD,2003,31.20000076293945,,
ROFST.MOD.2,BGD,2004,30.79999923706055,,
ROFST.MOD.2,BGD,2005,29.5,,
ROFST.MOD.2,BGD,2006,28,,
ROFST.MOD.2,BGD,2007,26.70000076293945,,
ROFST.MOD.2,BGD,2008,26.29999923706055,,
ROFST.MOD.2,BGD,2009,26.5,,
ROFST.MOD.2,BGD,2010,26.79999923706055,,
ROFST.MOD.2,BGD,2011,26.39999961853027,,
ROFST.MOD.2,BGD,2012,24.79999923706055,,
ROFST.MOD.2,BGD,2013,22.89999961853027,,
ROFST.MOD.2,BGD,2014,21.39999961853027,,
ROFST.MOD.2,BGD,2015,21.39999961853027,,
ROFST.MOD.2,BGD,2016,22.10000038146973,,
ROFST.MOD.2,BGD,2017,23,,
ROFST.MOD.2,BGD,2018,22.79999923706055,,
ROFST.MOD.2,BGD,2019,21.60000038146973,,
ROFST.MOD.2,BGD,2020,19.10000038146973,,
ROFST.MOD.2,BGD,2021,16.29999923706055,,
ROFST.MOD.2,BGD,2022,13.60000038146973,,
ROFST.MOD.2,BGD,2023,11.30000019073486,,
ROFST.MOD.2,BGD,2024,9.699999809265137,,
ROFST.MOD.2,BGD,2025,8.699999809265137,,
ROFST.MOD.2.F,BGD,2000,26.10000038146973,,
ROFST.MOD.2.F,BGD,2001,25.79999923706055,,
ROFST.MOD.2.F,BGD,2002,25.89999961853027,,
ROFST.MOD.2.F,BGD,2003,26.29999923706055,,
ROFST.MOD.2.F,BGD,2004,26.10000038146973,,
ROFST.MOD.2.F,BGD,2005,25.10000038146973,,
ROFST.MOD.2.F,BGD,2006,23.5,,
ROFST.MOD.2.F,BGD,2007,21.89999961853027,,
ROFST.MOD.2.F,BGD,2008,21.20000076293945,,
ROFST.MOD.2.F,BGD,2009,21,,
ROFST.MOD.2.F,BGD,2010,21.10000038146973,,
ROFST.MOD.2.F,BGD,2011,20.70000076293945,,
ROFST.MOD.2.F,BGD,2012,19.29999923706055,,
ROFST.MOD.2.F,BGD,2013,17.5,,
ROFST.MOD.2.F,BGD,2014,16.10000038146973,,
ROFST.MOD.2.F,BGD,2015,16.20000076293945,,
ROFST.MOD.2.F,BGD,2016,17.29999923706055,,
ROFST.MOD.2.F,BGD,2017,18.60000038146973,,
ROFST.MOD.2.F,BGD,2018,18.29999923706055,,
ROFST.MOD.2.F,BGD,2019,16.70000076293945,,
ROFST.MOD.2.F,BGD,2020,13.30000019073486,,
ROFST.MOD.2.F,BGD,2021,9.800000190734863,,
ROFST.MOD.2.F,BGD,2022,6.699999809265137,,
ROFST.MOD.2.F,BGD,2023,4.800000190734863,,
ROFST.MOD.2.F,BGD,2024,3.700000047683716,,
ROFST.MOD.2.F,BGD,2025,3.200000047683716,,
ROFST.MOD.2.GPIA,BGD,2000,.7699114680290222,,
ROFST.MOD.2.GPIA,BGD,2001,.7392549514770508,,
ROFST.MOD.2.GPIA,BGD,2002,.7295774817466736,,
ROFST.MOD.2.GPIA,BGD,2003,.7325904965400696,,
ROFST.MOD.2.GPIA,BGD,2004,.7393767833709717,,
ROFST.MOD.2.GPIA,BGD,2005,.742603600025177,,
ROFST.MOD.2.GPIA,BGD,2006,.7275542020797729,,
ROFST.MOD.2.GPIA,BGD,2007,.699680507183075,,
ROFST.MOD.2.GPIA,BGD,2008,.6794871687889099,,
ROFST.MOD.2.GPIA,BGD,2009,.6603773832321167,,
ROFST.MOD.2.GPIA,BGD,2010,.6552795171737671,,
ROFST.MOD.2.GPIA,BGD,2011,.6468750238418579,,
ROFST.MOD.2.GPIA,BGD,2012,.6390728354454041,,
ROFST.MOD.2.GPIA,BGD,2013,.6227757930755615,,
ROFST.MOD.2.GPIA,BGD,2014,.6075471639633179,,
ROFST.MOD.2.GPIA,BGD,2015,.6136363744735718,,
ROFST.MOD.2.GPIA,BGD,2016,.6479400396347046,,
ROFST.MOD.2.GPIA,BGD,2017,.6813187003135681,,
ROFST.MOD.2.GPIA,BGD,2018,.6727940440177917,,
ROFST.MOD.2.GPIA,BGD,2019,.6349810361862183,,
ROFST.MOD.2.GPIA,BGD,2020,.5384615063667297,,
ROFST.MOD.2.GPIA,BGD,2021,.4394619166851044,,
ROFST.MOD.2.GPIA,BGD,2022,.3366834223270416,,
ROFST.MOD.2.GPIA,BGD,2023,.277456670999527,,
ROFST.MOD.2.GPIA,BGD,2024,.2434210628271103,,
ROFST.MOD.2.GPIA,BGD,2025,.2335766553878784,,
ROFST.MOD.2.M,BGD,2000,33.90000152587891,,
ROFST.MOD.2.M,BGD,2001,34.90000152587891,,
ROFST.MOD.2.M,BGD,2002,35.5,,
ROFST.MOD.2.M,BGD,2003,35.90000152587891,,
ROFST.MOD.2.M,BGD,2004,35.29999923706055,,
ROFST.MOD.2.M,BGD,2005,33.79999923706055,,
ROFST.MOD.2.M,BGD,2006,32.29999923706055,,
ROFST.MOD.2.M,BGD,2007,31.29999923706055,,
ROFST.MOD.2.M,BGD,2008,31.20000076293945,,
ROFST.MOD.2.M,BGD,2009,31.79999923706055,,
ROFST.MOD.2.M,BGD,2010,32.20000076293945,,
ROFST.MOD.2.M,BGD,2011,32,,
ROFST.MOD.2.M,BGD,2012,30.20000076293945,,
ROFST.MOD.2.M,BGD,2013,28.10000038146973,,
ROFST.MOD.2.M,BGD,2014,26.5,,
ROFST.MOD.2.M,BGD,2015,26.39999961853027,,
ROFST.MOD.2.M,BGD,2016,26.70000076293945,,
ROFST.MOD.2.M,BGD,2017,27.29999923706055,,
ROFST.MOD.2.M,BGD,2018,27.20000076293945,,
ROFST.MOD.2.M,BGD,2019,26.29999923706055,,
ROFST.MOD.2.M,BGD,2020,24.70000076293945,,
ROFST.MOD.2.M,BGD,2021,22.29999923706055,,
ROFST.MOD.2.M,BGD,2022,19.89999961853027,,
ROFST.MOD.2.M,BGD,2023,17.29999923706055,,
ROFST.MOD.2.M,BGD,2024,15.19999980926514,,
ROFST.MOD.2.M,BGD,2025,13.69999980926514,,
ROFST.MOD.3,BGD,2000,62,,
ROFST.MOD.3,BGD,2001,64.40000152587891,,
ROFST.MOD.3,BGD,2002,66.30000305175781,,
ROFST.MOD.3,BGD,2003,67.30000305175781,,
ROFST.MOD.3,BGD,2004,67.69999694824219,,
ROFST.MOD.3,BGD,2005,67.69999694824219,,
ROFST.MOD.3,BGD,2006,67.30000305175781,,
ROFST.MOD.3,BGD,2007,66.30000305175781,,
ROFST.MOD.3,BGD,2008,64.30000305175781,,
ROFST.MOD.3,BGD,2009,61.79999923706055,,
ROFST.MOD.3,BGD,2010,59.20000076293945,,
ROFST.MOD.3,BGD,2011,57,,
ROFST.MOD.3,BGD,2012,55.5,,
ROFST.MOD.3,BGD,2013,54.20000076293945,,
ROFST.MOD.3,BGD,2014,52.70000076293945,,
ROFST.MOD.3,BGD,2015,50.20000076293945,,
ROFST.MOD.3,BGD,2016,47.09999847412109,,
ROFST.MOD.3,BGD,2017,44.29999923706055,,
ROFST.MOD.3,BGD,2018,42.59999847412109,,
ROFST.MOD.3,BGD,2019,42,,
ROFST.MOD.3,BGD,2020,42.29999923706055,,
ROFST.MOD.3,BGD,2021,42.09999847412109,,
ROFST.MOD.3,BGD,2022,40.5,,
ROFST.MOD.3,BGD,2023,38,,
ROFST.MOD.3,BGD,2024,34.40000152587891,,
ROFST.MOD.3,BGD,2025,30.29999923706055,,
ROFST.MOD.3.F,BGD,2000,63.79999923706055,,
ROFST.MOD.3.F,BGD,2001,66.19999694824219,,
ROFST.MOD.3.F,BGD,2002,67.80000305175781,,
ROFST.MOD.3.F,BGD,2003,68.19999694824219,,
ROFST.MOD.3.F,BGD,2004,68.19999694824219,,
ROFST.MOD.3.F,BGD,2005,68,,
ROFST.MOD.3.F,BGD,2006,67.59999847412109,,
ROFST.MOD.3.F,BGD,2007,66.69999694824219,,
ROFST.MOD.3.F,BGD,2008,64.69999694824219,,
ROFST.MOD.3.F,BGD,2009,62.20000076293945,,
ROFST.MOD.3.F,BGD,2010,59.29999923706055,,
ROFST.MOD.3.F,BGD,2011,56.79999923706055,,
ROFST.MOD.3.F,BGD,2012,54.90000152587891,,
ROFST.MOD.3.F,BGD,2013,53.20000076293945,,
ROFST.MOD.3.F,BGD,2014,51.5,,
ROFST.MOD.3.F,BGD,2015,48.90000152587891,,
ROFST.MOD.3.F,BGD,2016,45.59999847412109,,
ROFST.MOD.3.F,BGD,2017,42.70000076293945,,
ROFST.MOD.3.F,BGD,2018,41,,
ROFST.MOD.3.F,BGD,2019,40.5,,
ROFST.MOD.3.F,BGD,2020,41,,
ROFST.MOD.3.F,BGD,2021,40.70000076293945,,
ROFST.MOD.3.F,BGD,2022,38.5,,
ROFST.MOD.3.F,BGD,2023,34.70000076293945,,
ROFST.MOD.3.F,BGD,2024,29.39999961853027,,
ROFST.MOD.3.F,BGD,2025,24,,
ROFST.MOD.3.GPIA,BGD,2000,1.056426286697388,,
ROFST.MOD.3.GPIA,BGD,2001,1.054380655288696,,
ROFST.MOD.3.GPIA,BGD,2002,1.042772889137268,,
ROFST.MOD.3.GPIA,BGD,2003,1.027859091758728,,
ROFST.MOD.3.GPIA,BGD,2004,1.014662742614746,,
ROFST.MOD.3.GPIA,BGD,2005,1.007352948188782,,
ROFST.MOD.3.GPIA,BGD,2006,1.007396459579468,,
ROFST.MOD.3.GPIA,BGD,2007,1.010494709014893,,
ROFST.MOD.3.GPIA,BGD,2008,1.013910293579102,,
ROFST.MOD.3.GPIA,BGD,2009,1.012861728668213,,
ROFST.MOD.3.GPIA,BGD,2010,1.005059003829956,,
ROFST.MOD.3.GPIA,BGD,2011,.9930069446563721,,
ROFST.MOD.3.GPIA,BGD,2012,.9786096811294556,,
ROFST.MOD.3.GPIA,BGD,2013,.9637681245803833,,
ROFST.MOD.3.GPIA,BGD,2014,.9554730653762817,,
ROFST.MOD.3.GPIA,BGD,2015,.9495145678520203,,
ROFST.MOD.3.GPIA,BGD,2016,.9382715821266174,,
ROFST.MOD.3.GPIA,BGD,2017,.9302831888198853,,
ROFST.MOD.3.GPIA,BGD,2018,.9276018142700195,,
ROFST.MOD.3.GPIA,BGD,2019,.9310345053672791,,
ROFST.MOD.3.GPIA,BGD,2020,.9425287246704102,,
ROFST.MOD.3.GPIA,BGD,2021,.9377880096435547,,
ROFST.MOD.3.GPIA,BGD,2022,.9080188274383545,,
ROFST.MOD.3.GPIA,BGD,2023,.8422330021858215,,
ROFST.MOD.3.GPIA,BGD,2024,.7519181966781616,,
ROFST.MOD.3.GPIA,BGD,2025,.6648199558258057,,
ROFST.MOD.3.M,BGD,2000,60.20000076293945,,
ROFST.MOD.3.M,BGD,2001,62.59999847412109,,
ROFST.MOD.3.M,BGD,2002,64.90000152587891,,
ROFST.MOD.3.M,BGD,2003,66.30000305175781,,
ROFST.MOD.3.M,BGD,2004,67.19999694824219,,
ROFST.MOD.3.M,BGD,2005,67.5,,
ROFST.MOD.3.M,BGD,2006,67.09999847412109,,
ROFST.MOD.3.M,BGD,2007,66,,
ROFST.MOD.3.M,BGD,2008,63.79999923706055,,
ROFST.MOD.3.M,BGD,2009,61.40000152587891,,
ROFST.MOD.3.M,BGD,2010,59,,
ROFST.MOD.3.M,BGD,2011,57.20000076293945,,
ROFST.MOD.3.M,BGD,2012,56.09999847412109,,
ROFST.MOD.3.M,BGD,2013,55.20000076293945,,
ROFST.MOD.3.M,BGD,2014,53.90000152587891,,
ROFST.MOD.3.M,BGD,2015,51.5,,
ROFST.MOD.3.M,BGD,2016,48.59999847412109,,
ROFST.MOD.3.M,BGD,2017,45.90000152587891,,
ROFST.MOD.3.M,BGD,2018,44.20000076293945,,
ROFST.MOD.3.M,BGD,2019,43.5,,
ROFST.MOD.3.M,BGD,2020,43.5,,
ROFST.MOD.3.M,BGD,2021,43.40000152587891,,
ROFST.MOD.3.M,BGD,2022,42.40000152587891,,
ROFST.MOD.3.M,BGD,2023,41.20000076293945,,
ROFST.MOD.3.M,BGD,2024,39.09999847412109,,
ROFST.MOD.3.M,BGD,2025,36.09999847412109,,
SCHBSP.1.WCOMPUT,BGD,2020,41.69185425783071,,
SCHBSP.1.WCOMPUT,BGD,2021,41.69185425783071,,
SCHBSP.1.WCOMPUT,BGD,2022,91.21958459563992,,
SCHBSP.1.WCOMPUT,BGD,2023,92.50021809299486,,
SCHBSP.1.WCOMPUT,BGD,2024,77.49964167376294,,
SCHBSP.1.WELEC,BGD,2012,55.38404118896779,,
SCHBSP.1.WELEC,BGD,2020,75.76652982661915,,
SCHBSP.1.WELEC,BGD,2021,75.76652982661915,,
SCHBSP.1.WELEC,BGD,2022,95.04011733994535,,
SCHBSP.1.WELEC,BGD,2023,95.29965977492803,,
SCHBSP.1.WELEC,BGD,2024,96.39987521815745,,
SCHBSP.1.WINFSTUDIS,BGD,2020,20.39292642215907,,
SCHBSP.1.WINFSTUDIS,BGD,2021,20.39292642215907,,
SCHBSP.1.WINFSTUDIS,BGD,2022,40.16012013375357,,
SCHBSP.1.WINFSTUDIS,BGD,2023,47.10023554043444,,
SCHBSP.1.WINFSTUDIS,BGD,2024,48.90014923233873,,
SCHBSP.1.WINTERN,BGD,2020,49.29700305258567,,
SCHBSP.1.WINTERN,BGD,2021,49.29700305258567,,
SCHBSP.1.WINTERN,BGD,2022,79.07961480369133,,
SCHBSP.1.WINTERN,BGD,2023,79.22969554217919,,
SCHBSP.1.WINTERN,BGD,2024,70.89969394723752,,
SCHBSP.1.WTOILA,BGD,2020,29.75819912482519,,
SCHBSP.1.WTOILA,BGD,2021,29.75819912482519,,
SCHBSP.1.WTOILA,BGD,2022,88.41006120186138,,
SCHBSP.1.WTOILA,BGD,2023,90.86975486347379,,
SCHBSP.1.WTOILA,BGD,2024,75.40027148481961,,
SCHBSP.1.WWASH,BGD,2020,86.60396084269409,,
SCHBSP.1.WWASH,BGD,2021,86.60396084269409,,
SCHBSP.1.WWASH,BGD,2022,97.53970263403731,,
SCHBSP.1.WWASH,BGD,2023,97.79987786792287,,
SCHBSP.1.WWATA,BGD,2020,70.94855716455392,,
SCHBSP.1.WWATA,BGD,2021,70.94855716455392,,
SCHBSP.1.WWATA,BGD,2022,93.67027824583765,,
SCHBSP.1.WWATA,BGD,2023,97.79987786792287,,
SCHBSP.1.WWATA,BGD,2024,98.39975718127934,,
SCHBSP.2.WCOMPUT,BGD,2020,77.82272772490633,,
SCHBSP.2.WCOMPUT,BGD,2021,74.53664897084846,,
SCHBSP.2.WCOMPUT,BGD,2022,75.52585993565948,,
SCHBSP.2.WCOMPUT,BGD,2023,72.57930012045588,,
SCHBSP.2.WCOMPUT,BGD,2024,71.50635760783598,,
SCHBSP.2.WELEC,BGD,2012,69.92890166673142,,
SCHBSP.2.WELEC,BGD,2016,94.07680968267515,,
SCHBSP.2.WELEC,BGD,2017,90.29878906384,,
SCHBSP.2.WELEC,BGD,2018,92.34545017677547,,
SCHBSP.2.WELEC,BGD,2019,93.24938205624959,,
SCHBSP.2.WELEC,BGD,2020,92.90380342872302,,
SCHBSP.2.WELEC,BGD,2021,98.22731365061624,,
SCHBSP.2.WELEC,BGD,2022,98.42860678049988,,
SCHBSP.2.WELEC,BGD,2023,98.74911202396763,,
SCHBSP.2.WELEC,BGD,2024,98.74977185617814,,
SCHBSP.2.WHIVSEXED,BGD,2018,100,,
SCHBSP.2.WHIVSEXED,BGD,2023,77.33267442937888,,
SCHBSP.2.WHIVSEXED,BGD,2024,60.68929853379571,,
SCHBSP.2.WINFSTUDIS,BGD,2016,10.12801613779192,,
SCHBSP.2.WINFSTUDIS,BGD,2018,17.95215048227097,,
SCHBSP.2.WINFSTUDIS,BGD,2019,18.81221190460285,,
SCHBSP.2.WINFSTUDIS,BGD,2020,20.38664323374341,,
SCHBSP.2.WINFSTUDIS,BGD,2021,18.63959516935208,,
SCHBSP.2.WINFSTUDIS,BGD,2022,18.93405097748082,,
SCHBSP.2.WINFSTUDIS,BGD,2023,18.76640825277203,,
SCHBSP.2.WINFSTUDIS,BGD,2024,13.94415039240737,,
SCHBSP.2.WINTERN,BGD,2017,32.4105519536208,,
SCHBSP.2.WINTERN,BGD,2018,34.2120619229053,,
SCHBSP.2.WINTERN,BGD,2019,37.63778475516067,,
SCHBSP.2.WINTERN,BGD,2020,38.33604138342673,,
SCHBSP.2.WINTERN,BGD,2021,51.91394244202291,,
SCHBSP.2.WINTERN,BGD,2022,53.12731997030438,,
SCHBSP.2.WINTERN,BGD,2023,57.50996077462396,,
SCHBSP.2.WINTERN,BGD,2024,60.00486706819979,,
SCHBSP.2.WTOILA,BGD,2017,95.84576858426811,,
SCHBSP.2.WTOILA,BGD,2018,95.86379706861634,,
SCHBSP.2.WTOILA,BGD,2021,96.56949489304895,,
SCHBSP.2.WTOILA,BGD,2022,97.35523385300668,,
SCHBSP.2.WTOILA,BGD,2023,94.51462457917657,,
SCHBSP.2.WTOILA,BGD,2024,94.60059621585447,,
SCHBSP.2.WWASH,BGD,2016,30.25603227558383,,
SCHBSP.2.WWASH,BGD,2017,27.14143597132174,,
SCHBSP.2.WWASH,BGD,2019,28.65922907341839,,
SCHBSP.2.WWASH,BGD,2020,29.37294823755678,,
SCHBSP.2.WWASH,BGD,2021,87.86439415106641,,
SCHBSP.2.WWASH,BGD,2022,88.30116307844594,,
SCHBSP.2.WWASH,BGD,2023,91.48469592612039,,
SCHBSP.2.WWASH,BGD,2024,91.49479832086146,,
SCHBSP.2.WWATA,BGD,2017,97.01210936159994,,
SCHBSP.2.WWATA,BGD,2018,97.28143342601174,,
SCHBSP.2.WWATA,BGD,2019,97.07061259937203,,
SCHBSP.2.WWATA,BGD,2020,96.37895016082501,,
SCHBSP.2.WWATA,BGD,2021,97.41082238986681,,
SCHBSP.2.WWATA,BGD,2022,97.63363028953229,,
SCHBSP.2.WWATA,BGD,2023,97.0781727769713,,
SCHBSP.2.WWATA,BGD,2024,97.44174727748373,,
SCHBSP.2T3.WCOMPUT,BGD,2020,78.47261612151006,,
SCHBSP.2T3.WCOMPUT,BGD,2021,75.76146816081263,,
SCHBSP.2T3.WCOMPUT,BGD,2022,76.69555748488015,,
SCHBSP.2T3.WCOMPUT,BGD,2023,73.0670386959395,,
SCHBSP.2T3.WCOMPUT,BGD,2024,71.94327883084937,,
SCHBSP.2T3.WINTERN,BGD,2017,33.80639730639731,,
SCHBSP.2T3.WINTERN,BGD,2018,35.26625258799172,,
SCHBSP.2T3.WINTERN,BGD,2019,37.63898070797524,,
SCHBSP.2T3.WINTERN,BGD,2020,40.00283607487238,,
SCHBSP.2T3.WINTERN,BGD,2021,52.07069141161359,,
SCHBSP.2T3.WINTERN,BGD,2022,53.22777638801006,,
SCHBSP.2T3.WINTERN,BGD,2023,57.82803436375652,,
SCHBSP.2T3.WINTERN,BGD,2024,60.21849225871798,,
SCHBSP.3.WCOMPUT,BGD,2020,79.06097085046981,,
SCHBSP.3.WCOMPUT,BGD,2021,76.87218468468468,,
SCHBSP.3.WCOMPUT,BGD,2022,77.75688343764911,,
SCHBSP.3.WCOMPUT,BGD,2023,73.50915504787501,,
SCHBSP.3.WCOMPUT,BGD,2024,72.33966221437245,,
SCHBSP.3.WELEC,BGD,2012,71.27704559870322,,
SCHBSP.3.WELEC,BGD,2016,94.12973081023453,,
SCHBSP.3.WELEC,BGD,2017,94.73906096069291,,
SCHBSP.3.WELEC,BGD,2018,94.9363036937456,,
SCHBSP.3.WELEC,BGD,2019,93.24922169424873,,
SCHBSP.3.WELEC,BGD,2020,94.86355858425145,,
SCHBSP.3.WELEC,BGD,2021,98.38682432432432,,
SCHBSP.3.WELEC,BGD,2022,98.51244772516769,,
SCHBSP.3.WELEC,BGD,2023,98.8241222912817,,
SCHBSP.3.WELEC,BGD,2024,98.8271332376642,,
SCHBSP.3.WHIVSEXED,BGD,2018,76.83887075091224,,
SCHBSP.3.WHIVSEXED,BGD,2023,76.75681729100174,,
SCHBSP.3.WHIVSEXED,BGD,2024,60.69102549950326,,
SCHBSP.3.WINFSTUDIS,BGD,2016,12.1703091684435,,
SCHBSP.3.WINFSTUDIS,BGD,2017,12.2493649905782,,
SCHBSP.3.WINFSTUDIS,BGD,2018,17.06036745406824,,
SCHBSP.3.WINFSTUDIS,BGD,2019,19.02616199683216,,
SCHBSP.3.WINFSTUDIS,BGD,2020,22.04977334814325,,
SCHBSP.3.WINFSTUDIS,BGD,2021,18.76126126126126,,
SCHBSP.3.WINFSTUDIS,BGD,2022,19.03505571304274,,
SCHBSP.3.WINFSTUDIS,BGD,2023,18.89243518674058,,
SCHBSP.3.WINFSTUDIS,BGD,2024,13.72392096257865,,
SCHBSP.3.WINTERN,BGD,2017,35.15157525868624,,
SCHBSP.3.WINTERN,BGD,2018,36.2492798156328,,
SCHBSP.3.WINTERN,BGD,2019,37.63995849035993,,
SCHBSP.3.WINTERN,BGD,2020,41.51181291465281,,
SCHBSP.3.WINTERN,BGD,2021,52.21283783783783,,
SCHBSP.3.WINTERN,BGD,2022,53.31892559431923,,
SCHBSP.3.WINTERN,BGD,2023,58.11635589898651,,
SCHBSP.3.WINTERN,BGD,2024,60.41229716304228,,
SCHBSP.3.WTOILA,BGD,2017,95.35852424873551,,
SCHBSP.3.WTOILA,BGD,2018,95.87414378080788,,
SCHBSP.3.WTOILA,BGD,2021,96.62162162162163,,
SCHBSP.3.WTOILA,BGD,2022,97.33643941732858,,
SCHBSP.3.WTOILA,BGD,2023,94.76454448737331,,
SCHBSP.3.WTOILA,BGD,2024,94.87526217021747,,
SCHBSP.3.WWASH,BGD,2016,30.43243603411514,,
SCHBSP.3.WWASH,BGD,2017,30.63663605408444,,
SCHBSP.3.WWASH,BGD,2019,28.65803703096838,,
SCHBSP.3.WWASH,BGD,2020,31.0137792320855,,
SCHBSP.3.WWASH,BGD,2021,88.08277027027027,,
SCHBSP.3.WWASH,BGD,2022,88.55426759100733,,
SCHBSP.3.WWASH,BGD,2023,91.97603449241278,,
SCHBSP.3.WWASH,BGD,2024,91.94447510762778,,
SCHBSP.3.WWATA,BGD,2017,87.81116731131607,,
SCHBSP.3.WWATA,BGD,2018,87.87849689520517,,
SCHBSP.3.WWATA,BGD,2020,87.33751613581099,,
SCHBSP.3.WWATA,BGD,2021,97.4802927927928,,
SCHBSP.3.WWATA,BGD,2022,97.68727721799657,,
SCHBSP.3.WWATA,BGD,2023,97.23668738451201,,
SCHBSP.3.WWATA,BGD,2024,97.55215807484269,,
TATTRR.1,BGD,2016,4.944690227508545,,
TATTRR.1,BGD,2021,2.28175683030369,,
TATTRR.1.F,BGD,2016,5.064290046691895,,
TATTRR.1.F,BGD,2021,1.96048509819381,,
TATTRR.1.GPIA,BGD,2016,1.058380007743835,,
TATTRR.1.M,BGD,2016,4.768640041351318,,
TATTRR.1.M,BGD,2021,2.857816050893448,,
TATTRR.2T3,BGD,2017,.8133794508417761,,
TATTRR.2T3.F,BGD,2017,2.156806278142158,,
TATTRR.2T3.GPIA,BGD,2017,1.802459955215454,,
TATTRR.2T3.M,BGD,2017,.4260646614743615,,
TATTRR.3,BGD,2017,8.016191223641732,,
TRTP.1,BGD,2005,53.40219879150391,,
TRTP.1,BGD,2006,51.4322395324707,,
TRTP.1,BGD,2007,55.99900054931641,,
TRTP.1,BGD,2008,54.36333084106445,,
TRTP.1,BGD,2009,58.40753173828125,,
TRTP.1,BGD,2011,57.73415156122856,,
TRTP.1,BGD,2015,47.57899856567383,,
TRTP.1,BGD,2016,50.43131989908811,,
TRTP.1,BGD,2017,50.43127102566023,,
TRTP.1,BGD,2018,48.48731207324831,,
TRTP.1,BGD,2019,67.92530488664362,,
TRTP.1,BGD,2020,65.62207467073038,,
TRTP.1,BGD,2021,66.17329675991033,,
TRTP.1,BGD,2022,73.6041840704256,,
TRTP.1,BGD,2023,77.2605867681977,,
TRTP.1,BGD,2024,77.87651450378496,,
TRTP.1.F,BGD,2005,54.40301895141602,,
TRTP.1.F,BGD,2006,53.97010040283203,,
TRTP.1.F,BGD,2007,57.24744033813477,,
TRTP.1.F,BGD,2008,57.40748977661133,,
TRTP.1.F,BGD,2009,63.08929824829102,,
TRTP.1.F,BGD,2011,55.98280188058757,,
TRTP.1.F,BGD,2015,48.0730094909668,,
TRTP.1.F,BGD,2016,52.05642805906726,,
TRTP.1.F,BGD,2017,51.18185202763576,,
TRTP.1.F,BGD,2018,52.67849063433173,,
TRTP.1.F,BGD,2019,65.38617682109665,,
TRTP.1.F,BGD,2020,64.08052189173036,,
TRTP.1.F,BGD,2021,64.51233537697915,,
TRTP.1.F,BGD,2022,73.01141426571053,,
TRTP.1.F,BGD,2023,77.37725492688119,,
TRTP.1.F,BGD,2024,77.91882993541851,,
TRTP.1.GPIA,BGD,2005,1.029279947280884,,
TRTP.1.GPIA,BGD,2006,1.075629949569702,,
TRTP.1.GPIA,BGD,2007,1.036610007286072,,
TRTP.1.GPIA,BGD,2008,1.091150045394897,,
TRTP.1.GPIA,BGD,2009,1.131240010261536,,
TRTP.1.GPIA,BGD,2011,.9366700053215027,,
TRTP.1.GPIA,BGD,2015,1.025400042533875,,
TRTP.1.GPIA,BGD,2016,1.078580021858215,,
TRTP.1.GPIA,BGD,2017,1.037889957427979,,UIS_EST
TRTP.1.M,BGD,2005,52.81013870239258,,
TRTP.1.M,BGD,2006,49.8885612487793,,
TRTP.1.M,BGD,2007,55.15145111083984,,
TRTP.1.M,BGD,2008,52.17488861083984,,
TRTP.1.M,BGD,2009,54.8094482421875,,
TRTP.1.M,BGD,2011,59.76810965518217,,
TRTP.1.M,BGD,2015,46.85174179077148,,
TRTP.1.M,BGD,2016,47.96600519747656,,
TRTP.1.M,BGD,2017,49.24236285552225,,
TRTP.1.M,BGD,2018,41.84855882287071,,
TRTP.1.M,BGD,2019,72.55477822083203,,
TRTP.1.M,BGD,2020,68.38616999445158,,
TRTP.1.M,BGD,2021,69.17900930294424,,
TRTP.1.M,BGD,2022,74.7038311069829,,
TRTP.1.M,BGD,2023,77.0392749244713,,
TRTP.1.M,BGD,2024,77.79483654139932,,
TRTP.2,BGD,1998,36.24971008300781,,
TRTP.2,BGD,1999,36.28831100463867,,
TRTP.2,BGD,2000,36.84012985229492,,
TRTP.2,BGD,2001,35.50984954833984,,
TRTP.2,BGD,2002,37.08539962768555,,
TRTP.2,BGD,2003,36.95973968505859,,
TRTP.2,BGD,2004,37.61241912841797,,
TRTP.2,BGD,2007,44.50925827026367,,
TRTP.2,BGD,2008,57.14402008056641,,
TRTP.2,BGD,2009,57.44478988647461,,
TRTP.2,BGD,2010,58.48946363884237,,
TRTP.2,BGD,2011,59.66980775720092,,
TRTP.2,BGD,2012,59.6563368408671,,
TRTP.2,BGD,2013,59.61319960036828,,
TRTP.2,BGD,2020,62.16824313537676,,
TRTP.2,BGD,2021,66.97632290424477,,
TRTP.2,BGD,2022,66.96696015249161,,
TRTP.2,BGD,2023,67.71366625977008,,
TRTP.2,BGD,2024,54.69434774986852,,
TRTP.2.F,BGD,1998,53.74652862548828,,
TRTP.2.F,BGD,1999,54.05915832519531,,
TRTP.2.F,BGD,2000,54.27949142456055,,
TRTP.2.F,BGD,2001,51.31851959228516,,
TRTP.2.F,BGD,2002,62.28615951538086,,
TRTP.2.F,BGD,2003,46.6449089050293,,
TRTP.2.F,BGD,2004,44.35118865966797,,
TRTP.2.F,BGD,2007,54.28199005126953,,
TRTP.2.F,BGD,2008,75.30484008789063,,
TRTP.2.F,BGD,2009,71.73494720458984,,
TRTP.2.F,BGD,2010,68.10080791028579,,
TRTP.2.F,BGD,2011,72.21013654246701,,
TRTP.2.F,BGD,2012,78.91277051480907,,
TRTP.2.F,BGD,2013,78.89140494240425,,
TRTP.2.F,BGD,2020,63.7998620739719,,
TRTP.2.F,BGD,2021,66.65967414866093,,
TRTP.2.F,BGD,2022,66.66023290227112,,
TRTP.2.F,BGD,2023,67.00006370644071,,
TRTP.2.F,BGD,2024,38.55965796477717,,
TRTP.2.GPIA,BGD,1998,1.373780012130737,,
TRTP.2.GPIA,BGD,1999,1.37897002696991,,
TRTP.2.GPIA,BGD,2000,1.371350049972534,,
TRTP.2.GPIA,BGD,2001,1.35791003704071,,
TRTP.2.GPIA,BGD,2002,1.469490051269531,,
TRTP.2.GPIA,BGD,2003,1.24495005607605,,
TRTP.2.GPIA,BGD,2004,1.183519959449768,,
TRTP.2.GPIA,BGD,2007,1.223649978637695,,
TRTP.2.GPIA,BGD,2008,1.299630045890808,,
TRTP.2.GPIA,BGD,2009,1.2498699426651,,
TRTP.2.GPIA,BGD,2010,1.1768399477005,,
TRTP.2.GPIA,BGD,2011,1.221969962120056,,
TRTP.2.GPIA,BGD,2012,1.304669976234436,,
TRTP.2.GPIA,BGD,2013,1.305060029029846,,
TRTP.2.GPIA,BGD,2020,1.035269975662231,,
TRTP.2.GPIA,BGD,2024,.6276000142097473,,
TRTP.2.M,BGD,1998,33.65726089477539,,
TRTP.2.M,BGD,1999,33.57215118408203,,
TRTP.2.M,BGD,2000,34.12303161621094,,
TRTP.2.M,BGD,2001,32.95101165771484,,
TRTP.2.M,BGD,2002,33.04341125488281,,
TRTP.2.M,BGD,2003,35.21920013427734,,
TRTP.2.M,BGD,2004,36.21170043945313,,
TRTP.2.M,BGD,2007,42.14165115356445,,
TRTP.2.M,BGD,2008,52.74142074584961,,
TRTP.2.M,BGD,2009,53.81064987182617,,
TRTP.2.M,BGD,2010,56.05817507427449,,
TRTP.2.M,BGD,2011,56.18156185424324,,
TRTP.2.M,BGD,2012,54.8702729164117,,
TRTP.2.M,BGD,2013,54.82452922474933,,
TRTP.2.M,BGD,2020,61.5496814497819,,
TRTP.2.M,BGD,2021,67.08778968874229,,
TRTP.2.M,BGD,2022,67.08752718628294,,
TRTP.2.M,BGD,2023,67.99948966573105,,
TRTP.2.M,BGD,2024,61.44007102693104,,
TRTP.2T3,BGD,2011,53.58357609428145,,
TRTP.2T3,BGD,2012,56.171025449082,,
TRTP.2T3,BGD,2013,58.03669399723434,,
TRTP.2T3,BGD,2016,62.60544967651367,,
TRTP.2T3,BGD,2017,66.45146179199219,,
TRTP.2T3,BGD,2020,61.67262133448934,,
TRTP.2T3,BGD,2021,63.28681427068972,,
TRTP.2T3,BGD,2022,64.27146499914402,,
TRTP.2T3,BGD,2023,65.01406482622897,,
TRTP.2T3,BGD,2024,55.00603473910686,,
TRTP.2T3.F,BGD,2011,57.49599704397094,,
TRTP.2T3.F,BGD,2012,65.02180574451042,,
TRTP.2T3.F,BGD,2013,66.92133631648531,,
TRTP.2T3.F,BGD,2016,69.01310729980469,,
TRTP.2T3.F,BGD,2017,75.68595886230469,,
TRTP.2T3.F,BGD,2020,68.84736668706171,,
TRTP.2T3.F,BGD,2021,69.28957575862758,,
TRTP.2T3.F,BGD,2022,70.6727135298564,,
TRTP.2T3.F,BGD,2023,70.95018444008542,,
TRTP.2T3.F,BGD,2024,38.32295522879604,,
TRTP.2T3.GPIA,BGD,2012,1.171880006790161,,UIS_EST
TRTP.2T3.GPIA,BGD,2013,1.167629957199097,,
TRTP.2T3.GPIA,BGD,2016,1.119619965553284,,
TRTP.2T3.GPIA,BGD,2017,1.156450033187866,,
TRTP.2T3.GPIA,BGD,2020,1.141190052032471,,
TRTP.2T3.GPIA,BGD,2024,.620959997177124,,
TRTP.2T3.M,BGD,2011,52.50943447268399,,
TRTP.2T3.M,BGD,2012,53.84602538410154,,
TRTP.2T3.M,BGD,2013,55.70348361681884,,
TRTP.2T3.M,BGD,2016,60.75809860229492,,
TRTP.2T3.M,BGD,2017,63.84524917602539,,
TRTP.2T3.M,BGD,2020,59.12662734411317,,
TRTP.2T3.M,BGD,2021,61.69759652274597,,
TRTP.2T3.M,BGD,2022,61.91097539317639,,
TRTP.2T3.M,BGD,2023,62.78275618232285,,
TRTP.2T3.M,BGD,2024,61.71518408331146,,
TRTP.3,BGD,1998,18.84190940856934,,
TRTP.3,BGD,1999,20.55097961425781,,
TRTP.3,BGD,2000,22.40781021118164,,
TRTP.3,BGD,2001,20.82740020751953,,
TRTP.3,BGD,2002,21.30686950683594,,
TRTP.3,BGD,2003,25.25425910949707,,
TRTP.3,BGD,2004,25.62945938110352,,
TRTP.3,BGD,2007,32.95513916015625,,
TRTP.3,BGD,2008,42.00106811523438,,
TRTP.3,BGD,2009,41.71850967407227,,
TRTP.3,BGD,2010,40.69390106201172,,
TRTP.3,BGD,2011,46.80847485184707,,
TRTP.3,BGD,2012,52.08433901110268,,
TRTP.3,BGD,2013,56.18689698369737,,
TRTP.3,BGD,2016,58.54382564680433,,
TRTP.3,BGD,2020,61.32560210978571,,
TRTP.3,BGD,2021,60.83652488808147,,
TRTP.3,BGD,2022,62.49630127774041,,
TRTP.3,BGD,2023,63.2026918821782,,
TRTP.3,BGD,2024,55.23089152795509,,
TRTP.3.F,BGD,1998,31.75157928466797,,
TRTP.3.F,BGD,1999,29.12844085693359,,
TRTP.3.F,BGD,2000,30.31903076171875,,
TRTP.3.F,BGD,2001,22.51000022888184,,
TRTP.3.F,BGD,2002,24.55793952941895,,
TRTP.3.F,BGD,2003,24.67358016967773,,
TRTP.3.F,BGD,2004,27.56014060974121,,
TRTP.3.F,BGD,2007,26.46096992492676,,
TRTP.3.F,BGD,2008,38.35945892333984,,
TRTP.3.F,BGD,2009,37.65378952026367,,
TRTP.3.F,BGD,2011,40.75566087414428,,
TRTP.3.F,BGD,2012,50.1866848969289,,
TRTP.3.F,BGD,2013,54.13555578925229,,
TRTP.3.F,BGD,2016,70.83307419293223,,
TRTP.3.F,BGD,2020,72.68996960486322,,
TRTP.3.F,BGD,2021,71.88173062012164,,
TRTP.3.F,BGD,2022,73.52937808467026,,
TRTP.3.F,BGD,2023,73.81472113463381,,
TRTP.3.F,BGD,2024,38.14381073812559,,
TRTP.3.GPIA,BGD,1998,1.463860034942627,,
TRTP.3.GPIA,BGD,1999,1.340379953384399,,
TRTP.3.GPIA,BGD,2000,1.301890015602112,,
TRTP.3.GPIA,BGD,2001,1.08831000328064,,
TRTP.3.GPIA,BGD,2002,1.155879974365234,,
TRTP.3.GPIA,BGD,2003,.9724799990653992,,
TRTP.3.GPIA,BGD,2004,1.086420059204102,,
TRTP.3.GPIA,BGD,2007,.7650799751281738,,
TRTP.3.GPIA,BGD,2008,.8944399952888489,,
TRTP.3.GPIA,BGD,2009,.881659984588623,,
TRTP.3.GPIA,BGD,2011,.8412600159645081,,
TRTP.3.GPIA,BGD,2012,.9538499712944031,,UIS_EST
TRTP.3.GPIA,BGD,2013,.9537500143051147,,
TRTP.3.GPIA,BGD,2016,1.212419986724854,,
TRTP.3.GPIA,BGD,2020,1.209239959716797,,
TRTP.3.GPIA,BGD,2024,.6161199808120728,,
TRTP.3.M,BGD,1998,17.0233097076416,,
TRTP.3.M,BGD,1999,19.21364974975586,,
TRTP.3.M,BGD,2000,21.16596031188965,,
TRTP.3.M,BGD,2001,20.52207946777344,,
TRTP.3.M,BGD,2002,20.72991943359375,,
TRTP.3.M,BGD,2003,25.37170028686523,,
TRTP.3.M,BGD,2004,25.17827987670898,,
TRTP.3.M,BGD,2007,34.58570861816406,,
TRTP.3.M,BGD,2008,42.88655090332031,,
TRTP.3.M,BGD,2009,42.70780944824219,,
TRTP.3.M,BGD,2011,48.44603691330146,,
TRTP.3.M,BGD,2012,52.6150904544786,,
TRTP.3.M,BGD,2013,56.76067213295583,,
TRTP.3.M,BGD,2016,55.78641855158663,,
TRTP.3.M,BGD,2020,57.4801898038849,,
TRTP.3.M,BGD,2021,58.48656812716288,,
TRTP.3.M,BGD,2022,58.59946288746522,,
TRTP.3.M,BGD,2023,59.38418189449887,,
TRTP.3.M,BGD,2024,61.90984742831057,,
XGDP.FSGOV,BGD,1979,1.130939960479736,,
XGDP.FSGOV,BGD,1980,.9376000165939331,,
XGDP.FSGOV,BGD,1981,1.071499943733215,,
XGDP.FSGOV,BGD,1982,1.011639952659607,,
XGDP.FSGOV,BGD,1983,1.032670021057129,,
XGDP.FSGOV,BGD,1984,1.223029971122742,,
XGDP.FSGOV,BGD,1985,1.271180033683777,,
XGDP.FSGOV,BGD,1986,1.34349000453949,,
XGDP.FSGOV,BGD,1987,1.51364004611969,,
XGDP.FSGOV,BGD,1990,1.51911997795105,,
XGDP.FSGOV,BGD,1991,1.425660014152527,,
XGDP.FSGOV,BGD,1992,1.631770014762878,,
XGDP.FSGOV,BGD,1993,1.692630052566528,,
XGDP.FSGOV,BGD,1997,1.952479958534241,,
XGDP.FSGOV,BGD,1999,2.132819890975952,,
XGDP.FSGOV,BGD,2000,2.125070095062256,,
XGDP.FSGOV,BGD,2001,2.171930074691772,,
XGDP.FSGOV,BGD,2002,2.017149925231934,,
XGDP.FSGOV,BGD,2003,2.069400072097778,,
XGDP.FSGOV,BGD,2004,1.940140008926392,,
XGDP.FSGOV,BGD,2006,2.131289958953857,,
XGDP.FSGOV,BGD,2007,2.20221996307373,,
XGDP.FSGOV,BGD,2008,2.054569959640503,,
XGDP.FSGOV,BGD,2009,1.939419984817505,,
XGDP.FSGOV,BGD,2011,2.132699966430664,,
XGDP.FSGOV,BGD,2012,2.17549991607666,,
XGDP.FSGOV,BGD,2013,1.966169953346252,,UIS_EST
XGDP.FSGOV,BGD,2014,2.09871663086838,,
XGDP.FSGOV,BGD,2015,1.872254171099784,,
XGDP.FSGOV,BGD,2016,1.281839966773987,,
XGDP.FSGOV,BGD,2017,2.11342875356648,,
XGDP.FSGOV,BGD,2018,2.094774735456656,,
XGDP.FSGOV,BGD,2019,1.130949974060059,,
XGDP.FSGOV,BGD,2020,2.139743517418768,,
XGDP.FSGOV,BGD,2021,2.170908825046537,,
XGDP.FSGOV,BGD,2022,2.085386578062429,,
XGDP.FSGOV,BGD,2023,2.162138263447007,,
XGDP.FSGOV,BGD,2024,2.034384779138396,,
XGDP.FSGOV.FFNTR,BGD,1979,1.130939960479736,,
XGDP.FSGOV.FFNTR,BGD,1980,.9376000165939331,,
XGDP.FSGOV.FFNTR,BGD,1981,1.071499943733215,,
XGDP.FSGOV.FFNTR,BGD,1982,1.011639952659607,,
XGDP.FSGOV.FFNTR,BGD,1983,1.032670021057129,,
XGDP.FSGOV.FFNTR,BGD,1984,1.223029971122742,,
XGDP.FSGOV.FFNTR,BGD,1985,1.271180033683777,,
XGDP.FSGOV.FFNTR,BGD,1986,1.34349000453949,,
XGDP.FSGOV.FFNTR,BGD,1987,1.51364004611969,,
XGDP.FSGOV.FFNTR,BGD,1990,1.51911997795105,,
XGDP.FSGOV.FFNTR,BGD,1991,1.425660014152527,,
XGDP.FSGOV.FFNTR,BGD,1992,1.631770014762878,,
XGDP.FSGOV.FFNTR,BGD,1993,1.692630052566528,,
XGDP.FSGOV.FFNTR,BGD,1997,1.952479958534241,,
XGDP.FSGOV.FFNTR,BGD,1999,2.132819890975952,,
XGDP.FSGOV.FFNTR,BGD,2000,1.950999021530151,,
XGDP.FSGOV.FFNTR,BGD,2001,2.001703023910522,,
XGDP.FSGOV.FFNTR,BGD,2002,1.696635007858276,,
XGDP.FSGOV.FFNTR,BGD,2003,1.71100902557373,,
XGDP.FSGOV.FFNTR,BGD,2004,1.447386026382446,,
XGDP.FSGOV.FFNTR,BGD,2006,1.521450996398926,,
XGDP.FSGOV.FFNTR,BGD,2007,1.914314985275269,,
XGDP.FSGOV.FFNTR,BGD,2008,1.781996965408325,,
XGDP.FSGOV.FFNTR,BGD,2009,1.715556025505066,,
XGDP.FSGOV.FFNTR,BGD,2011,1.85723602771759,,
XGDP.FSGOV.FFNTR,BGD,2012,1.888154029846191,,
XGDP.FSGOV.FFNTR,BGD,2013,1.433848977088928,,
XGDP.FSGOV.FFNTR,BGD,2014,1.619196057319641,,
XGDP.FSGOV.FFNTR,BGD,2015,1.608158946037292,,
XGDP.FSGOV.FFNTR,BGD,2016,1.281841993331909,,
XGDP.FSGOV.FFNTR,BGD,2019,1.011327028274536,,
XGDP.FSGOV.FSHH.FSODA.FFNTR,BGD,2016,5.257675170898438,,
XGDP.FSHH.FFNTR,BGD,2016,3.75,,
XGDP.FSINT.FFNTR,BGD,2000,0,NIL,
XGDP.FSINT.FFNTR,BGD,2001,0,NIL,
XGDP.FSINT.FFNTR,BGD,2002,.1732559055089951,,
XGDP.FSINT.FFNTR,BGD,2003,.1561526954174042,,
XGDP.FSINT.FFNTR,BGD,2004,.3157249093055725,,
XGDP.FSINT.FFNTR,BGD,2005,.326280802488327,,
XGDP.FSINT.FFNTR,BGD,2006,.3656530976295471,,
XGDP.FSINT.FFNTR,BGD,2007,.3215889930725098,,
XGDP.FSINT.FFNTR,BGD,2008,.241870105266571,,
XGDP.FSINT.FFNTR,BGD,2009,.2241789996623993,,
XGDP.FSINT.FFNTR,BGD,2010,.2972727119922638,,
XGDP.FSINT.FFNTR,BGD,2011,.2908780872821808,,
XGDP.FSINT.FFNTR,BGD,2012,.3572066128253937,,
XGDP.FSINT.FFNTR,BGD,2013,.2966203987598419,,
XGDP.FSINT.FFNTR,BGD,2014,.2479231953620911,,
XGDP.FSINT.FFNTR,BGD,2015,.2391134947538376,,
XGDP.FSINT.FFNTR,BGD,2016,.2258335947990417,,
XGDP.FSINT.FFNTR,BGD,2019,.2049639970064163,,
XGDP.FSINT.FFNTR,BGD,2020,.1078315004706383,,
XGOVEXP.IMF,BGD,1980,5.263599872589111,,
XGOVEXP.IMF,BGD,1981,6.634029865264893,,
XGOVEXP.IMF,BGD,1982,6.394110202789307,,
XGOVEXP.IMF,BGD,1983,6.473259925842285,,
XGOVEXP.IMF,BGD,1984,8.087619781494141,,
XGOVEXP.IMF,BGD,1985,8.388629913330078,,
XGOVEXP.IMF,BGD,1986,9.130049705505371,,
XGOVEXP.IMF,BGD,1987,10.46842956542969,,
XGOVEXP.IMF,BGD,1990,11.19102954864502,,
XGOVEXP.IMF,BGD,1991,11.06210041046143,,
XGOVEXP.IMF,BGD,1992,12.53666973114014,,
XGOVEXP.IMF,BGD,1993,12.11384963989258,,
XGOVEXP.IMF,BGD,1997,15.19686985015869,,
XGOVEXP.IMF,BGD,1999,18.12978935241699,,
XGOVEXP.IMF,BGD,2000,20.49041938781738,,
XGOVEXP.IMF,BGD,2001,18.58477973937988,,
XGOVEXP.IMF,BGD,2002,15.69379997253418,,
XGOVEXP.IMF,BGD,2003,16.6816291809082,,
XGOVEXP.IMF,BGD,2004,15.95312023162842,,
XGOVEXP.IMF,BGD,2006,17.3365306854248,,
XGOVEXP.IMF,BGD,2007,18.15340042114258,,
XGOVEXP.IMF,BGD,2008,17.81619071960449,,
XGOVEXP.IMF,BGD,2009,14.02987003326416,,
XGOVEXP.IMF,BGD,2011,16.79397010803223,,
XGOVEXP.IMF,BGD,2012,15.74512004852295,,
XGOVEXP.IMF,BGD,2013,14.03464984893799,,UIS_EST
XGOVEXP.IMF,BGD,2014,13.30632793577933,,
XGOVEXP.IMF,BGD,2015,12.04410314352193,,
XGOVEXP.IMF,BGD,2016,11.0494499206543,,
XGOVEXP.IMF,BGD,2018,14.24517178526184,,
XGOVEXP.IMF,BGD,2019,8.732950210571289,,
XGOVEXP.IMF,BGD,2020,15.03070258948972,,
XGOVEXP.IMF,BGD,2021,12.76997604748202,,
XGOVEXP.IMF,BGD,2022,12.40404380791912,,
XGOVEXP.IMF,BGD,2023,13.00122481669384,,
XGOVEXP.IMF,BGD,2024,11.99301640226573,,
XGOVEXP.IMF,BGD,2025,11.88343789209536,,
XGOVEXP.IMFCALC,BGD,2001,19.71449066,,
XGOVEXP.IMFCALC,BGD,2002,18.45477585,,
XGOVEXP.IMFCALC,BGD,2003,17.94113359,,
XGOVEXP.IMFCALC,BGD,2004,17.04834791,,
XGOVEXP.IMFCALC,BGD,2005,15.0383685,,
XGOVEXP.IMFCALC,BGD,2006,15.91691971,,
XGOVEXP.IMFCALC,BGD,2007,16.59019828,,
XGOVEXP.IMFCALC,BGD,2008,15.04938189,,
XGOVEXP.IMFCALC,BGD,2009,14.11443166,,
XGOVEXP.IMFCALC,BGD,2010,16.87200379,,
XGOVEXP.IMFCALC,BGD,2011,16.82160773,,
XGOVEXP.IMFCALC,BGD,2012,16.07224669,,
XGOVEXP.IMFCALC,BGD,2013,14.44142625,,
XGOVEXP.IMFCALC,BGD,2014,15.94565264,,
XGOVEXP.IMFCALC,BGD,2015,16.01340961,,
XGOVEXP.IMFCALC,BGD,2016,18.62597884,,
XUNIT.GDPCAP.02.FSGOV.FFNTR,BGD,1979,0,NIL,
XUNIT.GDPCAP.02.FSGOV.FFNTR,BGD,1980,0,NIL,
XUNIT.GDPCAP.02.FSGOV.FFNTR,BGD,1981,0,NIL,
XUNIT.GDPCAP.02.FSGOV.FFNTR,BGD,1982,0,NIL,
XUNIT.GDPCAP.02.FSGOV.FFNTR,BGD,1983,0,NIL,
XUNIT.GDPCAP.02.FSGOV.FFNTR,BGD,1984,0,NIL,
XUNIT.GDPCAP.02.FSGOV.FFNTR,BGD,1985,0,NIL,
XUNIT.GDPCAP.02.FSGOV.FFNTR,BGD,1986,0,NIL,
XUNIT.GDPCAP.02.FSGOV.FFNTR,BGD,1987,0,NIL,
XUNIT.GDPCAP.02.FSGOV.FFNTR,BGD,1990,0,NIL,
XUNIT.GDPCAP.02.FSGOV.FFNTR,BGD,1991,0,NIL,
XUNIT.GDPCAP.02.FSGOV.FFNTR,BGD,1992,0,NIL,
XUNIT.GDPCAP.02.FSGOV.FFNTR,BGD,1993,0,NIL,
XUNIT.GDPCAP.02.FSGOV.FFNTR,BGD,1999,0,NIL,
XUNIT.GDPCAP.02.FSGOV.FFNTR,BGD,2000,0,NIL,
XUNIT.GDPCAP.02.FSGOV.FFNTR,BGD,2001,0,NIL,
XUNIT.GDPCAP.02.FSGOV.FFNTR,BGD,2002,0,NIL,
XUNIT.GDPCAP.02.FSGOV.FFNTR,BGD,2003,0,NIL,
XUNIT.GDPCAP.02.FSGOV.FFNTR,BGD,2004,0,NIL,
XUNIT.GDPCAP.02.FSGOV.FFNTR,BGD,2008,0,NIL,
XUNIT.GDPCAP.02.FSGOV.FFNTR,BGD,2009,0,NIL,
XUNIT.GDPCAP.02.FSGOV.FFNTR,BGD,2010,0,NIL,
XUNIT.GDPCAP.02.FSGOV.FFNTR,BGD,2011,0,NIL,
XUNIT.GDPCAP.02.FSGOV.FFNTR,BGD,2012,0,NIL,
XUNIT.GDPCAP.1.FSGOV.FFNTR,BGD,2006,7.892260074615479,,
XUNIT.GDPCAP.1.FSGOV.FFNTR,BGD,2007,8.98997974395752,,
XUNIT.GDPCAP.1.FSGOV.FFNTR,BGD,2008,8.471590042114258,,
XUNIT.GDPCAP.1.FSGOV.FFNTR,BGD,2009,7.721240043640137,,
XUNIT.GDPCAP.2.FSGOV.FFNTR,BGD,2011,8.702580451965332,,
XUNIT.GDPCAP.2.FSGOV.FFNTR,BGD,2012,8.044659614562988,,
XUNIT.GDPCAP.2.FSGOV.FFNTR,BGD,2016,5.899219989776611,,
XUNIT.GDPCAP.2.FSGOV.FFNTR,BGD,2019,6.027669906616211,,
XUNIT.GDPCAP.2.FSGOV.FFNTR,BGD,2020,5.488200187683105,,
XUNIT.GDPCAP.2T3.FSGOV.FFNTR,BGD,1999,10.55720996856689,,UIS_EST
XUNIT.GDPCAP.2T3.FSGOV.FFNTR,BGD,2000,9.813389778137207,,UIS_EST
XUNIT.GDPCAP.2T3.FSGOV.FFNTR,BGD,2002,10.95283031463623,,
XUNIT.GDPCAP.2T3.FSGOV.FFNTR,BGD,2003,11.82732963562012,,
XUNIT.GDPCAP.2T3.FSGOV.FFNTR,BGD,2004,12.80265045166016,,
XUNIT.GDPCAP.2T3.FSGOV.FFNTR,BGD,2006,13.065110206604,,
XUNIT.GDPCAP.2T3.FSGOV.FFNTR,BGD,2007,12.54915046691895,,
XUNIT.GDPCAP.2T3.FSGOV.FFNTR,BGD,2008,11.96378040313721,,
XUNIT.GDPCAP.2T3.FSGOV.FFNTR,BGD,2009,10.664719581604,,
XUNIT.GDPCAP.2T3.FSGOV.FFNTR,BGD,2010,12.96562957763672,,
XUNIT.GDPCAP.2T3.FSGOV.FFNTR,BGD,2011,11.57042026519775,,
XUNIT.GDPCAP.2T3.FSGOV.FFNTR,BGD,2012,10.71988964080811,,
XUNIT.GDPCAP.2T3.FSGOV.FFNTR,BGD,2016,8.399089813232422,,
XUNIT.GDPCAP.2T3.FSGOV.FFNTR,BGD,2019,7.420690059661865,,
XUNIT.GDPCAP.2T3.FSGOV.FFNTR,BGD,2020,6.491399765014648,,
XUNIT.GDPCAP.3.FSGOV.FFNTR,BGD,2011,15.30961990356445,,
XUNIT.GDPCAP.3.FSGOV.FFNTR,BGD,2012,14.25877952575684,,
XUNIT.GDPCAP.3.FSGOV.FFNTR,BGD,2016,11.24116992950439,,
XUNIT.GDPCAP.3.FSGOV.FFNTR,BGD,2019,9.000229835510254,,
XUNIT.GDPCAP.3.FSGOV.FFNTR,BGD,2020,7.527289867401123,,
XUNIT.GDPCAP.5T8.FSGOV.FFNTR,BGD,1999,42.72578811645508,,
XUNIT.GDPCAP.5T8.FSGOV.FFNTR,BGD,2000,39.07823181152344,,
XUNIT.GDPCAP.5T8.FSGOV.FFNTR,BGD,2001,33.61180877685547,,
XUNIT.GDPCAP.5T8.FSGOV.FFNTR,BGD,2002,35.93740081787109,,
XUNIT.GDPCAP.5T8.FSGOV.FFNTR,BGD,2003,29.8547191619873,,
XUNIT.GDPCAP.5T8.FSGOV.FFNTR,BGD,2004,38.43333053588867,,
XUNIT.GDPCAP.5T8.FSGOV.FFNTR,BGD,2006,37.84571075439453,,
XUNIT.GDPCAP.5T8.FSGOV.FFNTR,BGD,2007,32.22436141967773,,
XUNIT.GDPCAP.5T8.FSGOV.FFNTR,BGD,2008,31.12675094604492,,
XUNIT.GDPCAP.5T8.FSGOV.FFNTR,BGD,2009,24.68984031677246,,
XUNIT.GDPCAP.5T8.FSGOV.FFNTR,BGD,2011,16.63685989379883,,
XUNIT.GDPCAP.5T8.FSGOV.FFNTR,BGD,2012,24.1666202545166,,
XUNIT.GDPCAP.5T8.FSGOV.FFNTR,BGD,2016,25.41226959228516,,
XUNIT.GDPCAP.5T8.FSGOV.FFNTR,BGD,2019,17.2236499786377,,
XUNIT.GDPCAP.5T8.FSGOV.FFNTR,BGD,2020,16.60145950317383,,
XUNIT.PPPCONST.02.FSGOV.FFNTR,BGD,1979,0,NIL,
XUNIT.PPPCONST.02.FSGOV.FFNTR,BGD,1980,0,NIL,
XUNIT.PPPCONST.02.FSGOV.FFNTR,BGD,1981,0,NIL,
XUNIT.PPPCONST.02.FSGOV.FFNTR,BGD,1982,0,NIL,
XUNIT.PPPCONST.02.FSGOV.FFNTR,BGD,1983,0,NIL,
XUNIT.PPPCONST.02.FSGOV.FFNTR,BGD,1984,0,NIL,
XUNIT.PPPCONST.02.FSGOV.FFNTR,BGD,1985,0,NIL,
XUNIT.PPPCONST.02.FSGOV.FFNTR,BGD,1986,0,NIL,
XUNIT.PPPCONST.02.FSGOV.FFNTR,BGD,1987,0,NIL,
XUNIT.PPPCONST.02.FSGOV.FFNTR,BGD,1990,0,NIL,
XUNIT.PPPCONST.02.FSGOV.FFNTR,BGD,1991,0,NIL,
XUNIT.PPPCONST.02.FSGOV.FFNTR,BGD,1992,0,NIL,
XUNIT.PPPCONST.02.FSGOV.FFNTR,BGD,1993,0,NIL,
XUNIT.PPPCONST.02.FSGOV.FFNTR,BGD,1999,0,NIL,
XUNIT.PPPCONST.02.FSGOV.FFNTR,BGD,2000,0,NIL,
XUNIT.PPPCONST.02.FSGOV.FFNTR,BGD,2001,0,NIL,
XUNIT.PPPCONST.02.FSGOV.FFNTR,BGD,2002,0,NIL,
XUNIT.PPPCONST.02.FSGOV.FFNTR,BGD,2003,0,NIL,
XUNIT.PPPCONST.02.FSGOV.FFNTR,BGD,2004,0,NIL,
XUNIT.PPPCONST.02.FSGOV.FFNTR,BGD,2008,0,NIL,
XUNIT.PPPCONST.02.FSGOV.FFNTR,BGD,2009,0,NIL,
XUNIT.PPPCONST.02.FSGOV.FFNTR,BGD,2010,0,NIL,
XUNIT.PPPCONST.02.FSGOV.FFNTR,BGD,2011,0,NIL,
XUNIT.PPPCONST.02.FSGOV.FFNTR,BGD,2012,0,NIL,
XUNIT.PPPCONST.1.FSGOV.FFNTR,BGD,2006,273.2295227050781,,
XUNIT.PPPCONST.1.FSGOV.FFNTR,BGD,2007,328.1672973632813,,
XUNIT.PPPCONST.1.FSGOV.FFNTR,BGD,2008,327.5285949707031,,
XUNIT.PPPCONST.1.FSGOV.FFNTR,BGD,2009,313.3271179199219,,
XUNIT.PPPCONST.2.FSGOV.FFNTR,BGD,2011,384.6175231933594,,
XUNIT.PPPCONST.2.FSGOV.FFNTR,BGD,2012,375.101318359375,,
XUNIT.PPPCONST.2.FSGOV.FFNTR,BGD,2016,372.0461730957031,,
XUNIT.PPPCONST.2.FSGOV.FFNTR,BGD,2019,412.7960815429688,,
XUNIT.PPPCONST.2.FSGOV.FFNTR,BGD,2020,402.0567626953125,,
XUNIT.PPPCONST.2T3.FSGOV.FFNTR,BGD,1999,288.9741821289063,,UIS_EST
XUNIT.PPPCONST.2T3.FSGOV.FFNTR,BGD,2000,275.8686828613281,,UIS_EST
XUNIT.PPPCONST.2T3.FSGOV.FFNTR,BGD,2002,328.9607849121094,,
XUNIT.PPPCONST.2T3.FSGOV.FFNTR,BGD,2003,363.19287109375,,
XUNIT.PPPCONST.2T3.FSGOV.FFNTR,BGD,2004,405.8271179199219,,
XUNIT.PPPCONST.2T3.FSGOV.FFNTR,BGD,2006,452.3133850097656,,
XUNIT.PPPCONST.2T3.FSGOV.FFNTR,BGD,2007,458.090087890625,,
XUNIT.PPPCONST.2T3.FSGOV.FFNTR,BGD,2008,462.5435485839844,,
XUNIT.PPPCONST.2T3.FSGOV.FFNTR,BGD,2009,432.7730102539063,,
XUNIT.PPPCONST.2T3.FSGOV.FFNTR,BGD,2010,547.5623168945313,,
XUNIT.PPPCONST.2T3.FSGOV.FFNTR,BGD,2011,511.3640441894531,,
XUNIT.PPPCONST.2T3.FSGOV.FFNTR,BGD,2012,499.8403930664063,,
XUNIT.PPPCONST.2T3.FSGOV.FFNTR,BGD,2016,529.705810546875,,
XUNIT.PPPCONST.2T3.FSGOV.FFNTR,BGD,2019,508.19482421875,,
XUNIT.PPPCONST.2T3.FSGOV.FFNTR,BGD,2020,475.5499572753906,,
XUNIT.PPPCONST.3.FSGOV.FFNTR,BGD,2011,676.6209106445313,,
XUNIT.PPPCONST.3.FSGOV.FFNTR,BGD,2012,664.849853515625,,
XUNIT.PPPCONST.3.FSGOV.FFNTR,BGD,2016,708.9468994140625,,
XUNIT.PPPCONST.3.FSGOV.FFNTR,BGD,2019,616.3671875,,
XUNIT.PPPCONST.3.FSGOV.FFNTR,BGD,2020,551.4375610351563,,
XUNIT.PPPCONST.5T8.FSGOV.FFNTR,BGD,1999,1169.499389648438,,
XUNIT.PPPCONST.5T8.FSGOV.FFNTR,BGD,2000,1098.5458984375,,
XUNIT.PPPCONST.5T8.FSGOV.FFNTR,BGD,2001,976.8771362304688,,
XUNIT.PPPCONST.5T8.FSGOV.FFNTR,BGD,2002,1079.35498046875,,
XUNIT.PPPCONST.5T8.FSGOV.FFNTR,BGD,2003,916.7770385742188,,
XUNIT.PPPCONST.5T8.FSGOV.FFNTR,BGD,2004,1218.285766601563,,
XUNIT.PPPCONST.5T8.FSGOV.FFNTR,BGD,2006,1310.216064453125,,
XUNIT.PPPCONST.5T8.FSGOV.FFNTR,BGD,2007,1176.30712890625,,
XUNIT.PPPCONST.5T8.FSGOV.FFNTR,BGD,2008,1203.421508789063,,
XUNIT.PPPCONST.5T8.FSGOV.FFNTR,BGD,2009,1001.911071777344,,
XUNIT.PPPCONST.5T8.FSGOV.FFNTR,BGD,2011,735.279296875,,
XUNIT.PPPCONST.5T8.FSGOV.FFNTR,BGD,2012,1126.826293945313,,
XUNIT.PPPCONST.5T8.FSGOV.FFNTR,BGD,2016,1602.67626953125,,
XUNIT.PPPCONST.5T8.FSGOV.FFNTR,BGD,2019,1179.535888671875,,
XUNIT.PPPCONST.5T8.FSGOV.FFNTR,BGD,2020,1216.19677734375,,
YEARS.FC.COMP.02,BGD,1998,0,NIL,
YEARS.FC.COMP.02,BGD,1999,0,NIL,
YEARS.FC.COMP.02,BGD,2000,0,NIL,
YEARS.FC.COMP.02,BGD,2001,0,NIL,
YEARS.FC.COMP.02,BGD,2002,0,NIL,
YEARS.FC.COMP.02,BGD,2003,0,NIL,
YEARS.FC.COMP.02,BGD,2004,0,NIL,
YEARS.FC.COMP.02,BGD,2005,0,NIL,
YEARS.FC.COMP.02,BGD,2006,0,NIL,
YEARS.FC.COMP.02,BGD,2007,0,NIL,
YEARS.FC.COMP.02,BGD,2008,0,NIL,
YEARS.FC.COMP.02,BGD,2009,0,NIL,
YEARS.FC.COMP.02,BGD,2010,0,NIL,
YEARS.FC.COMP.02,BGD,2011,0,NIL,
YEARS.FC.COMP.02,BGD,2012,0,NIL,
YEARS.FC.COMP.02,BGD,2013,0,NIL,
YEARS.FC.COMP.02,BGD,2014,0,NIL,
YEARS.FC.COMP.02,BGD,2015,0,NIL,
YEARS.FC.COMP.02,BGD,2016,0,NIL,
YEARS.FC.COMP.02,BGD,2017,0,NIL,
YEARS.FC.COMP.02,BGD,2018,0,NIL,
YEARS.FC.COMP.02,BGD,2019,0,NIL,
YEARS.FC.COMP.02,BGD,2020,0,NIL,
YEARS.FC.COMP.02,BGD,2021,0,NIL,
YEARS.FC.COMP.02,BGD,2022,0,NIL,
YEARS.FC.COMP.02,BGD,2023,0,NIL,
YEARS.FC.COMP.02,BGD,2024,0,NIL,
YEARS.FC.COMP.02,BGD,2025,0,NIL,
YEARS.FC.COMP.1T3,BGD,1998,5,,
YEARS.FC.COMP.1T3,BGD,1999,5,,
YEARS.FC.COMP.1T3,BGD,2000,5,,
YEARS.FC.COMP.1T3,BGD,2001,5,,
YEARS.FC.COMP.1T3,BGD,2002,5,,
YEARS.FC.COMP.1T3,BGD,2003,5,,
YEARS.FC.COMP.1T3,BGD,2004,5,,
YEARS.FC.COMP.1T3,BGD,2005,5,,
YEARS.FC.COMP.1T3,BGD,2006,5,,
YEARS.FC.COMP.1T3,BGD,2007,5,,
YEARS.FC.COMP.1T3,BGD,2008,5,,
YEARS.FC.COMP.1T3,BGD,2009,5,,
YEARS.FC.COMP.1T3,BGD,2010,5,,
YEARS.FC.COMP.1T3,BGD,2011,5,,
YEARS.FC.COMP.1T3,BGD,2012,5,,
YEARS.FC.COMP.1T3,BGD,2013,5,,
YEARS.FC.COMP.1T3,BGD,2014,5,,
YEARS.FC.COMP.1T3,BGD,2015,5,,
YEARS.FC.COMP.1T3,BGD,2016,5,,
YEARS.FC.COMP.1T3,BGD,2017,5,,
YEARS.FC.COMP.1T3,BGD,2018,5,,
YEARS.FC.COMP.1T3,BGD,2019,5,,
YEARS.FC.COMP.1T3,BGD,2020,5,,
YEARS.FC.COMP.1T3,BGD,2021,5,,
YEARS.FC.COMP.1T3,BGD,2022,5,,
YEARS.FC.COMP.1T3,BGD,2023,5,,
YEARS.FC.COMP.1T3,BGD,2024,5,,
YEARS.FC.COMP.1T3,BGD,2025,5,,
YEARS.FC.FREE.02,BGD,2016,0,NIL,
YEARS.FC.FREE.02,BGD,2017,0,NIL,
YEARS.FC.FREE.02,BGD,2018,0,NIL,
YEARS.FC.FREE.02,BGD,2019,0,NIL,
YEARS.FC.FREE.02,BGD,2020,0,NIL,
YEARS.FC.FREE.02,BGD,2021,0,NIL,
YEARS.FC.FREE.02,BGD,2022,0,NIL,
YEARS.FC.FREE.02,BGD,2023,0,NIL,
YEARS.FC.FREE.02,BGD,2024,0,NIL,
YEARS.FC.FREE.02,BGD,2025,0,NIL,
YEARS.FC.FREE.1T3,BGD,2016,5,,
YEARS.FC.FREE.1T3,BGD,2017,5,,
YEARS.FC.FREE.1T3,BGD,2018,5,,
YEARS.FC.FREE.1T3,BGD,2019,5,,
YEARS.FC.FREE.1T3,BGD,2020,5,,
YEARS.FC.FREE.1T3,BGD,2021,5,,
YEARS.FC.FREE.1T3,BGD,2022,5,,
YEARS.FC.FREE.1T3,BGD,2023,5,,
YEARS.FC.FREE.1T3,BGD,2024,5,,
YEARS.FC.FREE.1T3,BGD,2025,5,,
